Price,Close,High,Low,Open,Volume
Ticker,BEL.NS,BEL.NS,BEL.NS,BEL.NS,BEL.NS
Date,,,,,
2026-08-04,391.5,394.1000061035156,389.25,390.20001220703125,10629651
2026-08-03,392.1499938964844,392.25,388.0,390.0,9389415
2026-07-31,387.8500061035156,390.6000061035156,385.0,385.0,17114563
2026-07-30,384.8999938964844,387.5,382.70001220703125,386.0,16521484
2026-07-29,387.54998779296875,390.95001220703125,382.20001220703125,390.8999938964844,32630643
2026-07-28,389.0,406.1499938964844,388.0,406.1499938964844,35317783
2026-07-27,407.1499938964844,408.45001220703125,404.6000061035156,408.0,9683515
2026-07-24,405.0,406.1000061035156,401.0,404.20001220703125,6176660
2026-07-23,405.3500061035156,406.95001220703125,400.6000061035156,405.54998779296875,9947413
2026-07-22,406.75,410.54998779296875,406.0,410.04998779296875,6665967
2026-07-21,410.04998779296875,410.95001220703125,406.5,408.1499938964844,5242231
2026-07-20,408.1499938964844,409.5,406.1000061035156,408.54998779296875,5382967
2026-07-17,409.45001220703125,411.20001220703125,405.1000061035156,407.1000061035156,6678047
2026-07-16,407.1000061035156,412.5,406.5,412.25,5679241
2026-07-15,410.95001220703125,414.29998779296875,408.3999938964844,409.0,9115088
2026-07-14,410.1000061035156,411.25,405.70001220703125,409.3500061035156,10652838
2026-07-13,410.79998779296875,412.8999938964844,408.6000061035156,411.95001220703125,6650781
2026-07-10,414.8500061035156,415.45001220703125,408.20001220703125,408.3999938964844,9273712
2026-07-09,406.20001220703125,411.0,404.04998779296875,409.1499938964844,10893635
2026-07-08,407.6000061035156,417.79998779296875,406.0,416.5,12837834
2026-07-07,419.1499938964844,425.8999938964844,416.0,425.54998779296875,7821978
2026-07-06,425.54998779296875,429.8999938964844,420.1000061035156,422.0,16516762
2026-07-03,418.04998779296875,424.5,417.1000061035156,418.6000061035156,12085695
2026-07-02,415.04998779296875,418.29998779296875,412.29998779296875,416.25,10736747
2026-07-01,416.25,417.6499938964844,411.3999938964844,413.0,8844076
2026-06-30,411.79998779296875,414.45001220703125,408.5,413.5,14611849
2026-06-29,411.6000061035156,418.29998779296875,403.54998779296875,406.79998779296875,26669735
2026-06-26,407.20001220703125,407.20001220703125,407.20001220703125,407.20001220703125,0
2026-06-25,407.20001220703125,415.04998779296875,406.0,413.6000061035156,21994027
2026-06-24,413.54998779296875,422.54998779296875,412.79998779296875,420.20001220703125,9620759
2026-06-23,420.0,435.0,418.5,435.0,15566093
2026-06-22,431.5,432.70001220703125,426.1499938964844,428.1000061035156,9754708
2026-06-19,426.8999938964844,431.6000061035156,424.54998779296875,427.8999938964844,10829044
2026-06-18,428.6000061035156,430.0,421.75,422.5,23598062
2026-06-17,419.8500061035156,422.3999938964844,406.1499938964844,407.0,24506595
2026-06-16,407.54998779296875,410.79998779296875,406.1499938964844,409.6000061035156,9701695
2026-06-15,409.54998779296875,412.5,406.0,412.0,11500111
2026-06-12,406.5,409.0,403.29998779296875,407.3500061035156,8086130
2026-06-11,402.29998779296875,407.3500061035156,401.75,407.3500061035156,6994969
2026-06-10,408.3500061035156,415.25,407.1000061035156,413.0,5371511
2026-06-09,412.04998779296875,417.0,410.0,417.0,10996007
2026-06-08,412.95001220703125,415.5,399.0,399.0,12017495
2026-06-05,408.20001220703125,412.0,405.1000061035156,410.1000061035156,11084641
2026-06-04,409.8999938964844,411.54998779296875,404.0,405.0,9119774
2026-06-03,406.6000061035156,408.95001220703125,403.1000061035156,408.0,6626958
2026-06-02,407.8500061035156,409.6000061035156,400.29998779296875,405.79998779296875,15004796
2026-06-01,407.20001220703125,413.70001220703125,404.75,412.3500061035156,16453240
2026-05-29,410.75,419.1000061035156,409.8999938964844,413.29998779296875,26559872
2026-05-28,419.1000061035156,419.1000061035156,419.1000061035156,419.1000061035156,0
2026-05-27,419.1000061035156,422.0,416.1000061035156,422.0,10871894
2026-05-26,420.1000061035156,425.54998779296875,418.8500061035156,423.5,12315435
2026-05-25,421.8500061035156,422.54998779296875,417.29998779296875,419.29998779296875,8862027
2026-05-22,416.54998779296875,421.45001220703125,415.45001220703125,421.45001220703125,9175611
2026-05-21,420.3999938964844,426.1000061035156,418.04998779296875,420.0,19789651
2026-05-20,413.29998779296875,420.0,407.0,416.29998779296875,28012723
2026-05-19,422.95001220703125,430.8999938964844,419.29998779296875,428.3999938964844,13350029
2026-05-18,426.6000061035156,427.79998779296875,414.6000061035156,423.8500061035156,10452161
2026-05-15,423.6499938964844,429.5,422.20001220703125,428.8500061035156,7593616
2026-05-14,428.8500061035156,435.1499938964844,424.45001220703125,431.0,9807792
2026-05-13,428.25,432.0,415.75,416.6000061035156,13230827
2026-05-12,416.5,432.5,415.5,430.20001220703125,15199825
2026-05-11,431.95001220703125,439.1499938964844,431.0,438.0,7631226
2026-05-08,439.70001220703125,443.79998779296875,437.79998779296875,439.0,11164661
2026-05-07,439.45001220703125,441.0,433.5,439.8999938964844,15696400
2026-05-06,438.20001220703125,439.6499938964844,435.1499938964844,437.0,9748728
2026-05-05,433.3500061035156,436.5,429.29998779296875,433.5,11671943
2026-05-04,433.54998779296875,438.6000061035156,428.6000061035156,433.0,10764998
2026-05-01,431.29998779296875,431.29998779296875,431.29998779296875,431.29998779296875,0
2026-04-30,431.29998779296875,436.45001220703125,424.5,436.45001220703125,15795581
2026-04-29,437.54998779296875,442.79998779296875,435.25,437.04998779296875,9507163
2026-04-28,435.75,441.0,433.54998779296875,435.6000061035156,10883746
2026-04-27,435.6000061035156,448.29998779296875,432.95001220703125,445.0,18502535
2026-04-24,444.45001220703125,451.20001220703125,438.75,450.0,11651499
2026-04-23,449.95001220703125,455.70001220703125,444.5,451.70001220703125,15021500
2026-04-22,448.70001220703125,451.8500061035156,444.70001220703125,450.79998779296875,11538028
2026-04-21,451.5,461.79998779296875,449.45001220703125,457.5,13492130
2026-04-20,457.54998779296875,464.3999938964844,456.0,462.0,9914017
2026-04-17,462.75,463.75,454.45001220703125,458.0,14128030
2026-04-16,455.6499938964844,457.0,448.8999938964844,449.8500061035156,12197884
2026-04-15,447.6499938964844,449.20001220703125,444.79998779296875,447.5,9915383
2026-04-13,441.54998779296875,445.5,434.0,435.0,15149734
2026-04-10,442.45001220703125,447.45001220703125,440.45001220703125,444.1000061035156,10833065
2026-04-09,439.75,443.29998779296875,424.5,425.0,19917307
2026-04-08,433.1000061035156,440.0,428.79998779296875,440.0,20054221
2026-04-07,427.79998779296875,429.0,420.6499938964844,424.0,11417162
2026-04-06,427.1499938964844,428.04998779296875,420.0,422.0,12327836
2026-04-02,421.6000061035156,423.6000061035156,407.5,417.0,19686517
2026-04-01,418.70001220703125,430.20001220703125,412.6499938964844,415.0,25301241
2026-03-30,400.6499938964844,413.25,399.3500061035156,400.0,22694742
2026-03-27,404.75,413.45001220703125,403.25,411.8999938964844,21818224
2026-03-25,413.45001220703125,422.0,412.54998779296875,416.29998779296875,15134997
2026-03-24,414.45001220703125,417.45001220703125,408.75,412.5,14642804
2026-03-23,405.5,421.75,404.0,420.6000061035156,18894757
2026-03-20,426.1000061035156,438.95001220703125,424.70001220703125,432.20001220703125,17599734
2026-03-19,430.79998779296875,439.0,428.3999938964844,436.1000061035156,12237975
2026-03-18,442.6000061035156,447.75,440.5,445.45001220703125,13700203
2026-03-17,439.3500061035156,441.04998779296875,430.29998779296875,432.45001220703125,14421128
2026-03-16,429.5,437.79998779296875,422.25,431.8999938964844,22324389
2026-03-13,439.3999938964844,452.3999938964844,433.6499938964844,451.8999938964844,19502809
2026-03-12,453.54998779296875,455.0,448.5,452.0,14089623
2026-03-11,454.1000061035156,469.79998779296875,453.25,463.5,16015126
2026-03-10,463.3500061035156,465.79998779296875,453.54998779296875,465.0,19398151
2026-03-09,457.3500061035156,470.0,450.0,470.0,21898419
2026-03-06,468.45001220703125,473.45001220703125,460.3500061035156,462.0,28154230
2026-03-05,458.04998779296875,465.9164923752496,443.9599779417617,446.8974541957692,38023711
2026-03-04,444.95574951171875,458.8964016501927,442.6157053965472,458.0499988355719,35193505
2026-03-02,452.0256652832031,454.76400771321033,439.8275944586255,440.22589273443896,35034174
2026-02-27,442.81488037109375,447.0966400469945,439.827597698174,446.6983417682473,22732811
2026-02-26,447.1463928222656,447.9927956134826,438.1347693800728,438.73223196141475,13738213
2026-02-25,437.437744140625,439.130549798534,431.7121190582178,433.15598449515255,9469190
2026-02-24,433.20574951171875,435.6453757713221,428.525691707787,435.14749534186916,12223376
2026-02-23,437.8858337402344,443.412294301854,433.85301445345345,440.9228921771227,12915631
2026-02-20,439.2799072265625,443.5118909770847,431.861506885044,433.1559838769783,9533724
2026-02-19,433.5044860839844,447.3455556284585,431.1146661549299,445.80213848775077,9791516
2026-02-18,445.8021545410156,451.57755544321924,444.2587069565195,448.092392391287,14341134
2026-02-17,444.95574951171875,447.44515167930336,438.43349759972097,440.12630322896257,17963084
2026-02-16,436.14324951171875,436.740712095541,427.28098408101744,431.2142211804464,8156650
2026-02-13,433.7036437988281,444.3085215955896,430.9653013493417,442.01825331400175,14086068
2026-02-12,442.01824951171875,443.0638166709096,432.75768546294563,435.1475055024796,16140306
2026-02-11,435.6951599121094,436.8403092321109,432.508743336178,436.8403092321109,8274702
2026-02-10,435.4461975097656,439.4292408179298,431.7120944083617,436.1432422439779,10878065
2026-02-09,435.4461975097656,437.7364656448853,427.679275214129,430.1686772817316,12162696
2026-02-06,427.8286437988281,431.5627469922106,423.7460182297548,431.164448729225,11078888
2026-02-05,431.06488037109375,437.1390278378264,426.3350161746708,437.1390278378264,14345511
2026-02-04,437.33819580078125,441.5203733130986,431.96106267489915,434.9483453500733,12400181
2026-02-03,437.0892333984375,458.04998695033777,433.40490613072717,458.04998695033777,26696516
2026-02-02,437.23858642578125,439.4790482927439,418.46848870714103,430.16867845683504,43652893
2026-01-30,447.09661865234375,450.0341252954324,437.43772631682003,444.9557389168396,36684903
2026-01-29,442.6156921386719,454.0171658799798,436.39218690612586,452.3243603014436,42412510
2026-01-28,451.0796813964844,455.5606053838667,415.53100560796724,416.228050383511,71986647
2026-01-27,414.1867370605469,417.4727357050885,409.8551712922261,414.68461748476284,15482165
2026-01-23,408.958984375,417.22378709535235,406.7682983972588,417.22378709535235,12715222
2026-01-22,415.531005859375,416.52676674606244,404.2789199950914,404.2789199950914,19763144
2026-01-21,400.943115234375,407.76408339071406,395.3170722982014,404.77680072851103,19150437
2026-01-20,407.6147155761719,413.6390566454295,404.2789106056019,412.1454153500886,32732305
2026-01-19,411.0500793457031,413.14118327255085,405.9717231653436,408.26196103537984,8012134
2026-01-16,408.5108947753906,415.4812208288403,404.62743348039635,414.7841760682113,18888193
2026-01-15,415.8297424316406,415.8297424316406,415.8297424316406,415.8297424316406,0
2026-01-14,415.8297424316406,419.016158960048,409.2577146587487,409.2577146587487,17676239
2026-01-13,411.9462890625,420.55961461465586,407.6644990367261,417.97063024366406,13393010
2026-01-12,415.9293212890625,418.02039477399614,408.8594131409158,417.72167867277983,14594852
2026-01-09,416.8752746582031,422.7502576080101,414.087156427579,415.23227532986357,22963210
2026-01-08,413.88800048828125,421.1570730888995,412.29477701498064,413.9378067648217,22238704
2026-01-07,413.88800048828125,414.48546308929525,407.81385308969095,411.3488224192345,8279218
2026-01-06,411.34881591796875,413.9378002226377,408.461115511619,412.9420393660888,9927677
2026-01-05,412.04583740234375,416.8255078292685,401.09246779109696,401.1422740677106,26097635
2026-01-02,401.44097900390625,403.8806052319912,397.25880168345844,397.9558160427617,10950368
2026-01-01,396.01409912109375,399.0511575346954,392.9272344324536,398.20475474113465,6084786
2025-12-31,397.9060363769531,399.5988115662219,394.022575191914,394.2217091263055,9409818
2025-12-30,391.6327209472656,395.3170481609764,387.8986178475083,394.12212301377053,37726382
2025-12-29,391.58294677734375,401.7397194084796,390.7863502678546,399.30009321732956,15690096
2025-12-26,396.76092529296875,405.8223247734737,395.46641794703254,401.29162503322124,13284184
2025-12-24,398.3043518066406,401.9388729392341,395.91453177344283,397.308590927124,8097208
2025-12-23,397.7068786621094,400.79374338445143,394.0723576258302,397.30858039849966,7734965
2025-12-22,397.2588195800781,397.6073115813247,391.23444795720303,391.33403012393524,9321669
2025-12-19,391.1846618652344,391.8319003497966,381.87429170050063,381.87429170050063,11595429
2025-12-18,381.82452392578125,385.16029858360804,378.83724126751684,382.4219561468656,7510229
2025-12-17,383.96539306640625,386.75351131456773,383.3679304737403,386.3552130488603,6612962
2025-12-16,386.355224609375,389.54167160679845,383.1190017228274,389.09356705183836,8700626
2025-12-15,389.09356689453125,390.73656628170284,386.35522445317497,387.4007612300449,9087687
2025-12-12,387.799072265625,392.4293541055928,386.35520688872106,386.35520688872106,12661065
2025-12-11,385.8573303222656,388.346732453377,383.517286241379,384.3636890435988,7666925
2025-12-10,385.7079772949219,389.79060292075246,384.1147538326209,388.34673751062127,8372979
2025-12-09,387.799072265625,389.34248941621115,378.93677645683687,383.41770024807204,19270896
2025-12-08,384.7619934082031,404.7270170492327,383.3679342703167,404.7270170492327,25593778
2025-12-05,405.1750793457031,408.95898876714847,403.63166220040637,407.2661831854217,11774958
2025-12-04,405.4240417480469,407.76408592562854,400.04693900029616,404.07975846405645,10865110
2025-12-03,402.23760986328125,410.9505173516956,401.6899231596551,410.25347259733854,12294040
2025-12-02,411.29901123046875,416.87527812631726,409.2577136219449,416.27781553243886,11215451
2025-12-01,415.4812316894531,417.4229775818122,411.7471283489248,414.1369484092208,9650320
2025-11-28,410.0045471191406,413.4897102397648,406.9176822775171,412.24500912525616,6690232
2025-11-27,411.29901123046875,415.5309948871433,410.25347448233896,413.53947316635526,5251173
2025-11-26,413.5394592285156,414.7343843759989,406.7682977613338,408.51087920829184,8339381
2025-11-25,408.5108947753906,410.65177455702246,404.27891110008187,404.7767915324711,14107503
2025-11-24,402.0882263183594,413.58928257597734,399.3001080434151,412.2449993266181,23696864
2025-11-21,414.5850524902344,421.555378717899,413.7386496563758,419.713214994374,8395038
2025-11-20,421.20684814453125,425.38905595515104,420.4102516035609,423.1983698851673,10463382
2025-11-19,421.406005859375,422.4515426015139,413.29053058309756,418.21955896908855,9661756
2025-11-18,419.1157531738281,427.629527029468,418.5182905612587,422.7502743503268,13340937
2025-11-17,422.7502746582031,427.679303230227,420.60939481746345,426.1358860024919,12996079
2025-11-14,425.04052734375,426.8826910044827,416.92508244723524,417.02463422223997,14719899
2025-11-13,418.0203857421875,423.39751855357974,417.2237892306822,421.3561906120078,9091428
2025-11-12,422.9494323730469,427.57971437200206,420.01192563153444,426.3350132761426,15221773
2025-11-11,425.4886169433594,426.0860795561272,415.38164996845944,415.38164996845944,24889361
2025-11-10,415.0829162597656,418.6178551207863,412.24499176058345,414.18673757271057,9288444
2025-11-07,412.4939270019531,414.23650846786364,403.58185534958443,406.27042176655857,10141248
2025-11-06,407.0670166015625,413.24074592488046,405.72276378683193,409.25770259066473,12786294
2025-11-04,413.3901062011719,420.6093722833624,412.7428677335139,418.21955234758946,12831686
2025-11-03,420.5097961425781,429.1729277205269,414.6348131864588,426.1856451609873,27222212
2025-10-31,424.293701171875,425.43882006339146,406.41978188929374,412.0458245731689,51342361
2025-10-30,408.1623840332031,408.90920470308146,402.5861169538026,406.07128007990156,11172780
2025-10-29,405.4738464355469,413.14118705320493,405.1253240465145,411.7969037744863,14498733
2025-10-28,411.7969055175781,415.0331284227572,409.1083693369713,415.0331284227572,12247991
2025-10-27,413.3901062011719,423.1983565422036,412.842449895048,423.1983565422036,12158324
2025-10-24,420.2608642578125,421.90389400868776,418.11998445869074,420.2110883694509,18720794
2025-10-23,416.8752746582031,420.7089600164685,416.22803618197355,419.7131991643585,21980966
2025-10-21,415.9293212890625,417.37315629588767,414.83397827091983,416.37739544088697,2915071
2025-10-20,414.7344055175781,415.77994228376684,410.7513620072052,414.7344055175781,10580573
2025-10-17,411.0500793457031,418.2195698411208,407.91343864953683,408.61048342122285,19566580
2025-10-16,410.0543212890625,410.95053039831953,407.3159788486255,407.3657851259235,11479498
2025-10-15,406.3700256347656,408.5109054724575,401.291639013773,401.291639013773,10892830
2025-10-14,400.69415283203125,412.3943426113271,399.89755632149047,408.2619412350048,10789648
2025-10-13,407.66448974609375,411.2492349174471,404.6274312803166,411.1994590297628,7858503
2025-10-10,411.7471008300781,413.7386224785912,406.6189386627987,407.2661771209237,13813014
2025-10-09,407.6147155761719,408.2619540598443,401.2916280149201,401.9886727746965,9035150
2025-10-08,401.9388732910156,410.2534827198984,401.39121696208633,408.6602592336353,8668516
2025-10-07,408.5606689453125,413.78841346341665,407.3657741455289,411.4981756393407,11933246
2025-10-06,411.4981689453125,413.1411682609187,405.77254409005405,410.9505126361802,14684188
2025-10-03,410.9007263183594,412.0458452673873,403.38274373333155,405.0755190180912,16002501
2025-10-01,404.77679443359375,407.26619661338214,397.65711027704094,400.29587050997463,13156495
2025-09-30,402.23760986328125,404.6772057271114,400.14650598841985,403.2831466066071,14681751
2025-09-29,398.25457763671875,406.4197986510677,397.3583685307176,399.3001144094393,23390892
2025-09-26,394.2217102050781,404.4282588080028,392.7280689461135,401.9388567097285,11687034
2025-09-25,401.44097900390625,404.7270080287682,390.78635618419,393.77363872231393,23804019
2025-09-24,393.7736511230469,403.23337945834527,393.3255465729328,402.7354990196453,10835672
2025-09-23,402.7355041503906,405.9717270431687,400.59459392613803,404.67721965313103,11906108
2025-09-22,404.6772155761719,409.6560199764403,403.63167880739974,408.0627964907123,10884230
2025-09-19,407.1665954589844,411.69732544781976,406.51935700006754,407.2661776191736,16150731
2025-09-18,408.1623840332031,413.240770666018,406.46960874773873,413.240770666018,12000897
2025-09-17,410.45263671875,414.88375429200426,403.2831464051523,403.781026832813,31367478
2025-09-16,401.1920471191406,401.5903453881819,394.5204675451209,396.7609294952146,12467341
2025-09-15,396.76092529296875,401.39120719647934,394.02258293852367,398.3043424647357,18486916
2025-09-12,397.6072998046875,398.1549865113875,383.66664774498406,384.36369250325316,26356961
2025-09-11,383.5173034667969,390.83615213862737,382.42196040226935,387.948451614481,19042696
2025-09-10,386.4049987792969,387.3509837741323,371.46858552322493,372.11585440822313,23174318
2025-09-09,370.3732604980469,372.41455808628416,368.3319325216001,370.32345422259624,10598912
2025-09-08,370.3234558105469,372.9124401105854,369.2779190683244,370.0745155968549,6897641
2025-09-05,369.2281188964844,373.90820714654546,366.9378810479414,372.4145658397017,7325669
2025-09-04,370.9209289550781,379.88277690298605,370.42304851352765,379.88277690298605,9288078
2025-09-03,377.0946350097656,379.5840370618813,375.50141161876985,376.14865007467824,9919255
2025-09-02,375.0035400390625,377.3435841007971,372.16561555518047,375.7005543971432,12169182
2025-09-01,372.3149719238281,373.65925513520085,365.991884513452,368.381734839541,8821349
2025-08-29,367.83404541015625,369.4272688196348,360.06712307273597,360.7641374224891,12739664
2025-08-28,362.3075866699219,366.19104785711414,359.6688265291508,362.5067206044238,12218065
2025-08-26,364.2991027832031,370.4728016462858,362.7058793904626,370.42302576047246,15718869
2025-08-25,370.4728088378906,378.4388955680221,369.9251525304778,376.24823995016146,8577673
2025-08-22,373.2609558105469,378.3393421566636,372.016254764352,372.2153886988177,15246732
2025-08-21,372.6137390136719,375.8001556443125,369.9251724422527,371.4188137845498,12680853
2025-08-20,370.273681640625,382.6708861070648,369.5268609960849,382.27258784095204,20289349
2025-08-19,378.43890380859375,382.0734552689266,375.899725763357,380.8785300781035,11111204
2025-08-18,380.8785400390625,388.09780648424737,379.4844808721172,386.3552249285131,11778056
2025-08-14,383.2683410644531,386.35520574469433,380.9282970138731,386.20584769640396,8046552
2025-08-13,386.3054504394531,387.34856732501834,379.5996210719922,379.69897275582633,10930440
2025-08-12,377.861083984375,382.8283651454214,377.0663008078807,381.4871931683632,9329093
2025-08-11,381.3878173828125,385.8583701452734,379.0531893210632,381.4871690633313,8910936
2025-08-08,382.083251953125,384.8649171231422,381.0897957755651,382.77865308669107,7139111
2025-08-07,385.2126159667969,387.74591698140136,380.9904273972059,383.4740677322594,11520396
2025-08-06,387.1498718261719,390.92499304994874,384.5668797856467,389.43480883247753,16852693
2025-08-05,384.11981201171875,387.6962601936724,380.84141886368866,387.4478961576739,13482710
2025-08-04,387.0008544921875,387.69628596636335,373.98660239502414,376.5199036034637,13454379
2025-08-01,374.7316589355469,380.99042033674516,373.7382028199361,380.59304395407577,8702605
2025-07-31,380.5930480957031,385.70934108319955,376.32116856136514,376.5198719137994,9702316
2025-07-30,383.9707946777344,389.83217978776514,382.48061048105495,388.3916865883668,11335944
2025-07-29,385.7093505859375,388.19299096318116,375.5264250392386,387.4478988500081,25307639
2025-07-28,386.70281982421875,393.7563647978826,380.791743399177,392.6138962492605,19856033
2025-07-25,392.6138916015625,398.07790055173774,390.92500398072144,396.3890129308967,9202508
2025-07-24,395.6439208984375,399.2700298663231,393.4086445091808,398.0779006494454,6767566
2025-07-23,397.5811767578125,402.25040262946555,394.00472843369147,400.859570036162,10413255
2025-07-22,400.4621887207031,402.0517246583826,397.1341044832222,400.36283703999635,12447434
2025-07-21,397.3327941894531,398.32625032662605,388.54070131189786,392.017797792003,12980473
2025-07-18,392.16680908203125,404.28698604971527,391.5707293377742,401.6046423594962,21172393
2025-07-17,401.55499267578125,406.02554540331425,400.4124938355553,403.4922140003199,7922270
2025-07-16,403.4922180175781,407.61505506599786,402.8464775696361,406.7209505751646,9173824
2025-07-15,406.2738952636719,410.1980287745957,405.1313964633223,405.82682787937205,11971127
2025-07-14,404.63470458984375,407.66476423892254,402.498779789335,402.8464955284591,17844425
2025-07-11,406.62158203125,410.4960851939736,402.449084474442,408.31046958002054,15186245
2025-07-10,410.7940979003906,416.754834508377,407.8137295963975,415.711717729129,17914452
2025-07-09,414.9169616699219,421.2254143876518,413.77449314258723,421.17575370650184,14956297
2025-07-08,419.2384948730469,420.57966673775616,413.52612201636435,415.26467027709384,15970711
2025-07-07,414.37054443359375,424.6528211088437,413.42674901358504,424.6528211088437,22221724
2025-07-04,424.7521667480469,429.5704351611594,422.9639577970184,427.1861464538295,16618426
2025-07-03,423.4606628417969,427.8815546162099,421.27504729352825,424.901186314684,13499244
2025-07-02,424.1560974121094,429.9181307110113,419.8345572789957,428.2292432003636,22843521
2025-07-01,429.4214172363281,433.14687776758603,421.3247557453027,422.02015685374556,35405785
2025-06-30,418.7417907714844,420.23197508027965,411.53923327897365,413.9235221094707,20350621
2025-06-27,411.78759765625,414.07253480439306,406.8203166230021,407.81377282965167,41398277
2025-06-26,407.4163818359375,411.19150315900634,404.1876492798288,406.2739133027358,25730795
2025-06-25,403.3928527832031,417.6489544297447,402.34973596525816,417.5496027523511,29028317
2025-06-24,415.7613830566406,423.7090319561702,412.28428666309645,423.6096802813512,33807025
2025-06-23,418.14569091796875,419.63587515525154,406.3732293798597,408.3104810154777,43017721
2025-06-20,405.5784912109375,407.3170395504822,395.14720117366903,396.389021416201,122552435
2025-06-19,395.9419250488281,401.15756968607286,390.8753230840902,398.37590467335895,18220823
2025-06-18,397.8791809082031,402.34973350267734,395.8922686439924,399.02164939654926,18879759
2025-06-17,399.12103271484375,404.833405927315,397.879212451263,403.14451824169424,24371681
2025-06-16,401.207275390625,401.85301582961904,391.6204295314417,393.5576508484238,32061745
2025-06-13,391.62042236328125,395.14717953176347,377.0166049837944,377.1656173411616,35564550
2025-06-12,384.86492919921875,393.1602946057068,383.076720150652,390.2295866627963,15555771
2025-06-11,390.32891845703125,395.64391496648386,388.0439814205334,395.64391496648386,18042738
2025-06-10,394.7994689941406,399.220361000523,392.1171555727477,393.90536452034297,26456073
2025-06-09,389.88189697265625,392.71322288222177,389.2361261897533,391.42174195217007,13744521
2025-06-06,388.1433410644531,394.2530904986112,386.6531567967133,392.2661781416247,17366507
2025-06-05,390.92498779296875,392.1171472780643,386.95116326648366,391.12369114644304,20746844
2025-06-04,388.0439758300781,388.73937694000966,381.5865108954077,384.4675276488394,20648850
2025-06-03,383.4740905761719,389.23612436959564,382.9773624795706,384.96427486597565,18630318
2025-06-02,384.9642639160156,386.7028122046686,381.23880329747357,382.4806235036542,11943152
2025-05-30,382.083251953125,387.4479092483733,381.13945645729245,384.26883735303096,23144580
2025-05-29,384.2688293457031,389.5341651677785,383.02700914963003,388.98774609078083,18562683
2025-05-28,387.8949890136719,390.9250183246151,381.5865360216051,382.9277079676158,27549144
2025-05-27,382.8780212402344,386.2557663256805,380.94079980137514,381.9839167055395,16859142
2025-05-26,382.0335388183594,383.27535896835775,376.023141419517,382.3812545239339,26722908
2025-05-23,381.2884521484375,387.34854063014984,378.6061387770363,386.60344852955916,37666187
2025-05-22,380.8910827636719,384.2191669377616,376.51988175672045,380.49370636629004,43486783
2025-05-21,380.49371337890625,381.3878178689629,361.61804613556626,364.4990629670271,88688170
2025-05-20,361.4193420410156,368.57223858270925,356.1540364741274,366.98270264923553,67088831
2025-05-19,361.36968994140625,371.0558878161243,360.1775303835209,370.4598080371817,52003735
2025-05-16,361.5186767578125,368.72123364282226,347.31226633935694,349.29917858349756,68855818
2025-05-15,348.1070251464844,348.7031048936383,338.5698401456474,344.2325522667968,35959338
2025-05-14,342.0966491699219,343.73584583939555,332.311099518144,336.7816524264598,43684324
2025-05-13,333.55291748046875,335.53982987052365,320.68764762771235,321.58178245753874,57985762
2025-05-12,320.6876220703125,322.87323765233975,314.13083595998006,322.87323765233975,39927141
2025-05-09,313.7831115722656,319.69415710728686,303.0041069499785,303.0041069499785,44244945
2025-05-08,305.1400451660156,311.64720102743524,302.805417190054,308.4681292749077,17110997
2025-05-07,307.9217529296875,313.13739783761883,303.0041327464874,303.0041327464874,19274367
2025-05-06,308.4681396484375,317.2105417850753,307.17665875934654,313.58443284151105,17029890
2025-05-05,313.2367248535156,314.82626082247975,311.1504911069944,311.8955832501454,10955241
2025-05-02,309.1138916015625,315.6707086070949,308.5675028168837,308.76617586682266,15451259
2025-04-30,312.0445861816406,318.3530388665139,310.5544019403891,316.9125153061537,24863436
2025-04-29,315.02496337890625,317.3595914850266,303.79889026019765,304.54398240143547,57882724
2025-04-28,303.05377197265625,305.8354672506762,293.91399401941027,294.0630063712262,29913417
2025-04-25,295.6525573730469,305.7857919489767,291.77808443760676,304.79233579538305,20307004
2025-04-24,303.6995544433594,306.580571188803,301.4642781260173,303.0041230174806,17241517
2025-04-23,303.84857177734375,308.2694334866551,299.82505614950605,303.60020773801585,21918666
2025-04-22,301.36492919921875,302.7557617457966,297.78848099525027,299.0303011828869,11962358
2025-04-21,297.9871826171875,299.6263791917473,293.2185749337062,295.5532029364431,14064356
2025-04-17,293.21856689453125,294.6590903914567,289.2447424261849,291.08264230637,13609937
2025-04-16,291.6787414550781,293.4172897757019,289.3937740429609,291.57938977318145,12479078
2025-04-15,291.778076171875,292.2251132376026,285.6682967460563,288.00292470443924,19512440
2025-04-11,283.135009765625,285.12192211485745,280.80038169170155,281.14809741639255,13883110
2025-04-09,278.3167419433594,280.9493947490269,274.7899846419017,279.1611857574465,11389916
2025-04-08,279.6082458496094,286.1153715120562,274.7899774532791,280.6017020006929,26787606
2025-04-07,270.3194274902344,272.7037162132229,254.52348059282508,255.31823339452924,24954083
2025-04-04,278.167724609375,286.11537388392856,276.478837011382,285.22126940411647,19699594
2025-04-03,285.6186218261719,286.3637138831097,280.7506931177527,281.14806948454486,20968721
2025-04-02,280.552001953125,288.84736661067814,272.65404399748735,288.0029228459198,52653587
2025-04-01,290.0892028808594,303.7988859583522,288.1022905323603,300.02376462335457,33171384
2025-03-28,299.34820556640625,304.5737641451472,297.11292929482534,302.01066069359933,20850848
2025-03-27,298.6825866699219,300.023758541547,294.68890384483063,295.0564777709916,14453677
2025-03-26,297.5798645019531,303.5008546837003,296.5367173507763,299.0998512030386,23869923
2025-03-25,298.066650390625,302.50740063732644,296.69567603933956,302.01067255746216,19364944
2025-03-24,300.12310791015625,302.9047729931034,294.41073506799194,294.9571238213965,29935092
2025-03-21,293.8047180175781,299.03030717356074,290.83429377096314,299.03030717356074,41751586
2025-03-20,295.10614013671875,295.8313740477965,289.1950941767289,292.88080804052265,27889890
2025-03-19,288.102294921875,291.07271922641786,282.89659419121415,284.1284701643319,21095205
2025-03-18,278.0981750488281,278.0981750488281,278.0981750488281,278.0981750488281,0
2025-03-17,278.0981750488281,281.5256109212779,274.9091892704679,279.1611804142402,13883681
2025-03-13,278.2372741699219,283.92975856660445,277.5915337291201,281.14809344413095,38015489
2025-03-12,275.0184631347656,278.5651090015789,272.3262053547748,276.9557148281683,15308721
2025-03-11,275.3661804199219,276.67754987154603,267.28937671643797,270.1704239317,20980143
2025-03-10,269.0577392578125,280.06389834566653,268.28711274391674,275.25241984151967,20986855
2025-03-07,273.6617126464844,276.36880964674754,270.7076497662952,272.48600912776453,25542382
2025-03-06,269.6702880859375,277.62354850041805,268.56372050182694,272.8910959396048,22586087
2025-03-05,271.61663818359375,272.48603898054785,260.16587440801476,261.8158213409684,28499877
2025-03-04,261.5292663574219,263.29776636361214,249.4659887685256,250.83928608387725,24998454
2025-03-03,254.29725646972656,255.78909204318117,241.4238090433643,244.526078691217,24644079
2025-02-28,243.29110717773438,247.93462986309402,240.57415065087642,246.996047896177,17754591
2025-02-27,249.41659545898438,255.29509813183714,248.87320116181743,254.0107307981866,11087361
2025-02-25,253.56613159179688,255.44329548751816,252.2817642291676,253.26974840069292,14770656
2025-02-24,253.26976013183594,255.34453301831687,247.49004643052677,247.98403853917054,15409569
2025-02-21,253.02276611328125,259.3458591246186,251.34318087002464,256.3819064489087,16594628
2025-02-20,257.12286376953125,257.8144647045764,247.24302270249834,248.9719948892291,18922988
2025-02-19,250.35519409179688,250.94799065107097,237.36320769259765,237.80779757433186,21516255
2025-02-18,241.66094970703125,246.74906248280578,237.6596105435728,246.00807430718174,21180375
2025-02-17,245.51406860351562,246.99604487275215,239.68496797469555,245.95865846919816,24947159
2025-02-14,247.3418426513672,261.3218126075688,245.21766764350735,259.04946108003054,25683310
2025-02-13,258.4072570800781,262.30980675505543,255.49272176221976,256.0361010152942,18016813
2025-02-12,256.0361022949219,262.556804118831,250.94798963756563,261.7664288102479,27997028
2025-02-11,261.8652038574219,270.70767463297733,259.5928522256014,270.5100657298253,23839025
2025-02-10,270.1642761230469,278.8091373793956,268.7316870544986,275.5487716150427,21789085
2025-02-07,273.72100830078125,278.90792530816606,269.81848883337494,277.37656187110156,26682639
2025-02-06,276.3885803222656,286.46603123619286,275.6475921712676,285.47804703486213,16834939
2025-02-05,285.47802734375,288.2937580026168,281.57547795732165,282.21766161371437,18818511
2025-02-04,281.0815124511719,282.5634887909847,272.5848420727343,272.6836465255657,29035155
2025-02-03,270.8558654785156,274.5114191204206,260.13623075649355,274.5114191204206,41786023
2025-02-01,278.4139404296875,296.00007759162673,266.06413771100216,292.3939412279477,61832253
2025-01-31,289.1335754394531,290.66496906826546,278.2163618881914,280.48871352980245,50252116
2025-01-30,275.4006042480469,277.1295766513978,264.6809693170937,265.61956639641005,46735932
2025-01-29,263.9894104003906,264.7797857602155,255.8879272831933,255.8879272831933,14361301
2025-01-28,255.14691162109375,262.5074057398294,249.663596468553,260.333828507873,29049716
2025-01-27,259.7904357910156,263.7917594070619,258.6542299350358,263.7917594070619,13710372
2025-01-24,266.9039306640625,273.37524538738035,265.57014593857826,270.65828878582874,10164897
2025-01-23,270.6582946777344,273.62224739849415,263.8905966018223,265.57015171972114,11978782
2025-01-22,267.1015319824219,275.94397239854015,263.1001779196085,275.64758920168794,21272549
2025-01-21,275.6475830078125,283.4526519086813,274.9065948814474,282.365863293169,13020489
2025-01-20,282.3658752441406,284.3418436647459,277.3271798923054,279.797140418062,10483849
2025-01-17,278.7597351074219,280.48870745188685,270.7570570828641,272.140259079144,12741720
2025-01-16,272.83184814453125,274.709012213691,268.13892289618843,270.1148914218065,17234302
2025-01-15,264.631591796875,268.9293293860785,263.1001980933565,268.7317204724351,11376064
2025-01-14,266.65692138671875,267.7437100036262,258.06147720038,259.83983664558554,18938129
2025-01-13,256.480712890625,265.66895419622654,255.19631529732536,261.81582171809964,19429753
2025-01-10,267.74371337890625,277.6235552010061,266.7557291966963,276.63557101879616,15317565
2025-01-09,277.87054443359375,280.6863053140309,276.2403766030934,277.87054443359375,12715512
2025-01-08,278.7103576660156,283.55147436896715,276.7343892035141,283.55147436896715,10996122
2025-01-07,283.55145263671875,284.7370456837066,277.6729348509699,278.7597234522281,13247733
2025-01-06,278.7597351074219,289.03476472435113,277.1789543623055,289.03476472435113,12638091
2025-01-03,288.4419860839844,293.6782900446114,287.997381153925,292.9373019284349,8167968
2025-01-02,293.23370361328125,294.22168783051046,287.8492077199133,290.91196482350097,13361957
2025-01-01,290.3685607910156,291.0601618162385,286.7624243615217,289.6275726143709,6954271
2024-12-31,289.6275329589844,290.4673254743758,280.83448049690924,281.0814765219725,15725947
2024-12-30,281.4766845703125,288.9853703076277,279.4513290780828,288.5407653698777,25876258
2024-12-27,288.540771484375,292.5915127055583,287.849200639856,292.29512950803365,9495184
2024-12-26,291.6529541015625,292.44332941801366,288.98538464448984,289.47937675499327,9172485
2024-12-24,288.9360046386719,293.77712141114034,287.9974075451513,292.6903327109814,10685518
2024-12-23,290.81317138671875,291.75173833810527,284.53946533950716,290.46737086741354,10201072
2024-12-20,287.355224609375,298.47004740124703,285.87324823712544,294.41930595358747,14964305
2024-12-19,294.9132995605469,296.8398809145131,291.45535467457734,291.45535467457734,13349532
2024-12-18,300.1495666503906,306.8678768252951,298.0254068009487,306.47268920344965,16598070
2024-12-17,306.8678894042969,314.8211499169042,306.2750928717876,311.7583929580095,18053073
2024-12-16,312.4006042480469,313.536780004764,310.2270270301572,312.0053864623332,10543307
2024-12-13,311.857177734375,312.54877867049277,304.44729692260836,309.2390258777272,15557064
2024-12-12,309.1896667480469,312.2030064908482,308.3498741497774,309.78243314599246,10978047
2024-12-11,310.3258361816406,312.6969921774539,309.2390475562182,311.1162114632836,9281006
2024-12-10,311.06683349609375,314.47536091852885,310.22704089025837,313.7343727635362,15811501
2024-12-09,310.8198547363281,313.2898153903821,309.4860699529616,309.83187047470653,11830104
2024-12-06,309.98004150390625,312.05481434574284,309.3378578066648,310.72102965092756,8359798
2024-12-05,310.7210388183594,311.61021859084207,306.86790637034386,310.2270467057706,17911694
2024-12-04,309.09088134765625,316.99475541682625,307.4607133510673,312.20302573221454,41441172
2024-12-03,308.349853515625,308.9920371710157,304.10150365903496,305.2870966773584,21405136
2024-12-02,303.21234130859375,305.6823017789324,299.6555922011292,304.10152104773874,15549685
2024-11-29,304.2991027832031,306.8678674732377,301.3351504833667,302.0267514136813,23241947
2024-11-28,302.076171875,305.78111265842193,300.69300001269954,304.29913634505317,27772319
2024-11-27,303.6569519042969,304.2497484583863,293.87591428991954,295.2590861488714,39464505
2024-11-26,294.3204650878906,297.3832219084868,289.627540489667,290.4673330268941,27347402
2024-11-25,288.8371887207031,295.4072776619371,284.49006424348045,286.5154198058921,49366681
2024-11-22,277.475341796875,280.0934936437922,272.1896208072831,272.6836128595649,13268900
2024-11-21,272.1402587890625,275.1042113764146,267.0027289106316,275.1042113764146,14858108
2024-11-19,275.6475830078125,281.7730969127842,273.67161467083895,276.6355671762993,13160982
2024-11-18,274.708984375,283.2550715029569,273.9186091052033,279.5995180406584,12999925
2024-11-14,277.5741882324219,281.032133121556,272.18966198755834,278.6115596388075,20541591
2024-11-13,278.16693115234375,285.3792336877426,276.09218851493824,284.53944111261535,20001842
2024-11-12,286.66363525390625,297.2350792003192,283.84787400174133,296.3952865249875,14292965
2024-11-11,296.14825439453125,300.14957821507124,290.86253306490244,293.92529001625707,20155408
2024-11-08,294.1722717285156,300.84116453848196,292.1963034885256,296.74103647067915,22935845
2024-11-07,296.7410583496094,298.3712262376181,292.54212553004027,297.3832420447783,24357284
2024-11-06,298.2230224609375,300.6435655440213,283.74906065705545,284.04544384245065,52804364
2024-11-05,282.9092712402344,283.7490638093619,273.81980487594325,279.1055261806924,18761867
2024-11-04,280.7356872558594,285.5274163634151,276.93194228796943,285.5274163634151,15157659
2024-11-01,285.181640625,286.762421415781,282.5634884579271,283.20567217424525,5265231
2024-10-31,281.4766845703125,284.9840464714142,280.34050880269865,284.49005438541826,18720310
2024-10-30,285.08282470703125,291.2083387183738,278.66092750034954,280.0441294809579,40787587
2024-10-29,280.24169921875,281.0814917797273,267.5955141094004,267.9413145934362,34271117
2024-10-28,266.8051452636719,274.61024526981,264.1869929272185,273.37526490819164,24479817
2024-10-25,269.0775146484375,272.6836511057089,254.356555455879,267.74372989002575,40406841
2024-10-24,268.08953857421875,269.8678982056983,265.1255857544947,265.76776950192414,10700271
2024-10-23,265.42193603515625,271.3992582369659,263.10016725101144,267.74370481930106,13503954
2024-10-22,268.3858947753906,278.75972860001224,267.3979106016171,278.6115370041231,15240897
2024-10-21,278.9079284667969,283.99607123332436,277.7223655136418,282.8598652790838,8393942
2024-10-18,283.69964599609375,284.34182967100867,274.4619880542136,279.5007133089558,10095514
2024-10-17,281.1308898925781,284.44064296735996,278.31515906489074,282.6128661812072,11695551
2024-10-16,282.26708984375,287.55278104030265,281.3284928205184,284.68763297327314,11835439
2024-10-15,285.3792724609375,285.9720690739729,282.3165150859949,283.6996870824853,14701531
2024-10-14,282.26708984375,285.7250344438266,281.2296883731965,282.66227748215334,11386559
2024-10-11,282.46466064453125,285.1816170396185,280.73568839311207,283.74905812182976,9677338
2024-10-10,283.45263671875,286.12020589106567,279.9946923143539,280.5381016684313,19155691
2024-10-09,279.0067443847656,283.15629026857187,275.1536118645949,278.61155671747133,18984175
2024-10-08,276.882568359375,278.1175485929137,262.3591887526061,263.7917778838648,29190708
2024-10-07,264.1375732421875,275.5487783177932,261.8158044181142,274.0668020663699,21704629
2024-10-04,273.86920166015625,278.5127087901146,270.2630356129023,275.3511777943543,17451235
2024-10-03,275.3511962890625,282.85985175263323,271.74502999959066,271.74502999959066,27321529
2024-10-01,280.5381164550781,283.15626846908526,279.15491449970773,281.67429221766037,13883476
2024-09-30,281.67431640625,291.0601668046109,280.19234002756144,289.92399094446034,32695169
2024-09-27,289.9239807128906,291.3071525873431,285.72504778812225,288.8371920433617,208588855
2024-09-26,287.0093994140625,288.3925712123872,285.57681031704664,287.1082038605608,18343882
2024-09-25,286.3672180175781,291.4553304684609,284.19364078084953,290.46734629738137,19263084
2024-09-24,288.29376220703125,289.8745428733553,281.13087713698826,282.8598493952745,25346532
2024-09-23,282.85986328125,283.25508108039537,275.30179021131073,276.6355749062141,19445968
2024-09-20,274.0174255371094,276.0427810988545,269.5714966105502,270.7076724171605,38501362
2024-09-19,269.4233093261719,281.4273115900163,263.89059165430575,280.5875189713685,44560220
2024-09-18,279.4513244628906,282.5634685230906,277.0307512211331,281.47667992167123,10450571
2024-09-17,280.8839111328125,287.3552260819982,280.488723461698,287.0094255631905,15946216
2024-09-16,286.9106140136719,288.6890037160455,284.9346455560696,287.40460612807243,9184637
2024-09-13,286.4660339355469,290.46735792828645,286.12023343164566,289.47937371764607,12330463
2024-09-12,288.19500732421875,288.98538263517446,285.52743788569376,287.4046018623776,16102095
2024-09-11,284.5888366699219,286.9600228699656,280.9333132214769,283.0080860710727,21650737
2024-09-10,282.3164978027344,284.88526286803716,278.9079400996172,279.1055490088275,19982334
2024-09-09,278.16693115234375,281.08149651576065,272.43663502362386,278.61153608943584,29170063
2024-09-06,280.19232177734375,286.86121504706654,278.660928195247,286.86121504706654,30062372
2024-09-05,287.1082458496094,295.9013001580172,286.515449234808,295.40730800416407,26342723
2024-09-04,295.35791015625,298.2724456679351,291.7517434429662,293.5795203762291,17937646
2024-09-03,293.5794982910156,297.72904398135114,293.1843106421467,296.39525928439434,13971488
2024-09-02,293.33251953125,298.3218581138171,291.5047426277529,298.3218581138171,11713172
2024-08-30,295.7036437988281,298.5194046542593,290.8131403507583,293.2336834257979,28684991
2024-08-29,292.64093017578125,297.4326293935603,288.5901889522442,295.753074355137,19185385
2024-08-28,296.34588623046875,300.84120248307977,295.90128126004066,297.43264477882826,14005947
2024-08-27,297.2844543457031,303.7557692639586,296.00008688299806,302.91597662255,16873099
2024-08-26,303.0147705078125,305.1883176881792,302.12556059446405,304.99073893590156,15280637
2024-08-23,302.3231506347656,305.4847119828029,300.44598677538005,301.82915855856504,21891698
2024-08-22,300.8411865234375,303.212342554529,299.8532023312423,302.7183504584314,13074829
2024-08-21,301.7303466796875,303.06413128274653,298.91458588453673,299.3591908025174,11862616
2024-08-20,299.5074157714844,300.841200523193,294.2216940670901,298.51943153331297,14183642
2024-08-19,298.5194396972656,301.8785801687374,297.48206827916994,301.1375919698442,12232725
2024-08-16,299.65557861328125,300.24837512945913,292.44330642728596,292.9372984989537,21353408
2024-08-14,290.17095947265625,293.48068228361836,287.15758969806905,292.59150257095865,16641055
2024-08-13,291.8011474609375,298.2056975118791,291.0621609165981,297.56524852067287,14746085
2024-08-12,296.9739990234375,299.19095825148656,293.8702621180556,294.6092485274053,15361379
2024-08-09,297.7622985839844,300.5211694230441,296.2350418124674,298.0578811490847,15551076
2024-08-08,293.87030029296875,298.25496558580244,292.7864474045723,296.57991747924086,21963656
2024-08-07,295.7916564941406,296.5798966834652,285.5443536163062,291.1606626909102,22199473
2024-08-06,283.03179931640625,298.1563940840158,282.14502162486315,287.7120466506201,39171936
2024-08-05,285.9877624511719,293.0820445552545,280.81485718719716,285.59364234970866,50390560
2024-08-02,298.50128173828125,304.1668447052244,297.26963761503276,300.81674863443914,26155604
2024-08-01,306.58087158203125,313.03470530183455,303.5263879189475,313.03470530183455,28141436
2024-07-31,311.40887451171875,315.89207696646235,310.8177094138935,315.20234425975246,25709971
2024-07-30,313.4288024902344,321.7546987215216,312.93614484094746,320.42454712399615,41111245
2024-07-29,316.6310729980469,320.8186629612729,306.28526250066494,308.2066092656599,51391698
2024-07-26,305.3492126464844,305.9404078542932,297.56522760707423,299.3387831610633,24512844
2024-07-25,297.0232849121094,298.94463154825434,289.09147935438017,293.5746816442534,27820556
2024-07-24,295.693115234375,301.9991268779725,294.9048449855282,298.05786584204463,24099148
2024-07-23,297.0232849121094,312.34492454581,276.9721141836887,312.34492454581,76513131
2024-07-22,307.7139587402344,310.0787395355957,292.9342291164107,301.5064843260032,39386992
2024-07-19,301.8020935058594,312.2464427083093,300.52119551994366,305.3492349422778,43313606
2024-07-18,308.94561767578125,321.9025386555921,307.71397348145996,321.7054635567253,48043715
2024-07-16,321.3605651855469,329.489416059057,319.7348010247319,328.35630952693964,26585927
2024-07-15,326.5334777832031,331.11518782138734,326.1393576850842,331.06593408516096,22021426
2024-07-12,328.2085266113281,332.5439078403972,323.2819501988778,331.9527126570159,24517961
2024-07-11,330.5732727050781,333.23363595879493,328.10998453290915,330.5732727050781,31919433
2024-07-10,328.9475402832031,335.4998814398739,319.38996922468823,335.007223757877,46779965
2024-07-09,329.883544921875,334.3667475039217,323.8731457474572,333.036565857173,52225572
2024-07-08,329.6864929199219,330.8688531935243,320.81865555544397,323.6268100680824,70983243
2024-07-05,319.2914123535156,322.00102944053475,309.8816632245512,312.9854004194312,63125211
2024-07-04,312.6898193359375,313.8229259274396,308.45294546542766,312.73907307361446,35591681
2024-07-03,309.8816833496094,310.81774497732806,301.26017387644856,302.4918180869001,44919849
2024-07-02,301.6050109863281,304.4624192632612,298.55052762708135,304.4624192632612,23974162
2024-07-01,303.13226318359375,307.9110486728846,301.35870757101327,306.38382189924243,39495237
2024-06-28,301.407958984375,305.25068282826186,298.3042216515986,301.5064965330773,24256902
2024-06-27,300.02850341796875,303.6248981839685,296.7769750146125,301.6050138833133,39996580
2024-06-26,302.3440246582031,306.92573507480614,301.3587092968073,305.4477620327124,24238007
2024-06-25,305.15216064453125,310.32506597303615,304.65950299419745,306.33452096367034,29124110
2024-06-24,305.2013854980469,307.31980718011107,293.08202047456626,300.32406319354914,39139609
2024-06-21,300.471923828125,309.38901559373625,299.63439977839454,308.10811768433985,37620968
2024-06-20,307.31982421875,308.74854337649316,297.81153795387803,305.250656154563,39505506
2024-06-19,304.75799560546875,315.20234329705505,299.6343743335416,315.20234329705505,58698689
2024-06-18,313.57659912109375,316.2862162384009,307.66470722878717,308.4036937153255,64859245
2024-06-14,305.0536193847656,305.9403971306774,297.0725595326868,300.5211630430165,67366844
2024-06-13,296.48138427734375,298.55055253653416,282.8347605980073,289.5841767930014,49511492
2024-06-12,286.2341003417969,288.69738864077965,281.84943514183266,283.67227449696736,33990756
2024-06-11,281.9972839355469,286.23412819429564,281.1597598185086,282.78552424014754,32269277
2024-06-10,279.2383728027344,287.71209108840395,276.9721594554986,284.6576073951529,42363741
2024-06-07,279.0412902832031,280.3714418125591,264.75421918608544,269.97637797311995,60109827
2024-06-06,269.63153076171875,277.36626202204695,263.07918991078697,263.07918991078697,95502477
2024-06-05,256.5268249511719,260.615877122765,226.62250184588265,260.615877122765,193487058
2024-06-04,251.7973175048828,307.41836088185113,226.6717783943469,307.41836088185113,268052657
2024-06-03,313.9707336425781,318.2568614750932,304.758029007043,318.2568614750932,67256146
2024-05-31,291.60406494140625,292.83570902365676,282.0957485708838,289.87976322625553,51397345
2024-05-30,286.3819274902344,291.9489537292218,285.3966120472475,288.6974247951416,42769599
2024-05-29,287.85986328125,289.63344889002246,280.81486479244967,281.2089849045867,31645904
2024-05-28,284.8546447753906,291.40698517369316,280.8640999714186,291.3577314389695,33893805
2024-05-27,290.1260986328125,298.74760740440047,285.3965672078796,297.3188882087628,49890427
2024-05-24,292.8357238769531,295.49605718789104,281.8001803124663,283.770810944022,63609206
2024-05-23,284.26348876953125,288.9929905930337,279.0413292531873,282.09578289325304,70631009
2024-05-22,279.4354248046875,280.3222025598824,260.4188214927066,272.9323378175305,85801218
2024-05-21,270.1241760253906,278.84422220359517,267.06969266581035,278.84422220359517,127035921
2024-05-17,244.5552520751953,245.98395623936008,234.35724784018362,237.460984991118,82231249
2024-05-16,234.40650939941406,236.47567759223358,224.15923605097143,231.30277214490349,55556781
2024-05-15,229.43069458007812,231.05645895972347,226.1791507860677,228.39611041361303,33045920
2024-05-14,227.55856323242188,228.49460975103526,222.4349267310533,222.4349267310533,23191411
2024-05-13,221.44960021972656,225.34159241130553,217.75466806923058,225.04599483232238,32874369
2024-05-10,223.76510620117188,225.14454157989672,219.87309881567057,224.5533463977472,18478580
2024-05-09,222.87832641601562,234.70211047028403,221.99154862583305,231.0564467271617,35229412
2024-05-08,228.19903564453125,229.23360470964133,221.30182835863096,223.86363918684842,18952985
2024-05-07,224.06069946289062,232.33735723484295,222.13933758118125,229.08581364710165,26418769
2024-05-06,228.4453582763672,232.3866194756336,226.62251895781912,231.64763300077115,32422021
2024-05-03,230.6623077392578,234.50503122869816,227.75561570255653,233.61825351104812,15782582
2024-05-02,231.30276489257812,233.91384440356978,227.36150372294952,231.2534961210141,19171145
2024-04-30,230.3174591064453,233.81533154580782,229.7755326663099,232.83001621273212,14514418
2024-04-29,231.94322204589844,236.6727386241547,231.4013106436272,236.62346985084312,19876408
2024-04-26,235.44110107421875,238.1014495258191,234.4065169445077,234.9977121714052,20473627
2024-04-25,234.1109161376953,236.5249355625839,231.99247926852198,232.9285257759623,16197834
2024-04-24,233.02706909179688,235.63814863010091,230.6623183791713,231.7954249634047,33392337
2024-04-23,230.9086456298828,232.63294739787085,228.34681984641333,230.8101080863962,19202860
2024-04-22,229.8740692138672,232.6822088800901,228.88875388507628,232.53441759465895,17549094
2024-04-19,229.8740692138672,231.05644460147255,222.38566670116865,225.1938214021103,27227241
2024-04-18,227.755615234375,233.91383557961245,225.83425349360445,232.14028014795818,18623078
2024-04-16,230.02186584472656,233.47046957563617,226.6225308883452,229.08581926756634,32508661
2024-04-15,231.00718688964844,234.50505948129228,222.6812749696305,226.62253647351775,51676313
2024-04-12,230.0711212158203,231.94321426107675,227.16444410461978,227.9034305753344,57174716
2024-04-10,225.39088439941406,229.43068331401247,223.1739248807313,225.63721323482326,37218693
2024-04-09,224.7996826171875,225.5386691018393,217.95174419969126,221.49888533990728,29048035
2024-04-08,220.26724243164062,222.38566435227835,218.83853822692785,222.23787306840822,16422350
2024-04-05,221.2032928466797,222.68126585010964,215.53772966686495,217.11424021774442,25365958
2024-04-04,217.06497192382812,220.61209811906934,215.04507247439858,220.21797799783772,18279026
2024-04-03,218.24734497070312,222.1393375061263,215.63626536755964,218.44440502919568,47658754
2024-04-02,217.7546844482422,219.38044870285975,209.4780418224679,210.61114841996275,93873385
2024-04-01,208.0000762939453,209.62584060673746,200.75800246121153,201.98964664809014,45840349
2024-03-28,198.54103088378906,199.477077402104,196.07774265942444,197.55571559404322,17425093
2024-03-27,196.52113342285156,200.9550522693498,195.09242924592357,197.06305984436722,37817130
2024-03-26,196.47186279296875,197.55571562575042,193.07252804974362,194.10711211108645,25723863
2024-03-22,194.5997772216797,196.02848143990778,189.91952941508234,193.61446189397498,31321524
2024-03-21,193.26962280273438,193.90779436129432,186.5442072336502,186.5442072336502,43152810
2024-03-20,184.0405731201172,184.53147889796827,179.18060891564264,183.5005737682299,16235947
2024-03-19,182.02784729003906,188.94962140625717,181.19331649837028,186.5441862118812,27819341
2024-03-18,186.4459991455078,188.50780930225307,183.6478453399303,186.54418628868794,22999225
2024-03-15,185.41510009765625,193.1714046343086,175.84243836863715,193.1714046343086,88781999
2024-03-14,191.69869995117188,193.56413585320115,182.86239624023438,185.5623779296875,34622781
2024-03-13,186.83872985839844,201.860448676987,184.77691973341894,200.38773143950291,41620003
2024-03-12,200.5349884033203,207.5058556818124,197.83500691930988,207.162215682255,34719550
2024-03-11,208.6840362548828,212.51309509281464,208.0458497943912,212.51309509281464,22800967
2024-03-07,211.2858428955078,212.85674737047657,207.30950311551314,207.6040495772267,41484038
2024-03-06,206.6222381591797,209.56767281570757,201.86046111987952,207.9476897471194,26236957
2024-03-05,206.91677856445312,209.86221313476562,206.03315418586135,207.1622314453125,24964592
2024-03-04,205.78768920898438,209.07674863041905,202.59680194537,204.16769130178156,34272251
2024-03-01,201.86045837402344,204.26589364788293,201.0750061467159,202.20408342385755,12949604
2024-02-29,201.3695526123047,202.15498985838707,196.11685488691163,201.71317766215194,24059731
2024-02-28,201.90953063964844,205.19860518414498,197.78592530205532,202.44952996533135,38996363
2024-02-27,201.614990234375,205.19859608741922,199.40591443917552,199.8477266019646,28877205
2024-02-26,200.5349884033203,203.13678274995613,199.111364798911,201.9095184390423,27013630
2024-02-23,201.56590270996094,203.23497925347286,192.3859592487636,192.72959926415777,76179371
2024-02-22,191.20779418945312,192.43505859375,185.26783147640526,186.29873657226562,31992371
2024-02-21,185.26780700683594,189.04778686532484,183.59873063368937,187.82052262312104,17870782
2024-02-20,187.18235778808594,187.96780998981535,182.86239315045623,185.66056193747517,17809897
2024-02-19,185.31692504882812,188.99871826171875,184.87511285953224,186.49509588070214,25343215
2024-02-16,184.8751220703125,186.9369173835003,183.45149828665186,185.56238717470845,29843059
2024-02-15,182.56785583496094,182.91149587204995,179.27879611124007,179.67151474112288,17335763
2024-02-14,178.29698181152344,178.8369661739888,172.11156610789445,174.02609561630803,23449380
2024-02-13,173.38790893554688,173.68244038702684,168.6261173865687,171.5715517513996,13961795
2024-02-12,171.47335815429688,179.7696766210656,170.49154673633637,177.9533195053374,19640568
2024-02-09,177.36422729492188,182.3223779695644,173.28971588834875,182.12601868152234,21081134
2024-02-08,180.75149536132812,183.0011110760227,177.7683102782227,178.2084489143678,29094709
2024-02-07,177.7194061279297,180.11572979314622,175.71431349701115,180.11572979314622,14192151
2024-02-06,179.08876037597656,179.52889905946796,176.7413291898415,178.4040836188693,12134363
2024-02-05,177.57269287109375,182.9032939064609,174.8829385489399,182.9032939064609,23880364
2024-02-02,180.55587768554688,183.6368630261699,179.8223083259217,180.94710870754423,27710061
2024-02-01,179.3821563720703,184.2726188132337,177.57269422354403,183.5879570563722,27835431
2024-01-31,181.82737731933594,184.9572850444451,180.80039220432224,184.07699290006835,23757415
2024-01-30,183.78359985351562,188.1361240119296,182.90332245322355,187.79378562042206,20894159
2024-01-29,186.7178497314453,189.4565116789632,183.44124885587613,185.8375724632642,28919512
2024-01-25,185.5441436767578,187.79375940452596,184.17482015090266,186.57114378340273,12592882
2024-01-24,185.10401916503906,186.0332041231059,179.9690331644237,182.70769534965353,14742783
2024-01-23,183.00111389160156,191.21708497440747,180.36025218508578,190.97256184784175,26628471
2024-01-19,187.64706420898438,189.45652649609596,185.8375869973647,185.8375869973647,22303305
2024-01-18,184.07701110839844,184.85948811707593,176.05665534959613,181.58287217271098,24831623
2024-01-17,181.58287048339844,184.37044013696993,179.77340827495493,182.21863957650623,16350370
2024-01-16,182.70770263671875,186.08211915823438,181.04494818367573,184.76168816418055,16471601
2024-01-15,184.5171661376953,185.73978190835194,180.0668566721123,180.84931882572542,24570393
2024-01-12,179.47999572753906,181.43618096707627,179.0887646494352,181.28947304391457,8853157
2024-01-11,180.31137084960938,183.53906438384803,179.7734169524002,182.90331018456058,10942508
2024-01-10,181.5339813232422,181.925212369287,178.06174982269027,180.36025833609222,8701594
2024-01-09,180.6047821044922,182.60987480264748,180.16464344502097,180.84930524025484,11550790
2024-01-08,179.57777404785156,183.39232851107965,179.1865281256577,182.65875919703532,11472441
2024-01-05,181.8762969970703,184.5171437564621,180.01792722088905,183.5879588683715,22023938
2024-01-04,182.80548095703125,183.5390503267216,178.50187995798404,178.50187995798404,25403124
2024-01-03,178.35519409179688,180.65370277946437,176.64353201768947,178.35519409179688,18738690
2024-01-02,178.1595458984375,182.12082357489194,175.81212982880166,181.92520805650685,22790965
2024-01-01,180.89820861816406,182.9033012693877,180.40916235808547,180.75150070994346,18008785
2023-12-29,180.16464233398438,181.1427348710033,177.13256442393032,178.94202666271073,19305150
2023-12-28,178.69749450683594,180.21354084757857,176.83912475012366,177.52378650656993,20453485
2023-12-27,176.2522735595703,180.84930553448572,175.1763807151689,179.96902821411112,26206240
2023-12-26,177.96392822265625,180.45806709422587,174.1004658144835,174.1004658144835,52736391
2023-12-22,170.9705810546875,171.4107197181349,165.68887231979485,168.18301131200738,19640046
2023-12-21,166.91148376464844,168.08520673666786,160.45608204107944,161.3852669568385,22646625
2023-12-20,163.58596801757812,172.4377079863903,162.51006031492432,169.94356916624335,24511237
2023-12-19,169.25892639160156,170.57934243891344,167.35164881803425,169.11220354778342,14732129
2023-12-18,168.91659545898438,170.53045726506463,165.73779438809478,167.98741043854926,35901409
2023-12-15,165.3465576171875,166.4713581414812,161.62980273874723,162.3633721914193,39766631
2023-12-14,160.40716552734375,160.74950386260113,159.03784203532766,159.52688827169152,13887946
2023-12-13,159.28237915039062,160.30936439739529,155.90794788334773,156.69042491519113,16804086
2023-12-12,157.2772979736328,159.23348323468667,156.49482088430943,158.8911448441986,16306341
2023-12-11,157.71742248535156,159.6736075704412,155.66342217620434,156.29919128356315,22941648
2023-12-08,155.27220153808594,158.7933408970996,153.8539702412225,157.81524828898566,22869782
2023-12-07,156.837158203125,158.25538952279643,154.78315772324984,158.25538952279643,51346222
2023-12-06,152.72914123535156,153.7072337566782,148.523355333253,149.25692472424797,26688698
2023-12-05,148.67007446289062,151.7021674776609,146.66498165793018,150.33282888974492,29109123
2023-12-04,150.1861114501953,154.04957397123914,148.27883399545294,148.67006503891017,51416976
2023-12-01,144.21975708007812,147.00732707962206,143.53509521557012,144.7088034010852,34466616
2023-11-30,142.7036895751953,143.14384313916872,137.66651917723433,137.91104230188307,27591484
2023-11-29,137.91104125976562,139.52488790044944,137.42199501416363,138.93804136043124,14680789
2023-11-28,138.20448303222656,138.69352931689508,137.3241907651183,138.5468064767896,8595693
2023-11-24,137.27528381347656,139.03583831575662,134.34100641033427,136.88403787168693,19614754
2023-11-23,136.2971954345703,139.4270884402484,136.0526723103063,138.74242667721057,13138745
2023-11-22,138.742431640625,140.30737073719513,137.07966239653953,140.1117552156873,7445272
2023-11-21,139.7205352783203,141.38328973006173,139.1336737426427,140.9920437314404,9972235
2023-11-20,140.69859313964844,143.5350550377126,140.01391654228354,143.19271673903015,7741502
2023-11-17,142.89932250976562,143.29055354623225,138.6935217074662,139.72052183382533,13496261
2023-11-16,139.4759979248047,141.1876598176606,139.08475196601896,140.11175208663397,11453235
2023-11-15,139.91615295410156,142.21466166753748,139.3781990255922,141.3343842750742,11440473
2023-11-13,140.2584686279297,141.04094566916459,136.00377490132263,136.10157520365937,20245049
2023-11-10,135.75924682617188,136.05267757153726,134.0475848901328,134.48772354592703,5781314
2023-11-09,134.92787170410156,136.8840569116261,134.58554824749,136.8840569116261,5481774
2023-11-08,137.32418823242188,138.0577576458953,134.68334132881913,134.7322489412856,9755483
2023-11-07,135.0256805419922,135.90595787390126,133.70524961962053,134.53663426326312,8587321
2023-11-06,134.63442993164062,134.97676828477458,133.02058323716915,133.9497681498802,7070089
2023-11-03,132.97169494628906,133.9986952304021,131.79798673209257,132.18921782865485,9154983
2023-11-02,131.7979736328125,132.0424967749884,130.3797423930939,130.77097345077206,4885035
2023-11-01,129.49945068359375,131.60235867005704,129.1571272377799,130.8198816268267,10431945
2023-10-31,130.330810546875,130.72204153181016,127.88557957976664,129.59724125674248,8098744
2023-10-30,129.05931091308594,131.01549604227105,127.93451043360774,130.57535737310602,9052085
2023-10-27,129.30384826660156,129.93961745817185,126.41847786881111,126.41847786881111,8761931
2023-10-26,126.02723693847656,127.34765298809975,124.21775966644537,127.15203745384173,18167694
2023-10-25,128.3257293701172,131.7001454143684,126.41845203419318,129.5972525689021,10225867
2023-10-23,129.79287719726562,132.9227703433583,128.52135390914768,131.35783123256584,19333777
2023-10-20,131.25999450683594,133.90084094986102,130.57533282523764,133.7052254586194,8982112
2023-10-19,133.99867248535156,134.19428800042874,132.09139509546148,133.02057998545848,7775836
2023-10-18,134.04759216308594,135.90596211038252,133.41182302621507,135.71034657769474,6806231
2023-10-17,135.51470947265625,135.85703286923888,134.48770943389619,134.48770943389619,6076896
2023-10-16,134.389892578125,134.8789387882703,133.55852297558155,133.99866157981114,7785480
2023-10-13,134.4387969970703,135.17236629489847,133.31399671020273,133.31399671020273,8303230
2023-10-12,135.17239379882812,135.66144009688793,134.19430120270852,134.92787064979822,7567439
2023-10-11,134.73226928710938,137.42202420935655,134.48774611235962,136.8840702400051,10778916
2023-10-10,136.88404846191406,137.9110486173705,133.50963217213527,134.3899094913792,15593722
2023-10-09,132.7760467529297,134.5855237097886,132.09138504002573,133.21618535947465,10489249
2023-10-06,135.95486450195312,137.42200332751378,135.61252613951916,135.95486450195312,4987359
2023-10-05,135.9059600830078,138.2533912137688,135.07459035035959,136.44391398325564,15996620
2023-10-04,135.8081512451172,136.101567059077,133.55853548287888,134.9767666402115,14912053
2023-10-03,136.15048217773438,137.51982072459222,134.1942970460873,134.87895885726215,19010910
2023-09-29,135.2702178955078,135.61254137188456,132.7760786270047,133.02060179206364,8504659
2023-09-28,132.09141540527344,134.9767857386988,131.65127669754912,133.90087785358656,22012674
2023-09-27,133.60745239257812,134.53663735864012,132.72716011590754,134.38991451694085,8713378
2023-09-26,134.63442993164062,135.2701990268169,132.92276801498588,133.60744472125378,12315581
2023-09-25,133.60745239257812,133.85197553756856,130.6731746526929,133.31402163368793,14984591
2023-09-22,133.06948852539062,133.90085820140598,131.1133035119325,131.21110380790105,12604969
2023-09-21,132.28701782226562,134.9767723436056,131.65126363247936,133.99867979039107,9531884
2023-09-20,133.90087890625,137.03078735136071,133.2651246483735,136.93297211575992,19080613
2023-09-18,136.83514404296875,141.82342210044274,135.95486670318306,141.82342210044274,51859825
2023-09-15,132.72715759277344,135.17238899619414,132.1403110106573,134.48772718813797,9651337
2023-09-14,133.80308532714844,135.66145550098662,132.53156182291218,134.97679359086257,13197189
2023-09-13,132.87387084960938,133.94976363482263,130.37973201308114,132.04248626259763,19282289
2023-09-12,131.2111053466797,141.77450752813735,130.6731664012758,141.43218410147193,48752780
2023-09-11,141.5299835205078,143.9263071903282,139.91613684529398,141.18766009596624,19902175
2023-09-08,140.16065979003906,141.13875230089138,137.12856703659395,137.47090538519518,16579557
2023-09-07,136.78623962402344,137.91104000890323,134.58553153877497,135.4169011940536,18438943
2023-09-06,135.2702178955078,137.6665419281835,134.7322639474762,137.42201876312456,10151022
2023-09-05,136.63951110839844,138.79131149504522,136.15046488759208,138.2044649847813,11695197
2023-09-04,137.4709014892578,139.23147094379874,136.15047066722536,136.44390139706667,28262276
2023-09-01,134.830078125,135.36801714429964,130.96660020778614,131.11332306037562,23415545
2023-08-31,130.2819061279297,132.0913830576324,129.3038137171727,131.60233685225393,14954352
2023-08-30,131.60235595703125,132.53154089723947,131.3089252063055,132.53154089723947,12555619
2023-08-29,131.60235595703125,132.87387926050414,131.16221729319662,132.33592537159163,11118400
2023-08-28,131.94468688964844,133.41182580209602,131.65127104676594,133.11840995921352,13346571
2023-08-25,130.47752380371094,134.92784733186167,130.13520040893383,134.2431856178014,33919926
2023-08-24,131.45562744140625,132.53153517275925,130.67316537261203,132.09139652793567,17543374
2023-08-23,130.47752380371094,132.43370865788654,129.89067730216186,131.01547762351044,19426832
2023-08-22,130.37973022460938,130.77096124577352,126.51626792371293,126.85859133610487,20596242
2023-08-21,126.41845703125,126.85859567624456,124.36446425085256,124.41336439904437,5063202
2023-08-18,124.36447143554688,126.76080270299437,123.97323291614175,125.44037176722036,8997702
2023-08-17,125.8805160522461,128.71699357888403,125.4403773621928,128.57027073252704,7162118
2023-08-16,127.83670043945312,128.4208653145559,126.03549198119391,127.30120482837815,7062446
2023-08-14,127.05778503417969,128.46953522996492,126.03547804540209,128.46953522996492,8529502
2023-08-11,128.56690979003906,129.73525432489308,126.13285248563207,126.76570144225516,10967883
2023-08-10,125.98680877685547,129.6378949839472,125.69473376533438,128.12879123672886,11116731
2023-08-09,128.22613525390625,128.90766832484397,125.59735634811403,126.37625765331718,13111006
2023-08-08,125.7433853149414,126.57097068114811,124.23427435217327,125.3052580030755,12505272
2023-08-07,125.15923309326172,125.79208206773066,123.26066388539405,125.061864855817,8339894
2023-08-04,124.23428344726562,124.67241821935988,122.18967679528593,122.96857810468458,10589274
2023-08-03,121.36209869384766,123.16329961363375,120.24243084809304,122.23836080914054,12415922
2023-08-02,122.04363250732422,127.25251368513437,120.43715319091271,127.00910795319788,20816954
2023-08-01,127.00910949707031,129.73525669915833,126.61966626376078,127.54460508510124,17079508
2023-07-31,127.25251770019531,127.54460755899646,125.45132414081831,126.863074459332,16197160
2023-07-28,126.7170181274414,128.22613663699278,124.62373477491673,125.84076343482802,37245053
2023-07-27,123.89351654052734,125.4026350374297,122.67648789081686,122.87120950350919,11597763
2023-07-26,122.6764907836914,123.9908802707431,122.33572423936742,123.69879784481692,12681896
2023-07-25,123.69879150390625,123.84482899530656,122.04362812922217,123.21198005749679,7151050
2023-07-24,122.6764907836914,124.38033093346489,121.70286784096369,122.04363438528767,13121674
2023-07-21,121.65418243408203,123.30934587608083,121.45946081886028,123.01725602509472,9926528
2023-07-20,122.6764907836914,123.89351946210104,122.23836343072536,123.65011372641911,10187180
2023-07-19,123.55276489257812,124.38034298847529,123.3580358282672,124.38034298847529,8975718
2023-07-18,123.74747467041016,124.91582665985342,121.94627371002453,124.331646951055,8994063
2023-07-17,123.79617309570312,124.86715697201545,123.06595580346911,124.42902956793681,9411535
2023-07-14,123.79617309570312,124.13693967978143,120.82661980268972,122.67650509531342,9577719
2023-07-13,122.1896743774414,125.4026329299422,121.70286292573846,124.3803259101047,12374030
2023-07-12,124.28296661376953,125.1105446060779,123.21198289265556,124.91582299429476,18031857
2023-07-11,124.03955841064453,125.25657960224225,120.14506682744158,120.1937435153397,46215137
2023-07-10,119.75563049316406,121.36210994882514,119.26881898709429,120.92397513646989,9068813
2023-07-07,120.7779312133789,122.57913220455524,120.38848054357366,121.07001364461756,22837962
2023-07-06,121.50814056396484,121.80022297628615,118.68463267593964,119.07408332052125,16906327
2023-07-05,118.53858947753906,120.48583530057873,117.85705641073652,119.31749077801625,15615891
2023-07-04,118.8306884765625,120.9239719550668,118.3438769833003,120.72925032902349,7595425
2023-07-03,120.48583984375,122.67649147727272,119.46353277684462,122.67649147727272,15492508
2023-06-30,122.43309020996094,123.35802907328757,117.56497529107581,118.19783171616166,27973500
2023-06-28,117.56497955322266,119.1714590203261,114.9848770670449,116.00718420833459,61890385
2023-06-27,115.2769546508789,119.3661679236551,114.79014319325539,118.87935646603158,19093714
2023-06-26,118.19782257080078,119.31749040114269,116.83474901334773,117.8083719217923,17369553
2023-06-23,116.88343811035156,120.63188498195113,116.34794251662865,120.48584005383091,12413343
2023-06-22,120.19375610351562,123.99088728045166,119.56090709748793,120.29112434581586,25032998
2023-06-21,119.56090545654297,122.96858590197037,118.53859835165319,122.82254096867842,14141162
2023-06-20,121.84891510009766,123.40671035264627,120.63188639839503,121.7028701702626,15471361
2023-06-19,121.55683135986328,123.01726587542788,121.1673806700819,123.01726587542788,10053869
2023-06-16,121.8975830078125,123.89351290604742,118.44122620092075,119.07408256583571,32649860
2023-06-15,118.73331451416016,119.51221583710945,116.88343687142425,118.19782635426685,13948239
2023-06-14,118.19782257080078,119.90166266057876,117.9057327270061,119.1227613625618,8660080
2023-06-13,118.87935638427734,119.22012291874879,115.7637660288908,116.73738894346826,16552079
2023-06-12,115.95848846435547,120.63188145879008,115.6177219274631,117.75968938348947,24331332
2023-06-09,117.17552185058594,118.24650562187118,113.62179655791581,114.88750937825981,19873573
2023-06-08,114.44937896728516,115.56903939988297,113.32971110653385,115.37431778416686,11188999
2023-06-07,114.93618774414062,115.86112653937006,114.40069217122674,115.61772081134617,11262532
2023-06-06,114.93618774414062,115.37431508332229,112.84289699750452,113.18366353110731,18999553
2023-06-05,112.59949493408203,115.52036376542966,110.36015919212075,110.36015919212075,35214281
2023-06-02,110.31148529052734,110.50620691294505,109.04577246035106,110.4088461017362,9939324
2023-06-01,109.92202758789062,110.45751572937105,109.04576548674152,109.24048709670652,9185292
2023-05-31,109.19181823730469,109.48390067319441,107.29324897732936,107.63402296143141,15741522
2023-05-30,108.31555938720703,109.62994895930862,108.07215363577511,108.51028101709096,7803617
2023-05-29,108.5102767944336,108.85105077570037,107.29324808463441,108.07214943016739,10330215
2023-05-26,107.78006744384766,108.07215732680343,106.22227206711017,106.66040689154384,7958341
2023-05-25,106.70906829833984,107.82873611838258,105.15127314478843,105.15127314478843,11158044
2023-05-24,105.93016815185547,106.41697957272217,104.46973388925537,105.05390610866485,10722681
2023-05-23,105.05391693115234,108.1208306841917,104.90787200421646,108.02346244746542,15214733
2023-05-22,107.53665161132812,108.36423705946622,104.7618276957784,105.68677395306403,27946526
2023-05-19,104.17765045166016,105.00522843223428,102.91193770855625,104.95655174405536,9255095
2023-05-18,104.95655822753906,106.36830855054106,104.42106262741903,105.6380913293703,7220608
2023-05-17,105.39468383789062,106.85511825596762,105.10259398301379,105.93017942911362,9456088
2023-05-16,105.58940124511719,106.22225762001152,104.56710165012167,104.85918406519755,9051577
2023-05-15,104.81050872802734,105.73544752992231,104.08029153869342,104.27501315125444,7833289
2023-05-12,104.46974182128906,105.78413127179574,103.78820132343695,105.78413127179574,6855025
2023-05-11,105.73545837402344,106.12490906724047,104.6644745387922,105.39469180301633,9435021
2023-05-10,105.1999740600586,105.73546228339582,104.4210726448261,105.0539291161832,10360986
2023-05-09,104.7131576538086,105.29732997393815,103.78821133779556,104.37238365792513,10063354
2023-05-08,104.46974182128906,104.66446343315918,103.20402905967325,103.49611890563177,6721354
2023-05-05,103.4961166381836,105.10258847130001,103.00930519102027,104.22633380892859,9315810
2023-05-04,104.42105102539062,105.39467387877421,103.69083388535293,104.1289611981144,15414305
2023-05-03,103.5447998046875,103.73952885262871,100.91602079678714,101.4028322744097,16034319
2023-05-02,101.54887390136719,102.3277677833446,100.76997259123637,101.25678405302978,13598952
2023-04-28,100.57525634765625,100.72129385146873,98.57932627647595,99.26085938811353,11812226
2023-04-27,98.7740478515625,99.4069042710014,98.48196541592795,98.53064210779014,5362153
2023-04-26,98.9687728881836,99.21217862208067,97.75174421869819,98.14119487856422,4576455
2023-04-25,98.48196411132812,99.30954214356038,98.09251344082067,99.11482052238351,5696053
2023-04-24,99.11482238769531,100.47788861789333,98.82273252227925,100.08844536821039,5994078
2023-04-21,100.08843994140625,100.76997301955248,99.5042602422484,99.99107170611099,5625649
2023-04-20,100.13711547851562,100.57525024784192,98.6766811037347,98.82272602684345,13241812
2023-04-19,98.72537231445312,100.38052842020339,98.57932738085071,100.28316760718641,11271768
2023-04-18,100.23448944091797,101.11075166643191,98.53064911336756,98.72537817912307,19758227
2023-04-17,98.72537231445312,98.8227331274701,97.3622986477538,98.33592163423134,8323162
2023-04-13,98.23856353759766,99.11482573528764,97.8491128466072,98.14120272188856,9153834
2023-04-12,98.14119720458984,98.43327963529683,96.87548438706521,97.50834079582752,8938731
2023-04-11,97.36229705810547,98.28723590889597,96.19395246466972,97.75174773196865,8458648
2023-04-10,97.26492309570312,97.89777942664446,96.14525534529196,96.29130025676346,10870304
2023-04-06,96.14527893066406,96.38868470010878,94.97693420859125,95.02561090558744,11440418
2023-04-05,95.65845489501953,95.85317651387518,92.54286442440757,92.54286442440757,24875169
2023-04-03,94.05196380615234,96.38866008164084,93.27306999975796,96.33997596892439,24154016
2023-03-31,94.97692108154297,95.85317578791047,91.7639623976836,91.7639623976836,64455094
2023-03-29,89.13517761230469,89.62198905217932,87.52869837508781,87.82078078212075,36103221
2023-03-28,87.91815185546875,90.0601192889168,87.62606201083796,89.32990210549315,14999850
2023-03-27,89.32991027832031,91.27715627893764,88.94045959256604,90.64429984310621,15959308
2023-03-24,89.13517761230469,92.00736213630374,88.79440366186999,91.47186658118042,16650432
2023-03-23,89.08650970458984,89.71524334414013,87.8774093899788,89.27997018278522,9969670
2023-03-22,89.61851501464844,90.87597488900684,89.47342150382487,90.44070173629865,6096408
2023-03-21,90.05377197265625,90.3923185171875,89.32831192876306,89.95704544275605,5886671
2023-03-20,89.61851501464844,90.29560822547508,88.74796132946953,89.95706162006176,6579446
2023-03-17,90.34395599365234,91.60141560083872,89.86031598017429,90.05376903366114,13158718
2023-03-16,88.8930435180664,89.6668631776272,86.71666327220397,89.6668631776272,12278142
2023-03-15,89.57014465332031,91.16615845231055,89.18323109905567,90.4406983054752,8318506
2023-03-14,89.71522521972656,89.90867827907756,88.21593818059216,89.81195174940207,14285446
2023-03-13,89.32833099365234,91.79489862122061,88.89305782632277,90.9727118719521,11482697
2023-03-10,91.79487609863281,92.37524263926237,90.48904953727606,91.21450955800324,9620249
2023-03-09,92.3268814086914,93.72944196355573,92.1334283430777,93.0039818978622,7884249
2023-03-08,92.95561981201172,93.24580680539812,91.40797306672846,93.10071330870493,14292676
2023-03-06,93.29415893554688,94.06798593628454,92.76215932983078,93.19743240539496,8289319
2023-03-03,92.71380615234375,94.50327305523686,92.4719861011484,94.06799991499015,7938348
2023-03-02,93.53598022460938,94.3581741915005,93.05234018750227,94.01962026171647,10048980
2023-03-01,93.87454223632812,93.92290181634547,91.6981618819752,92.08506804116172,14285091
2023-02-28,91.50469207763672,93.00397912053552,91.31123901779999,92.0366990618295,10965145
2023-02-27,92.27851867675781,92.56869826525586,90.10213855409731,92.23015172212756,13928820
2023-02-24,92.23017120361328,92.7621782978756,91.89162458897486,92.52035823316777,8061923
2023-02-23,92.27851867675781,92.56869826525586,90.5857785813552,91.98833170849862,16196352
2023-02-22,91.89161682128906,93.0039905008676,91.69816373778066,92.56870999333056,14589841
2023-02-21,92.42362213134766,93.0523483307996,91.5047015525698,92.81052829108364,11933886
2023-02-20,91.79487609863281,93.5843426738077,91.11777565143086,93.53597572052149,17505922
2023-02-17,93.29415893554688,95.42217949769487,93.0523389202865,94.35817290650148,20383244
2023-02-16,94.55162811279297,95.1803616426922,91.16614782230934,92.7621614352039,32927840
2023-02-15,91.55307006835938,91.6981635706072,90.34396984923092,90.97270343913013,11575131
2023-02-14,91.50469207763672,92.0366990618295,90.0537719895777,91.69815251723463,9624926
2023-02-13,91.55307006835938,94.01963008752419,91.35960960544158,93.10071687289138,13582939
2023-02-10,93.10071563720703,93.48762917814523,92.2301620150366,92.42362247538668,10685751
2023-02-09,92.08507537841797,92.95016935710088,91.84476986577444,92.61374310610839,6577385
2023-02-08,92.37342834472656,92.56567713571815,90.6912899246432,91.26802163053492,11577350
2023-02-07,90.78742218017578,91.41221799652784,90.11456966013046,90.8354862174115,10315670
2023-02-06,90.83548736572266,91.31609840998574,89.58589571722162,89.87426527719649,7015869
2023-02-03,90.21067810058594,90.73935310392274,88.14404945146228,89.77813115861326,15906920
2023-02-02,89.4897689819336,89.8742592583032,84.87590766612455,86.07743519631576,24502896
2023-02-01,87.42312622070312,93.47882694049609,85.59681053291432,93.23852147278274,44092961
2023-01-31,91.26801300048828,92.5176043563804,85.59680987300776,86.7983372023114,59004021
2023-01-30,85.50069427490234,89.34558228876718,83.62631430156,89.34558228876718,62828817
2023-01-27,90.64323425292969,96.07413248954549,88.86496775045379,95.73770626842953,24624255
2023-01-25,95.30516815185547,96.98730674690346,94.96874189955433,96.3144469087589,9232812
2023-01-24,96.74698638916016,97.90044974393984,96.26637543574509,97.6120875720155,10169994
2023-01-23,97.61209106445312,98.52524897519692,97.17953679077863,98.38106421730542,9725869
2023-01-20,97.85240173339844,99.39035545411612,97.6601529348451,98.90974445804548,7912700
2023-01-19,98.8616714477539,99.00585620019056,97.90044954289768,98.04463429533435,4842895
2023-01-18,98.71749114990234,99.96708261601918,98.14075944767207,99.10198139590302,13005273
2023-01-17,98.90974426269531,99.00586499501124,97.564032009647,98.38106923464504,11762030
2023-01-16,98.14076232910156,99.00586357461724,96.3144391071333,96.55474460124644,16485682
2023-01-13,96.07413482666016,96.21831959165777,93.62302315586781,95.64158786520909,11684608
2023-01-12,95.54546356201172,96.60280624323937,95.06485258567719,96.55474221218931,9299447
2023-01-11,96.31443786621094,96.84311287986506,95.68964945639993,96.45862262752948,11130194
2023-01-10,95.30516815185547,96.21832617003604,94.48813087239778,96.12220543131318,10397112
2023-01-09,96.1221923828125,97.75626671990379,95.64158142089843,96.02607165713795,11920266
2023-01-06,95.1129150390625,96.6028120892791,94.87260953635284,95.92995961510887,7215940
2023-01-05,96.07413482666016,96.26638362450424,94.48812441231172,95.16097687091155,10448282
2023-01-04,94.92066955566406,96.98729825826786,94.63230003119222,96.79504946410609,8927128
2023-01-03,96.45862579345703,96.98730082446312,95.92995809599279,96.41056909380129,8833881
2023-01-02,96.36251068115234,97.27566869683365,96.02608442977198,96.50669545561314,6973552
2022-12-30,96.02607727050781,97.41984620811725,95.40128151678776,95.54546628049881,9236774
2022-12-29,95.06485748291016,95.92995875158599,94.48812574830689,94.68036721532735,11367064
2022-12-28,95.88188934326172,96.98729605051889,95.40127836911003,95.73770458430792,9470020
2022-12-27,96.36251068115234,97.03536318391306,94.58425135224851,95.92996369131221,10240049
2022-12-26,95.40128326416016,95.97801499602605,90.97966354179914,92.85404350374877,12096095
2022-12-23,92.80598449707031,95.30516016206057,92.27730947810201,95.11291136718953,23099245
2022-12-22,94.44005584716797,96.0260735189432,93.04628696401056,95.64158327524899,14577136
2022-12-21,95.35321807861328,98.23688403663839,94.63230158910702,97.90045780824381,11606766
2022-12-20,97.37177276611328,97.66013491040964,95.16095965880565,96.84309783459263,10478941
2022-12-19,96.55474090576172,96.93923114833531,93.95944460208737,95.59351896609842,22872344
2022-12-16,95.59351348876953,98.42912244842603,94.05555994013838,98.28493769902977,38364152
2022-12-15,99.24616241455078,101.55309647007182,98.76555145854812,101.16860623856145,10186774
2022-12-14,101.36085510253906,101.55310389912869,100.78412337985364,101.07249290796722,6168426
2022-12-13,101.07247924804688,101.31278471115039,100.35156285873633,101.02441522200988,7421330
2022-12-12,100.49575805664062,102.41820196143688,99.96708304940505,101.8895269542013,19335542
2022-12-09,101.6972885131836,102.75463122547093,100.44769700459018,101.88952997594794,12630851
2022-12-08,101.2166748046875,101.40891626228945,100.20738881842345,100.92830528474305,15789329
2022-12-07,101.60115814208984,102.99493438289107,101.36085265231807,102.12983315300437,11943855
2022-12-06,101.60115814208984,104.19646183174994,101.40891668368904,103.09105511209147,13880227
2022-12-05,103.2833023071289,103.4274870757087,100.9283113099795,102.22595956011371,17476086
2022-12-02,102.03372192382812,102.32208413827777,100.25546260065742,100.49576811280325,13020973
2022-12-01,100.11125946044922,102.2259446459597,99.82288996536101,101.55309226880843,19098551
2022-11-30,101.02442169189453,102.41819786728067,100.1112638070363,102.37013383816551,27869373
2022-11-29,102.03372192382812,103.71586050884893,101.16862061339468,103.71586050884893,8717535
2022-11-28,103.23523712158203,104.53288526506073,102.80268285139489,102.94686760812394,11289089
2022-11-25,102.99494934082031,103.81198665799414,102.51433829147774,103.1391341223316,8834584
2022-11-24,102.85075378417969,103.23524405008125,101.93759581951258,102.85075378417969,12820212
2022-11-23,102.75463104248047,104.86931646328921,102.22595602050743,103.81197375288484,21024176
2022-11-22,103.2833023071289,103.61973587832908,100.97637534402008,101.12055277905792,11999335
2022-11-21,101.6972885131836,103.04299341961745,100.44769700459018,102.94687268823527,16407321
2022-11-18,103.18717956542969,107.08013157364995,102.2740216047567,106.55145654365496,23962357
2022-11-17,106.31114959716797,107.03206608268249,103.90809464545286,104.00421537681312,26985734
2022-11-16,104.10033416748047,105.54216701005754,103.18716896705702,104.72512253243102,27372424
2022-11-15,102.89881134033203,103.23523755174071,101.36085037353568,102.56237779538196,11675691
2022-11-14,102.46627044677734,103.47555654632149,101.36086360764384,103.13913029098755,10547759
2022-11-11,103.13912200927734,104.2445214261088,102.56238295096662,103.81197446591752,11075218
2022-11-10,102.5623779296875,104.29258035282841,100.639934052216,103.86003341381388,12937603
2022-11-09,103.86003875732422,106.88788215328866,103.47554849533994,105.92666016509885,17033165
2022-11-07,105.39800262451172,106.02279844372886,104.58096532255507,105.15769710431609,15333789
2022-11-04,104.72512817382812,107.08012634368912,104.38870195914555,106.31114585280768,22356935
2022-11-03,105.68635559082031,107.84910508313075,102.3701426360277,102.65851216841916,34173239
2022-11-02,102.94686126708984,105.97471163773326,102.65849910493483,104.29257335776924,19881462
2022-11-01,104.2925796508789,106.1189027888929,102.61044126941312,103.13911626557605,26521676
2022-10-31,102.70655822753906,103.04298442478019,101.07248393605873,101.7934003588073,12793983
2022-10-28,101.26473236083984,104.3406470433393,99.87096344755554,103.81197203013956,20059496
2022-10-27,103.66777801513672,104.67706391986452,101.12053857321399,101.5530928181863,29990758
2022-10-25,100.97637176513672,101.40891872200346,99.5345387975253,100.92830773279967,13217298
2022-10-24,100.73606872558594,101.26473642646933,100.30351442463565,100.54381992509407,3728536
2022-10-21,99.5345458984375,104.72513908530831,98.71750129166874,104.34065613334917,19880033
2022-10-20,103.81198120117188,104.91738802326317,102.41821216475822,102.65851767679797,25579790
2022-10-19,101.79340362548828,104.96543158725181,101.21667193548957,102.51432007137198,22878764
2022-10-18,101.84146881103516,102.75463411873208,98.09270884678459,98.38107104905052,21766333
2022-10-17,97.85240173339844,98.76555969251592,96.07413518110364,96.60281021019806,9943468
2022-10-14,96.89118194580078,99.58259918490847,96.55474837406308,99.00586744320982,7476515
2022-10-13,97.4679183959961,100.35158457733596,97.13149214154824,99.24617774111388,7795689
2022-10-12,99.24616241455078,99.43840386353537,97.08341311253878,98.66943073405582,6659580
2022-10-11,99.05392456054688,101.31279466903273,98.57331358710131,100.92830442356798,11739022
2022-10-10,100.3996353149414,101.50504208548523,99.91902431327382,101.02443108381765,11511957
2022-10-07,102.12982940673828,102.37013488769531,99.967080078125,101.12054345330223,20045623
2022-10-06,100.59188079833984,100.92830702170386,98.42913136216048,98.95779904643489,20520361
2022-10-04,98.09268951416016,98.47717237473881,95.9779971132751,96.36248730739425,14768228
2022-10-03,94.63229370117188,99.0058563063748,94.29586750081961,97.51595941883328,21407465
2022-09-30,97.03536224365234,97.41985252730807,92.51762157793871,95.49740844257168,28502920
2022-09-29,95.16097259521484,96.79504696898881,94.53617686399251,96.02607381278872,74476855
2022-09-28,95.30516815185547,97.03536344949374,94.77649308856634,95.16098337700005,24892912
2022-09-27,95.88188934326172,97.90045396799052,94.63229787705073,97.32372226571678,28782718
2022-09-26,96.79505157470703,100.92830907003966,95.64158811875187,100.92830907003966,41567351
2022-09-23,102.51432800292969,106.6956422458562,101.98565296829472,106.26309527827625,15215768
2022-09-22,105.73442077636719,107.65686479048296,103.42748649271988,104.38870849977776,20701188
2022-09-21,104.24452209472656,106.26309414467758,103.47554890128305,106.11890937917511,16931740
2022-09-20,105.92666625976562,107.75298960911515,105.73442478448345,107.1762578497264,13735873
2022-09-19,106.21503448486328,109.33900608735927,105.73442346909468,107.99329377649873,18503444
2022-09-16,106.69564819335938,109.09870333284945,105.2057510734586,107.03207444617952,27675466
2022-09-15,106.79175567626953,110.20409648419168,104.3887008350684,110.20409648419168,25552945
2022-09-14,107.62480926513672,108.7622561231316,106.7116440879587,107.33643977054558,48838458
2022-09-13,107.5927734375,109.45113677464505,107.35246795999919,109.09868678536623,18851928
2022-09-12,108.4738998413086,108.87440655832184,104.46881067055088,105.68635461037118,39074646
2022-09-09,105.14166259765625,106.63155960443176,104.99747783352608,105.4140083372169,16733637
2022-09-08,105.14166259765625,106.18298885688331,104.80523637038034,106.05482788145282,13824843
2022-09-07,105.4941177368164,105.65431896388448,104.37269448025569,104.58095974221524,14016204
2022-09-06,104.34065246582031,106.95196542369638,104.068299384109,105.55819643797928,28364094
2022-09-05,105.06156921386719,105.3819716632974,103.92412218453491,105.04554542462468,24073551
2022-09-02,103.98819732666016,105.63829552376383,102.69054913934642,102.85075035582292,37018653
2022-09-01,102.46627044677734,102.78668024561756,98.04465042378567,98.31699618606004,33768936
2022-08-30,98.20484161376953,99.91902029521526,97.13148246447247,99.74279529055146,25458348
2022-08-29,98.95780181884766,99.7427988065368,96.33046511175625,96.69893158892833,27834195
2022-08-26,97.83637237548828,98.6534095555925,95.32117301694464,95.32117301694464,31345068
2022-08-25,95.06485748291016,95.89791117354069,94.53618244829106,94.69638367080812,22580238
2022-08-24,94.21576690673828,96.41056385545119,93.39872972156492,96.12219433901757,20796507
2022-08-23,95.62556457519531,95.99403838400934,91.92486136650982,92.05302234337984,30535758
2022-08-22,92.62976837158203,92.99823487456072,90.61119616638557,91.31609625925859,18811092
2022-08-19,91.34814453125,93.62303890932056,90.78742916570701,92.7579375073106,17598678
2022-08-18,92.51761627197266,94.35995596967118,91.87680405832573,93.25454921763536,16134525
2022-08-17,93.3506851196289,94.74445418471367,93.11037960264585,94.60026940781536,12973041
2022-08-16,94.11965942382812,94.63231071020817,92.96619586285863,93.71915266890252,18326535
2022-08-12,93.27057647705078,93.60700271839545,92.02098491372253,92.27731420884449,13774848
2022-08-11,92.10108184814453,93.6390354955937,91.52435014704378,92.43750806265818,23053884
2022-08-10,92.08507537841797,92.37343759346486,89.95436601074252,90.290792261735,28967340
2022-08-08,90.30680084228516,90.86751610073367,88.04793068714251,88.25619593550672,21774303
2022-08-05,87.99986267089844,90.82006166838153,85.16372692553348,90.7881954663239,80363784
2022-08-04,90.54920196533203,91.6167380470614,87.93612944213854,88.66906673079492,39839988
2022-08-03,88.22293853759766,90.53327133454643,87.314740710208,90.18274306243701,15700254
2022-08-02,89.86407470703125,91.4733436840309,88.93994011918697,91.10687865769648,32577612
2022-08-01,90.56513214111328,91.71233738982653,86.96419995911016,88.01579930015059,24181113
2022-07-29,87.69713592529297,88.04767149405309,86.67740271954281,87.31474144341708,14660187
2022-07-28,86.78892517089844,88.23886289348242,86.40652345223955,87.31472844576767,26787639
2022-07-27,87.04386901855469,87.26693245088842,85.33899424975247,85.4823958173918,26434413
2022-07-26,85.05220031738281,86.35873661721453,83.80939642821991,86.27906745702505,16387791
2022-07-25,86.05599975585938,87.44220526468646,85.41866833302483,85.94447168011565,27481563
2022-07-22,85.02032470703125,86.07192395415201,84.57419058799425,85.99225480277559,28925541
2022-07-21,85.62580108642578,86.00820285209203,81.06886798554854,81.26006522152815,56209248
2022-07-20,81.22820281982422,82.37540087684452,80.62273758382503,82.24793604688834,16157313
2022-07-19,81.30786895751953,82.42320076551616,80.31999468102524,80.81393181927238,30352653
2022-07-18,81.08480072021484,83.10833770449882,79.39586985298493,79.58706709669526,114055476
2022-07-15,78.23273468017578,78.61512916577504,75.6515281401371,75.68339434727037,24300105
2022-07-14,75.65152740478516,75.82679518916814,74.45652641463498,74.56806178537092,16879224
2022-07-13,74.39279174804688,74.98232749698916,73.61205876395375,73.89886191038703,12866319
2022-07-12,74.01039123535156,75.46032915440112,73.35712306364736,74.4087297558778,12953874
2022-07-11,74.80705261230469,75.9701872499252,74.50432003855099,75.14165138889003,10090566
2022-07-08,75.20539093017578,77.26079402951508,74.39279174030871,75.87459584054812,21179418
2022-07-07,75.41252136230469,75.79492310825816,73.6439214926899,73.7713863101055,19351467
2022-07-06,73.62798309326172,73.83511706377242,71.42918586730276,73.22965190091337,21103464
2022-07-05,73.03845977783203,74.8548626869173,72.68792421961925,73.86698842400726,14922519
2022-07-04,73.19779968261719,74.13787110386411,72.32146797453423,72.8791302916289,13538427
2022-07-01,73.22965240478516,75.04605519956694,72.41705326582414,74.24938551568209,15324042
2022-06-30,74.59992980957031,76.22512827828415,73.8669924473593,75.04606400967542,19573899
2022-06-29,75.23726654052734,75.74713319164914,74.63180125989045,74.85487202246694,20182623
2022-06-28,75.34879302978516,76.6393926102031,74.82298968894112,76.30479379953283,9497565
2022-06-27,76.4959945678711,76.89433310279554,74.79112693601998,74.88673285237458,14977953
2022-06-24,74.40873718261719,74.53620202092844,72.75166510973953,72.95879911884923,9668958
2022-06-23,72.3055191040039,72.75165325912977,71.71598338228283,72.27365289961682,9004842
2022-06-22,71.9709243774414,73.27746071225118,71.71598743423414,73.0225237690439,11056173
2022-06-21,73.37306213378906,74.05819653355476,72.73573069198433,73.24559730416958,12811437
2022-06-20,72.38519287109375,75.28506141721334,71.28579051546603,74.88673019015692,12914700
2022-06-17,74.79112243652344,76.04986308696067,72.91098712940926,73.29338889069989,20333781
2022-06-16,74.05819702148438,77.72286924684765,73.64392902878434,76.86246705383277,12906030
2022-06-15,76.52787017822266,77.64320206059324,76.11360217496019,77.46793426738931,9599067
2022-06-14,76.91026306152344,77.24486918353291,74.58399342672645,74.58399342672645,11702244
2022-06-13,75.04605865478516,77.43606052277195,74.8389246733125,77.43606052277195,13056528
2022-06-10,78.6151351928711,78.85413541154742,76.95807041377886,77.43607085113152,9887892
2022-06-09,78.2486572265625,78.85412240233185,77.46792428018482,78.13712186459236,6650814
2022-06-08,78.16899871826172,79.81013399224811,77.77066746315313,78.69480210171947,24623397
2022-06-07,78.32832336425781,79.20465488980571,77.16518871718917,78.39205577043879,28241430
2022-06-06,77.56352996826172,78.18493194972643,75.9383315186223,76.76686749390859,13057254
2022-06-03,77.19705963134766,79.01346249317955,77.03772860617181,78.71072989849203,11056728
2022-06-02,78.31239318847656,79.52333088866592,77.80252660253025,79.09312617027851,26049855
2022-06-01,78.4239273071289,78.93379388495899,74.80705830757832,74.99825553912453,34360020
2022-05-31,74.80705261230469,75.18945433999063,73.18185438677229,73.73951658317908,13674072
2022-05-30,73.50050354003906,74.98230724011538,72.97470763856732,74.53617318491526,8326164
2022-05-27,73.58018493652344,74.1378544218428,72.40111356076929,73.29338181979777,11187723
2022-05-26,72.01870727539062,73.1499682205369,70.93523468565533,72.40110164313893,11313504
2022-05-25,72.13025665283203,75.03012522817033,71.8593902487113,73.93073015517238,12376107
2022-05-24,73.81919860839844,74.36093144470037,69.81992745920219,70.10673062840088,36815832
2022-05-23,73.7395248413086,76.5437947667822,73.38898927719761,75.28506137970054,15413691
2022-05-20,74.87080383300781,75.95426958897113,73.14999927283584,73.61207027057253,17729133
2022-05-19,72.4967269897461,73.54832637075451,71.44512031503068,73.13405840078305,11176905
2022-05-18,74.28125,75.60372295750201,73.93072176566682,74.72738413740313,18878982
2022-05-17,74.16973876953125,74.53620383545132,72.06653241765554,72.91099793258716,17055900
2022-05-16,72.28958129882812,72.51264470377271,68.92764242151263,69.72431202658348,15258537
2022-05-13,69.70838165283203,71.92311562609449,69.18258564625037,70.23418495312016,12118287
2022-05-12,69.56497955322266,71.1105159448419,68.879852533825,70.10671959799622,23454804
2022-05-11,69.78805541992188,71.76378934972678,68.7523854995778,71.66819073255046,17541396
2022-05-10,71.0308609008789,73.10219349383375,70.77592395571008,71.700058529673,13234959
2022-05-09,71.8593978881836,72.38520129580888,70.58473489576565,71.70006683755834,23472795
2022-05-06,72.70386505126953,74.64773289294742,72.41706188868288,74.0103941524676,16795458
2022-05-05,74.8548583984375,75.97019012719917,73.930723893907,74.83892164956495,18857412
2022-05-04,73.67578125,76.43224780079277,72.91097782501765,76.1613814406336,16041333
2022-05-02,75.89053344726562,76.28887200379718,74.47246890014338,74.88673691445985,13942155
2022-04-29,76.01799011230469,79.61892972322717,75.4443911132632,78.94973210662994,21932493
2022-04-28,78.59920501708984,79.6667412624164,77.59540119033386,79.6667412624164,9256521
2022-04-27,78.55139923095703,79.33213227092668,77.38826439961045,78.88599806327151,13818495
2022-04-26,79.8260726928711,80.75020735400581,78.71074077510484,78.72667023297024,16455561
2022-04-25,78.32832336425781,79.6667257751773,77.35638593573208,79.6667257751773,15988692
2022-04-22,80.1925277709961,81.7858672195191,79.93759812720482,80.44746470849427,14025423
2022-04-21,80.59086608886719,82.4391278830916,80.2721967411769,81.0847959193949,32102493
2022-04-20,80.71833038330078,81.45126039638284,79.85792825575098,80.52712585845258,31402827
2022-04-19,79.7623291015625,82.69406372150705,79.04532854906388,81.26006261650981,39192846
2022-04-18,81.24412536621094,81.6743300712815,77.83439039895869,78.39205992314346,58066713
2022-04-13,78.74259948730469,79.74639592960852,77.77066195769827,77.77066195769827,35185764
2022-04-12,77.2448501586914,78.51951274244556,75.66744773524736,77.73877990412709,34166946
2022-04-11,77.7387924194336,79.0931243678483,76.81465788589567,77.06959481991264,53098242
2022-04-08,76.35260009765625,77.1811287856526,74.87079592220208,76.06579693669501,86792331
2022-04-07,74.6795883178711,75.81085676049001,70.60064868383253,70.74405024442059,162897504
2022-04-06,70.10672760009766,70.42538967021189,69.2144592163633,69.46938887245469,27765654
2022-04-05,69.66059112548828,71.2857895109357,69.31005556614224,70.55285947998345,29299197
2022-04-04,69.93144989013672,70.21824571253799,68.76831526502158,69.31004800104131,29426580
2022-04-01,68.5452651977539,69.15073781480885,66.9997356773014,67.22279916190492,45845880
2022-03-31,67.17498016357422,67.66891727358012,65.88438064785217,66.98378293669195,21738033
2022-03-30,66.42611694335938,67.52551929055106,66.17118729398568,67.52551929055106,22181898
2022-03-29,66.09152221679688,66.47392400820058,65.48605696840372,65.64538800911046,12104067
2022-03-28,65.34265899658203,65.90032861044087,64.86465855433387,65.64539163751148,13461477
2022-03-25,65.6453857421875,66.34645688450223,65.31078692140422,66.31459067746131,22413369
2022-03-24,66.12338256835938,66.61731969136333,65.08771995493335,65.61351598954938,15609300
2022-03-23,65.61351776123047,67.66987687011111,65.43951758732857,67.66987687011111,33279774
2022-03-22,66.37278747558594,66.64169485049905,64.85425043355498,66.21460155555062,19632078
2022-03-21,66.08805847167969,67.82805290167583,65.4553365157519,66.43605880587008,38413833
2022-03-17,66.24625396728516,67.00551897595923,65.48698171765426,66.49933988985758,36269526
2022-03-16,66.11969757080078,66.40442644797753,65.36043263325634,66.08806183344294,23656146
2022-03-15,65.02825164794922,66.48352464477945,64.30062239049082,65.80334537661454,23328489
2022-03-14,66.37278747558594,68.36586779581131,66.1829658197347,68.3342320599954,28491564
2022-03-11,67.95458984375,69.22004088481216,67.73313971306557,69.04604073308253,29348391
2022-03-10,68.57149505615234,71.65602597563324,68.22349476508448,71.2922114391286,37328694
2022-03-09,70.37476348876953,71.29221422961486,67.448411113889,67.82804715164484,30245265
2022-03-08,67.3851318359375,68.88785432574247,65.86659510191005,68.47658260259777,20461842
2022-03-07,67.78060150146484,69.09350999118557,65.34461343473713,67.32187967321764,38244033
2022-03-04,67.98624420166016,71.10241181760783,67.24279341211717,67.70152252706586,46128378
2022-03-03,68.03368377685547,69.58385643684704,67.27441169308743,68.96694877390492,28625697
2022-03-02,68.33424377441406,69.47314494093816,65.66098381444074,65.66098381444074,51608091
2022-02-28,66.57843017578125,66.91060905623793,62.07026857270139,62.339175975066944,35587689
2022-02-25,63.31988525390625,63.63624981979962,60.709897497912245,61.010440577081184,22461840
2022-02-24,59.42863082885742,62.244258192187225,59.159723472137934,61.91207212716143,24915339
2022-02-23,62.95607376098633,63.44643125888401,62.449894775597414,62.449894775597414,10145349
2022-02-22,62.434085845947266,63.304079568113906,61.168634507467466,61.69063508534155,20409699
2022-02-21,62.68716812133789,63.8577047943693,62.27589632674547,62.63971089851739,10470885
2022-02-18,63.272430419921875,63.77860939986011,62.95607308305753,63.272430419921875,10616886
2022-02-17,63.58880615234375,64.7435287368456,62.78208394039339,63.03516985428061,19166469
2022-02-16,62.95607376098633,63.69952437205615,62.180980174934035,63.19334538666724,13420629
2022-02-15,62.94026184082031,63.08262628606024,60.93135984043447,62.07026816139746,10746255
2022-02-14,61.975364685058594,63.082630093051854,61.010456489939955,62.32335783325499,31961610
2022-02-11,63.383155822753906,64.42714946220005,63.224977162521135,63.54133448298668,11505933
2022-02-10,64.15824127197266,64.77514890016519,63.43061220355696,64.20569848989317,12104241
2022-02-09,64.0949935913086,64.30062954367446,62.6713634169099,63.08263532164163,15305202
2022-02-08,62.639713287353516,64.02124127755388,61.66636483817968,63.48747024283074,26278878
2022-02-07,63.4560661315918,64.6178017071104,62.671105000125586,64.3352208740711,18325029
2022-02-04,64.30382537841797,65.8109521247664,64.16253853414662,65.76385171900066,17933076
2022-02-03,65.29287719726562,66.3918172088021,65.16728569572157,66.25053036282155,11555226
2022-02-02,66.17202758789062,66.6273003433304,65.46556465990602,65.79524592232967,30206025
2022-02-01,65.12018585205078,66.70580372554035,63.84855392164733,66.45462072028192,29395494
2022-01-31,65.84234619140625,68.99787915934334,65.19867901124029,67.41226141044913,53776260
2022-01-28,65.02598571777344,66.250524305405,64.47651216898815,64.91608957071391,24666333
2022-01-27,64.3352279663086,64.77479819949407,62.21583914557166,63.3932773793144,23800311
2022-01-25,64.11544036865234,64.52361994450793,60.97560245273394,61.63497222392879,29718342
2022-01-24,61.948944091796875,65.54406159094749,61.24248117831306,64.97888551095053,20025537
2022-01-21,64.97888946533203,66.45461831383874,64.36662731892922,66.37612003428151,17723898
2022-01-20,66.67440795898438,66.8157019971683,65.13589044356961,65.62256112490913,20278191
2022-01-19,65.35567474365234,66.06213773901688,64.36663086204994,65.6696606926521,30378717
2022-01-18,65.41846466064453,68.60540271444842,65.18297701652916,68.54259978104008,17939775
2022-01-17,67.97742462158203,69.95551921295235,67.75763952765729,69.70433624846694,28842888
2022-01-14,69.10778045654297,69.73574515363416,65.43417152755643,65.65395665625879,27463650
2022-01-13,65.79525756835938,66.65871001544876,65.07309916917903,66.53311850020242,12144687
2022-01-12,66.12492370605469,66.54880575245339,65.5597548307019,66.25052237897587,7794744
2022-01-11,66.07782745361328,66.61159843282073,65.48125354757688,66.2505193327413,10022118
2022-01-10,66.20343017578125,66.40751995972288,65.30857994454622,65.60686335495791,9408897
2022-01-07,65.32427215576172,67.17677546686967,65.15158025559326,66.53310827042823,12974964
2022-01-06,66.53311157226562,66.92559579631273,66.12493200370395,66.25053069238581,8820915
2022-01-05,66.97268676757812,68.1030318086821,66.7529016461626,67.74194547230167,11957511
2022-01-04,67.86753845214844,68.77808392227521,66.31331864284118,66.72149816338751,31336737
2022-01-03,66.32903289794922,66.62731635881848,65.77956639066976,65.85805749941582,8974341
2021-12-31,65.92082977294922,66.87848276245509,65.49695493990453,65.93653230101206,12683187
2021-12-30,65.92082977294922,66.69009554477117,64.36661726077757,65.87373656178409,42195855
2021-12-29,65.84234619140625,66.8470925065147,64.96319136905822,64.96319136905822,24965061
2021-12-28,65.01028442382812,65.65395160239251,64.52361379733614,65.55975798305656,10372101
2021-12-27,64.97888946533203,65.13588602444649,63.26768015117928,64.05264138721311,8676960
2021-12-24,64.0683364868164,65.528362799237,63.55026796595085,65.37137342723423,9183225
2021-12-23,65.59115600585938,65.85804152117656,64.17823015305812,64.17823015305812,8703837
2021-12-22,63.864253997802734,64.11543699340572,62.95370126571627,62.95370126571627,8943987
2021-12-21,62.639713287353516,63.25198259889332,61.352378917425604,61.352378917425604,10884186
2021-12-20,61.30529022216797,63.079295354269725,60.17494513599128,63.079295354269725,16835343
2021-12-17,63.204872131347656,65.35565845773748,62.89088626058975,65.23006698403887,12549333
2021-12-16,65.05738830566406,66.18772617116468,64.53931259184375,65.62255723841437,23209956
2021-12-15,65.30857849121094,66.046439328576,64.80620530803714,65.77955379959344,14031681
2021-12-14,65.87374114990234,66.84708954875326,65.51266203093641,65.74814966269892,19438713
2021-12-13,65.60688018798828,66.37613911463521,64.74342042418877,64.93181491197906,27024840
2021-12-10,64.5393295288086,66.20344607549319,64.39804264842796,65.18299691070949,18276354
2021-12-09,65.2300796508789,65.73245282973909,64.11543713907614,64.71200394150145,12294123
2021-12-08,65.60688018798828,66.86280990285412,65.40279035168248,66.2662429289671,9462426
2021-12-07,66.0621337890625,67.41226394656793,65.37137336638051,65.74815504534924,23275224
2021-12-06,65.261474609375,66.31332132513553,64.88469294543708,64.88469294543708,14751723
2021-12-03,64.88468170166016,65.87373249979187,64.55500049778668,64.63349876023703,12481431
2021-12-02,64.64920806884766,64.93179612551556,63.50316768471443,64.08403914202466,13228377
2021-12-01,64.63351440429688,64.77480124978918,63.267681676929584,64.0526429318934,14136084
2021-11-30,63.97414779663086,64.46082566713615,61.917554525503995,61.93325705717148,32274063
2021-11-29,61.93324661254883,63.20487837565615,59.280086942735046,61.61926071077077,14850591
2021-11-26,62.23153305053711,66.04643571427518,61.72915989485498,65.46556428265406,22881369
2021-11-25,66.45462799072266,66.75291143535715,64.57072649912472,65.4184764211327,9875469
2021-11-24,65.41846466064453,66.86278839878462,64.99458977584189,66.59590288122138,11478315
2021-11-23,66.25053405761719,66.45462385226487,63.64446713615957,63.89565733976958,17089326
2021-11-22,63.738651275634766,66.06212977033375,63.032188365486675,65.90514040802718,17243226
2021-11-18,65.57547760009766,68.29143385780898,65.43418354102,67.67916439281541,28766142
2021-11-17,67.64774322509766,68.38560396127072,66.89417996042597,68.3542060907854,18084606
2021-11-16,68.3856201171875,70.33231729322738,68.040236273741,69.84564659247421,8030718
2021-11-15,69.90843200683594,70.96027872727213,69.31186522841467,70.5677945317739,8602539
2021-11-12,70.20671844482422,71.58824648772325,69.73574313898393,70.80328524915183,23132022
2021-11-11,70.11251831054688,70.64628931606664,68.91937762616985,68.99787589869175,23431827
2021-11-10,68.98218536376953,69.51596364861147,68.74669769177086,69.35896707627008,15949584
2021-11-09,69.32756042480469,70.39510248635045,66.70579848747167,66.70579848747167,51756600
2021-11-08,66.70580291748047,66.97268845059108,63.28338420670136,63.28338420670136,35893830
2021-11-04,63.377567291259766,63.51886129976184,63.20487541270298,63.487463429707134,1434759
2021-11-03,62.906612396240234,64.7591160745651,62.62402428785467,63.40898566608138,25307715
2021-11-02,62.985103607177734,63.92705428051932,61.93325677220941,63.42468106717136,19613109
2021-11-01,62.96940612792969,65.55977068745682,61.63497829579912,65.21438682978284,23954010
2021-10-29,64.9474868774414,68.71528903854635,57.60027697519416,62.105939913747996,95295024
2021-10-28,62.89090347290039,65.26148271356666,62.76531196482926,65.010292510911,11429706
2021-10-27,65.01028442382812,65.85804137087665,64.6963056927083,64.82189718515623,9492999
2021-10-26,64.743408203125,65.0730966978968,63.142094885005676,63.20489064024406,9505146
2021-10-25,63.204872131347656,63.58165373895486,60.834300725985315,63.58165373895486,13207770
2021-10-22,63.25196838378906,64.9631772536261,62.79668854168858,64.39800847249356,10288875
2021-10-21,64.17823028564453,64.99458936313067,63.75435540353348,64.63351022751662,15707487
2021-10-20,64.30382537841797,65.99933937480348,63.69156322254097,64.94749259581408,16082943
2021-10-19,64.9474868774414,68.82518518464852,64.60211028278248,68.82518518464852,15424062
2021-10-18,68.18152618408203,69.54735894285666,64.36663035129318,64.44512144803537,40084623
2021-10-14,66.1092300415039,66.7685925483995,65.63825476900354,65.71674585674536,15404877
2021-10-13,65.5126724243164,67.17678145330402,65.02599455442493,66.28193118524615,16863453
2021-10-12,66.0150375366211,66.47031028733677,64.22533003366169,65.52835972646471,18331041
2021-10-11,65.4969711303711,66.25053456040665,62.84381096632918,62.84381096632918,21749220
2021-10-08,62.84381103515625,63.94275111752432,62.60832336132641,63.738661321104225,9881742
2021-10-07,63.77005386352539,63.98984617351932,62.95370193265434,63.11069130656937,7587423
2021-10-06,62.57692337036133,65.46557111357384,62.16874379130754,64.64921195546628,15618651
2021-10-05,64.63351440429688,65.1986833458051,64.22533483917621,64.93179781268974,18733530
2021-10-04,64.6178207397461,64.71201437850314,63.346188650241075,63.42468694246227,16627587
2021-10-01,63.346168518066406,64.13112963126629,62.52980953525946,62.796695020175314,22069932
2021-09-30,63.72296142578125,65.16728524304403,63.330477206412915,64.68060739817197,34237251
2021-09-29,64.4136962890625,66.69008086066697,63.95842368664768,66.21910573364676,27378225
2021-09-28,66.04644775390625,66.70581039514934,64.0997505224598,64.36663608548808,29934006
2021-09-27,64.05264282226562,65.84235045607271,63.66016578871196,64.71200538847788,10315860
2021-09-24,64.52362060546875,66.09353598625312,63.92705376688255,65.30858188911756,17282355
2021-09-23,65.13587951660156,66.15632111632728,64.85329148763968,64.99458550212061,19379646
2021-09-22,64.66490173339844,64.94748256481004,63.98983674525853,64.1782239661996,9672642
2021-09-21,64.19392395019531,65.07307865276516,63.299066719913505,63.299066719913505,20777913
2021-09-20,63.299068450927734,64.66490093875773,63.12637657393131,63.58165646537855,12243591
2021-09-17,64.46083068847656,65.10449799323011,63.01650668263222,64.63352261770449,16039149
2021-09-16,64.5393295288086,65.62257445965363,64.28814646456323,65.27719774631626,12378501
2021-09-15,65.24577331542969,65.55975923907748,63.64446019650247,64.00553933746423,35238519
2021-09-14,63.550270080566406,64.0526432742044,61.13259773871239,61.368085397808734,29010315
2021-09-13,61.32098388671875,61.99192642577646,61.055728198498315,61.63305234335334,10518984
2021-09-09,61.49263000488281,62.17917213684644,61.00892418481905,61.39901159724595,11581218
2021-09-08,61.50822067260742,62.22597598004993,60.618835213779825,61.16495322721161,19285563
2021-09-07,60.634429931640625,61.789078130345096,60.337968135385445,60.99331112840354,15882570
2021-09-06,60.993316650390625,63.31820560881481,60.77486658539901,62.80330086335376,36365391
2021-09-03,61.976318359375,62.272780172158896,59.46418912641308,59.91668516391559,52170660
2021-09-02,59.3393669128418,60.05712227488852,59.21454237774712,59.526607286796896,25664589
2021-09-01,59.245750427246094,60.025918082067065,58.21593369416332,58.41877714156424,26940252
2021-08-31,58.24713134765625,58.48118089576025,57.31093315524027,57.38894848083737,21603702
2021-08-30,57.43575668334961,58.278336470484064,57.326535229401685,57.70101235710718,13619223
2021-08-27,57.825843811035156,58.04429030295099,56.577580693882425,56.639992956911854,28167945
2021-08-26,56.57758331298828,56.85844208093514,55.984656072822254,56.28111790724877,21301485
2021-08-25,56.15629577636719,56.34353615344153,55.32931893233599,55.32931893233599,16571559
2021-08-24,55.438541412353516,55.688194046480696,54.424324238105946,54.611564606529576,14925912
2021-08-23,54.65837097167969,55.20448898220755,52.785974527156256,53.80019164881498,26688300
2021-08-20,53.378902435302734,54.58035636013647,53.14485287666466,53.64415812558417,15542163
2021-08-18,54.33070755004883,56.74921863533333,54.0654518411447,54.9548409406729,34210602
2021-08-17,54.93923568725586,55.07966328392113,53.768987858480536,54.33070538776751,18039039
2021-08-16,54.408721923828125,54.783202665852215,53.81579824882186,54.34630965726179,12560913
2021-08-13,54.455528259277344,54.7988028499613,53.84700154963927,54.36190986435236,27821241
2021-08-12,54.252689361572266,54.377513890342996,53.051231844276565,53.644159069876245,17966661
2021-08-11,53.75338363647461,53.893814810763615,51.58452518202894,52.81718533138289,27235548
2021-08-10,52.81718063354492,54.36190912807524,52.33348202833755,53.4101078406444,32690748
2021-08-09,53.41011428833008,53.95622879321537,50.66393155378405,51.49090841617177,110821485
2021-08-06,54.736392974853516,56.109484254872285,54.61156487152772,55.204492112527504,23813595
2021-08-05,55.11086654663086,55.89103410606271,54.330702558511774,54.9236261895147,33065568
2021-08-04,54.751991271972656,57.669807309360216,54.549147853808314,56.952055598870146,38353227
2021-08-03,56.87404251098633,57.70101571001243,56.65559601908432,57.357744692059455,17656980
2021-08-02,57.357749938964844,58.35636052397358,57.24852846867902,57.73222712268654,21084204
2021-07-30,57.62300109863281,58.808851967444845,56.95205854881723,58.808851967444845,28756776
2021-07-29,58.9180793762207,59.82307152310141,58.65282367305101,59.58902195309133,27425199
2021-07-28,59.27695083618164,59.791859152985545,56.95205830630911,57.10809253646384,48274629
2021-07-27,57.12369918823242,57.81024484417248,56.73361537401489,57.60740140363189,14436747
2021-07-26,57.60740280151367,57.73222733945186,56.234311456314586,56.998872465125494,13753260
2021-07-23,56.998870849609375,57.794641541663516,56.67120287549554,57.48257663434971,12770211
2021-07-22,57.576194763183594,57.65421009681526,56.79602714161468,56.8272368463804,14278368
2021-07-20,56.54637145996094,58.278336663193436,56.249906084211005,58.247130533390845,21901098
2021-07-19,58.04428482055664,58.59039921310825,55.43853380075504,56.01585432187388,45407127
2021-07-16,56.06266784667969,56.5463735907852,55.766206031070894,56.327923531309956,21219636
2021-07-15,56.15629577636719,57.54499018030827,56.000261533586375,57.466971273261294,14669931
2021-07-14,57.46696090698242,57.622995121616725,56.421541311476346,56.51515969746942,18423249
2021-07-13,56.68680191040039,57.66980933413776,56.21870279706709,57.420156711780855,15530661
2021-07-12,57.373348236083984,57.71662282821135,56.483959195305566,56.483959195305566,18021216
2021-07-09,56.43715286254883,57.01447704359216,56.234309424415386,56.37474059583486,18512454
2021-07-08,56.37474060058594,58.481186744177265,55.89103839088584,57.35774808666595,44887437
2021-07-07,57.07688903808594,57.232919704126694,55.828622281881756,56.20310302300562,17834940
2021-07-06,56.49956130981445,56.858438961785225,55.67258811781978,55.70379424906718,41588856
2021-07-05,55.9222412109375,56.79602360717554,55.73500085056048,56.577580686600655,22985568
2021-07-02,56.37474060058594,57.872656429725666,56.24991249583444,57.872656429725666,40351092
2021-07-01,57.62300109863281,58.01308489002424,55.26690242695938,55.485348921581036,87835578
2021-06-30,55.54775619506836,55.828614928260656,54.54914577869018,54.876813705529095,43091670
2021-06-29,54.502342224121094,54.876819383351865,53.84700273132609,54.1278614935774,49605246
2021-06-28,54.22148513793945,55.26690852861414,53.9874355515273,54.97044667150895,38881053
2021-06-25,54.6115608215332,54.8924195690465,53.31648854137802,53.41010693344488,71399592
2021-06-24,53.41011428833008,54.14346917444591,52.052625988550176,52.72356860469357,169690515
2021-06-23,52.5831298828125,53.051228983082716,47.5900740037011,48.40144768220292,363893778
2021-06-22,47.24681091308594,47.434047727515775,46.497849370113315,46.809917870123016,28261329
2021-06-21,46.560264587402344,46.809917241268224,44.31338713129616,44.31338713129616,23199468
2021-06-18,45.624053955078125,45.87370654170741,43.84527615044618,45.73327539927931,34091544
2021-06-17,45.60844802856445,46.731882812216824,45.140349011605274,46.248184304091886,22419540
2021-06-16,46.71629333496094,47.27801084719455,46.263793712171584,46.80991172989559,19709055
2021-06-15,47.028350830078125,47.714896332282265,46.8255074349596,47.434034049002896,22951029
2021-06-14,47.35602569580078,47.85533093967834,46.04535032345041,47.746109480029475,26533281
2021-06-11,48.07378387451172,48.37024573318316,46.85672673300129,47.434047382588474,25835898
2021-06-10,47.44964599609375,47.73050473950546,46.84111574260781,47.10637142090291,17381064
2021-06-09,47.028350830078125,48.52626634144409,46.669473229950206,47.87092696597937,31016931
2021-06-08,47.730506896972656,47.99576258725758,46.26379371052537,47.93335032397003,31918326
2021-06-07,47.8397331237793,48.136194975243136,47.55887433969181,47.7461147195212,16889640
2021-06-04,47.683692932128906,47.808517446224144,47.07516271197715,47.30921224721821,23574183
2021-06-03,47.184391021728516,47.418440573282105,46.5602576938147,47.199990515765165,26792298
2021-06-02,46.919132232666016,47.121975655528985,45.561644105953434,45.63966300478551,24742749
2021-06-01,45.85810852050781,47.74610797693301,45.561643139596896,47.74610797693301,74882883
2021-05-31,45.37440872192383,45.624061349012365,44.843897335774805,45.42121791988176,29061186
2021-05-28,45.20276641845703,46.6850789508328,45.06233526882341,46.341807965846435,44625315
2021-05-27,46.3574104309082,47.10636821954433,44.37579272526808,47.059559027375656,360249207
2021-05-26,46.731895446777344,48.120593381941234,46.497845875019486,46.809914351572,45070683
2021-05-25,46.560264587402344,49.2596345769484,46.43543647481277,49.2596345769484,53594838
2021-05-24,48.94755554199219,49.93056280641783,48.74471214958,49.41565457946271,74623869
2021-05-21,49.18161392211914,49.618506911984625,48.76032399822651,49.46247268094327,58163772
2021-05-20,48.93195724487305,49.52488441670003,47.746106472531665,48.666701573978436,67499931
2021-05-19,48.41706085205078,49.27524033410558,47.76172126064121,48.15180511604741,83953914
2021-05-18,48.245418548583984,48.37024308379249,46.59146845787966,46.96594563481826,97548693
2021-05-17,46.23259353637695,46.529058967820795,44.90631491404912,45.09355172803895,51486270
2021-05-14,44.734676361083984,46.40422957224294,44.48502371134588,46.123370787701724,47657991
2021-05-12,45.82691192626953,48.557488184175384,45.49924034682769,47.57448058847674,136024881
2021-05-11,46.3574104309082,46.731887539570046,44.14174319311226,44.547426429886556,70482693
2021-05-10,45.171566009521484,45.53044010420605,43.267963358525,43.37718482215984,67119504
2021-05-07,43.033912658691406,44.75027489830339,42.84667229751433,44.5474314713043,32525013
2021-05-06,44.43820571899414,44.65665219071909,42.877874288289114,43.595625960724675,61565505
2021-05-05,43.018306732177734,43.22114657437525,41.348750229743466,41.69202479762602,51816273
2021-05-04,41.4423713684082,42.83106553457482,40.7402227530873,41.00547842047797,52932507
2021-05-03,40.64661407470703,41.457987977753284,40.209724555351784,40.88066368961442,19524450
2021-04-30,41.11470031738281,42.58141339313331,39.88204035392169,39.991265377744234,53187741
2021-04-29,40.52177810668945,40.95867107432394,40.303331622872214,40.56858730222614,16660074
2021-04-28,40.19410705566406,40.740221437282486,40.0068667166967,40.69341224536875,19394331
2021-04-27,40.318931579589844,40.59979030246935,40.05367592068628,40.272122387661994,19097265
2021-04-26,40.36574172973633,40.474966751473225,39.85083346368205,39.9444518497601,16704927
2021-04-23,39.6011848449707,40.25652432735298,39.11748265896988,39.273516889435996,27613263
2021-04-22,39.3359375,39.53878097125454,38.24370479759619,38.41534213039828,23128215
2021-04-20,38.78982162475586,39.83524151286983,38.58697816035012,38.96145538044928,26634339
2021-04-19,38.50895309448242,39.46075798968114,38.1188728679916,38.72739959269498,30034584
2021-04-16,39.9444465637207,40.41254557479018,39.195488860271944,40.02246544644031,21451458
2021-04-15,40.10049057006836,40.474971299080735,38.82102129334973,39.00825808654301,42679908
2021-04-13,39.19549560546875,39.382735956381346,37.96283561653916,38.10326677255178,19430589
2021-04-12,38.04085922241211,40.100496388183764,37.60396616561387,39.91325599651117,35499102
2021-04-09,40.537384033203125,41.05229236307694,40.25652526884586,40.88065506268135,15591087
2021-04-08,40.584190368652344,41.707628918130865,40.412553080366514,41.301942080841705,25322349
2021-04-07,40.97427749633789,41.95728496839243,40.8806555262818,41.177120931594274,38346498
2021-04-06,40.865055084228516,42.1133182284439,40.19411252817746,41.286341440123586,61173012
2021-04-05,41.005489349365234,41.19272974428377,39.008264422423366,39.585588675812716,61276776
2021-04-01,39.35153579711914,39.632394580445435,38.789818230466544,39.320329662451016,30019032
2021-03-31,39.03946304321289,39.63238662552334,38.852222701473416,39.257909513356864,24134520
2021-03-30,39.25791931152344,39.61679344905707,38.35292707667104,38.69619814610814,42697440
2021-03-26,38.19688034057617,38.77420081409005,37.43231953978594,37.44792260278295,36092943
2021-03-25,37.2138786315918,38.493347844555935,36.152852333135066,38.274901358735804,60718449
2021-03-24,38.212486267089844,39.53876814909629,37.947230604951045,39.47635232111881,32029023
2021-03-23,39.507564544677734,40.49057193520041,39.36713338689763,39.91324781022962,38253711
2021-03-22,39.49195861816406,40.72656337135842,39.30676702212593,39.72344723015274,38945382
2021-03-19,39.49195861816406,40.14012390594366,38.5814329766236,39.63084966601573,56393928
2021-03-18,40.06296920776367,41.822280846715316,39.522830196226074,41.46733346355065,45353232
2021-03-17,41.312992095947266,42.73279172967873,41.004341844563186,42.4395702820168,35855832
2021-03-16,42.54761505126953,42.76367136249644,41.82228087857001,42.43958512953782,29273370
2021-03-15,42.31612014770508,43.627886630410956,41.174109394843725,43.627886630410956,30156603
2021-03-12,43.22664260864258,44.291488141926166,42.97971811707731,43.90567259762097,39599325
2021-03-10,43.13404846191406,44.02913833505455,42.917992163837525,43.64332276015294,24247668
2021-03-09,43.21120834350586,45.495229951382406,42.979719714764805,45.07855324543744,37113744
2021-03-08,44.769901275634766,46.51378400081413,44.5075479562842,45.68042348927066,34685358
2021-03-05,45.37177276611328,47.223681858607705,44.677306856427876,46.54464828921066,29141961
2021-03-04,47.161949157714844,47.825550339831075,46.31315637301613,46.76070127415879,30333900
2021-03-03,47.19281768798828,47.5323327102374,46.51378411125372,47.17738534753315,39659358
2021-03-02,46.760704040527344,47.39344058168527,45.21744530402196,45.66499023164143,106691166
2021-03-01,45.04768371582031,45.371766348270796,42.578470764352836,42.809959368170546,62059455
2021-02-26,42.31612014770508,43.93654047641846,41.97660162354403,43.01058600286795,38633409
2021-02-25,43.735923767089844,44.13716818166015,42.30069480224588,42.3161271438741,59326020
2021-02-24,42.08462905883789,42.88712124042977,41.729678216436625,41.86857279221012,22656720
2021-02-23,41.42102813720703,41.85314067272035,40.201852221924526,40.51050605142593,32119296
2021-02-22,40.21729278564453,42.146363550083706,39.893206580071784,41.822277344510965,28665003
2021-02-19,41.791412353515625,44.04456930676608,41.0506494398026,43.33467107292824,51636933
2021-02-18,43.68962860107422,44.414959285171065,42.54761761081371,43.01059494383185,43649379
2021-02-17,42.93342971801758,43.13405370004039,40.77287000711377,40.77287000711377,46231716
2021-02-16,41.09695053100586,42.73280698434117,40.91176243340855,42.00747280647217,48715293
2021-02-15,42.007469177246094,42.57847635888207,41.606224801547455,42.3932847450478,23422254
2021-02-12,42.05376052856445,42.28524913159228,41.40559526587515,41.93030182414202,24806265
2021-02-11,41.791412353515625,43.365535752803424,41.54449138227795,42.99515606206501,35392794
2021-02-10,43.1649169921875,43.93654821080463,42.70193967391187,42.871698965876035,33662136
2021-02-09,42.57847213745117,43.828509225484495,42.40871288058081,43.658753500850025,48306774
2021-02-08,43.44270324707031,44.13716923360149,43.05689116493299,43.58159785727121,31927191
2021-02-05,42.8408317565918,43.75753999175858,42.38247763900841,43.390855298906104,29863140
2021-02-04,43.07000732421875,43.32974084892829,41.878287359154406,42.70332264406159,55032168
2021-02-03,42.504695892333984,43.14639224090665,40.99212967458816,41.00740790929486,63440358
2021-02-02,40.79351806640625,41.80189576589115,40.15182157720471,41.17547751474456,32215686
2021-02-01,40.854637145996094,41.19076542754653,38.37952374326716,39.724029875538804,47400000
2021-01-29,39.73929977416992,41.63382915515879,38.8073133208148,39.96847682822388,77617473
2021-01-28,40.090702056884766,41.16019603033773,39.678182703055484,40.029585617713195,49918659
2021-01-27,40.54906463623047,41.06853174805673,39.96848107239282,40.02959402743951,55897923
2021-01-25,39.937923431396484,41.17547821986296,39.387899858070185,40.86990995656664,22702206
2021-01-22,40.44211196899414,41.40465496316276,39.999036067398336,40.79351844141753,30823161
2021-01-21,40.91574478149414,42.107468355178696,40.42683416012004,41.71022716395051,31082454
2021-01-20,41.4046516418457,42.45886747758629,41.221312798207585,41.96995690062275,39771243
2021-01-19,41.8782844543457,42.22968737623799,40.976854550369275,41.11435867316729,64391526
2021-01-18,40.80879211425781,41.328259148716896,39.204552804457805,40.900461533175005,53634528
2021-01-15,40.778228759765625,42.62692303833303,40.45737885377206,42.382467798842676,44817729
2021-01-14,42.51998519897461,43.0852905212157,41.114366258161446,41.175479212901664,94302666
2021-01-13,40.96157455444336,42.07690320959001,40.4726640337968,41.11435690654298,38455479
2021-01-12,41.08380126953125,41.54215532905585,40.76295482664961,41.2365871216941,32608233
2021-01-11,41.129634857177734,41.41992831808625,39.586512129865106,40.57961139949694,42426342
2021-01-08,40.365718841552734,40.8699076717427,40.19765473250128,40.65600885030387,19906347
2021-01-07,40.258766174316406,41.251869056998096,40.12126204230498,41.068526717351915,46011027
2021-01-06,40.686561584472656,41.37409269796436,39.61707107257272,40.33515865817996,74098809
2021-01-05,40.182373046875,40.717118306101874,39.418450748413164,39.72401896840508,64361523
2021-01-04,40.12126922607422,40.274055119296605,38.776763157218916,39.41845971239507,105614565
2021-01-01,38.62397384643555,39.112884465129085,36.85167372791261,36.9738996341037,201696168
2020-12-31,36.65304946899414,36.89750475390146,35.262708943282426,35.35437836376108,112170381
2020-12-30,34.95713806152344,35.23215332355218,34.65156982222567,35.14048040388783,18996630
2020-12-29,35.0640869140625,35.507162755257845,34.819631639295835,35.20159453604054,20782080
2020-12-28,35.01825714111328,35.61411542741406,34.80435830842555,35.507167759552495,28341882
2020-12-24,35.10991287231445,36.10301195999379,34.92657058769096,35.49187567386645,28256172
2020-12-23,35.27798080444336,35.43076664125992,34.376551011456485,34.59044978421423,39047973
2020-12-22,34.3001594543457,34.865464653945125,32.49730320188194,34.20849004212284,73882653
2020-12-21,34.20848846435547,37.64614371861978,33.3528933352149,36.88222149443786,86979072
2020-12-18,37.05029296875,37.49337239521763,36.225257563339916,37.11140942234558,97760322
2020-12-17,36.75999450683594,36.92805859603541,35.38493231585259,36.05718517568649,56242236
2020-12-16,36.087745666503906,36.882227997054486,35.8585686091473,36.36275743593896,38725125
2020-12-15,36.133575439453125,36.45442537407375,35.8127290017964,35.873841942880745,32266752
2020-12-14,36.225250244140625,36.43914904609561,35.20159443954214,35.33909856417915,75008775
2020-12-11,35.033531188964844,35.56827645824017,34.63629004763589,34.95713650980825,41079909
2020-12-10,34.95713806152344,35.690507430981,34.361279820044565,35.690507430981,38748615
2020-12-09,35.73634338378906,37.43225224140476,35.0793686740563,35.369658686321884,147504747
2020-12-08,34.57517623901367,35.461327918187436,33.94875806977634,35.308542060651384,36642735
2020-12-07,35.12520980834961,35.6752334581375,34.94186742609862,35.400221633243554,26587011
2020-12-04,35.369659423828125,36.05719062319172,34.95714000481706,35.41549413772613,46007778
2020-12-03,35.14047622680664,35.69050318851916,34.78907331792944,34.86546449443233,48553872
2020-12-02,34.69740676879883,35.140482667654126,34.086270250833586,34.22377439374172,48411381
2020-12-01,34.16265869140625,34.46822692579208,33.70430459134538,33.94875987824689,32351613
2020-11-27,33.948760986328125,34.773799792152516,33.32234276327495,33.444572159197385,42740469
2020-11-26,33.27650833129883,33.39873772825023,32.65009010297225,32.818154212418776,28747059
2020-11-25,32.650089263916016,33.73486158324569,32.35979926194249,33.001495711276846,37300935
2020-11-24,32.90982437133789,33.276505537477554,32.390353849113524,32.390353849113524,32900253
2020-11-23,32.390350341796875,33.3223366378898,31.93199631103105,33.16955429227701,32719695
2020-11-20,33.108436584472656,33.58206883159466,31.931995083654655,32.130615622280594,111976335
2020-11-19,31.504207611083984,33.077890692297004,29.242995038811593,29.48744860903531,127231584
2020-11-18,29.50272560119629,30.037470869204718,29.24299033691114,29.38049621301382,31608804
2020-11-17,29.380496978759766,29.869407550303837,29.258269335873745,29.80829460310189,13608048
2020-11-14,29.51800537109375,29.701347714410225,29.456888925345368,29.701347714410225,2843181
2020-11-13,29.54856300354004,29.716623619282725,28.341562984447062,28.69296769917393,23221539
2020-11-12,28.799915313720703,29.487444713962535,28.72352238103511,29.36521881923699,32573475
2020-11-11,29.242990493774414,29.762459276649132,28.876307572706306,29.31938342467772,24266727
2020-11-10,29.15131950378418,29.411053022561074,28.127661916771714,28.417953657185144,31640469
2020-11-09,28.4332275390625,28.998530948250824,28.035986454966032,28.876303325870794,24865398
2020-11-06,28.249889373779297,28.57073758525633,27.959599383739658,28.142941718435704,20163741
2020-11-05,28.387399673461914,28.555463797865553,27.21095779656589,27.317907217054834,21741264
2020-11-04,27.165115356445312,27.608191151284505,26.85954542071577,27.577632933774247,10174500
2020-11-03,27.317901611328125,27.623471571232873,27.149839269893814,27.149839269893814,10505982
2020-11-02,27.08872413635254,27.379015855795934,26.660926549165204,26.844268871811767,14246079
2020-10-30,26.584535598754883,27.455409016037922,26.416471510147073,26.553977379064925,27632397
2020-10-29,26.477588653564453,27.165119810319126,26.3859174829674,26.783156890911762,16816755
2020-10-28,26.96649742126465,27.516522659429786,26.798435076857483,27.409573258995398,13325832
2020-10-27,27.40957260131836,27.638749632681357,27.104002643340362,27.470685543824764,12329295
2020-10-26,27.4859676361084,28.341561136196063,27.210954128290055,28.295726425800733,18531900
2020-10-23,28.295730590820312,28.79991947331203,28.1582229424295,28.677691812450938,17663049
2020-10-22,28.448514938354492,29.074931486300056,28.005439008803595,28.219337853999367,28783392
2020-10-21,28.2346134185791,28.356841068758087,27.241512230952893,27.50124751750519,28952280
2020-10-20,27.4859676361084,27.837372327918953,27.210954128290055,27.24151060188694,14685903
2020-10-19,27.516523361206055,28.09710508616463,27.027612803026642,27.929040988989158,22512567
2020-10-16,27.806812286376953,27.913763433932246,26.798434735803173,26.798434735803173,21800793
2020-10-15,27.012332916259766,28.249889301067537,26.844270566956034,28.03599049396673,15857307
2020-10-14,27.97488021850586,28.647133176853657,27.8526525668501,28.09710787016162,22321728
2020-10-13,27.9596004486084,28.708244555418904,27.806814581048666,28.586016910460412,19966965
2020-10-12,28.586015701293945,29.02909155120753,28.295725712477374,28.433231588679018,21410115
2020-10-09,28.356840133666992,28.738803057802716,28.051271892537017,28.479067779815416,12672492
2020-10-08,28.586015701293945,29.120762718169317,28.295725712477374,29.02909155120753,13561056
2020-10-07,28.769357681274414,29.472168787013548,28.692964751665755,29.28882645534559,13131330
2020-10-06,29.258268356323242,29.640229508993936,28.922141912519486,29.518003618682098,19176597
2020-10-05,29.395774841308594,29.54856070433252,28.906864275989076,29.45688778773248,11784675
2020-10-01,29.36522102355957,29.823575157115577,29.029094542386346,29.411055737522265,12637821
2020-09-30,29.258268356323242,29.472168909815156,28.692964871220656,29.334661286250206,14189412
2020-09-29,29.33466339111328,30.343041046397047,28.967980448420803,30.159702197774095,27336762
2020-09-28,29.777740478515625,30.037474021577207,28.677689857281933,28.72352457129906,21869313
2020-09-25,28.509626388549805,28.845751108645292,27.91376638695188,28.081828746999623,19431048
2020-09-24,27.63875389099121,28.402678029393194,27.39429858633832,28.173500962720823,30841869
2020-09-23,28.67768669128418,29.181875483739525,28.21933260778584,28.433231413216006,48748803
2020-09-22,28.173498153686523,29.518003943705946,27.806813484785167,29.44160926445573,48561300
2020-09-21,29.42633056640625,31.718100968679764,29.05964940022096,31.687544496244666,40827702
2020-09-18,31.7486629486084,31.962561789723587,31.22919583317067,31.779219426344177,27984618
2020-09-17,31.64171028137207,32.054229659611636,31.29030384895639,31.320860321868334,21721305
2020-09-16,31.611156463623047,32.237571204861595,31.25975000169116,32.084788827469005,14635695
2020-09-15,32.02367401123047,32.695923426530314,31.763940487827288,32.40563342942844,26941557
2020-09-14,32.283409118652344,33.06749775857427,31.484238598918022,31.96675521598245,53551527
2020-09-11,30.83584976196289,30.986637469401742,30.54935622393643,30.760457633858664,14088816
2020-09-10,30.63982582092285,30.9715580766838,29.85573735943112,30.65490424607287,23708142
2020-09-09,30.473966598510742,31.19774144144262,30.066842170851974,30.549358732806557,34565667
2020-09-08,30.956478118896484,32.14769090292299,30.639824303962904,31.996903207657944,30300756
2020-09-07,31.846128463745117,32.61513869141953,31.574713292285388,32.23817106641754,19157754
2020-09-04,32.087379455566406,32.720680227386104,31.77072561842619,31.815960894808974,29954895
2020-09-03,32.705604553222656,33.27859161093615,32.50958157519532,33.02225493235587,26656869
2020-09-02,32.87147521972656,33.08257667420401,32.04214783062007,32.55482476362595,17392587
2020-09-01,32.55481719970703,32.78099703043625,31.48423174726066,32.268320216547785,34287075
2020-08-31,31.99690818786621,34.10792244522844,31.66517934812681,33.92697787299301,42730581
2020-08-28,33.79126739501953,34.60551621588552,33.41430328825944,34.36425794511607,48606249
2020-08-27,33.263519287109375,33.97221575228886,33.112731556838725,33.730957454594375,27418104
2020-08-26,33.71588134765625,34.138084260493336,33.35399215058699,33.957139661958706,36546204
2020-08-25,33.89681625366211,34.96740165857128,33.56508400933299,34.726139962024554,43986726
2020-08-24,34.560279846191406,34.680907252152785,33.35398507919502,33.474615936386826,53662929
2020-08-21,33.80635452270508,34.22855746803066,33.414311888815405,33.92698541475443,29551281
2020-08-20,33.746036529541016,34.07776540101987,33.06749690715924,33.474621370834505,34004268
2020-08-19,33.866661071777344,34.7110632463431,33.715873366819366,33.97221004938668,50101056
2020-08-18,33.68572235107422,34.138082093075006,33.08257487799619,33.474620908058455,44837076
2020-08-17,33.414310455322266,34.66583735627411,33.1428918226631,34.650758926818746,45730728
2020-08-14,34.12300491333008,35.72134249678561,33.037340802567755,34.68091367163191,102780930
2020-08-13,34.515052795410156,34.801546404082885,33.06749942024498,33.47462391486116,89867817
2020-08-12,33.36906433105469,33.534930469588346,31.770727003883508,31.951671568535634,86740731
2020-08-11,31.921520233154297,33.27859952573751,31.740575637230314,32.99210592874268,64308066
2020-08-10,32.66036605834961,34.34917729565872,31.484231633069516,31.800885465680132,197460327
2020-08-07,29.91605567932129,30.383493833608757,29.659718960960177,29.946212534277795,23311572
2020-08-06,29.870820999145508,30.564439030822392,29.735111697874224,30.27794545172846,20002308
2020-08-05,30.277952194213867,30.83586104885813,29.81051392640975,30.443818387985807,34169139
2020-08-04,30.277952194213867,30.45889336789417,29.222444758253772,29.53909871465763,51828114
2020-08-03,29.192277908325195,29.916052709113988,28.664524370907174,28.951019641395597,31139499
2020-07-31,28.90578842163086,29.177203578627715,28.272484087817553,28.89070826791727,44032875
2020-07-30,28.845468521118164,29.659715591757063,28.63436710917193,29.49384945710707,36716154
2020-07-29,29.343069076538086,30.217631691409384,29.10180732995279,29.1168892089414,52234014
2020-07-28,29.11688804626465,29.91605503920464,28.754998892068322,29.31291105051843,64748145
2020-07-27,29.97636604309082,30.98663782751519,29.62955879857292,30.98663782751519,34955964
2020-07-24,30.805700302124023,31.559632117753022,30.519206695357376,31.046958621174554,68255931
2020-07-23,30.91124153137207,31.212816942750283,29.418456704848317,29.554162533861188,63984771
2020-07-22,29.524002075195312,30.142227796621306,29.101799311842438,30.127149373017986,26700693
2020-07-21,29.931129455566406,30.398567537215005,29.13196256971538,29.433534523647616,42519072
2020-07-20,29.177202224731445,30.12715695575561,29.04149292691479,29.55416636092294,34037145
2020-07-17,29.554166793823242,29.689876093627728,28.362955481360338,28.46850447469538,30369327
2020-07-16,28.483583450317383,29.17720144582074,28.39311116272665,29.101805859610543,36942912
2020-07-15,28.98118019104004,30.036687400547276,28.770078749138595,30.006527093506275,37963695
2020-07-14,29.282751083374023,30.202548955419083,28.815314659301958,29.94621223958055,57521871
2020-07-13,29.704952239990234,30.56443635320733,29.463693965378667,30.368413357979694,32371863
2020-07-10,30.066843032836914,30.609673317790524,29.659718593506312,30.11207831471125,36404634
2020-07-09,30.112075805664062,31.04695202475956,30.00652337218817,30.94140304251416,54329937
2020-07-08,31.227901458740234,31.785810211510235,30.323181950614046,30.458887806094353,68150529
2020-07-07,30.775535583496094,31.18265997142301,30.066839236586073,30.66998660578263,93081504
2020-07-06,30.82077980041504,31.227904306444124,29.252598946576924,29.614488163320853,132074268
2020-07-03,29.312911987304688,29.539091853097993,27.292369897187008,27.443155899177402,205331484
2020-07-02,26.85508918762207,27.29237050124954,26.6892247543231,27.12650606795057,27362040
2020-07-01,26.749542236328125,26.93048684871639,26.402733167263705,26.73446380623172,35384595
2020-06-30,26.734460830688477,28.408192269338794,26.53843781002115,28.076461667292367,186678036
2020-06-29,26.402729034423828,26.749538049201963,25.422617426649534,25.61863871283513,69975135
2020-06-26,25.724191665649414,26.071000710533077,25.271831891834584,25.618640936718247,46124379
2020-06-25,25.241670608520508,25.618636445406864,24.427423503526033,24.71391705638738,60786960
2020-06-24,24.879785537719727,25.814661867457804,24.74407796172798,25.362302130408352,69841656
2020-06-23,25.121044158935547,25.256751736682297,24.27663838519494,24.683762844050655,66445521
2020-06-22,24.517898559570312,25.000415161437125,24.186167964383007,24.698841422462625,68067777
2020-06-19,24.14093017578125,24.578211479224322,23.055267856599023,23.356839860230814,85894965
2020-06-18,23.175899505615234,23.296528665216087,21.60771870518851,21.698191006293055,100177014
2020-06-17,21.607717514038086,21.95452654447425,21.306143768852746,21.456929778637654,35644017
2020-06-16,21.306140899658203,21.984680440737957,20.868859631991434,21.96960201435156,31937172
2020-06-15,21.39661407470703,21.879130641628603,20.944254361814217,21.698187791840695,27797562
2020-06-12,21.683109283447266,21.788660006167223,20.32603004186112,20.32603004186112,42305706
2020-06-11,21.306140899658203,22.527512418724818,21.20059018933811,22.271175718925434,31884348
2020-06-10,22.150550842285156,22.48228146343135,21.637875618471725,22.21086455943049,28261539
2020-06-09,22.029918670654297,22.964794963524373,21.879130947174012,22.72353667669438,35356647
2020-06-08,22.512435913085938,23.34176151440255,22.36164818512624,22.678300343103086,45790467
2020-06-05,22.301332473754883,22.421961609931593,21.969601917865106,22.135466333002352,28620174
2020-06-04,21.95452308654785,22.557668756305127,21.62279253677754,22.195781354450762,30651105
2020-06-03,22.19578742980957,22.37673204307195,20.95933717415857,21.20059550809793,72952329
2020-06-02,21.004568099975586,21.230747956746157,20.70299610802507,20.98949139855496,21847401
2020-06-01,20.92917823791504,21.411694857934318,20.86886279760485,21.110121107614493,47417268
2020-05-29,20.86886215209961,21.245829759743103,20.50697469827887,20.808548439270567,40149138
2020-05-28,21.004568099975586,21.230747956746157,19.96414110395404,20.19032096072461,70314837
2020-05-27,20.099849700927734,20.235559002423404,19.3609963846824,19.617333108635645,48061671
2020-05-26,19.602251052856445,19.692723328570526,19.104656124851708,19.164969824917673,32415078
2020-05-22,19.01418685913086,19.164972858780704,18.546748707162475,18.848320706462165,34434273
2020-05-21,18.999107360839844,19.722882189101906,18.818162790966674,19.421308481185058,61140009
2020-05-20,19.059417724609375,19.360991379639337,18.60705810487194,18.8784749120834,50209938
2020-05-19,18.788005828857422,20.099847913173424,18.59198283356797,19.768119079689377,63288999
2020-05-18,19.451467514038086,21.65295062894438,19.30067979375159,21.411692347224406,128706990
2020-05-15,20.431581497192383,20.748233676706384,18.7729301817457,19.014188492151927,100684062
2020-05-14,19.19512939453125,19.753039827262263,19.074500251693358,19.436389405822407,33954891
2020-05-13,19.8133544921875,20.08477134724587,18.772927528502017,19.421308498974955,84071691
2020-05-12,18.260251998901367,18.456274991232615,17.41584805023758,18.003915301616054,40166454
2020-05-11,18.139623641967773,18.697534064815876,17.89836536056568,18.24517435578311,43531365
2020-05-08,18.00391387939453,19.225285289999906,17.94359845358982,19.1498914391478,39644082
2020-05-07,18.89356231689453,19.40623760158001,18.863405454741216,19.119742234276043,26103246
2020-05-06,19.19512939453125,19.858592268562717,18.92371425454984,19.692726118651006,31888788
2020-05-05,19.72287940979004,20.68791410376385,19.647485562031363,20.68791410376385,25048227
2020-05-04,20.341110229492188,21.32122186630325,20.20540092461529,21.275986581754612,36058335
2020-04-30,21.743425369262695,22.452121867477928,21.51724548892885,22.346572867229973,51318042
2020-04-29,22.060073852539062,22.34656912493761,21.758500154058787,22.301332121077177,29327631
2020-04-28,22.090232849121094,22.467198714604113,21.9243684205055,22.39180657687676,14137194
2020-04-27,22.21086311340332,22.874324312501397,22.060077104741215,22.678301293309804,21745512
2020-04-24,22.482282638549805,23.43223753816662,22.120395139915576,22.6481470949846,72877884
2020-04-23,22.9195613861084,23.854439544496824,22.829090809219917,23.130662850079474,39150099
2020-04-22,23.100505828857422,23.432236451965355,22.587830602012207,22.904482795744638,31721535
2020-04-21,22.889402389526367,23.236211412057646,21.803740037712767,22.602908804903585,62019870
2020-04-20,22.723535537719727,23.311602798093993,21.547399291355898,21.803737718177743,104546547
2020-04-17,21.502161026000977,22.044992931586112,21.306138057892305,21.864048387852712,59145438
2020-04-16,21.411693572998047,21.773581016295292,21.17043527746655,21.260907569694723,70586814
2020-04-15,20.989490509033203,22.09023116654999,20.778387362629683,21.713265329779745,34458015
2020-04-13,21.260906219482422,22.16562563307742,21.140277079377444,22.014837913734695,29985114
2020-04-09,21.15535545349121,21.54739972645198,20.220479188602557,20.326028176018074,29167602
2020-04-08,20.024457931518555,21.502166316901345,19.63241362444844,20.80854827127427,50097555
2020-04-07,20.808549880981445,22.014841477294596,20.657762137230588,21.954527760286748,37884333
2020-04-03,21.09503936767578,21.683106621717954,20.657758102317036,21.63787134279751,27952953
2020-04-01,20.82362937927246,22.994956089722855,20.326032560334102,22.256102664751904,28985310
2020-03-31,22.452117919921875,22.85924232318795,21.894209257098346,22.602905630709802,21484521
2020-03-30,21.894210815429688,22.889400804263925,21.32122023463705,21.909287516843285,46529544
2020-03-27,22.060073852539062,23.14573606096059,20.73315164996416,22.316410547158906,47228853
2020-03-26,20.310951232910156,20.64268006920937,18.42611857319651,19.07449954481622,37021584
2020-03-25,18.90863800048828,19.104661027233732,17.069042066581787,17.430929536685685,18227226
2020-03-24,17.626951217651367,19.149894851837644,16.888096179352274,18.697535117340568,27422100
2020-03-23,17.928524017333984,20.401424238817746,17.234905957144846,19.617333882600565,24523071
2020-03-20,21.502161026000977,21.71326241848492,19.45146424989274,19.602250219260533,55460706
2020-03-19,19.466543197631836,21.864048975674194,18.968946551794488,20.82362213527262,60526506
2020-03-18,22.55767059326172,24.17108646975853,20.250636708656284,21.07996228780957,98464686
2020-03-17,21.0196475982666,21.53232100399172,19.858591496486486,19.90382677618624,37733433
2020-03-16,19.873668670654297,21.09504023339842,19.602253534762426,20.657758950094024,41016261
2020-03-13,21.079959869384766,21.27598285263551,18.09438674646424,18.09438674646424,65882406
2020-03-12,19.798280715942383,20.13001135518879,18.818167228312223,19.94906674264867,71924844
2020-03-11,20.763309478759766,21.155353719588405,20.386341937853746,20.95933073636649,36373143
2020-03-09,21.0196475982666,21.260905874562575,20.401421755344774,21.07996130453294,51248196
2020-03-06,21.56247901916504,21.758502026325285,20.853782578650797,21.381536164999382,29644698
2020-03-05,22.044994354248047,23.07034280847248,21.909285074882543,23.07034280847248,46784883
2020-03-04,22.572751998901367,22.678300995648616,21.27598647433507,22.52751498896563,61044003
2020-03-03,22.467201232910156,22.66322426420396,21.78866156361524,22.13547061288049,57863331
2020-03-02,21.999765396118164,23.190980415935545,21.71327175852165,22.919563483584543,27625068
2020-02-28,22.301332473754883,23.08542272171115,21.969601917865106,23.08542272171115,52332150
2020-02-27,23.356840133666992,24.35203189877955,23.26636784127213,24.276638034181257,42868818
2020-02-26,24.216323852539062,24.940098726406106,23.91475012562009,24.759155870747055,19537644
2020-02-25,24.879785537719727,25.271829837875373,24.789313245186747,24.789313245186747,17040831
2020-02-24,24.71392059326172,25.844819991382067,24.502819142197183,25.844819991382067,25592289
2020-02-20,26.10115623474121,26.267020660410584,25.28690908244119,25.528165644498742,38155335
2020-02-19,25.54324722290039,25.603560935376898,24.713919871424537,25.105965904983776,29175999
2020-02-18,24.970256805419922,25.3019856550669,23.990143506833576,24.35203093649741,45656493
2020-02-17,24.427425384521484,25.196437269527653,24.27663765766354,25.06072969584784,36810129
2020-02-14,25.04564666748047,25.85989374170086,24.925017535211342,25.709107757768262,28646769
2020-02-13,25.69403076171875,25.784503047358864,25.07580491452408,25.33214334477362,25245033
2020-02-12,25.33214569091797,25.829740719600522,25.18135795901409,25.75434685364858,23629242
2020-02-11,25.844818115234375,26.297177841644455,25.72418896989938,25.90513355070958,40352259
2020-02-10,25.66387367248535,26.064408813823164,25.471024991180435,26.064408813823164,37802355
2020-02-07,25.975399017333984,26.1089101559728,25.57486560141753,25.841887878695168,30367869
2020-02-06,25.812223434448242,26.10891452604169,25.41168825380461,26.064411371608628,31688880
2020-02-05,25.78255271911621,26.153419126570135,25.08532645358632,25.21883761328767,45829710
2020-02-04,25.174333572387695,25.84189104506282,25.055656801535658,25.085325569827056,44426844
2020-02-03,24.773794174194336,25.94572899589268,23.957891301868653,25.218832413224007,76345218
2020-01-31,26.8951473236084,29.372528497399514,26.67262816832507,28.556623796236355,169747995
2020-01-30,29.891735076904297,30.69280529622922,29.7582256372651,30.040082294098063,33639177
2020-01-29,29.83240509033203,30.010421116895643,29.580217134105787,29.936245791859715,28345554
2020-01-28,29.72855567932129,30.277434588767996,29.491198783191994,30.143921759116804,32134050
2020-01-27,30.15875816345215,30.70764050508471,29.9659077945203,30.173595941406163,24177363
2020-01-24,30.218101501464844,30.75214610777623,30.054919884669165,30.06975426843488,20621760
2020-01-23,30.010414123535156,31.01916571336961,29.713719683277073,29.9955797410595,64975338
2020-01-22,29.95107650756836,31.167512843939047,29.669216450595854,31.167512843939047,46807380
2020-01-21,31.167516708374023,31.449373404921214,30.811484695092265,30.855987847909258,17126625
2020-01-20,31.15268325805664,32.339451012286844,30.752148079949883,32.339451012286844,28115967
2020-01-17,32.220767974853516,32.324608642220554,31.063669275902736,31.330691530218733,33279852
2020-01-16,31.375198364257812,31.820236638928137,30.9598288551825,31.44937027824534,54250446
2020-01-15,30.811477661132812,31.04883115067753,29.520866151836593,29.728554274981878,39241374
2020-01-14,29.624713897705078,29.728557972192352,29.061000563194373,29.32802284771905,21417702
2020-01-13,29.07583236694336,29.446698736368493,28.942322918618625,29.13517329490479,28538664
2020-01-10,28.838483810424805,29.253849956587125,28.779142879224892,28.779142879224892,23088681
2020-01-09,28.77914047241211,28.853312385992915,28.423110194165414,28.77914047241211,41681037
2020-01-08,28.319265365600586,28.82364112502661,28.022574341592144,28.20058861645998,20424309
2020-01-07,28.586292266845703,29.37252819184171,28.274766810838933,29.179677806552636,33298260
2020-01-06,28.764305114746094,29.93623828646358,28.378606084140124,29.520868793744675,36402729
2020-01-03,29.95107650756836,30.826315257234437,29.77306052299954,30.618633903172057,21950223
2020-01-02,30.60379409790039,30.796644452126124,29.639545722144,29.862064839270268,26262750
2020-01-01,29.713722229003906,29.951079159694956,29.491203077432242,29.758228775616477,15438294
2019-12-31,29.684051513671875,30.26260262794335,29.550542068713316,29.72855805736397,22468632
2019-12-30,29.65438461303711,29.90657253141328,29.55054392709454,29.713722147861436,9577833
2019-12-27,29.580211639404297,30.18842814040461,29.417030029085176,29.461533178616026,17607090
2019-12-26,29.32802963256836,29.876908711328,29.17968237556989,29.550548820379387,22525710
2019-12-24,29.55054473876953,29.6098822752237,29.224181497525837,29.328025581693513,11035944
2019-12-23,29.32802963256836,29.684058295841997,29.224185534057426,29.283526474080823,22862667
2019-12-20,29.313188552856445,29.787895592406077,29.22417886083303,29.7137202831578,10121097
2019-12-19,29.698888778686523,29.90657355303908,29.52087277275963,29.74339193132502,10160163
2019-12-18,29.802730560302734,29.891736858701048,29.56537703586792,29.773061794169962,13404162
2019-12-17,29.72855567932129,30.099418614357173,29.669214757602813,29.980743561664827,12393666
2019-12-16,29.980745315551758,30.35160827228329,29.520869273349057,29.78789494827256,19226304
2019-12-13,29.669219970703125,30.025251982082214,29.224181654165715,29.60988243393091,28292490
2019-12-12,29.313188552856445,29.50603892430584,28.97199095828308,29.461532380607846,32591919
2019-12-11,29.20934295654297,29.876900332768923,28.64562964970633,29.876900332768923,39852759
2019-12-10,29.580211639404297,30.529625744219807,29.00166050938522,30.514791361042857,35565381
2019-12-09,30.410945892333984,31.15267859874287,30.277436449848594,30.499955582696757,18155055
2019-12-06,30.45545196533203,30.855983681981275,30.11425438238837,30.41094542315104,24794031
2019-12-05,30.27743911743164,30.648305503311132,30.09942311639457,30.203267198404866,19073526
2019-12-04,30.04008674621582,30.203268369776197,29.69888911471439,30.025252361835143,18411348
2019-12-03,29.96590805053711,30.61863447118924,29.802729840746636,30.485121631442656,26022180
2019-12-02,30.588966369628906,30.737313611769746,29.891740103701075,30.648307303709046,20186343
2019-11-29,30.588966369628906,31.271358250879953,30.455456907537858,31.019170316001635,14661717
2019-11-28,30.944990158081055,31.226846787310212,30.33677036206268,30.57412384910388,22439826
2019-11-27,30.57413101196289,31.004334944644835,30.44062155412064,30.707643865178042,12796782
2019-11-26,30.60379409790039,32.280106364758645,30.440615901947464,32.02791848473185,31860954
2019-11-25,31.671886444091797,32.324609412060646,31.123007541335316,32.14659343981964,33287655
2019-11-22,32.472957611083984,32.87349271198924,32.04275374646313,32.69547673432331,17271447
2019-11-21,32.75482177734375,33.03667849268625,32.54713698830898,32.81415931838993,12233283
2019-11-20,32.87350082397461,33.45204864993802,32.75482234445433,33.214695086270666,20834538
2019-11-19,33.06635284423828,33.22953109290121,32.517470367161046,32.5619735258873,11950386
2019-11-18,32.60646057128906,33.3185243405179,32.502619918910014,32.947658076992184,17733186
2019-11-15,33.00700759887695,33.33337084438283,32.51746612599107,32.54713489460562,16088199
2019-11-14,32.42845916748047,32.90316624650495,32.280111932020496,32.4729623195066,17998971
2019-11-13,32.36912155151367,32.51746880216827,31.805408110697986,32.28011523834484,26958765
2019-11-11,32.294952392578125,32.68065324012298,31.96858909223294,32.38395871337763,22302711
2019-11-08,32.472957611083984,33.466874777045874,32.23560410598686,32.23560410598686,40157721
2019-11-07,32.309776306152344,32.71031141066352,31.953747742987606,32.50262666741226,26145681
2019-11-06,32.458133697509766,33.37787925081579,32.08726724070955,33.36304486417365,50423022
2019-11-05,33.40754699707031,34.38663006684545,33.110855877975226,34.208617432612414,62888307
2019-11-04,35.4547233581543,36.22612503239968,35.321213880562645,35.914596127272354,32659980
2019-11-01,35.721736907958984,36.12227203280104,35.039345115602075,35.24702986939527,25696773
2019-10-31,35.0541877746582,35.721745341881466,34.90584391219083,35.55856709316736,23706222
2019-10-30,35.41020584106445,36.22611034367957,34.920664497644196,35.57338742066188,28093326
2019-10-29,35.21736145019531,35.72173725920717,34.62397934384229,34.80199193852464,27978864
2019-10-27,34.60913848876953,34.84649538465644,34.490463436198375,34.65364502885601,2065533
2019-10-25,34.62397766113281,34.787155864994574,34.015757806076195,34.41628952001842,22725063
2019-10-24,34.40147018432617,34.47564212029301,33.40754926550259,33.95643177777796,21415911
2019-10-23,33.80807876586914,34.57947695497059,33.615228369750525,34.22344832745185,32842875
2019-10-22,34.22344207763672,35.024508889794454,34.01575733477233,34.65364594532921,28561275
2019-10-18,34.57947540283203,35.89975595168156,33.496548393465446,33.511386172845185,77943672
2019-10-17,33.58556365966797,33.674569978462,33.125690888485295,33.21469720727933,24550347
2019-10-16,33.214691162109375,33.4075415464372,32.680646555796,32.932834475186915,31470330
2019-10-15,32.784488677978516,32.97733907075238,32.0872624243333,32.62131044940852,25630197
2019-10-14,32.324607849121094,32.68063977638847,31.301018604756468,31.330690761505494,33280899
2019-10-11,31.167516708374023,31.568051874472772,30.855987847909258,31.36036709928723,18654189
2019-10-10,31.34554100036621,31.582894606834458,30.826327227475698,31.182359334864977,13718334
2019-10-09,31.27135467529297,31.642221040553462,30.870822939443876,31.15267961144809,20174292
2019-10-07,30.959827423095703,31.52354073407078,30.707639531830804,31.182346550137954,18641931
2019-10-04,31.137842178344727,31.894405822364135,30.930157441587426,31.449367585794533,26160762
2019-10-03,31.27135467529297,31.805402648712796,30.944994854346927,31.508711593727973,20914977
2019-10-01,31.790563583374023,32.99216540468541,31.345525368759123,32.22076741719324,30449868
2019-09-30,32.13175582885742,32.30977178320608,31.182341932827146,32.14659020877215,23611185
2019-09-27,32.087257385253906,33.00700265606433,31.998251092738993,32.769649147318816,18383574
2019-09-26,32.932830810546875,33.170184319760224,31.835069557170485,32.265273429252005,24021438
2019-09-25,32.324607849121094,33.096009226409706,32.01308245929121,33.08117145034914,18553128
2019-09-24,33.185020446777344,33.60038995858436,32.784485317865396,33.377870819785784,33511350
2019-09-23,33.363033294677734,34.31244729203412,32.161428021112044,32.71031032265215,60392520
2019-09-20,32.07243347167969,32.918007108058084,30.766987049792604,31.271362996084672,63740280
2019-09-19,30.944990158081055,31.953745024535237,30.841149492975823,31.953745024535237,20922834
2019-09-18,31.716388702392578,32.754812348649175,31.34552578223621,32.3542772711379,34163946
2019-09-17,32.057586669921875,33.36303258625346,31.879570700354442,32.62130334099005,55784604
2019-09-16,32.42845916748047,33.64489563305909,32.25044316400307,32.932835014522375,53785869
2019-09-13,32.23561096191406,32.57680521258157,31.271358959216563,32.072429331400166,22195425
2019-09-12,32.042762756347656,32.69548592774259,31.76090602642378,32.19110661663743,26803833
2019-09-11,32.027923583984375,33.03667526469766,31.805404431430233,32.547133808153106,28361922
2019-09-09,32.547142028808594,32.903174120969815,32.26528526981559,32.547142028808594,30785802
2019-09-06,32.35429000854492,32.48780288540145,31.731238970877122,31.894417226023045,29489361
2019-09-05,31.998258590698242,32.472965719424536,31.508717076410075,31.746067245400013,46413759
2019-09-04,31.59771728515625,31.805402038271314,29.936239260235723,29.936239260235723,51820020
2019-09-03,29.921403884887695,30.7966460163992,29.787894445053873,30.040082337890205,20432799
2019-08-30,30.529619216918945,31.152673363258504,29.862061930563407,30.85597897240808,26464308
2019-08-29,31.06366729736328,31.553208631657597,29.89173089663208,30.63346008812735,60333249
2019-08-28,30.766983032226562,31.01917097244179,30.48512632202991,30.61863918231942,26066439
2019-08-27,30.752145767211914,31.093343380790397,30.18842900423917,30.262604317619097,27645471
2019-08-26,30.321945190429688,31.152684345064237,29.728562990296272,30.247773264256296,51918060
2019-08-23,29.63954734802246,29.95107616631152,27.533032810495147,27.82972554883397,51949131
2019-08-22,27.68138313293457,27.948405439005313,27.32535282561144,27.5478719798992,35013807
2019-08-21,27.28084945678711,28.274768513062313,27.14733829650553,27.770392641401575,25750647
2019-08-20,27.696218490600586,28.882987921088322,27.295683319726113,28.749475065672513,27155040
2019-08-19,28.52695083618164,28.687297395952594,27.81268465012244,28.104221119938206,20751876
2019-08-16,28.01675796508789,28.133371205080117,27.41910676917157,27.710643205534602,16438485
2019-08-14,27.710649490356445,27.987611002727018,26.850614973017876,27.4045346613758,21367104
2019-08-13,27.477418899536133,28.701876515112886,27.229612378474645,28.468646651973653,22317750
2019-08-09,28.468645095825195,28.83306819672783,28.133375309173495,28.206261931183796,17455608
2019-08-08,28.27914047241211,28.395757046234024,27.25875963109555,27.75437423116949,31400160
2019-08-07,27.652341842651367,28.687299558064,27.46284195525485,28.24999315218991,33700071
2019-08-06,28.264570236206055,28.48322344244052,26.93807434080919,26.93807434080919,42197172
2019-08-05,26.967227935791016,27.681495862036112,26.588229819552918,27.681495862036112,70443657
2019-08-02,27.798107147216797,28.760179803789274,27.477415705628847,28.279143475503034,41095086
2019-08-01,28.789337158203125,29.678529994859513,28.191687496185008,29.547336734006418,38784582
2019-07-31,29.940914154052734,30.174144030412982,28.279148365650574,28.39576497202236,68598411
2019-07-30,28.687299728393555,29.270376051815372,27.18588061446014,27.229612256222136,114516858
2019-07-29,27.040111541748047,28.65814553730393,26.8651883164263,28.585262250246128,41593818
2019-07-26,28.76017951965332,29.124602594516034,28.526949685928344,29.124602594516034,21059481
2019-07-25,28.905946731567383,29.226636472004238,28.337450524342408,28.628986955319768,40596891
2019-07-24,28.454063415527344,29.212062797769217,27.94387383343695,28.90594637940909,24861369
2019-07-23,28.818496704101562,29.8534528910139,28.64357345086537,29.430726422236464,30391386
2019-07-22,29.299530029296875,29.663949820331172,27.929302473317957,28.687300376333436,41161548
2019-07-19,28.731029510498047,29.13918260053504,27.34622700503068,28.42491636116185,63753267
2019-07-18,28.14795684814453,30.290755590685368,27.958455290534427,30.26160227483377,43257153
2019-07-17,30.115833282470703,30.436523067525385,29.765986847517535,30.174139909501942,16754862
2019-07-16,30.042945861816406,30.669752094849827,29.882599305370004,29.999215892708147,23451318
2019-07-15,29.98464012145996,30.830099561374716,29.50360377430374,30.830099561374716,30095892
2019-07-12,30.917558670043945,31.22367512736468,30.407369023019776,31.019598601278453,58318251
2019-07-11,31.136211395263672,31.252827981192908,30.072098811238188,30.465675201223096,28447611
2019-07-10,30.276172637939453,31.325708472300242,30.115829434093147,31.325708472300242,24602505
2019-07-09,31.29656410217285,31.51521732443897,29.153761856688195,29.44529837424856,71879163
2019-07-08,29.503604888916016,31.99624999604753,29.372411636379407,31.51521363071831,53678784
2019-07-05,31.60266876220703,33.45393399123492,31.25282570269028,33.30816410354649,30916248
2019-07-04,33.118675231933594,33.36648512408732,32.75425539645218,33.00206195222229,12187362
2019-07-03,32.972896575927734,33.19154973182064,32.33151376288303,32.85628000247307,25226940
2019-07-02,32.681365966796875,32.9000191839497,32.36067613861828,32.36067613861828,14009295
2019-07-01,32.31694030761719,33.65801268500853,32.01082385723223,33.0166298084671,33367893
2019-06-28,32.79798126220703,33.84751732987429,32.56475139565688,33.526824178128344,20912469
2019-06-27,33.512245178222656,33.99328153584451,33.41020857840473,33.67259174289092,51050244
2019-06-26,33.35190200805664,33.6288651942315,33.089518816865514,33.19155876345185,21223506
2019-06-25,33.206138610839844,33.61429176361359,32.84171543806679,33.512251807228346,33003267
2019-06-24,33.45393371582031,33.585126947298086,32.50643445821966,32.60847437967625,42151767
2019-06-21,32.506431579589844,33.03120112264713,31.763012230736404,32.28777843741152,33804483
2019-06-20,32.24406051635742,32.34610046688007,31.384024280221716,31.48606423074436,16063953
2019-06-19,31.36944580078125,32.65221175096826,30.917562720190737,32.22948198701156,32430930
2019-06-18,32.01082992553711,32.27321645743141,31.704716753504883,31.879639995973303,23424801
2019-06-17,31.777597427368164,32.725093519399756,31.617254193345207,32.36067374205541,32924067
2019-06-14,32.30236053466797,32.535590345780136,31.733860993366964,31.996244113820353,24943608
2019-06-13,32.083717346191406,32.14202398298891,31.252834426293237,31.267411085492615,18529365
2019-06-12,31.194517135620117,32.33151630475907,31.12163385671992,32.06912982795306,20186847
2019-06-11,32.20033264160156,32.40440921958995,31.354873009418757,31.50064294694865,23772855
2019-06-10,31.398595809936523,31.923362071072376,31.005019445893375,31.64640228527193,15825306
2019-06-07,31.573509216308594,32.06912206563229,30.596860169912958,31.39858938928741,39082830
2019-06-06,31.15079116821289,32.98748005978263,30.96129461873998,32.94374675044427,41677017
2019-06-04,32.98747634887695,33.29358946151103,32.30236350716624,32.30236350716624,28189440
2019-06-03,32.418983459472656,32.856289903031666,32.25863687379878,32.65221334027857,31057965
2019-05-31,32.5501708984375,33.51224356743866,31.96709463264064,33.1915537898992,49922292
2019-05-30,33.060367584228516,33.81836388839517,32.462714534776815,33.81836388839517,105093189
2019-05-29,32.71051788330078,33.133244261283615,32.069131647066,33.03120766503534,32644272
2019-05-28,32.87086868286133,33.43936843072057,32.52102550727254,32.929178659112466,35917173
2019-05-27,32.94374084472656,34.3285464280759,31.908784991452315,32.506434520802024,68298933
2019-05-24,32.59389877319336,32.79797528628911,30.02836737220828,30.057520683167304,108593046
2019-05-23,29.926334381103516,31.38402012256921,29.547334620313922,30.319907462741806,77956989
2019-05-22,29.474451065063477,29.809717514714183,28.220838536286347,28.570681643035652,45689826
2019-05-21,28.264570236206055,29.12460640315382,27.85641880790888,29.12460640315382,25111281
2019-05-20,28.94968032836914,29.182910169693248,27.725224495513302,27.725224495513302,51849138
2019-05-17,26.806886672973633,26.93807828227138,25.844812091137122,25.946850380189108,20954694
2019-05-16,26.019733428955078,26.13634836952473,25.261735481156492,26.0926167241913,12642906
2019-05-15,25.946842193603516,26.18007201836603,25.815650625698513,25.9759971728423,14422137
2019-05-14,25.975997924804688,26.18007277623605,25.072230242448242,25.334613385853807,17664834
2019-05-13,25.33461570739746,26.384151713576895,25.188847466391454,26.150921860690687,18117831
2019-05-10,26.150924682617188,26.457039523134767,25.888541486854507,26.267539621644122,20809257
2019-05-09,26.223806381225586,26.559074497723994,25.14511707833802,25.320040299203047,29622102
2019-05-08,25.33461570739746,25.45123230203206,24.955617613505247,25.27630907827166,15589908
2019-05-07,25.276308059692383,26.048882541816717,25.203423108030734,25.94684427676698,18255918
2019-05-06,25.728193283081055,25.786501583018943,25.422078461838186,25.553270051458966,11389035
2019-05-03,25.786502838134766,26.03430937150133,25.509541319284406,25.72819453535882,26423517
2019-05-02,25.728193283081055,26.019731446387347,25.145118624660043,25.305463530153983,24345006
2019-04-30,25.407503128051758,25.72819462394453,24.868158415331724,25.655309662271552,22789725
2019-04-26,25.699037551879883,25.815652472604015,25.23257786898336,25.50953768013139,21338169
2019-04-25,25.378345489501953,26.121766633771074,25.261730571596146,25.815651848696568,48818151
2019-04-24,25.77192497253418,26.005156519620435,25.509541775825703,25.801079958539763,20413533
2019-04-23,25.77192497253418,26.19465642179416,25.62615671527299,26.03430983743434,24354744
2019-04-22,26.063461303710938,26.792305874623437,25.830231441384914,26.792305874623437,22971246
2019-04-18,26.967227935791016,27.564880928717344,26.865189660613144,27.448265995398575,16277727
2019-04-16,27.448261260986328,27.88556760255084,27.37537631466181,27.710644398648515,13209351
2019-04-15,27.696069717407227,27.914722903776735,27.41910990437461,27.594031452555363,20654934
2019-04-12,27.389957427978516,27.462842386164997,26.821459425060393,27.273342495795095,41529546
2019-04-11,27.200456619262695,27.841837851185694,27.08384002997697,27.81268453795997,53425362
2019-04-10,27.856420516967773,28.22084199365283,27.666920615087207,27.856420516967773,21749289
2019-04-09,27.929302215576172,28.089647122334533,27.171304319555773,27.739802324523176,27228855
2019-04-08,27.696069717407227,28.410337571370285,27.535724825892252,28.249991011663887,20624223
2019-04-05,28.220840454101562,28.672723527632805,28.075070536826487,28.614416895276044,20317581
2019-04-04,28.381183624267578,28.86221995626206,28.016760542995264,28.366606967927307,37349862
2019-04-03,28.352025985717773,29.795138267719327,28.206259427402323,29.751408300224693,61986711
2019-04-02,29.40156364440918,29.678526794523936,28.00218458266424,28.104221179582307,106871754
2019-04-01,27.958454132080078,28.439492164657583,27.06926635810866,27.34622618360621,65733300
2019-03-28,26.952648162841797,27.171301346069573,26.71941832315769,27.083839739140185,49917378
2019-03-27,26.85061264038086,27.46284057696347,26.690266076572257,27.08384082119148,27294354
2019-03-26,26.733999252319336,26.979928463731817,26.53146872919594,26.69060056403025,20409297
2019-03-25,26.56040382385254,26.936530769567522,26.03961126739388,26.184275222583658,30160203
2019-03-22,26.34340476989746,27.312655337508414,26.198739171748024,27.196923852321117,41619885
2019-03-20,27.052257537841797,28.25297262610499,26.92205983536576,27.96364476628127,54651846
2019-03-19,27.978113174438477,28.064910545818748,27.03779341783523,27.327122955764015,48370725
2019-03-18,27.298185348510742,27.818976100753968,27.023322091001553,27.659845961024857,35936859
2019-03-15,27.471784591674805,27.61644852072295,26.719529180627976,26.922059674627537,63556005
2019-03-14,26.9654598236084,27.39945328991586,26.37233619224659,27.34158837737017,45891693
2019-03-13,27.081193923950195,27.29819066482943,25.44648359747645,26.41573581710729,63010848
2019-03-12,26.38680648803711,27.110129595237872,26.242142528818533,26.676136062028203,45229077
2019-03-11,26.51700210571289,26.618267365769746,25.25842195294027,25.388619671426568,42558603
2019-03-08,25.22948455810547,25.75027701988042,25.113753083883655,25.460947506549093,36310506
2019-03-07,25.851545333862305,26.83526380923539,25.721347616859973,26.83526380923539,34017735
2019-03-06,26.64719581604004,27.167986579294052,26.054070610979082,26.285533540326078,51195621
2019-03-05,26.0830078125,26.372337354642116,24.636363412896927,24.82442769806699,59932653
2019-03-01,24.59296226501465,24.67976129036792,24.014304855249012,24.014304855249012,34016796
2019-02-28,23.869640350341797,24.07217085284276,23.16078359158842,23.43564688942649,71638554
2019-02-27,23.334383010864258,23.941972898556084,23.059519696856842,23.14631872525675,42834909
2019-02-26,23.05952262878418,23.305453516445354,22.394066085697652,23.00165770619612,45772245
2019-02-25,23.406713485717773,23.52244662397808,22.307265227782025,22.72679081787234,66028140
2019-02-22,22.72679328918457,22.929323819832707,22.56766310399183,22.799126094574305,31188135
2019-02-21,22.408527374267578,22.553192959940482,22.003468038822845,22.33619623698474,14611077
2019-02-20,22.42299461364746,22.7846569385975,22.075800172360523,22.50979363785762,37576563
2019-02-19,21.989002227783203,22.278331770838218,21.743073026741012,21.844338284032577,17095686
2019-02-18,21.786474227905273,22.075802126816193,21.656276507839976,21.858805374856086,12307260
2019-02-15,21.728605270385742,22.061333476508796,21.453741975473488,21.699672814780342,30063423
2019-02-14,21.555009841918945,22.119202728025947,20.976352381807235,21.728607907729387,53580390
2019-02-12,22.480865478515625,23.131855801188205,22.032405699192825,22.23493624254261,26343552
2019-02-11,22.20599937438965,23.117386706562193,21.960070168882016,23.102920477479838,24270603
2019-02-08,23.146320343017578,23.68157912408168,23.00165638927594,23.47904859551106,10374135
2019-02-07,23.53691291809082,23.926072598974105,23.21982192189008,23.637806107598674,16189332
2019-02-06,23.608978271484375,23.69545837768357,22.571221945506537,23.06127313151725,18884961
2019-02-05,23.003625869750977,23.983730106095916,22.845078698718204,23.522504971220933,15855786
2019-02-04,23.868419647216797,24.358470854931934,23.536912283858918,24.358470854931934,11287905
2019-02-01,24.387296676635742,24.848521693360276,23.99813703785519,24.257575697395044,29213256
2019-01-31,24.113447189331055,25.367403112403206,24.02696707235031,25.25209848905693,87060927
2019-01-30,24.214338302612305,24.40170994891339,23.63780533861713,23.738700174313635,23315919
2019-01-29,23.594566345214844,23.753111839747525,22.945967991318497,23.04686117855599,26089251
2019-01-28,22.974790573120117,23.378363259327426,22.78741895407014,23.162163841640748,13648203
2019-01-25,23.162166595458984,24.21433765982205,23.07568648820831,23.983725140134144,17708478
2019-01-24,23.868419647216797,24.30081854789293,23.753111734196985,24.199925361103773,13418628
2019-01-23,24.18550682067871,24.718798824040768,24.099028373758358,24.617905653163046,11639016
2019-01-22,24.545841217041016,25.194439490508575,24.31522871751531,25.064720165709204,19554852
2019-01-21,24.93500328063965,25.25209758132756,24.70439074329478,25.050309549312082,9151740
2019-01-18,24.89176368713379,25.43946886774562,24.805283574516984,25.33857567793784,11667606
2019-01-17,25.136791229248047,25.770976571192723,24.99265879679556,25.71332425800016,23812968
2019-01-16,25.62683868408203,26.30426311673172,25.482704632837315,26.08806368933537,17562354
2019-01-15,26.001588821411133,26.563707115876138,25.87186946876091,26.520467881483086,22043667
2019-01-14,26.405153274536133,26.679006621021312,25.85744823103631,26.491633365503585,15934200
2019-01-11,26.534875869750977,26.77990144992012,26.448395768082236,26.693422997722127,22185702
2019-01-10,26.635770797729492,26.80873101243678,26.376332125139413,26.491638385120652,17549421
2019-01-09,26.621355056762695,26.76548910441535,26.001582940480063,26.26102323657243,18285609
2019-01-08,26.188961029052734,26.477227527901295,25.958348489762287,26.376334335777848,14104692
2019-01-07,26.347503662109375,26.86638264374422,26.24661213044367,26.66459628147118,24057507
2019-01-04,26.47722625732422,26.563704718305004,25.511535264467227,25.626841528579188,34527270
2019-01-03,25.5980167388916,26.1889611677696,25.468297391037506,25.972761704855774,39807891
2019-01-02,25.857454299926758,26.01599979601983,25.007069563186022,25.151201982313445,30694161
2019-01-01,25.208852767944336,25.58359767031472,25.10795959240794,25.482704494778325,10478028
2018-12-31,25.35298728942871,25.857453209303568,24.87734917174017,24.90617532445563,31537269
2018-12-28,25.338573455810547,25.43946663677026,24.963828533296486,25.079134790183183,22391712
2018-12-27,24.8341064453125,26.088063788779507,24.6899740429891,26.01599676288244,74696946
2018-12-26,25.569189071655273,25.799801613406736,24.574671866800465,25.29533729687704,37833786
2018-12-24,25.35298728942871,25.756560025328596,25.136787845121038,25.482706626119143,33134253
2018-12-21,25.482707977294922,27.327611539382637,25.36740171084831,26.27544041477021,113350500
2018-12-20,26.030412673950195,26.217784310668684,24.617908139030213,24.747629121450995,62658462
2018-12-19,24.978240966796875,25.165614247970172,24.329642669939247,24.401708047720696,35638596
2018-12-18,24.315227508544922,24.387294529614994,23.882828681065725,24.012547999415357,26882103
2018-12-17,24.14227294921875,24.35847241338928,23.854006447167706,23.868421174320616,24032520
2018-12-14,23.753110885620117,24.473776244158298,23.42160518357614,24.473776244158298,29710962
2018-12-13,24.329647064208984,24.545846535543465,23.248649707536572,23.37836906044305,51720444
2018-12-12,23.118925094604492,23.608976238414815,22.845071723468195,22.888310948108863,24321090
2018-12-11,22.70094108581543,23.003620630187132,21.61994389125279,22.052342769077846,49626948
2018-12-10,22.383848190307617,23.147752755110723,22.13882260241078,22.513567522166486,60029283
2018-12-07,23.09010124206543,23.796351878284955,23.061273439966232,23.724284847243243,21818304
2018-12-06,23.580150604248047,24.214335809668803,23.493670503605085,23.50808357880046,21612813
2018-12-05,23.839588165283203,24.18550690254749,23.349537033193126,23.94048133650245,16503828
2018-12-04,24.18550682067871,24.906172091309486,24.070200575314264,24.5025994077986,14637795
2018-12-03,24.560256958007812,24.920588821445655,23.753111472584305,24.257577400973997,30724905
2018-11-30,23.998136520385742,24.617907004693745,23.8540024686642,24.43053537660891,35208714
2018-11-29,24.4449520111084,25.713322613898534,24.070205401433597,25.655668654921268,80182452
2018-11-28,25.569189071655273,27.09699839786197,25.439469723103954,26.99610520466183,29465751
2018-11-27,26.851970672607422,27.52939516706017,26.693425181138622,27.385262752136637,13761777
2018-11-26,27.644699096679688,27.71676612279704,26.837555331942433,27.32760814049311,20503503
2018-11-22,27.024930953979492,27.313195784508018,26.866383812665006,27.183476445823093,10296039
2018-11-21,27.169065475463867,27.428504172946113,26.60694719793833,26.93845293337498,10910604
2018-11-20,26.779903411865234,27.673528995283224,26.606944845327234,27.082582965145317,21194664
2018-11-19,27.068166732788086,27.241126928631157,26.63576789265108,26.808728088494153,10805367
2018-11-16,26.76548957824707,27.97620438356209,26.405156102207105,27.961791308435807,17977203
2018-11-15,27.875316619873047,28.091516074888123,27.111411988784514,27.5870501300293,8838150
2018-11-14,27.61587142944336,28.235645180863372,27.154646446351112,27.5149782582081,16517217
2018-11-13,27.26995277404785,27.47173911712457,26.722247692612743,27.38525902016731,11296545
2018-11-12,27.399673461914062,28.624803006615313,27.24112798414033,28.451846103012045,13179546
2018-11-09,28.43743133544922,28.610391547765992,27.471742040004855,27.529394344463228,26676957
2018-11-07,27.51498031616211,27.65911437126178,27.428500212996465,27.65911437126178,1471155
2018-11-06,27.45733070373535,27.889729612455596,27.298783557486765,27.60146312348512,12935340
2018-11-05,27.414091110229492,27.875316166907975,26.82314506307314,27.399676383921243,12621051
2018-11-02,27.385263442993164,28.50950158606504,27.255544101342426,28.336541364216774,20519661
2018-11-01,28.105928421020508,28.39419325389653,26.86638403145256,26.90962491101359,58131714
2018-10-31,26.82314682006836,26.924040014009442,25.65566937559069,25.65566937559069,34635969
2018-10-30,25.900691986083984,26.232196014352944,24.906173303394215,24.906173303394215,53536695
2018-10-29,24.906173706054688,26.23219643845135,24.805280528635745,25.655665174250792,39264528
2018-10-26,25.439470291137695,26.23220112729298,23.508088149004923,23.98372797027493,72418194
2018-10-25,24.026962280273438,24.56025430424229,23.637802656211868,24.15668160513706,27339909
2018-10-24,24.416120529174805,25.482702867569945,24.214334190987163,25.36739662424424,20489004
2018-10-23,25.093549728393555,25.22326907083418,24.243164989824777,24.31523202427887,21949755
2018-10-22,24.416120529174805,24.7908654076157,23.85400073730754,24.185506393052776,18668121
2018-10-19,23.954893112182617,24.848516819164058,23.695452854062864,24.47377032948123,22909692
2018-10-17,24.64673614501953,25.727733344362495,24.45936285727453,25.540360056617494,11772090
2018-10-16,25.36739730834961,25.5115313534967,25.00706549442321,25.23767798729376,13062003
2018-10-15,25.15119743347168,25.396224645984915,24.300814500001998,24.920584944787972,17167395
2018-10-12,24.66115379333496,25.194445953849545,24.44495431338232,24.790873151412317,23021736
2018-10-11,24.473777770996094,24.935002837488828,22.398263322307855,22.62887585555422,42896796
2018-10-10,23.47926139831543,23.580154591212924,22.095584502486222,22.196477695383717,26090592
2018-10-09,21.879384994506836,22.700943613646242,21.562292338827678,22.239716882995015,28296093
2018-10-08,22.239709854125977,22.989201198902315,21.677591757911344,22.77300180424511,29928747
2018-10-05,23.234233856201172,23.998138453773997,22.945967379004887,23.637804944910926,20945433
2018-10-04,23.709871292114258,24.070203141104297,23.205405383951547,23.68104514006805,24482433
2018-10-03,24.0413761138916,24.430535750232277,23.392777819637647,23.854002833470478,30933705
2018-10-01,23.839588165283203,24.171095477482627,22.513565514368114,23.21981771290285,29322090
2018-09-28,23.14775276184082,24.012550507112437,22.7297669650301,23.810764146619622,22137960
2018-09-27,23.652219772338867,24.776456234129242,23.493672631885605,24.502602832196732,45255255
2018-09-26,24.271989822387695,24.877348920114528,22.556807361632504,22.686528346481715,142002327
2018-09-25,21.965862274169922,22.600047503665515,21.403744072857716,22.22530258594764,26192304
2018-09-24,22.398263931274414,23.320714089339557,22.254131506444484,23.234235624124196,21786213
2018-09-21,23.10451316833496,24.11344502684453,21.475810767564813,24.012551840993574,37031124
2018-09-19,23.810766220092773,24.473777662607493,23.72428610814065,24.430538431366898,23632947
2018-09-18,24.214338302612305,25.237681592076765,24.12785819306594,25.107962252492666,33779469
2018-09-17,25.107961654663086,25.59801449744356,25.021481547175842,25.58359977163664,22569123
2018-09-14,25.5980167388916,25.79980147473631,25.396230353575895,25.396230353575895,22618239
2018-09-12,25.266508102416992,25.540361511604512,24.57467051521312,25.51153535783875,56999529
2018-09-11,25.511533737182617,26.491637748194403,25.4106405559409,26.347503689580062,47399022
2018-09-10,26.217784881591797,26.837557057424473,26.131304774585004,26.477225202612168,32605425
2018-09-07,26.47722625732422,27.02493142422376,25.97276032091507,26.232199002799256,64860561
2018-09-06,26.304264068603516,27.342022017447587,25.828625970907943,27.298781140721122,144894588
2018-09-05,27.226716995239258,31.536292819095458,25.799799338576452,31.536292819095458,435838635
2018-09-04,31.46422576904297,32.689357120600796,30.988587625148437,32.689357120600796,20666517
2018-09-03,32.415504455566406,33.294715333179795,32.28578346586041,32.93438181650677,23274777
2018-08-31,32.718177795410156,33.84241411968112,32.58846012276813,32.91996414068355,29239140
2018-08-30,32.91996383666992,33.352362672699535,32.80465923983073,33.15057632928963,12692523
2018-08-29,33.092926025390625,33.59739026484894,33.006444273607634,33.20823392812078,8680368
2018-08-28,33.17940902709961,33.85683686299866,33.15058287220041,33.7847681768087,8750094
2018-08-27,33.65503692626953,34.27480896458624,33.525319268747566,34.01537035060135,15681402
2018-08-24,33.871246337890625,34.00096733271619,33.208238183268186,33.438847420394644,10920258
2018-08-23,33.49650192260742,34.24599181534705,33.43884631628759,34.18833950796903,13224216
2018-08-21,34.18833541870117,34.7360388711651,33.8856575422281,34.01537521831309,14753664
2018-08-20,33.856842041015625,34.15952001269032,33.56857385005237,33.78477334380357,9578118
2018-08-17,33.77035140991211,34.01454321275128,33.066500774281565,33.238872425613856,11741781
2018-08-16,32.994686126708984,33.98582082141673,32.836678479320376,33.6123493958496,14290698
2018-08-14,33.78472137451172,33.95709305612116,32.549394825313165,33.51179817541495,28673466
2018-08-13,33.71289825439453,34.67530490168238,33.46870640626023,34.66094086871662,14906724
2018-08-10,34.8045768737793,35.73825533912269,34.41674474417696,34.89076434858114,43808427
2018-08-09,34.81894302368164,35.36478276566494,34.23000790188628,35.04876751486123,38338101
2018-08-08,34.74712371826172,34.991315556920945,33.06650562474766,33.49743317243248,40606014
2018-08-07,33.46870422363281,34.3018312321809,33.3394279353716,34.12945956011644,13025202
2018-08-06,34.33056640625,34.64658175176905,33.89963878069993,34.5029381140134,29598678
2018-08-03,34.33056640625,34.63221771676517,33.49743922515761,33.612354792905506,28213677
2018-08-02,33.569252014160156,34.1438198070585,32.75048912840682,33.61234410547016,22892568
2018-08-01,33.64107894897461,35.02004587521352,33.46870726126563,34.10073459105425,80280801
2018-07-31,33.42560958862305,34.37364878139272,30.79695247438356,31.14169250461074,77121654
2018-07-30,30.969322204589844,31.256606093173147,29.489804096111712,29.59035230641536,42168243
2018-07-27,29.44671058654785,29.63344627667518,28.84341471101765,28.98705502056487,17262075
2018-07-26,28.78595733642578,29.446709307064662,28.656677775734643,29.116333321745223,32172804
2018-07-25,29.01578140258789,30.595851017855733,28.886505131479925,30.595851017855733,31127565
2018-07-24,30.710763931274414,30.897499614679273,29.432348783747287,29.54726102724823,22493088
2018-07-23,29.532901763916016,29.992557387547564,28.77159487697127,29.64781731368208,16157148
2018-07-20,29.77709197998047,29.935099619373744,28.082109905714887,28.268845609049457,27581040
2018-07-19,28.125202178955078,29.073244733575933,27.780462121769837,28.699773324552076,19658436
2018-07-18,28.599220275878906,30.17928655009274,28.44121266214283,29.935094758527335,24044445
2018-07-17,29.89200782775879,30.006920084693746,28.958329301581216,29.360528776285985,24264597
2018-07-16,29.01578140258789,30.19365159897722,28.872141101356817,29.920731738922424,15895158
2018-07-13,29.820175170898438,31.227872897663833,29.518527301877736,30.854401602521865,21314028
2018-07-12,30.45221710205078,31.816820123506435,30.19366118998885,31.314072334068413,17688438
2018-07-11,31.112957000732422,32.520654709953426,30.940588670706106,32.4631953122295,23040108
2018-07-10,32.40574645996094,32.50629796271142,30.969323661742838,31.170420091812023,26831130
2018-07-09,30.954954147338867,32.348288042270966,30.75385773153562,32.08973221995114,22921557
2018-07-06,31.831180572509766,32.24774077616689,29.389255750607198,29.44671187694389,53028897
2018-07-05,29.374889373779297,30.351659882099764,29.303069221592434,29.963824484859053,10440048
2018-07-04,29.978187561035156,30.8113144507461,29.83454397351805,30.696398923189268,13058145
2018-07-03,30.868772506713867,30.983688041478047,29.963825410345187,30.164925130395552,18868143
2018-07-02,30.337295532226562,31.270970651687975,29.820180578778622,31.270970651687975,18396411
2018-06-29,31.21351432800293,31.400250008226667,29.992552035310066,30.06437218627467,19270500
2018-06-28,29.805822372436523,30.30857010611754,29.101974887739818,29.66217875379205,24051936
2018-06-27,29.9925594329834,30.452215087962593,29.24561981557135,30.452215087962593,26922588
2018-06-26,30.45221710205078,31.371531760528573,30.236753294046373,31.285344264696732,19411377
2018-06-25,31.428993225097656,31.888648988369496,30.840057840029267,31.443357262217567,18864450
2018-06-22,31.515169143676758,31.68754083141368,30.796957613775483,31.40025687699647,17661147
2018-06-21,31.414623260498047,32.29084251035225,31.041151790414272,32.29084251035225,16149600
2018-06-20,32.104095458984375,32.807942760108205,31.91735978976467,32.5206588854632,10259367
2018-06-19,32.592472076416016,33.0952228593938,32.39137242076787,32.73611562694036,10429416
2018-06-18,32.83667755126953,33.72726070420836,32.57812168230604,33.59798441358474,9619353
2018-06-15,33.569252014160156,34.21564324695766,33.15268855606515,33.46870051338766,21030120
2018-06-14,33.36815643310547,34.17255538805004,33.16705669436933,34.11509597147098,11821971
2018-06-13,34.24437713623047,35.12059629286314,34.04327738817409,35.048772840739616,8779887
2018-06-12,34.87640380859375,35.00568010216333,34.04327676583559,34.12946096154865,10322559
2018-06-11,34.172550201416016,34.818941416163746,33.98581452323791,33.98581452323791,6191661
2018-06-08,34.05763626098633,34.66093541374968,33.899628635513956,34.330556132099794,10464249
2018-06-07,34.962589263916016,35.1205969161322,33.396886638039824,34.38802136302952,32471313
2018-06-06,33.38251876831055,33.583618496823725,32.39138415723017,32.463204314657716,19982229
2018-06-05,32.46320724487305,32.85104270542095,31.888639358158574,32.21901539986194,17626572
2018-06-04,32.20465850830078,32.86541402594309,31.601359134527264,32.17593043636639,24504603
2018-06-01,32.003543853759766,33.23887009952337,31.658803862936235,32.75048652802262,20689938
2018-05-31,32.86540603637695,34.44547591039097,32.70740167914858,34.44547591039097,27125460
2018-05-30,34.31618881225586,34.531652539897,33.5261573360487,34.014540908644484,25204605
2018-05-29,35.27859878540039,35.78134643819365,35.04876771746049,35.47969521634497,13140726
2018-05-28,35.50843048095703,36.02554222155131,34.115096327479584,34.1869164893076,21852888
2018-05-25,34.028900146484375,34.24436384378684,33.195773411886144,33.43996516380026,8685510
2018-05-24,33.33942794799805,33.813447580567704,33.080868795945335,33.65543994047243,7425024
2018-05-23,33.554893493652344,34.10073331530775,33.35379374680131,33.56925752644768,8386623
2018-05-22,33.64107894897461,34.31619837876136,32.980323552520574,33.325063640222055,16655865
2018-05-21,33.69852828979492,34.905126572830966,33.540520667267764,34.474199084277494,9176997
2018-05-18,34.89076232910156,36.34154912070444,34.761482768239496,35.82443745268779,11526891
2018-05-17,36.025543212890625,36.4133786728668,34.057641135204385,34.991316415526285,22246566
2018-05-16,34.94822311401367,35.422242754235064,32.2908376921476,34.33055986341273,28314477
2018-05-15,34.53165817260742,36.72938789549172,34.27310231480623,35.65206908155666,37511736
2018-05-14,36.126075744628906,36.91611035405441,35.738243740890766,36.91611035405441,9882675
2018-05-11,36.72938537597656,37.51942021457385,36.62883716117408,37.34704855862515,7212126
2018-05-10,37.28959655761719,38.15145164490837,37.16031697943701,38.036536099001964,6999927
2018-05-09,38.02216720581055,38.13708273702565,37.77797540065874,37.86416287099903,6669102
2018-05-08,37.892906188964844,38.165826164879185,37.69180639415503,37.892906188964844,8788539
2018-05-07,37.72052764892578,37.90726337376376,36.87303651420077,37.31832813200036,7313223
2018-05-04,37.23213195800781,38.00779938747153,37.05976032222182,37.24649598701369,7078263
2018-05-03,37.031036376953125,37.47632790102122,36.456465289758604,37.347048337894805,14574378
2018-05-02,37.43323516845703,37.99343892774527,37.28959157718825,37.92161877596878,9106338
2018-04-30,37.691802978515625,38.194550776122476,37.576887411444915,37.79235122295025,13847460
2018-04-27,38.2663688659668,38.69729642847671,37.63433826738811,37.720525752519926,13382757
2018-04-26,37.64870834350586,38.33819183644155,37.51942875020439,38.18018417523234,15748587
2018-04-25,38.15145492553711,39.01331008693887,37.864170967642025,39.01331008693887,8935848
2018-04-24,39.0133056640625,39.80334056835463,38.86966205754134,39.67406099371397,9272688
2018-04-23,39.42987060546875,39.903890250286324,38.05090376823286,38.05090376823286,26176191
2018-04-20,38.00780487060547,38.59674000795458,37.49069317636271,38.48182775932995,24909216
2018-04-19,39.11385726928711,39.67406442421456,38.85530138536538,39.645336357969526,15710562
2018-04-18,39.84642791748047,40.363539579012325,39.73151238840908,40.191167929263116,13714419
2018-04-17,39.91825485229492,40.46409795464557,39.60224284714605,40.21990282483323,10461405
2018-04-16,39.94698715209961,41.139221711457814,39.84643891316699,41.11049364319135,17572878
2018-04-13,40.93811798095703,42.43200040014497,40.82320243130426,42.25962871952399,14176671
2018-04-12,42.31707763671875,42.84855662072277,41.914878213071326,42.08724986430819,13782747
2018-04-11,41.62759017944336,42.02978956309031,41.512674660809026,41.9436021021857,5636949
2018-04-10,41.79996871948242,42.21653220081641,41.55577690072043,41.65632511938642,6792945
2018-04-09,41.54140853881836,41.81432839160463,41.29721345779753,41.656320776742824,7065069
2018-04-06,41.59886932373047,42.058524902417076,41.23976196450579,41.67068948048899,5684175
2018-04-05,41.67068862915039,42.001067918921954,41.26848918408759,41.65632459809214,10456299
2018-04-04,41.297218322753906,42.733644480035416,41.081754563547484,42.317080993055264,11741064
2018-04-03,42.159080505371094,42.33145219949574,41.29722532246447,41.62760467684643,9860166
2018-04-02,41.58451461791992,41.75688632051165,40.82320763468845,41.024307406426004,7534800
2018-03-28,40.636470794677734,41.886158106082696,40.42100701164703,40.92375474281321,23399328
2018-03-27,41.09611511230469,41.51267524294247,40.938107504860035,41.3833989813459,8877729
2018-03-26,41.0673942565918,41.656326127027675,40.13371576495671,40.20553921060008,14150625
2018-03-23,40.205543518066406,40.55028360076756,39.65970039619129,40.47846343514574,24617190
2018-03-22,41.1966667175293,42.84855649827882,40.938110885270746,42.748004998796404,19364409
2018-03-21,42.618736267089844,43.66732381190381,42.518184749816776,43.092755924718475,7860561
2018-03-20,42.94911575317383,43.135851482184215,42.28836032852295,42.37454453219699,6695130
2018-03-19,42.676185607910156,43.00656488503285,42.08725049392214,42.89164935325057,6301965
2018-03-16,42.8629264831543,44.069521630555975,42.69055480846371,43.52368182970471,10796703
2018-03-15,43.46622848510742,44.32808362605355,43.09275704730638,43.394405031550946,9095664
2018-03-14,43.42313003540039,43.595501708976116,42.86292620592456,43.15021013673996,6788655
2018-03-13,43.53804397583008,43.724779674678906,42.97783687928358,43.09275242000444,12466362
2018-03-12,43.13584899902344,43.336948750402975,42.41763747993446,43.02093344635665,14156727
2018-03-09,42.64745330810547,43.48058014564491,42.331438092900264,42.73363748258934,9234141
2018-03-08,42.3027229309082,43.32258574512116,41.65633156207743,43.32258574512116,9916260
2018-03-07,42.618736267089844,43.55241154955329,42.27399290460555,43.523683483965655,7936389
2018-03-06,43.66732406616211,45.37667356802629,43.42313221952905,45.23302995153539,10445304
2018-03-05,44.68717956542969,45.16120243637929,43.49494859207556,43.925876083690945,9187710
2018-03-01,44.04078674316406,44.51480959705559,43.98333062307384,44.48607824929474,4595199
2018-02-28,44.34244155883789,44.5866333768159,43.423127123977395,43.81096254159023,6432813
2018-02-27,43.91152572631836,45.04630093086086,43.72478998344382,44.96011343307122,10397679
2018-02-26,44.58662414550781,45.0319155956941,43.75349735800693,43.94023301255526,19477392
2018-02-23,43.36567306518555,43.58113683104465,42.0585264381547,42.76237386323682,34034544
2018-02-22,42.101619720458984,43.45185848117623,41.75687965799727,43.16457454783876,24507504
2018-02-21,43.336944580078125,44.45735549410876,43.10711678457738,44.19879963513494,11911635
2018-02-20,44.170082092285156,44.29936169642251,43.667330998610474,43.983346347516495,8543745
2018-02-19,44.01206588745117,44.816464851249215,43.451858761724054,44.816464851249215,10100100
2018-02-16,44.73028564453125,45.47722527440322,44.14135038838895,45.47722527440322,7547409
2018-02-15,45.089385986328125,46.58326840804424,44.87392220711634,46.324712530533375,10960020
2018-02-14,46.137969970703125,46.72690508988429,45.62085829241265,45.93687025409775,15063036
2018-02-12,45.3192138671875,45.41976538442122,44.744642692510666,45.39103403112847,6431490
2018-02-09,44.90264892578125,45.33357647127902,43.95460964077265,43.95460964077265,8938587
2018-02-08,45.089385986328125,45.60649774134986,44.385538517627324,45.60649774134986,21077784
2018-02-07,44.88829040527344,45.38594547868155,43.39533169383254,43.58017463488222,53579583
2018-02-06,42.4284553527832,42.74126416013581,39.81222114820314,39.81222114820314,41933931
2018-02-05,42.65595245361328,43.16782258130028,41.63220894384838,42.65595245361328,57654582
2018-02-02,43.18204116821289,45.92624121970732,42.71282634043824,45.91202278579845,39743727
2018-02-01,45.94045639038086,48.684656246949714,45.81249049429065,48.34340734859446,41361114
2018-01-31,48.1585807800293,48.91216769119318,47.63248885693762,48.69888788548392,43235283
2018-01-30,50.33402633666992,50.60417984747545,49.76527919157155,50.319807902121795,10192740
2018-01-29,49.95012283325195,50.81746037106964,49.62309232502999,50.76058663203664,10870470
2018-01-25,50.30559158325195,51.04495997402315,49.87903202008632,50.70371427612537,45728052
2018-01-24,49.352943420410156,49.73684770352656,49.011697699944456,49.708410831353696,10449144
2018-01-23,49.679969787597656,50.376682860504516,49.42403470514117,50.0496523491943,13850478
2018-01-22,49.87903594970703,50.02122031236982,49.011698319898194,49.31028873588151,7885137
2018-01-19,49.125450134277344,49.31029307640115,48.37186318265599,48.84107812952857,5545041
2018-01-18,48.65623092651367,50.589967549127245,48.07326527615761,50.10653420707172,9535365
2018-01-17,50.06388473510742,50.27716455845563,47.49030516260665,49.196543749392326,14795268
2018-01-16,49.25341033935547,50.845897831525384,49.082785865882336,50.760587221984395,13604358
2018-01-15,50.78902053833008,51.18714319711532,50.56152234108007,50.76058367047269,8986140
2018-01-12,50.61840057373047,51.215584614962125,50.063875092465594,51.130274003810975,9999291
2018-01-11,50.90277099609375,51.471518149781154,50.76058664846523,51.215583069658706,11858856
2018-01-10,51.17292785644531,52.25354517230084,50.959648080231844,51.940733098179145,11870301
2018-01-09,51.912296295166016,52.60900936385241,51.855422555940464,52.60900936385241,7031151
2018-01-08,52.33885192871094,52.66588241355022,51.95495096329601,52.19666759129463,12205740
2018-01-05,51.84120559692383,52.18245129638268,51.414646031806846,51.471519772651455,10396050
2018-01-04,51.20136642456055,51.7274550379569,51.1018373777417,51.49995681940831,13893633
2018-01-03,51.47151565551758,52.210887244921025,51.41464191922222,51.75588759138531,8387208
2018-01-02,51.656349182128906,52.22509620508157,51.40041416083684,51.89806577192644,11789442
2018-01-01,51.599491119384766,52.29620423727836,51.528398940331755,52.04026913829616,8166816
2017-12-29,51.79854965209961,52.722760946984614,51.68479891742286,51.826986522171005,15759831
2017-12-28,51.6279296875,52.5947996263491,51.41464988894123,52.39573500967669,23326452
2017-12-27,52.39573287963867,53.41947652198092,51.940736428462415,53.135104553593585,9960756
2017-12-26,53.049800872802734,53.87448326873931,52.893394805271924,53.83182470167328,9328047
2017-12-22,53.60432052612305,53.80338188434318,52.49526624712022,52.60901373502236,11938740
2017-12-21,52.46683120727539,53.12088904872643,52.281988278588344,52.63745569947817,4412676
2017-12-20,52.80807876586914,53.14932448666959,52.48104822677765,52.75120176707622,8328321
2017-12-19,52.35307312011719,52.751195794635485,51.89807670763658,51.89807670763658,6707226
2017-12-18,51.88385772705078,52.62322933034292,48.91215938832332,51.11604925507679,9356181
2017-12-15,51.17292785644531,52.23932673751268,50.959648080231844,51.54261041532852,8831664
2017-12-14,51.38621520996094,51.585276580739425,50.83168640827982,51.38621520996094,4593927
2017-12-13,51.37199783325195,52.026055706624454,51.05918570654808,51.4715268934994,4752969
2017-12-12,51.57105255126953,52.22511034021527,51.485738684821065,51.92651668923252,3302022
2017-12-11,52.15401840209961,53.29151283205979,51.841209549215016,52.77963936226027,4514526
2017-12-08,52.637454986572266,52.80807947646415,52.3530797519553,52.55214111443059,4826619
2017-12-07,52.12558364868164,52.36730032991755,50.817467929998145,50.90277855123731,4550679
2017-12-06,50.945438385009766,51.75589907014063,50.6895000061351,51.75589907014063,8780127
2017-12-05,51.784339904785156,51.91230584157494,50.149193566226444,50.9027805127192,11439243
2017-12-04,51.25823974609375,52.75119821689639,50.561526660890166,52.6090106110705,11866296
2017-12-01,52.46683120727539,53.71807314424039,52.26776984210407,53.12088904872643,10760892
2017-11-30,52.836517333984375,53.632759544337,52.623237531241585,53.46213505126447,16002063
2017-11-29,53.74650573730469,54.997747574631674,53.177758560049355,53.24885073680955,26750220
2017-11-28,53.049800872802734,54.03088608187837,52.90761324283002,54.03088608187837,20069670
2017-11-27,52.97869873046875,53.31994769748922,51.784333854679794,52.58057602040866,7129203
2017-11-24,52.50947570800781,53.87446811026405,52.35306968448443,53.53321919610228,11278188
2017-11-23,53.20619583129883,53.43369405303536,51.798551194502416,51.798551194502416,31021161
2017-11-22,51.28667449951172,51.613705003095646,50.50465083572552,50.518869270282124,9406272
2017-11-21,50.461997985839844,51.25824012290101,50.36246568471268,51.21558481715704,9066429
2017-11-20,51.116058349609375,51.258245972707556,50.54731436599983,50.81746792093394,6510531
2017-11-17,50.81746292114258,51.898080288951626,50.64683844109035,51.471520716016705,10201404
2017-11-16,51.116058349609375,51.32933815706085,50.33403455854836,50.34825299541902,9771558
2017-11-15,50.17763137817383,50.78903396187412,49.52357348141366,49.85060405698964,9654879
2017-11-14,49.89324951171875,50.902771405566476,49.62309274026914,50.902771405566476,9238092
2017-11-13,50.8885498046875,52.026040723309,50.732143786379936,51.89807157116814,6147795
2017-11-10,51.74167251586914,52.60900675929231,51.48573419324288,52.38151181365289,5964225
2017-11-09,52.40995788574219,52.609015998133934,50.874340697873656,51.01652831825928,8723295
2017-11-08,50.831687927246094,51.89808699742882,50.39090986186334,51.74168418702259,9024780
2017-11-07,51.343563079833984,53.31995521877199,50.44778522864518,52.89339557702181,13384689
2017-11-06,52.50947570800781,52.751192332876215,51.258234028602445,52.02604245827101,9703422
2017-11-03,52.0402717590332,52.8649540951444,51.841210393268724,52.8649540951444,7825704
2017-11-02,52.68010711669922,53.07822981762685,52.38151671819913,52.96447907976555,8766645
2017-11-01,52.836517333984375,53.17776306573792,52.523705220952806,52.87917264365463,14100363
2017-10-31,52.495269775390625,54.71337848247804,51.54261822822438,52.89339251858921,75144498
2017-10-30,49.907470703125,50.26293484908011,49.21075759248601,49.35294194911153,7391871
2017-10-27,49.01169204711914,49.4666884581901,48.585132504941235,48.88372288270936,5783406
2017-10-26,48.30076217651367,49.42403813737501,48.13013769156335,48.74154019757371,10685091
2017-10-25,48.74154281616211,50.29137844546687,48.18701727827146,50.163409261281274,8386635
2017-10-24,49.765281677246094,49.978561460512,49.21075619338949,49.48090971768864,4764408
2017-10-23,49.566226959228516,50.021223457137374,49.139667335640006,49.424042587626786,8494290
2017-10-19,48.99747848510742,49.43825650556395,48.78419869280938,49.43825650556395,1513617
2017-10-18,49.097007751464844,49.48091203016335,48.34341762999063,48.59935598538389,10262934
2017-10-17,48.58513641357422,48.79841620182135,48.34341649975501,48.79841620182135,3679266
2017-10-16,48.82685089111328,49.068567539739774,47.973731776247455,48.642007982306865,8306547
2017-10-13,48.627784729003906,49.02590737707827,47.94529015561535,48.32919437014355,7833861
2017-10-12,48.1585807800293,48.343420457837965,47.13483706174653,47.2059292455191,17344374
2017-10-11,47.17748260498047,47.604042128089496,47.04951670068229,47.29123332985862,11937174
2017-10-10,46.992637634277344,47.46185243808284,46.83623486926935,47.46185243808284,6092373
2017-10-09,47.29123306274414,47.54716812428578,46.822014986461774,47.490291134972516,8180193
2017-10-06,47.2628059387207,47.874205223960864,46.72249558239796,46.9215569500546,14234925
2017-10-05,46.56608963012695,47.163273734448566,46.4807790099631,47.09218155097869,5632314
2017-10-04,46.77936553955078,46.992645326591884,46.36702440097857,46.750928668530804,7194519
2017-10-03,46.49500274658203,46.83625177491922,45.57078798416545,46.637187129729256,12084912
2017-09-29,46.295936584472656,47.37655405698153,46.05421990364204,46.58030857585133,11087949
2017-09-28,46.509212493896484,47.36233165092839,46.09687135103831,47.20592560430152,16193742
2017-09-27,45.71943664550781,47.72297364747115,45.52554649280035,47.335193342056236,13886829
2017-09-26,47.192989349365234,47.541993455872664,46.650095157372775,46.80520917839518,11293223
2017-09-25,46.79228973388672,47.16714352127695,45.00849612461333,46.79228973388672,15014148
2017-09-22,46.76643371582031,48.49852469717426,46.53376429229651,48.49852469717426,7359891
2017-09-21,48.65364456176758,49.86869107895372,48.43390155259285,49.76528279548274,7126359
2017-09-20,49.49383544921875,49.81698672996481,49.14483128495912,49.636019799761016,3679826
2017-09-19,49.33871841430664,50.204763924429294,49.18360763140195,49.881612663255034,6527172
2017-09-18,49.85575866699219,50.21768924299868,49.144827210055084,49.53260741304061,8670192
2017-09-15,49.14482879638672,49.312866021933566,48.34341222878612,49.09312303197784,13158420
2017-09-14,49.170684814453125,50.6054743068292,48.78290131982863,50.37280486093275,21851544
2017-09-13,50.372806549072266,51.48444804810244,50.140140349769716,51.174223194641044,19274115
2017-09-12,51.07080841064453,51.18714312268617,49.84283234104537,49.97209349380175,20454624
2017-09-11,49.636024475097656,49.765285650449734,48.73120275641605,48.98972185272873,9218018
2017-09-08,48.64071273803711,50.4632855665623,48.44681938038857,50.334024412926915,10831124
2017-09-07,50.16599655151367,50.91570752585043,50.02381217571323,50.07551469753382,7797820
2017-09-06,50.0238037109375,50.54084511361106,49.170684582928324,49.170684582928324,7678727
2017-09-05,49.739437103271484,49.93333051040867,49.40335931979661,49.558473394628,4331424
2017-09-04,49.558467864990234,50.23062335694218,49.08020575854122,50.12721507005661,9781609
2017-09-01,50.14013671875,50.30817394847602,49.19653252994805,49.32579368979404,10242157
2017-08-31,49.11898422241211,50.33403409323932,48.86046511981352,50.07551173624916,19380999
2017-08-30,49.59724044799805,49.972094216583294,48.188300696796034,48.188300696796034,16054206
2017-08-29,47.86515426635742,49.06727759319186,47.59370548881838,48.472677523681895,9450404
2017-08-28,48.82168197631836,49.455058121638324,48.65364473547482,49.18361259695462,14316997
2017-08-24,48.58900833129883,48.96386536186733,47.34810903229488,47.541999140965366,21204341
2017-08-23,47.32225799560547,47.43859271622319,46.06843220653697,46.456212439001945,10218766
2017-08-22,46.06843566894531,47.03788957736106,45.796986882305376,46.50792170111176,7591950
2017-08-21,46.30110168457031,48.26585898618315,46.02965291811617,47.296405149859076,19677741
2017-08-18,47.18007278442383,47.95563654307821,46.5337701946104,47.14129671184546,13600478
2017-08-17,47.348106384277344,47.800518782133956,45.150676597197126,45.20238235895941,26626620
2017-08-16,45.318721771240234,46.06843261385466,45.04727300260179,45.784057403434275,6269561
2017-08-14,45.5643196105957,46.00380566385677,44.129529970259,44.53023669374119,5945438
2017-08-11,43.97441864013672,44.295587442021784,41.39222108484967,43.357775316779644,12930030
2017-08-10,43.871646881103516,45.83719797395541,43.67894623750986,45.83719797395541,12330222
2017-08-09,46.05558395385742,46.8906220701917,45.73441519877304,46.50522085786067,7223907
2017-08-08,46.72361755371094,47.22463979606755,46.068432879784616,46.63369081630598,10737771
2017-08-07,46.71076965332031,46.86493208237661,45.991352531384074,46.11982068319338,5944758
2017-08-04,45.97850036621094,46.351054407860666,45.708716953462606,46.09412136675661,8845141
2017-08-03,46.4024543762207,46.76216460360016,46.184059458602114,46.74931746321953,7276546
2017-08-02,46.77499771118164,47.00623971579684,46.505217528747465,47.00623971579684,14308899
2017-08-01,46.49237060546875,48.175293863749594,46.196896146844125,47.520109259130635,29153430
2017-07-31,45.92711639404297,46.06843168310892,45.37470884512961,45.9785049480399,16658911
2017-07-28,45.70872116088867,45.96565746006865,45.079230785765866,45.59310338412582,6569801
2017-07-27,45.59309768676758,46.119814123284506,45.27192897013896,45.4646295532311,37764926
2017-07-26,45.09208679199219,45.23340210777485,44.269895648004805,44.359822400075146,13393868
2017-07-25,44.35981750488281,44.56536526819706,43.92302769923357,44.51397994458143,9441366
2017-07-24,44.35981750488281,44.68098628936456,44.06434299942181,44.25704362322569,7285782
2017-07-21,44.0643310546875,44.591047459703894,43.55046178569894,44.3598054800528,7562362
2017-07-20,44.33412551879883,44.82230390773788,43.92302997090869,44.70668288059053,10397821
2017-07-19,44.61673355102539,44.860819387524806,44.19279107753899,44.70666025230669,4820290
2017-07-18,44.629600524902344,45.323323410628944,44.19281072356767,44.963616445595086,10553010
2017-07-17,44.93791580200195,45.20769598756676,44.55251137836246,44.56535851592631,5949296
2017-07-14,44.51396942138672,45.20769214996835,44.308421706664376,44.66812859021593,14834658
2017-07-13,44.475433349609375,44.603901495334995,44.03864359479755,44.26988561021857,8588639
2017-07-12,43.79456329345703,44.21850596463424,43.499085550058574,44.141423126655916,6511470
2017-07-11,43.96156692504883,45.02784710696725,43.73032489424773,44.668136921896014,17347773
2017-07-10,44.372657775878906,44.74521506073341,43.93586803784104,44.17995718190346,2278960
2017-07-07,43.73033142089844,44.167121269951345,43.19076767997579,44.012958814933654,10662973
2017-07-06,44.19281005859375,44.552517018215056,43.67894066311632,43.93587374364215,17489016
2017-07-05,43.57615661621094,43.717468645478185,41.76476539829652,41.95746597233369,14784669
2017-07-04,41.98316192626953,42.18870964473198,41.75191993439299,41.77761420780708,10296468
2017-07-03,41.72622299194336,42.08593309345621,41.37936002631578,41.816149708715336,10894996
2017-06-30,41.50783157348633,41.80330601993768,40.67279354748567,41.16096857925637,8591533
2017-06-29,41.109588623046875,41.751926147433586,40.891193735378366,41.27659495624014,7076104
2017-06-28,41.04534912109375,41.623454133166,40.492941618300115,41.05819625852039,11784554
2017-06-27,41.25090026855469,42.586960519325245,40.53147997602212,42.57411338184159,9581484
2017-06-23,42.47134017944336,43.06228910636504,41.75192311010488,43.06228910636504,9145884
2017-06-22,42.75396728515625,43.666088180637736,42.45849282321628,43.666088180637736,9751797
2017-06-21,43.499088287353516,43.7817189088742,43.04945454298171,43.16507233837296,7135689
2017-06-20,43.126529693603516,43.61470480892951,43.049450093168,43.61470480892951,6717635
2017-06-19,43.332061767578125,43.93585768223428,43.11366695003448,43.93585768223428,12413695
2017-06-16,43.61470413208008,43.730325148151934,42.95951945248143,42.95951945248143,22207561
2017-06-15,42.8952751159668,43.53761247878025,42.54841216378558,42.65118601245874,19151632
2017-06-14,42.65119171142578,43.267838120284615,42.419952946832126,42.419952946832126,17473391
2017-06-13,42.407108306884766,43.01090437976922,42.35571975544331,42.63834708509499,13319423
2017-06-12,42.548423767089844,43.60185681187576,42.41995884703357,43.396309058474884,13142731
2017-06-09,43.22929382324219,43.73031596472106,43.062284286465875,43.53761538987726,12007531
2017-06-08,43.511924743652344,44.424045617752164,43.43484515417605,44.3983513431183,10178609
2017-06-07,44.07719039916992,44.29558530328398,43.51193242950545,43.781715891964396,6827393
2017-06-06,43.46053695678711,44.372654544580634,43.33206882535031,43.84593811667238,10209972
2017-06-05,43.69178009033203,44.42404425393967,43.62754440571939,44.398349980094615,8791081
2017-06-02,44.218502044677734,44.976457342198266,44.10288103238591,44.706677136467746,9192975
2017-06-01,44.372657775878906,45.46463212097357,44.244189635086826,44.552511232332606,14179136
2017-05-31,44.35981750488281,44.9379226107203,43.82025381757645,44.17996402058931,13470012
2017-05-30,43.71746826171875,44.65528008571238,43.52476768937314,44.59104763973884,12844893
2017-05-29,44.33412551879883,45.29763192207609,43.974418531607974,45.2205523154532,8203582
2017-05-26,44.95076370239258,45.06638470800401,43.80740078406016,44.19280521424006,16167171
2017-05-25,44.19281005859375,44.60390557497569,42.9081349526873,43.434851487354884,13634989
2017-05-24,42.85674285888672,44.6167490318696,42.52273020521236,44.192806411286206,9802204
2017-05-23,44.20565414428711,45.34901387455026,43.743170103090534,45.20769858764562,6969454
2017-05-22,45.13062286376953,46.37675657292823,44.87368654452456,46.11982348810909,6467049
2017-05-19,44.73237609863281,45.567414314757364,43.93587606769149,45.22055124155263,9595324
2017-05-18,44.95076370239258,46.11981766186332,44.84798983456302,45.73441323168342,9948081
2017-05-17,46.26113510131836,47.13471469691632,46.119823038095724,47.006246538547366,6199492
2017-05-16,46.916324615478516,47.044792787038844,46.09413349257424,46.24829271090572,5923694
2017-05-15,46.235443115234375,46.49237619231202,45.93996538667777,46.248287019826385,5182042
2017-05-12,46.0941276550293,46.83923907440395,45.59310540726423,46.83923907440395,7175988
2017-05-11,46.69792556762695,48.02114211924604,46.51807208399118,47.725664380439746,15243901
2017-05-10,47.263179779052734,47.532959983085064,46.35105882498383,46.35105882498383,8149076
2017-05-09,46.569461822509766,46.78785674524099,46.26114014943501,46.46668793148485,5079927
2017-05-08,46.466670989990234,46.94200208419371,46.119811255760645,46.119811255760645,6032136
2017-05-05,46.119815826416016,46.72361187158199,45.939959139053045,46.261127867541916,11472865
2017-05-04,46.69792556762695,46.83924086729841,45.55456573406949,46.00420267758478,8101486
2017-05-03,45.95281982421875,47.263189399041,45.7087306129653,47.1732626460598,11362962
2017-05-02,47.04478454589844,47.35310616297684,46.58230050306805,46.58230050306805,8068744
2017-04-28,47.00624465942383,47.40449302346399,46.37675426644884,46.60799629538367,14299025
2017-04-27,46.132667541503906,46.646540181647055,45.96566119755548,46.58230448441624,9521120
2017-04-26,46.1968994140625,46.659383458131636,45.52886762472388,46.36390574418437,10616304
2017-04-25,46.312522888183594,46.99339861769115,46.09412799291636,46.94201329585366,10220826
2017-04-24,46.69792556762695,47.083330048251135,46.376756784319724,46.63369310473585,8938535
2017-04-21,46.37675857543945,46.98055474698299,46.11982547952615,46.27398469018894,17237962
2017-04-20,45.76011657714844,46.89062934734728,45.477489193205244,46.286833158476156,25164770
2017-04-19,45.91427230834961,46.83923716680508,44.71952401132864,44.7709093306967,42584797
2017-04-18,44.167110443115234,45.580253535735054,43.83309456781053,44.26988430979166,12658522
2017-04-17,43.96156692504883,44.4497420299645,43.563318557794545,43.678939573195095,8772819
2017-04-13,43.66609191894531,44.95076697763255,43.2935345994017,44.95076697763255,14012512
2017-04-12,44.87368392944336,45.73441634399996,43.93587191737553,45.70872206668767,13919162
2017-04-11,45.37471008300781,45.734417033097145,44.44974196123365,44.44974196123365,28558572
2017-04-10,44.167110443115234,44.55251163454547,42.689734896732176,43.06228895052468,26679721
2017-04-07,43.075130462646484,43.499073011623935,42.1373186473971,42.38140776178563,24437493
2017-04-06,42.522727966308594,42.85674060239654,41.23805303406917,41.58491280761056,32088790
2017-04-05,41.456451416015625,41.59776347113116,41.1609736983909,41.2380565296455,14952531
2017-04-03,41.083900451660156,41.46930172979991,40.64711061140785,40.904046953118424,16554813
2017-03-31,40.27455139160156,40.505793423075716,39.362430404611914,39.56797815827212,17963398
2017-03-30,39.42666244506836,40.46724825583446,39.323888577763384,40.107538103054324,24407532
2017-03-29,39.991920471191406,40.82696185220535,39.83776127444393,40.82696185220535,10068646
2017-03-28,40.46725082397461,40.978200473360936,40.28841603465329,40.620534110766435,12604670
2017-03-27,40.569435119628906,40.87600486668475,39.483665255442986,39.72636751121342,15834465
2017-03-24,39.7391471862793,40.28841604954249,39.62418311311887,40.25009683585445,6134990
2017-03-23,40.160675048828125,40.288410030101076,39.27928502496829,39.534761419609524,10892574
2017-03-22,39.29207229614258,40.467258315306594,39.16433405613695,40.416161732884845,20921224
2017-03-21,40.748268127441406,41.61688404989911,40.08403204367401,41.514694130553956,14300866
2017-03-20,41.514705657958984,41.69353726245729,40.735505296561435,41.29755161704731,11478343
2017-03-17,41.284767150878906,42.53659450152263,41.08038730653087,42.39608215251539,20305566
2017-03-16,42.19169998168945,42.48549880578142,40.3650556255572,40.72271872542054,30188881
2017-03-15,40.10063552856445,40.66778871771404,39.98694825014563,40.23476078871882,12442188
2017-03-14,40.15813446044922,40.71124020922051,40.00740467766015,40.62054441242025,16393608
2017-03-10,40.04954528808594,40.18367056941219,39.59863284787707,39.85410926792252,23827617
2017-03-09,39.712318420410156,39.85155077989706,38.730015197788475,38.89990614141112,27252786
2017-03-08,38.866695404052734,39.16815485096749,38.57800688254229,39.13621949733747,8635242
2017-03-07,39.10045623779297,39.373813876759364,38.94461620495226,39.34315529217776,11109087
2017-03-06,39.09024429321289,39.18605038121449,38.31615425770995,38.31871101635249,15495249
2017-03-03,38.188411712646484,38.54735482692675,37.971257721405266,38.321257006272276,16429677
2017-03-02,38.40812301635742,39.13111640007278,38.321260768124404,38.874366400982304,12683550
2017-03-01,38.86158752441406,38.95866714623783,38.73640286001698,38.75556407338828,13325367
2017-02-28,38.71980285644531,38.92929302450429,38.58567756347337,38.58695433463534,25550052
2017-02-27,38.526920318603516,38.83093660236213,38.275280601233625,38.54863829433869,77749914
2017-02-23,38.46049880981445,39.44279901350937,38.33531412220678,38.525643088097844,44609301
2017-02-22,38.590789794921875,39.034038453438384,38.50520431416061,38.67892881813484,42311049
2017-02-21,39.85666275024414,40.10958241176003,39.21797491713647,39.34315636882123,11338899
2017-02-20,39.23714065551758,39.46962235891025,38.85903628266911,39.03659109622885,11227029
2017-02-17,39.02892303466797,39.51943467655955,38.86031206980374,39.19370368635692,7979565
2017-02-16,38.9957160949707,39.164330298315676,38.78111883111672,39.057030058364475,12281841
2017-02-15,38.94844436645508,39.414687668207335,38.85775182083025,38.90246131619466,23131218
2017-02-14,38.57416915893555,39.43001081476991,38.502637833840225,39.16431706318505,18594774
2017-02-13,39.00082015991211,39.626733838149356,38.759397874672445,39.598632011426595,7557297
2017-02-10,39.44279479980469,40.07892912385104,39.37509377020155,39.96651859286827,6972207
2017-02-09,39.96524429321289,40.39699556798579,39.72765228935143,40.285865017294334,11168817
2017-02-08,39.993343353271484,40.570717257280556,39.510495535781224,40.26287069856549,13352130
2017-02-07,39.98312759399414,40.17089978751198,39.34315971928955,39.34315971928955,18650082
2017-02-06,39.26523971557617,39.99206659223058,39.16560332856011,39.585860417528316,11405427
2017-02-03,39.454288482666016,40.095529831213454,39.21925005770617,39.496441221824895,15787497
2017-02-02,39.48877716064453,40.3497292453246,39.37508986980782,39.95502047894045,16414002
2017-02-01,39.992069244384766,40.127212320546654,39.34950567799271,39.51524549069858,25770492
2017-01-31,39.267906188964844,40.40897313181108,39.1659117191464,40.38857423784739,47114397
2017-01-30,40.412803649902344,41.43530040656287,40.183315247570846,40.542846221917564,63852426
2017-01-27,39.289581298828125,40.01884093099913,38.64063970089343,38.681437487447006,23096865
2017-01-25,38.616416931152344,39.08941445254535,38.50039521903509,39.038418825476406,12168948
2017-01-24,38.75666046142578,39.10981652245241,38.56796988515953,38.96192373511417,11601744
2017-01-23,38.61259841918945,38.757939355653434,37.54930391382547,37.737994512317016,14906034
2017-01-20,37.60794448852539,38.19823805140925,37.12602024437541,37.91647653874254,10197726
2017-01-19,37.99296951293945,38.80892511238394,37.795352256921355,38.63043241758335,13663023
2017-01-18,38.55266571044922,38.97849377196356,38.31170521021359,38.62278910641218,11967153
2017-01-17,38.62278747558594,39.3749945577107,38.42644454309721,39.316349753620834,6088005
2017-01-16,39.00273132324219,39.22966785878264,38.51443210265887,38.978506227643614,8161494
2017-01-13,38.97849655151367,39.701381313665706,38.75793171704501,39.65038568649797,10845780
2017-01-12,39.545841217041016,39.98824523576238,39.01164699103247,39.04989291073546,23395680
2017-01-11,38.95299530029297,39.482092160459054,38.727333160652265,39.344400442698145,28558068
2017-01-10,38.54629898071289,38.961926079185304,37.310889857317775,37.45623399530369,45535479
2017-01-09,37.08012771606445,38.375459217211095,35.726151395094526,36.112452880112215,31377258
2017-01-06,35.99515914916992,36.91948430229628,35.912289238042156,36.5994768297018,16340709
2017-01-05,36.507686614990234,37.022759574221055,36.26162551819745,36.71805044398709,7328706
2017-01-04,36.5191535949707,36.98067573146817,36.33556035164155,36.565048695906434,18360375
2017-01-03,36.288387298583984,36.348309646780265,34.850263781459326,34.98413251573862,20316219
2017-01-02,34.81838607788086,35.31560858335688,34.499653044135535,35.31560858335688,8992995
2016-12-30,35.06190490722656,35.532353758117935,34.90763728141742,35.123101584006655,12502347
2016-12-29,34.87321472167969,35.185572963347,34.4486609664425,34.832416936726375,15370938
2016-12-28,34.65266418457031,35.31563006846679,34.448675175663375,35.18813613542549,6700254
2016-12-27,34.98795700073242,35.21361913469461,33.91828792753829,34.67814743366991,9690318
2016-12-26,34.581260681152344,35.51960987912702,34.310974511870164,35.44311482307073,6534099
2016-12-23,35.3143424987793,35.95308304405783,35.0657295830549,35.70447012833343,9659529
2016-12-22,35.55147933959961,36.05252814817844,34.98413332680291,36.02957738754333,11355597
2016-12-21,36.05125427246094,36.59054900571723,35.736344153415395,36.20551869473083,7208388
2016-12-20,36.00535583496094,36.995978080800704,35.90208383095788,36.899084141384535,7061934
2016-12-19,36.706573486328125,37.553129292794075,36.55230582904309,37.10052737409861,10815618
2016-12-16,36.84425354003906,37.09924126932879,36.5229718258426,36.94752231854191,6757773
2016-12-15,36.69890594482422,37.29429984066181,35.74908180217368,35.74908180217368,11336952
2016-12-14,36.33173751831055,37.94197571186622,36.23356604167412,37.66914092337739,11504262
2016-12-13,37.57606506347656,38.60493628591057,37.44474821203388,38.247954105526915,10120506
2016-12-12,38.39457702636719,38.88542477319406,37.908826595221115,38.247958582820615,10948938
2016-12-09,38.46597671508789,38.73243989108613,37.9305049148054,38.34995819951466,15616491
2016-12-08,37.74436569213867,38.38820681488153,37.280291636092855,37.924129548938794,15582831
2016-12-07,37.189762115478516,37.609215313133966,36.974301036929255,37.40395207509706,14647974
2016-12-06,37.146419525146484,37.661492376748136,36.590548887475336,36.82003723659045,19838346
2016-12-05,36.500030517578125,36.66704465200428,36.18384606439869,36.429907114593874,7455624
2016-12-02,36.18385314941406,37.10052920446258,36.01301278468762,36.60203215164677,10175220
2016-12-01,36.562496185302734,37.154064008471856,36.327907340132384,36.695087368306325,17914479
2016-11-30,36.69380569458008,36.84552140887129,35.8485278436782,35.88422509235338,21258600
2016-11-29,35.88423156738281,36.386554636143494,35.38063416984943,35.69426670315764,29433657
2016-11-28,35.31816864013672,35.57060454238087,33.12273414721166,33.12273414721166,27132633
2016-11-25,33.26935577392578,33.68880909919171,33.06409247344153,33.438921806912184,6715170
2016-11-24,33.1099967956543,33.50522509788723,32.6943695925971,32.74026471202831,9225579
2016-11-23,32.99779510498047,33.44019594075232,32.67651010052496,33.377721716621345,13912536
2016-11-22,33.15333557128906,33.36752235460917,32.50821693358454,32.76575337309687,7614024
2016-11-21,32.591087341308594,33.50521130382171,32.319523675371606,33.349669347835935,7109982
2016-11-18,33.349666595458984,33.632702408222585,33.164802249960424,33.3330939010603,8050416
2016-11-17,33.52433395385742,33.785696553715326,32.74024936418007,33.06025998012664,5736522
2016-11-16,33.31015396118164,33.758929660023654,32.69946142823128,33.3522260810924,7524561
2016-11-15,32.875404357910156,33.59319200915943,32.30806139300585,33.59191767984839,7809153
2016-11-11,33.2017822265625,34.63480532734044,33.12655829593204,34.344120286420285,6715071
2016-11-10,34.76485061645508,35.28884704488409,33.51669179159574,33.556215253549915,10143276
2016-11-09,33.241302490234375,33.4899154143979,30.70546478731219,32.357775196053026,11724603
2016-11-08,33.64034652709961,33.86218563424198,33.34583858942959,33.34583858942959,5196807
2016-11-07,33.19923400878906,33.75510473186389,33.11763842411375,33.42872239316265,5020323
2016-11-04,33.144405364990234,33.62250660250464,32.796349872488506,33.47716249098333,10960587
2016-11-03,33.284645080566406,33.76784357746439,33.17627577892178,33.224722740496446,9568119
2016-11-02,33.19540786743164,33.55621310851913,33.14186036883888,33.55621310851913,6853242
2016-11-01,33.91828918457031,34.2625216929643,33.6582041123952,33.913188659063856,16200723
2016-10-28,33.1788215637207,33.84943620513021,32.741521408770154,33.148224836910494,41732625
2016-10-27,32.11298751831055,32.3577742382859,31.925574491396294,31.925574491396294,5722596
2016-10-26,32.11426544189453,32.38327728214154,32.00462177920338,32.33865329365473,2585253
2016-10-25,32.338653564453125,32.48527203224051,32.128289751047824,32.357778131107615,2114409
2016-10-24,32.3463020324707,32.63825818367951,32.235380843298344,32.4559456827702,3416358
2016-10-21,32.23283386230469,32.63571122364612,32.06454218127458,32.534991080836555,3518658
2016-10-20,32.533714294433594,32.668857360666955,32.38709584789088,32.434268488177935,5921520
2016-10-19,32.44830322265625,32.877954400152575,32.3259066275429,32.76575885875589,10091697
2016-10-18,32.68287658691406,32.75937162128853,32.007161355233954,32.306773058834835,13391037
2016-10-17,32.24940490722656,32.636983880405275,32.20478413364457,32.634435222450875,9585906
2016-10-14,32.370521545410156,32.506938933820045,31.648911148609038,31.822300124108157,11869308
2016-10-13,31.722858428955078,32.08876416312207,31.619586428171218,32.08876416312207,6919506
2016-10-10,31.97528648376465,32.51075808032539,31.949787072048487,32.50820621321633,5917692
2016-10-07,32.32207107543945,32.541358336234815,32.13210621536084,32.43936388820254,5227035
2016-10-06,32.43809509277344,32.778501420529416,32.27235529016001,32.485267733653615,11703417
2016-10-05,32.45849609375,32.60511455165778,32.30678031966214,32.60511455165778,11828124
2016-10-04,32.378177642822266,32.70838617895962,32.19586190641654,32.70838617895962,5913831
2016-10-03,32.45722579956055,32.638264003776634,31.74071253812234,31.74071253812234,8482584
2016-09-30,31.73943519592285,31.98549626512819,31.421976389233205,31.71138711652089,12572670
2016-09-29,31.421974182128906,33.12273474280469,31.267706546357058,32.753002790528775,56855667
2016-09-28,32.66248321533203,32.84225026786375,32.56176307794291,32.84225026786375,13159707
2016-09-27,32.630615234375,32.74281077395978,32.33100663227206,32.33100663227206,28611264
2016-09-26,32.25959396362305,32.51075544491767,31.87201513455933,31.949784482114556,26825238
2016-09-23,32.162715911865234,32.510771469508846,32.01354557584991,32.12828976593297,26270244
2016-09-22,32.035213470458984,32.12318388574087,31.771302224613315,32.10278499538415,12518682
2016-09-21,31.752182006835938,32.000794921399056,31.497194237545727,31.7203077332005,12498651
2016-09-20,31.56604766845703,31.96509886393952,31.427078384138312,31.669316477416743,14822676
2016-09-19,31.504844665527344,31.618311294776287,31.13511274411403,31.184834039965853,11196603
2016-09-16,30.901796340942383,31.465316037570506,30.741153890128963,31.28554902691322,11109549
2016-09-15,31.08922004699707,31.18483966930176,30.419882690864263,30.593271698149916,12278871
2016-09-14,30.400760650634766,30.70036925340562,30.34338694654616,30.70036925340562,4491300
2016-09-12,30.5958194732666,31.1491382375165,30.116443886858903,30.473426116298242,6735102
2016-09-09,30.88395118713379,31.05734016311923,30.751356785001008,30.751356785001008,5343129
2016-09-08,30.665935516357422,30.936221612244122,30.598363992385746,30.85334851329867,12228117
2016-09-07,30.852079391479492,31.210335961870282,30.728411701420843,31.210335961870282,7576635
2016-09-06,30.936227798461914,31.30213356409698,30.868656260978174,31.104519477656957,3371247
2016-09-02,31.08284568786621,31.43982797076203,30.91710586253066,31.23583901193501,3834435
2016-09-01,31.230735778808594,31.46532466607703,30.999973088516526,31.15424072835234,2819487
2016-08-31,31.11981964111328,31.694811697514165,30.918379346069464,31.203963880616733,5384808
2016-08-30,31.081565856933594,31.251131849561983,31.00761947121103,31.010171338930327,2959242
2016-08-29,30.97829818725586,31.337829077789987,30.85590482919729,31.135114476649864,2505591
2016-08-26,31.08794403076172,31.256235712447836,30.776860087926107,30.830407587094275,3269310
2016-08-25,30.74626350402832,31.404128655782717,30.623870136720377,31.286832604689963,6525288
2016-08-24,31.312335968017578,31.443652865133604,31.068823531793846,31.158068305455956,3262083
2016-08-23,31.123640060424805,31.21926288364846,30.91455059812317,31.195037793119127,4007025
2016-08-22,31.169536590576172,31.54181718071556,31.10961424207582,31.337828255967477,3929574
2016-08-19,31.353126525878906,31.61321160165418,31.24093422256272,31.36332757703303,2686464
2016-08-18,31.260055541992188,31.68205738434715,31.149134369210632,31.414319943042905,3674847
2016-08-17,31.260055541992188,31.46040053335732,31.0534102140975,31.198314781902436,4400286
2016-08-16,31.14287757873535,31.321802731578305,30.695569455191272,31.019396033208512,4589079
2016-08-12,30.965213775634766,31.047114991634857,30.507823861172312,30.61870472655695,3440019
2016-08-11,30.52041244506836,31.087423567244883,30.279746624565952,31.044583826659032,7988772
2016-08-10,31.04459571838379,31.425122144008796,30.996715056925197,31.299121739065285,5608812
2016-08-09,31.290298461914062,31.651927037044395,31.210919287693617,31.37220284685625,8674182
2016-08-08,31.307933807373047,31.551118530684082,30.921103960048242,31.248711917463837,15772878
2016-08-05,31.736343383789062,31.929128587527945,31.16303184816802,31.208390460033392,14064567
2016-08-04,31.02065658569336,31.369684527596814,30.92111378240084,31.344486347771696,4116882
