Price,Close,High,Low,Open,Volume
Ticker,HDFCBANK.NS,HDFCBANK.NS,HDFCBANK.NS,HDFCBANK.NS,HDFCBANK.NS
Date,,,,,
2026-08-04,742.0,753.2000122070312,738.0,753.2000122070312,31451381
2026-08-03,753.0,756.8499755859375,750.0499877929688,753.0499877929688,14827841
2026-07-31,748.1500244140625,757.5499877929688,747.2000122070312,753.9500122070312,25522483
2026-07-30,753.9500122070312,757.9000244140625,745.5,752.7999877929688,35844392
2026-07-29,748.2000122070312,751.25,740.7999877929688,743.0,20460659
2026-07-28,735.4000244140625,740.25,732.0,732.0,33886037
2026-07-27,739.5499877929688,747.9500122070312,738.0999755859375,746.0999755859375,29678752
2026-07-24,742.7999877929688,748.25,737.25,738.5,23837859
2026-07-23,747.25,751.0,743.25,749.4000244140625,32532090
2026-07-22,753.1500244140625,761.3499755859375,750.3499755859375,760.25,23385446
2026-07-21,761.4500122070312,772.5,760.0999755859375,769.1500244140625,42246009
2026-07-20,777.5999755859375,790.0,774.5499877929688,790.0,56061789
2026-07-17,819.5999755859375,823.7000122070312,808.5,810.0,17415322
2026-07-16,808.2999877929688,818.0,806.5,814.5,18698186
2026-07-15,815.4500122070312,819.7000122070312,809.7000122070312,811.0,21488739
2026-07-14,809.4000244140625,818.4000244140625,807.0,811.4000244140625,25605395
2026-07-13,817.9500122070312,821.9500122070312,811.0,817.0,21741736
2026-07-10,824.9500122070312,827.7000122070312,820.2999877929688,824.0,23595785
2026-07-09,817.5499877929688,822.8499755859375,812.2999877929688,813.0,39891798
2026-07-08,810.2999877929688,834.3499755859375,806.9500122070312,825.9000244140625,38754632
2026-07-07,829.2999877929688,843.0,826.0999755859375,843.0,57611729
2026-07-06,829.8499755859375,831.5,805.0,805.0,63203327
2026-07-03,801.0499877929688,807.0,798.5499877929688,803.0,25871958
2026-07-02,795.9000244140625,805.4500122070312,794.0,795.0,34143823
2026-07-01,796.1500244140625,802.25,793.5,793.5,26094378
2026-06-30,797.9500122070312,806.0999755859375,792.75,806.0999755859375,45778356
2026-06-29,798.9000244140625,805.9000244140625,793.2999877929688,800.0,46695977
2026-06-26,796.2999877929688,796.2999877929688,796.2999877929688,796.2999877929688,0
2026-06-25,796.2999877929688,804.4500122070312,794.75,798.5,46707966
2026-06-24,793.2000122070312,794.9000244140625,772.6500244140625,773.0,34701292
2026-06-23,774.6500244140625,790.9000244140625,772.5499877929688,783.0499877929688,28289062
2026-06-22,786.4000244140625,789.9000244140625,783.0999755859375,789.9000244140625,25194765
2026-06-19,779.7999877929688,789.0499877929688,776.2000122070312,788.7000122070312,33798761
2026-06-18,786.0,789.8857441736253,773.4082723338255,773.7033792240301,41492071
2026-06-17,774.2935791015625,781.376444549763,770.3586605239058,774.8346784396643,32405604
2026-06-16,772.1294555664062,774.8838866823837,766.7681167622869,767.8010209255166,27820970
2026-06-15,764.7022094726562,780.5894671305239,762.980682607529,777.1464134002696,39990334
2026-06-12,759.8819580078125,761.8494172504803,740.8467538097462,742.4207572291352,36088159
2026-06-11,732.485107421875,743.699649970007,728.0583237911012,730.9111639255492,32632007
2026-06-10,734.698486328125,743.6504624272108,724.418559222074,724.5169081730804,44458159
2026-06-09,726.3367919921875,731.8457142768752,720.3852393810432,727.4189306755471,38539563
2026-06-08,726.6319580078125,729.4355636015806,722.5494557860566,725.9925096938186,21550700
2026-06-05,734.8952026367188,746.355676758121,732.5342875674706,741.6829610502508,22116568
2026-06-04,741.9288940429688,744.9784318589446,732.8785694984622,736.9610714527732,42673538
2026-06-03,741.3878784179688,744.5849997963322,730.5176176978582,732.3375535846441,36109480
2026-06-02,736.0757446289062,741.3386744827858,721.2214502442791,725.0087855549667,47314447
2026-06-01,730.6160278320312,740.1089829912345,727.1729740345589,736.8135126590627,47996441
2026-05-29,732.4359130859375,748.1264133157719,725.7465633447872,733.9115075895189,101299431
2026-05-28,746.3065185546875,746.3065185546875,746.3065185546875,746.3065185546875,0
2026-05-27,746.3065185546875,761.3083956280444,744.584991677417,756.9799611769273,63680153
2026-05-26,766.22705078125,777.9825721015808,764.1120080103449,771.2932224692265,31528062
2026-05-25,774.0476684570312,775.0313981291084,762.5872538025895,763.3742255318324,26043952
2026-05-22,754.3239135742188,762.390509033052,746.7984174780529,746.7984174780529,25604071
2026-05-21,746.7984008789062,755.7503168336749,742.8634822100684,754.5206547496631,34664725
2026-05-20,747.1427001953125,749.8479568451309,742.8635000569833,747.2410491475586,24013451
2026-05-19,750.044677734375,758.2587962302428,747.8804605130283,754.2255287138954,40307830
2026-05-18,756.143798828125,761.5050772404568,739.1252283144738,746.6507839481793,29812079
2026-05-15,755.0125122070312,769.1782432932904,752.9467039429112,760.4230253238243,24347873
2026-05-14,757.0291748046875,765.6368096362314,734.846082190099,738.7810009702333,50992358
2026-05-13,737.4037475585938,747.5853858194506,735.1903557682459,739.7647228184694,28960919
2026-05-12,738.2399291992188,747.3394284783378,735.6330216051203,744.2898305325124,43937132
2026-05-11,751.2251586914062,762.2428825536997,749.5036318326614,759.3901026416063,41123422
2026-05-08,768.145263671875,775.9167518274592,764.5546865191014,771.2440360478325,38016841
2026-05-07,783.0979614257812,788.5084744009563,775.7199891869062,781.0813276889071,46137553
2026-05-06,783.58984375,785.9508189360297,760.9148872376333,762.5380651832903,35530831
2026-05-05,759.734375,764.2595672860843,751.2743242683289,761.8002432312857,38887657
2026-05-04,766.7189331054688,773.8017387354295,760.0295232783589,760.0295232783589,29028060
2026-05-01,759.1441650390625,759.1441650390625,759.1441650390625,759.1441650390625,0
2026-04-30,759.1441650390625,766.1286213727735,749.847908057028,757.4718126650201,47998755
2026-04-29,766.3253784179688,777.1464043006358,764.7022005187322,772.7196209849993,25799963
2026-04-28,769.817626953125,781.5732082997206,765.6367759332712,772.2277766082829,35366803
2026-04-27,776.9496459960938,780.0975928052393,772.227755803421,774.6870798664892,18115375
2026-04-24,772.0802001953125,774.7854567622786,764.3579463755373,764.6530532653331,27720358
2026-04-23,771.5883178710938,783.6882404572269,769.7684420568696,779.1138736217773,37677616
2026-04-22,786.8853759765625,799.8213849297669,785.0162656130275,796.8210214869076,23876412
2026-04-21,798.5425415039062,801.6413139109341,782.2618278432276,782.2618278432276,49135752
2026-04-20,782.5077514648438,796.7718311959621,777.146412936798,784.130869340026,52148044
2026-04-17,786.8853759765625,790.8694690755784,775.3757269911107,777.2447773125524,37282544
2026-04-16,782.5077514648438,806.7074765090769,779.3106301457999,804.6908427624061,62861293
2026-04-15,796.72265625,801.5428954413671,790.9186273804953,791.8531825431569,39769515
2026-04-13,781.7699584960938,785.5081191272287,774.5395096022282,778.6220116333144,47549328
2026-04-10,797.1161499023438,799.0344347920734,787.9674758614352,790.9186649096054,38156026
2026-04-09,784.72119140625,805.674621946626,780.1959987742106,801.7397031581198,48879392
2026-04-08,802.82177734375,804.4941298279846,783.0488345582994,786.9837533249241,70269512
2026-04-07,759.4392700195312,761.4067292682865,748.6182441513773,753.5368922732654,51309793
2026-04-06,758.45556640625,760.1770933079504,732.8785952952741,746.6508105088765,42976659
2026-04-02,738.6826171875,742.7158847301245,714.8271732077576,718.1226435138951,49310300
2026-04-01,730.17333984375,743.6012737142313,727.0745673991486,730.9111370884557,78862761
2026-03-30,719.6473999023438,738.7809532430898,714.8271607333363,733.0753333889118,103500135
2026-03-27,743.8963623046875,762.2921184952538,742.2731843894259,760.6197661066401,65485199
2026-03-25,769.5717163085938,781.8683373030494,755.7011518436857,755.7011518436857,59230640
2026-03-24,752.454833984375,760.1770877270425,735.5346719806084,742.7158864237038,61269986
2026-03-23,732.04248046875,756.1930326018271,728.9928823726722,750.7333447737776,72341738
2026-03-20,767.7518310546875,780.8354236248008,765.5384393026802,772.2277890336613,103129469
2026-03-19,785.2130126953125,802.3791069663046,757.4718247668609,757.4718247668609,171637393
2026-03-18,829.333251953125,833.0222380629118,818.0695356894909,831.5958180920426,23507063
2026-03-17,831.5958251953125,835.0881134427475,821.5125964091002,833.907625869114,38826979
2026-03-16,826.9231567382812,830.7597265616207,802.3791489072894,803.7071599773169,52182605
2026-03-13,803.7071533203125,810.3965031755142,798.7885048911796,806.6583423777922,41700464
2026-03-12,819.2008666992188,822.7915039414563,806.7566625998296,806.7566625998296,46107561
2026-03-11,820.38134765625,835.0388833093358,814.1346283989498,831.2515482012323,42261076
2026-03-10,835.629150390625,842.8595391904452,826.923107096334,836.2193641547399,52866024
2026-03-09,827.0215454101562,828.7430723323081,808.1339237415574,811.5769775858611,35592613
2026-03-06,843.10546875,857.5171318697022,841.1871839599715,853.9264946975441,34439647
2026-03-05,863.4686889648438,867.0593261570968,849.4505416361635,859.6321193633155,31324582
2026-03-04,854.5167846679688,864.993469417403,834.202743374385,834.202743374385,39862322
2026-03-02,865.0918579101562,873.3059762779105,857.3695443137591,861.9439110956672,38378924
2026-02-27,873.3060302734375,884.3238147843207,870.6007736322075,883.9794733683615,34620755
2026-02-26,883.9794311523438,897.1614323550999,880.4380284625158,897.1614323550999,41165937
2026-02-25,892.8330078125,901.0963609031212,888.4062243801156,895.7350222932594,27884303
2026-02-24,895.6858520507812,912.8519465614362,894.3578410316289,912.8519465614362,31313985
2026-02-23,908.5726928710938,910.5893867142319,900.3585742006053,901.5882362795462,23270122
2026-02-20,897.0138549804688,902.9162328649714,893.6200357305538,896.1777087970013,22654907
2026-02-19,900.702880859375,914.0816406792112,897.6041683586819,913.8848827326366,21209234
2026-02-18,909.6548461914062,910.4418179261975,904.5886143276533,908.1792516728873,12738702
2026-02-17,910.6385498046875,912.9994649414832,903.6540332583628,907.9824677389611,22599629
2026-02-16,910.7368774414062,914.3766890728148,887.4224732532938,889.1932346170704,18806989
2026-02-13,889.1932373046875,913.097855324917,886.3403973585059,898.1451529282086,50188359
2026-02-12,905.6215209960938,913.4913584500406,903.5557126812706,911.9174149760892,33872203
2026-02-11,912.0157470703125,920.7709650928405,910.2450456843219,916.098249190927,24869804
2026-02-10,917.2295532226562,925.5912552799808,914.8194035624206,914.868578036692,31525385
2026-02-09,922.0006103515625,934.5431633331389,920.1315000080592,929.6245151050697,23947829
2026-02-06,925.7879638671875,932.674071523322,922.3449100391202,929.6245335781572,18120272
2026-02-05,934.248046875,940.4947060438036,931.2968579683982,940.4455315704454,28103169
2026-02-04,937.5927124023438,941.62604002273,932.5265406922532,937.0024986247718,24366770
2026-02-03,933.2643432617188,977.8272849855383,929.6245315003357,967.7440559401642,50336968
2026-02-02,912.9994506835938,914.6718030723491,894.5053455447564,900.1126164754811,28032106
2026-01-30,914.1307983398438,923.6238136980638,912.6552038308206,914.8685955943554,29691233
2026-01-29,920.2791137695312,924.0172745375145,909.310503842987,914.9669494914904,37175628
2026-01-28,917.524658203125,926.1322926560076,913.2946327089841,917.3279002643548,35347138
2026-01-27,911.3272094726562,916.0490999795524,890.2753700750383,891.2590997657288,44753093
2026-01-23,901.1947021484375,911.0319985807623,894.4561781091321,905.0312717738813,30985247
2026-01-22,903.75244140625,913.1962220288154,898.3419283315923,912.9011151422527,44444755
2026-01-21,905.3755493164062,916.9836070913005,900.6044845836736,909.9499161549952,32766854
2026-01-20,916.049072265625,919.2953681382725,904.637772173591,914.1799618930222,36022727
2026-01-19,912.8027954101562,920.9185652819042,904.5394420693568,920.6726328615482,38191942
2026-01-16,915.95068359375,920.7218085803552,904.2443363942556,906.9987674975428,37780235
2026-01-15,910.3926391601562,910.3926391601562,910.3926391601562,910.3926391601562,0
2026-01-14,910.3926391601562,924.7550683892156,905.2280583696796,914.8685971701506,36688248
2026-01-13,922.0989990234375,932.2806373194226,917.4262830054705,932.2806373194226,32042827
2026-01-12,921.7055053710938,926.6733280832916,914.4750564356341,922.246544668881,21071666
2026-01-09,923.72216796875,935.1334082207486,918.1148967937476,929.6245460388378,38183839
2026-01-08,931.296875,937.4943598087852,926.083119844739,929.3294156929511,21928849
2026-01-07,933.608642578125,940.8882662408619,930.6082790568153,940.4455758755977,52884712
2026-01-06,946.544677734375,950.9714611429873,940.445541918535,947.0365425575541,31988783
2026-01-05,961.5957641601562,990.0255759869466,960.4152765333309,989.3861276768052,27647379
2026-01-02,985.3035888671875,986.8775923251652,972.7118614138294,975.0236621058955,11751459
2026-01-01,975.023681640625,981.3195154723957,973.4005036762727,977.3354223369146,7132074
2025-12-31,975.0728759765625,981.3687099365719,971.531413084593,974.8761180311038,10963454
2025-12-30,974.7777709960938,978.8110386964976,966.219310709625,974.0891482066822,33155849
2025-12-29,975.564697265625,981.1719682293385,971.1379138798658,976.9418827381613,13545749
2025-12-26,975.9581909179688,980.9752483081762,971.6298163538564,979.7947606844748,9360853
2025-12-24,980.9752197265625,983.1394369666097,976.8435431850351,976.8435431850351,13699996
2025-12-23,980.3849487304688,982.647574967353,971.6297908389565,974.3842218605324,17927849
2025-12-22,971.6298217773438,976.745228147207,967.8916609831689,971.9249286743926,13540411
2025-12-19,969.465576171875,971.9249003123414,962.7762265182249,970.9411706561548,25952384
2025-12-18,963.7599487304688,971.334679033018,957.464054962666,957.464054962666,14912404
2025-12-17,967.989990234375,979.7947462128429,964.8420432983647,979.7947462128429,19080922
2025-12-16,978.1223754882812,982.4508099496376,973.9906989646398,973.9906989646398,20049088
2025-12-15,979.89306640625,985.5003373398883,975.8597989154725,975.8597989154725,9790060
2025-12-12,985.2052612304688,988.3532081724247,981.9589653386773,986.6808557305643,11988618
2025-12-11,984.0247802734375,986.3857555063869,972.4167821359742,973.892376646044,11844809
2025-12-10,973.6956176757812,982.2540778335763,969.2688341502419,981.2703481612342,15322830
2025-12-09,980.8768310546875,986.4841021884776,977.82729309106,978.7126738119038,15294322
2025-12-08,986.7791748046875,990.1238795871441,981.2703128546212,983.7296369469886,12901022
2025-12-05,986.9759521484375,991.5994935414243,974.0891176678615,975.8598190407668,12843366
2025-12-04,980.9752197265625,988.3531921071142,976.8435431850351,983.7296507402166,14528169
2025-12-03,984.2214965820312,985.9921979107919,969.957416921422,969.957416921422,15448777
2025-12-02,973.6956176757812,978.2208101938114,968.9737272569581,971.9249162739843,27316662
2025-12-01,985.7954711914062,1000.9449320171519,983.0410401436599,1000.9449320171519,16746566
2025-11-28,991.2059936523438,995.583602701878,987.8613487922537,990.615779865885,15988807
2025-11-27,993.0750732421875,1000.2562876177888,984.7133712881919,985.7954498771661,25536848
2025-11-26,987.5662231445312,990.566586579224,965.3338969506472,965.3338969506472,19494356
2025-11-25,973.6956176757812,989.7303993265384,972.3184321597589,987.6645910314578,24989383
2025-11-24,982.8934936523438,994.9933562138265,977.4337461176169,983.7296398293618,32204053
2025-11-21,981.8114013671875,991.8946306513916,980.3358068377918,986.7792242744008,17499897
2025-11-20,992.4356689453125,995.1409255797437,976.3025381325072,979.106143718625,19850865
2025-11-19,978.41748046875,980.3357652840727,967.9899702531849,973.8923481205824,19813847
2025-11-18,976.302490234375,982.7459073482096,973.8923406153428,981.4178963551165,20002640
2025-11-17,980.3357543945312,981.7129998984626,969.5639028977658,975.121999344663,18396408
2025-11-14,973.4988403320312,975.5155341538173,960.169315545859,960.169315545859,21386965
2025-11-13,970.596923828125,973.9907432290495,966.6127705451346,967.990016129637,14124839
2025-11-12,973.4005126953125,982.7459446009269,971.629811290036,982.549186657653,13137263
2025-11-11,975.564697265625,977.3353986115102,962.0875891716729,967.4981021987119,10200530
2025-11-10,968.4818725585938,974.8269410200376,964.2518469316628,966.3176552483678,15988262
2025-11-07,966.317626953125,968.8753600783504,958.8904800750938,964.0550607577244,15004568
2025-11-06,968.6294555664062,974.9252895070431,958.1527104344483,965.0388182096445,22279516
2025-11-04,969.2196655273438,980.7784892471573,967.6948965344255,970.9411924643373,20024544
2025-11-03,976.499267578125,978.3683179002891,967.3013592642496,968.9737116887809,16607180
2025-10-31,971.2362670898438,988.1072545286754,965.1863657946757,977.8272677237645,23221330
2025-10-30,981.9097900390625,993.0750977302371,980.8768258561881,983.7296659041476,19962917
2025-10-29,991.451904296875,996.0262711888014,983.729650556841,988.5499498614066,17769445
2025-10-28,987.2218627929688,991.5994716753507,978.8109864255694,981.4178939740924,33904289
2025-10-27,986.6316528320312,992.6323796093756,979.9914777728962,980.286584655995,15700796
2025-10-24,978.5650634765625,995.4852253636408,975.1711841959709,994.5506701933195,17707768
2025-10-23,992.386474609375,1003.8961237048558,989.6320435542233,999.4693402098319,43526526
2025-10-21,991.3043823242188,993.5669485153896,987.664570603417,989.6320299074079,3471600
2025-10-20,986.6316528320312,1003.4042311581684,980.7784494751901,980.7784494751901,22195202
2025-10-17,986.2381591796875,992.5832274986775,969.9574453059425,977.7781081157631,25210511
2025-10-16,978.1715698242188,980.384961573746,965.5306676270898,966.6619807603523,22936566
2025-10-15,962.3335571289062,968.8753835018975,957.5132576917447,959.1364356766506,23310447
2025-10-14,961.25146484375,964.4977607253469,951.2665847409552,954.2177737318785,22934382
2025-10-13,961.1038818359375,965.0388004923793,956.1852335153851,958.4477997344204,18634254
2025-10-10,964.9404296875,970.1541847807785,962.1859386567031,963.0713193511867,13757080
2025-10-09,961.2022094726562,963.0713198098597,954.3653364923583,958.6445364195181,15370950
2025-10-08,962.7762451171875,969.8591107869768,958.6937429483099,960.1201629857547,15939710
2025-10-07,966.514404296875,973.7447933808842,955.201513050652,958.1527020714059,25535736
2025-10-06,957.6116333007812,961.4973774003239,946.3479168763192,956.0868643620497,18542683
2025-10-03,949.4467163085938,951.0206597658967,936.5106471136629,936.5106471136629,26658296
2025-10-01,949.5450439453125,953.8242439027433,930.6082481971154,937.1992488555558,25350832
2025-09-30,935.5269165039062,944.3804835370663,930.9033750448373,942.4621986714628,28296687
2025-09-29,934.8382568359375,941.232499440892,923.8204729543667,930.6574059019287,32398179
2025-09-26,929.6737060546875,935.9695999150294,925.9847198182591,929.7228805294212,14874656
2025-09-25,934.3955688476562,942.4129893816753,931.9854792780051,937.0024763946197,31413279
2025-09-24,935.5761108398438,940.8882751893465,927.6570988338277,936.7074240016012,15117220
2025-09-23,941.6260375976562,952.447063800625,939.9536851760515,951.2665762064279,21022298
2025-09-22,948.5121459960938,955.3982535857159,946.298754270858,948.315388056543,10854415
2025-09-19,951.168212890625,960.8087513537787,946.4462625851606,959.0380500102757,31243267
2025-09-18,961.0055541992188,963.7108108355188,953.4799980850369,957.4640913046234,17791598
2025-09-17,950.7747192382812,958.5462075924,948.6596764461077,949.4467082101403,17361476
2025-09-16,951.1190185546875,953.5783427584718,945.560981879392,945.560981879392,18661794
2025-09-15,951.3157348632812,956.5294899386951,949.2991011128589,953.824233432933,14486377
2025-09-12,951.5617065429688,954.9555859441327,946.5938836721522,954.1194397337725,14363519
2025-09-11,952.0535278320312,953.4799478098324,944.2820997482355,944.6755555766032,15113633
2025-09-10,950.1845092773438,958.0543466125587,946.0528326679372,958.0543466125587,18091100
2025-09-09,949.4467163085938,958.5462157684692,947.0365666053971,958.1526998830964,13985539
2025-09-08,950.2828369140625,957.3165278914954,944.823149393627,953.2340258485783,11711307
2025-09-05,947.7251586914062,951.7584261964354,938.5272505370174,951.7584261964354,11602111
2025-09-04,945.610107421875,949.9877162864987,940.6914592688354,944.5772033181551,17597657
2025-09-03,938.9207763671875,940.740652202688,924.7058709175366,929.6245191670979,16083481
2025-09-02,929.1326904296875,939.2650942089082,928.6408255856272,935.5269334024698,14196320
2025-09-01,935.1333618164062,941.8719458039564,930.9525108908947,934.1496321868741,20178344
2025-08-29,936.1171264648438,947.6267755693488,934.6415319653455,938.4781016808785,14823813
2025-08-28,942.2162475585938,956.3819785474136,939.4618165446824,951.2665723546679,25438255
2025-08-26,957.5625,969.6623631247153,952.2503356808104,963.5632270654481,16917731
2025-08-25,966.0717163085938,972.6135426708398,962.5794879672083,964.1534314319724,17518044
2025-08-22,966.317626953125,981.7621945267439,962.6286407512459,978.7618310909676,19833502
2025-08-21,979.4012451171875,982.5000176251586,975.4663263982883,982.5000176251586,12439850
2025-08-20,977.9256591796875,979.7947696044055,973.4005266300795,977.3354453835109,9950228
2025-08-19,979.35205078125,986.7300232295675,977.1878335213248,982.8935135816985,12352438
2025-08-18,985.5003662109375,996.8132573563983,981.5654475516468,988.6483131467888,19284796
2025-08-14,979.35205078125,981.7622004561191,969.5639286580633,972.908633518138,17511716
2025-08-13,974.0399169921875,980.7784409396806,968.5309950398891,980.7784409396806,13577396
2025-08-12,968.924560546875,981.7622208654035,967.7440729221851,979.7455870293594,12937802
2025-08-11,981.5654296875,982.5491593344192,970.4984711596596,971.8757166821836,9105854
2025-08-08,970.8920288085938,980.1882863803764,968.9737439061473,977.3846207407715,13895264
2025-08-07,981.4671020507812,984.5166400056098,972.3184281442016,973.9415460716062,13081186
2025-08-06,976.499267578125,977.8272785976125,968.9737116887809,969.5147509914575,14080204
2025-08-05,972.7118530273438,980.975205994727,966.7603007320947,977.0894619202779,23978058
2025-08-04,979.7947387695312,992.8291567300697,977.8764539291843,988.6974801605747,13933946
2025-08-01,989.7304077148438,997.6494796779898,988.3040477115343,990.6157884442932,11317258
2025-07-31,992.6815795898438,999.1742313953042,987.664582321978,990.9108782036614,22183032
2025-07-30,996.4197998046875,999.764444634085,992.091365270063,997.5018784172968,15154036
2025-07-29,994.3539428710938,996.7640925817828,981.9097985152405,983.6804999207345,19895696
2025-07-28,987.9105224609375,994.2555908496133,983.9756037755068,985.205265864704,12059580
2025-07-25,985.9922485351562,991.1076548914018,983.237817433207,991.1076548914018,9306598
2025-07-24,988.2548217773438,999.7849522880986,985.4091233743482,999.7849522880986,19107176
2025-07-23,993.2103881835938,995.9089294093236,982.7596500249109,986.6848008986999,13634916
2025-07-22,984.771240234375,990.1192700741381,982.7596124670459,987.7151032772119,14836814
2025-07-21,981.5330200195312,982.2689857931025,969.7575676423911,970.5916382285527,22309078
2025-07-18,960.3862915039062,979.8157761377424,958.2274465683581,974.8602851924708,16129446
2025-07-17,974.8602905273438,983.6428275379242,972.7995503940688,983.2502884954769,22529158
2025-07-16,979.4723510742188,992.4253009235872,977.6569328760377,990.1192987637652,17994612
2025-07-15,979.079833984375,983.0540373178538,968.0403470063502,968.0403470063502,14498168
2025-07-14,972.94677734375,975.7434233970494,966.8627814826074,972.94677734375,13088850
2025-07-11,973.2901611328125,983.6427940678678,971.9163943170895,980.3063919997392,12516922
2025-07-10,984.3296508789062,989.6286283244265,981.2876830187669,989.1379844829171,17030310
2025-07-09,986.7828979492188,988.058619887602,980.3554754225707,984.7222177139129,13861428
2025-07-08,981.974609375,983.740915249207,970.0028875050783,970.0028875050783,15224316
2025-07-07,975.1055908203125,980.5026731224453,973.3392849545877,975.8906089947405,11349426
2025-07-04,976.037841796875,983.0049605598704,971.4748300017685,974.9583893832662,7863944
2025-07-03,974.9583740234375,985.2128423794024,973.584607191008,978.7854199779471,16860506
2025-07-02,974.418701171875,991.0515399227539,970.4444979040134,991.0515399227539,18878250
2025-07-01,987.2244873046875,989.138010315157,983.250284063281,983.740927917604,14389386
2025-06-30,982.023681640625,988.0586250503452,979.0798184930638,986.9301202198938,13649020
2025-06-27,988.5983276367188,991.0024945345428,978.0494846238399,987.666092322087,28213384
2025-06-26,981.1896362304688,983.7617170900772,960.9038642878594,961.5833031108746,50084830
2025-06-25,961.0009155273438,961.8744882040819,953.0904797513926,954.1096083800328,18405932
2025-06-24,951.634521484375,960.4185295373859,949.0623814631601,953.6242600004867,22625322
2025-06-23,945.5681762695312,950.1785732937573,942.3651754483343,945.5681762695312,11739518
2025-06-20,953.4786987304688,956.0023202459611,937.415115265286,937.415115265286,32900408
2025-06-19,939.210693359375,944.7917002839463,934.5031997999406,938.5312545811619,16876220
2025-06-18,938.5313110351562,939.6960548333931,930.329645039179,930.329645039179,18433816
2025-06-17,936.4444580078125,942.268117646221,931.3487558242051,940.0357266330969,16978736
2025-06-16,939.2592163085938,940.957783641244,931.8340268436207,933.7267280054107,16513746
2025-06-13,930.6207885742188,938.0944968797781,928.3883975845915,931.7855323379068,12117762
2025-06-12,943.1417236328125,951.6830795561876,939.2107650861756,946.3447246989118,16349130
2025-06-11,946.538818359375,954.8860400853163,944.8887696252715,954.8860400853163,11096394
2025-06-10,953.7698974609375,962.2627345803987,951.7315810074685,962.2627345803987,15533126
2025-06-09,960.3699951171875,968.1833931080394,958.9140802403333,968.1833931080394,13202588
2025-06-06,960.27294921875,968.8143643397722,942.8019697752012,943.4328899516395,30127008
2025-06-05,946.1505126953125,950.6638723983343,941.5886343458625,945.3740366284826,22255418
2025-06-04,942.073974609375,943.0931624292062,932.2223193620798,932.2708380103269,12961542
2025-06-03,934.0179443359375,947.3153125176999,931.7855532960983,940.5210428582492,24377584
2025-06-02,937.65771484375,939.5504160632175,925.9618769879231,936.6871049098005,14668822
2025-05-30,943.86962890625,945.7623300992254,934.406182182701,937.560664423884,28748078
2025-05-29,935.42529296875,941.8798725130029,925.6221566559584,935.6679454442282,28917794
2025-05-28,933.4840698242188,938.8224242656362,930.6692774222134,931.8825397952628,18157594
2025-05-27,934.8429565429688,945.3740503477449,929.989907003196,937.415037254252,26162148
2025-05-26,941.5886840820312,946.2961778607493,935.13416349166,939.0651219212037,10802860
2025-05-23,938.3856811523438,940.0357299039,929.1163680438908,931.8340640363383,9566072
2025-05-22,931.7369995117188,933.8237752836327,924.6029810935157,929.4560306672615,21306670
2025-05-21,935.0856323242188,944.8402502940019,932.3193584728106,935.1826696209016,15132040
2025-05-20,929.3104858398438,938.8709699179398,928.3883945615378,935.7164876572758,23879090
2025-05-19,940.8607177734375,943.9181627683963,937.1238932163359,940.0357230243618,10202964
2025-05-16,938.9194946289062,943.3358172154161,935.8621088859327,938.4827675522878,15868010
2025-05-15,938.4827270507812,943.8210814498384,920.6234813646776,928.6310129632633,32241458
2025-05-14,927.2236938476562,936.7356597192896,923.5353878045329,932.8047011833116,15445308
2025-05-13,933.0473022460938,952.0227142931207,931.7855212010662,946.3446699698328,24242102
2025-05-12,949.8388671875,951.149226156264,928.0487213449755,930.6208021509265,18618972
2025-05-09,917.0807495117188,931.3002083857921,915.6734125356725,926.9809824392288,17188796
2025-05-08,935.91064453125,948.6741890736062,931.348765916796,948.6741890736062,34803430
2025-05-07,944.2093505859375,945.7137841650697,932.9502988258117,938.5798247058746,21420778
2025-05-06,937.4635620117188,941.5401354999643,933.8723527219415,936.638567281111,17490156
2025-05-05,939.9386596679688,947.3152712805899,937.754787372496,941.0063068714467,15068024
2025-05-02,932.7075805664062,942.4136794135693,931.7854893276606,936.5415014593009,17840404
2025-04-30,934.2120361328125,939.9871769317172,927.0780770079656,928.3883766867898,31936870
2025-04-29,926.35009765625,936.0561965032714,922.17642775897,931.2031470797607,18918308
2025-04-28,931.882568359375,936.4929655182809,926.156005327847,927.5148236825167,13920492
2025-04-25,927.5148315429688,938.094503546439,918.099962552793,934.1150265036636,18500878
2025-04-24,930.2325439453125,933.6781972127433,924.5544405338061,926.9324466168475,25931754
2025-04-23,933.67822265625,960.3699954066212,932.0281739470523,960.3699954066212,30570642
2025-04-22,952.0227661132812,956.3419923313835,939.0651467003056,939.0651467003056,45961750
2025-04-21,935.2311401367188,946.6843248983055,926.9324374922522,933.726706667588,34247298
2025-04-17,925.3309326171875,931.6398970227459,910.7717839889756,913.3439239431574,35703084
2025-04-16,911.4027099609375,914.2175024102767,902.9098732067754,914.2175024102767,19136820
2025-04-15,905.0452270507812,910.8203678930464,900.240696123474,905.0937456982635,49298344
2025-04-11,876.8247680664062,882.9638878798253,861.2950087869681,861.2950087869681,32775766
2025-04-09,856.5632934570312,861.4163432783175,850.982286162552,856.5632934570312,22454608
2025-04-08,858.5773315429688,864.8134887917699,849.4293443655757,856.5633039940931,35563872
2025-04-07,853.0205078125,863.7700245665659,843.5570610557007,855.4956105111871,37995450
2025-04-04,881.9447631835938,893.9074835384829,878.9358367650708,879.8579280746396,33540454
2025-04-03,871.0496826171875,875.4902352930214,862.3870000641348,864.3767387506249,11250038
2025-04-02,872.0444946289062,873.16066049231,859.3294691298255,859.3294691298255,11573564
2025-04-01,857.9463500976562,878.3534470865061,856.7330877140463,874.5195261060333,28511006
2025-03-28,887.2344970703125,891.0198994245295,876.3879431494396,887.6227647317345,28773648
2025-03-27,885.8514404296875,893.4464752752693,872.6268796196651,873.548970937254,41658100
2025-03-26,876.7277221679688,886.8948376499686,874.5195608455505,885.681575218163,24478442
2025-03-25,883.958740234375,894.7567761384419,874.2769294910811,875.9269782864857,39101416
2025-03-24,873.5489501953125,875.6843039218336,860.7611760226637,863.3575457763671,17393736
2025-03-21,859.15966796875,860.9795616616999,851.9771897387066,851.9771897387066,33508264
2025-03-20,858.3831787109375,860.9310298420936,848.9440205977578,851.2249302948321,17833978
2025-03-19,846.42041015625,849.7690263917825,840.6452690024086,842.004146653194,15221406
2025-03-18,830.065673828125,830.065673828125,830.065673828125,830.065673828125,0
2025-03-17,830.065673828125,836.6658099001849,827.4450150114936,827.4450150114936,18950652
2025-03-13,828.221435546875,835.1128015457978,825.0427235934661,832.8076029783965,15736264
2025-03-12,830.4296264648438,833.9966062113717,820.9176607269924,820.9176607269924,18784106
2025-03-11,817.9815063476562,822.1065984888339,810.4835684463997,816.4770728267864,19898430
2025-03-10,818.9521484375,824.969941998729,816.7925649870414,819.6801059027778,15604050
2025-03-07,819.8014526367188,825.576593853863,814.1476376668198,816.2829914666041,13372914
2025-03-06,820.7477416992188,824.9699304836942,811.5512362127743,818.7094845214233,32966088
2025-03-05,820.1654052734375,830.2597724194886,819.316121569752,825.9647760106438,21583872
2025-03-04,829.8715209960938,831.9583561196923,821.7426625301964,824.04786119963,19920958
2025-03-03,825.7706909179688,845.9108470636534,822.1551333662954,844.3336059197142,21205364
2025-02-28,840.7423095703125,843.0960267361039,817.7388430279666,817.7388430279666,54516728
2025-02-27,825.3580932617188,830.235431637752,816.5498559350805,816.5498559350805,35786800
2025-02-25,816.4527587890625,819.1947435645432,810.9930781817751,810.9930781817751,24138708
2025-02-24,813.9049682617188,817.3506217636291,806.1400885993494,815.8461881773111,20693646
2025-02-21,821.3786010742188,822.567574466393,813.977700828203,815.74907568617,15680940
2025-02-20,818.7579956054688,832.152400807599,817.8844822121968,830.3567961314325,26390510
2025-02-19,838.2186889648438,843.4114874933574,831.0604409265417,833.2686021535318,11884112
2025-02-18,836.2047119140625,840.329803960056,828.003046468469,831.3516624481879,16350910
2025-02-17,833.4384765625,834.7245465784594,815.918979031997,817.8359099627821,12938946
2025-02-14,822.5191040039062,825.9405276867242,815.3123371576534,825.9405276867242,19959892
2025-02-13,823.9022216796875,831.9340426083429,821.8882534526111,824.5331418355402,12602434
2025-02-12,828.3185424804688,830.8421046157138,815.8946879155817,821.6213102303759,22809570
2025-02-11,825.6978759765625,830.3567917735487,819.5344674010676,826.4743520691721,22724704
2025-02-10,832.6619873046875,836.3988118099606,829.1435263354559,833.4142336911924,17195950
2025-02-07,840.9122314453125,857.5339275509261,837.1511177279839,849.2837426225924,23509600
2025-02-06,846.299072265625,848.7984047453597,836.6657803207547,842.2467875560731,26760716
2025-02-05,843.363037109375,846.4689416589049,834.1907609306318,841.0335494558958,23675506
2025-02-04,835.1613159179688,837.5393220656948,815.3366201880791,819.534460691003,28616502
2025-02-03,814.3417358398438,818.6124432523412,807.2805248629369,810.4592960980566,20276540
2025-02-01,820.6264038085938,831.3274019434516,813.3954072501344,823.8051750140157,5587528
2025-01-31,824.4118041992188,827.2993450265934,817.2292670650723,818.830797136207,15821686
2025-01-30,820.8933715820312,823.9993352943973,811.696865930955,815.7976693049923,25744846
2025-01-29,814.0020141601562,815.8704263644069,809.9011517987993,812.8857890816031,12619890
2025-01-28,810.6534423828125,817.3991933860295,799.2972941154203,799.2972941154203,30179312
2025-01-27,790.9500732421875,797.6472463633178,789.1058906376462,796.433983923838,22804166
2025-01-24,800.6561279296875,810.604879376396,798.0839880054712,805.6062147090801,24236200
2025-01-23,807.9842529296875,818.7094808723397,801.359828269384,818.7094808723397,34909158
2025-01-22,808.5423583984375,811.3813805875693,788.8389294808721,797.0648841596673,30619306
2025-01-21,797.0648803710938,806.115829748555,792.5272908307279,804.756952160241,31158144
2025-01-20,801.3598022460938,806.0672365854673,789.1058522041777,789.1058522041777,17557618
2025-01-17,794.3228759765625,800.9958190311999,790.3191101437801,797.5986843852027,23112076
2025-01-16,801.7481079101562,805.873200199019,797.2832665938832,802.1363163454865,21212454
2025-01-15,797.3803100585938,806.9165047926833,794.1045016943054,803.9076378434971,14022892
2025-01-14,799.1030883789062,803.7620038731537,794.4441728846588,795.8515690343077,26661432
2025-01-13,791.4596557617188,799.1760171914914,788.2809435229427,795.9002084068898,21669066
2025-01-10,804.0289916992188,812.8372885629307,802.6944030605147,810.9445873725031,17453280
2025-01-09,809.3916625976562,819.6801043914131,804.6841687860751,817.3263871062876,40420222
2025-01-08,822.252197265625,830.6722262669281,816.9380725391129,829.0221775951162,19738190
2025-01-07,831.5215454101562,835.209851324859,825.0184469798143,832.2980215119891,13527906
2025-01-06,830.1141357421875,852.7778537230372,827.8332261221516,844.4791507386858,18816348
2025-01-03,848.8954467773438,871.2437647886038,847.4881097293069,869.181218624921,24426194
2025-01-02,870.5158081054688,875.2232427161829,860.4457297678027,862.4354683380634,18558576
2025-01-01,865.1774291992188,870.637110073425,854.6705648241472,860.6640693133434,7313806
2024-12-31,860.3729248046875,864.7164399349241,856.8544636879918,859.1354326463724,14117236
2024-12-30,862.82373046875,880.8285332674382,859.4751142791366,869.7635560951499,22222218
2024-12-27,872.6996459960938,876.4364704987394,868.2590937552997,871.0253675774094,7259330
2024-12-26,869.0598754882812,879.3726061062491,864.2068257857081,872.8452779528201,10481678
2024-12-24,872.6268310546875,877.7710517489787,868.4775092184595,874.5438211790217,14485834
2024-12-23,874.0343017578125,876.4608267488114,864.4738169898098,864.8135067920166,11044592
2024-12-20,859.7177734375,872.3599918831414,857.5581899695972,864.9105130352275,25692348
2024-12-19,870.3944702148438,874.0827761662058,863.3575480971324,873.3548187057529,25380770
2024-12-18,878.74169921875,891.0199388482123,877.0189020931173,888.0353013877913,23422312
2024-12-17,889.6853637695312,903.8077269850552,886.4095551207139,900.8958970749953,21079532
2024-12-16,905.1907958984375,907.4959944793276,900.3620351992098,905.1422772502634,13107082
2024-12-13,908.3695678710938,909.9468090067054,887.7441068669418,903.8804969466607,19009002
2024-12-12,902.30322265625,906.8651010060448,897.183231769173,898.2994568437374,17293790
2024-12-11,904.1716918945312,908.4423993938311,901.0900171351183,903.492253077643,14045426
2024-12-10,906.59814453125,911.2570600965298,901.963517909446,911.2570600965298,13325480
2024-12-09,907.520263671875,912.3733132102273,897.3288596413352,899.5855395249345,26947912
2024-12-06,900.6531982421875,904.7054828102569,894.9023463139778,901.2113107944992,17783156
2024-12-05,905.4577026367188,912.3490091706271,890.6316128458285,902.6671991983368,39682714
2024-12-04,902.7157592773438,905.0937654692016,888.6662041479593,891.9905313310416,44669084
2024-12-03,886.3125610351562,891.6994347831544,881.3624144018961,884.565415610868,43410242
2024-12-02,875.8298950195312,877.5042327860683,861.4163604593637,875.2475527258944,15110876
2024-11-29,871.632080078125,875.7814023363161,865.2503073983569,874.1799313606635,27669536
2024-11-28,870.224609375,891.0684339141281,867.725276958314,882.7697308653094,35722392
2024-11-27,879.5182495117188,881.9690041453489,866.3422072982357,868.6474059809165,32714976
2024-11-26,866.5363159179688,878.4019987795361,858.8927626136716,878.4019987795361,30935566
2024-11-25,866.560546875,875.2718066744363,856.5147576427843,866.293664684976,427737274
2024-11-22,847.1483764648438,851.370565411524,839.3592669406547,846.1535367827626,24773612
2024-11-21,845.0130004882812,853.6514527573436,841.6158656563873,848.9925368361551,35716512
2024-11-19,845.5225830078125,851.1035901563789,826.3287477699067,831.8127176211167,50981272
2024-11-18,827.4934692382812,834.190701332557,822.5919010273279,825.0184258091194,27081968
2024-11-14,821.5,827.3721783747438,811.4784403744485,811.9637453515568,27146470
2024-11-13,815.967529296875,839.2864576545572,811.9152444974701,833.1473377113161,35728500
2024-11-12,833.8509521484375,861.4162973605047,829.2163253609564,859.9603824917264,31395406
2024-11-11,857.1942138671875,865.2017460745226,849.8660612419557,851.4918803256005,24565362
2024-11-08,851.4432983398438,855.0103373353861,847.2696873607207,850.2543248355499,19902986
2024-11-07,847.6094360351562,854.5977803501312,843.4600547619757,846.5174998307751,18895456
2024-11-06,851.8316040039062,859.7178102794018,847.0270726401069,859.7178102794018,27787910
2024-11-05,853.0933227539062,855.447039991069,823.999313734677,826.4743572133567,44232406
2024-11-04,831.8612060546875,846.8571409139798,830.3082539054162,846.8571409139798,28089248
2024-11-01,843.120361328125,846.4203996311912,837.6849100339031,841.0335262277963,1759692
2024-10-31,842.3438110351562,843.8968224808245,834.4333755848933,838.6069864702176,22895912
2024-10-30,841.8099975585938,851.5889046504595,836.7628139716957,845.4012662208864,32715724
2024-10-29,850.1815185546875,856.0779859182065,837.1996103215174,837.7092042477628,35794926
2024-10-28,841.6158447265625,849.7689918168825,839.043763962605,845.4012471416386,22012142
2024-10-25,846.0806884765625,853.0933215296461,838.9466699408074,851.7102142266036,26130478
2024-10-24,849.1138305664062,858.3346247570413,843.5085346118838,843.5085346118838,30832258
2024-10-23,842.3923950195312,847.5851345291038,827.4692671141377,827.4692671141377,38036090
2024-10-22,832.0796508789062,844.4306385333365,830.2111793718472,839.6018778313584,38875280
2024-10-21,838.9466552734375,848.3858722296796,830.3810701774502,832.2980010606213,46548354
2024-10-18,816.2101440429688,820.6506963237373,802.7429312558701,807.1106759435778,24809724
2024-10-17,811.9879760742188,823.8779471608134,808.1297662380588,822.5675882717809,14695732
2024-10-16,824.92138671875,828.8765747113987,815.3608435545054,815.3608435545054,20470682
2024-10-15,817.3020629882812,824.0478137120458,813.1284522229286,822.1065938917583,19651130
2024-10-14,819.2432861328125,821.1602762579215,802.6943989459767,803.689297804442,18527508
2024-10-11,801.238525390625,807.7658537028776,797.4774117796152,807.7658537028776,23672594
2024-10-10,806.7709350585938,808.2510795642027,792.2603056670246,795.4147877416559,21754766
2024-10-09,792.5758666992188,804.0290527657074,790.4162239204929,800.510591541895,41125642
2024-10-08,801.2627563476562,804.0532597925816,787.1646239424159,791.0470635179641,29734406
2024-10-07,785.12646484375,805.1210074565657,782.7969771111757,801.8209097089745,94458296
2024-10-04,804.4657592773438,820.4808225688465,802.2090794198211,812.6431358067093,48683232
2024-10-03,816.282958984375,837.7091852435565,812.0850591484665,832.613483062025,48473398
2024-10-01,837.7334594726562,845.4013020975134,834.773110848595,836.6658121791694,24572284
2024-09-30,840.572509765625,849.987378933711,836.8599148404105,848.7013681367213,26383534
2024-09-27,850.5697631835938,862.9692695590985,849.2836931713828,862.3869272945984,35613502
2024-09-26,865.5171508789062,867.7253122548344,858.0435015109396,860.4700264333525,31899644
2024-09-25,863.4060668945312,867.7252930088929,854.2095613390953,854.2095613390953,31965312
2024-09-24,858.0435180664062,864.6436541344489,851.3462854547951,856.5633141386422,33039036
2024-09-23,854.0397338867188,857.2184459846895,844.5519977602407,848.7984163669939,26965350
2024-09-20,845.0130004882812,846.8328941482245,828.6825354394553,833.0259912779876,60623386
2024-09-19,829.1435546875,834.2392569551141,824.6059649927001,824.6301946967953,30651776
2024-09-18,822.494873046875,824.4846115422112,810.9931099061356,811.3570886275262,40917342
2024-09-17,809.876953125,814.3417351276187,807.6202731787942,814.3417351276187,20127122
2024-09-16,810.9202880859375,814.2446744093743,807.5717313009576,809.0033572167779,15172820
2024-09-13,808.4937744140625,812.400503038587,804.1746076631325,812.400503038587,23860532
2024-09-12,808.8092651367188,810.4593139115112,799.32158835399,802.6944342572692,32424046
2024-09-11,797.7928466796875,801.9664575454252,795.5118777911906,800.9473289635273,22226684
2024-09-10,800.9229736328125,802.6943484628727,794.9294696385643,802.6943484628727,26606646
2024-09-09,799.0546264648438,800.0252363967779,791.0956131747174,794.9295342541234,23792914
2024-09-06,794.419921875,799.6612390821284,793.0368146024134,795.0751309568867,26029602
2024-09-05,798.5450439453125,800.7046866194709,796.8707654853739,798.8119853769339,22876318
2024-09-04,796.773681640625,798.2295964742419,792.0176694876126,795.4148040993854,24682744
2024-09-03,794.6140747070312,795.8758557711201,788.4264363868309,792.9883149182248,37282860
2024-09-02,789.56689453125,799.200245545704,787.747000900005,799.200245545704,34049680
2024-08-30,794.3956909179688,806.5768334130655,786.7521378937474,803.6650036895526,445342100
2024-08-29,795.1964721679688,798.035494358065,791.6052035874162,796.8707505966252,49052604
2024-08-28,794.49267578125,795.7787456725287,791.14405997193,794.8081358287445,26921188
2024-08-27,794.8082275390625,799.4914324239653,792.1147612152419,797.550212512406,35773244
2024-08-26,795.8758544921875,799.7582942162704,792.1147410094821,792.1147410094821,22364266
2024-08-23,788.6448974609375,792.9883534236101,787.6499985352013,792.9883534236101,20333422
2024-08-22,791.6781005859375,795.0752357163401,790.0765703279278,792.0177904024437,21300638
2024-08-21,789.0089111328125,793.255329982036,785.126471042094,790.1250771140934,47630904
2024-08-20,794.783935546875,798.8119905444514,789.8095595425733,789.8095595425733,31134494
2024-08-19,791.7993774414062,794.759726022084,787.9896858897818,794.759726022084,19502164
2024-08-16,792.0662841796875,793.0611831331643,781.8263604564881,790.319198015761,27849246
2024-08-14,780.2733764648438,783.1366284755188,778.0409261468292,779.6424562895212,32334428
2024-08-13,778.0409545898438,792.2118961762867,777.0461148817201,790.0765423217451,54055042
2024-08-12,805.65478515625,813.3468572381819,799.4671466635041,801.7238266679481,39316196
2024-08-09,800.8502197265625,806.8437833638833,798.7149252998082,801.7237923493824,26644618
2024-08-08,797.21044921875,802.3547292854007,785.8300713873926,788.1352699911228,33976950
2024-08-07,787.8926391601562,791.0471215466921,777.5556193354371,784.7381567736204,42346264
2024-08-06,777.0703125,792.4787456590307,773.2364505401089,791.0471196604719,45116050
2024-08-05,784.1315307617188,798.8120065813332,776.9732822215763,795.9486953170099,41333634
2024-08-02,805.1937255859375,810.7019249608421,791.5323792943032,791.5323792943032,44119238
2024-08-01,795.3178100585938,800.7774909815698,785.1991540216145,787.6014491725216,26215174
2024-07-31,784.1315307617188,790.0279981871195,780.9527594083772,783.2822470366172,37820484
2024-07-30,784.0344848632812,793.3523167913979,776.0026637402938,777.4585786816452,54595834
2024-07-29,778.9387817382812,791.9449196556922,775.6629731237323,783.7675425920842,51001148
2024-07-26,785.2962646484375,787.0433507268658,774.7651110455088,778.9144923179402,43810540
2024-07-25,784.5440673828125,788.6206413154175,773.0908809941293,773.0908809941293,25535732
2024-07-24,778.4534912109375,786.6793870769927,770.6886113878456,780.4432298173384,61728206
2024-07-23,785.4176025390625,799.6855810002239,778.9145038672318,799.5642547535156,52002152
2024-07-22,797.1376953125,801.2384985771903,782.6270649860646,784.7381297391379,53744822
2024-07-19,780.0307006835938,787.649965003423,778.1865181041212,784.2528302190582,26002152
2024-07-18,783.6705322265625,788.1110255525017,776.0754971813087,780.3704345530638,33717064
2024-07-16,786.07275390625,789.5912150674294,784.6411278889234,786.5580588939988,28950324
2024-07-15,787.2131958007812,790.9500796896383,783.8645795922547,787.8926346206944,33375694
2024-07-12,787.50439453125,795.1237185250396,781.899157363576,787.1647047300575,56049960
2024-07-11,787.1161499023438,789.0330808548738,776.973264088155,788.1109895551602,44177074
2024-07-10,789.1544799804688,795.9002315965357,786.5581099756618,791.0228924563764,45507182
2024-07-09,794.2015380859375,799.1516248009418,786.363851419409,788.6205312494033,48550878
2024-07-08,793.6434936523438,803.1554594894733,789.6640164804963,798.4723137874327,39087800
2024-07-05,799.8310546875,817.7388187080663,796.9677437114144,817.7388187080663,82242548
2024-07-04,838.1945190429688,854.0154497500956,837.0782938778042,854.0154497500956,45848658
2024-07-03,858.3346557617188,870.6371250279785,856.3934358619908,869.1812101031826,123217802
2024-07-02,839.8687744140625,841.9556094944659,826.353042764463,832.2980286836319,45921690
2024-07-01,827.5420532226562,828.5612411045389,815.3123910533884,815.3123910533884,21187024
2024-06-28,817.156494140625,828.2214113967111,814.8270066965403,823.8536668700472,26476046
2024-06-27,823.1500244140625,831.3274011881083,818.5153383232833,823.1257354693937,55074650
2024-06-26,825.7463989257812,830.3082774504516,820.699215435536,828.8765922572081,47596666
2024-06-25,830.5266723632812,833.2443684249017,810.9931467609703,810.9931467609703,74521548
2024-06-24,811.6240234375,812.9343231272944,798.6906344612428,799.2972656586157,28544994
2024-06-21,808.396728515625,811.8423818466847,797.4288483846301,811.8423818466847,51630776
2024-06-20,810.143798828125,816.0159768197282,801.7237698729426,810.3622215983705,41408742
2024-06-19,804.5628051757812,810.4107535609992,778.4291452824868,782.9910236928816,90131196
2024-06-18,780.2733764648438,781.5836762242601,771.3679826211641,774.983540294414,32415714
2024-06-14,774.9835815429688,776.0027102146836,765.6656898154778,768.7231350719568,25540554
2024-06-13,767.1458129882812,769.5480488358222,763.8700045190919,767.6311179466796,24120192
2024-06-12,763.94287109375,770.8099486335476,760.1817573757736,764.3553684919713,39280436
2024-06-11,759.4052734375,762.4141406844706,753.2903831592504,755.1345658211561,29545326
2024-06-10,757.7067260742188,767.0973660487972,755.9110620154896,763.8700759254958,22454058
2024-06-07,763.5545654296875,768.8929201187634,753.2176050765474,757.585349822155,36712216
2024-06-06,756.93017578125,759.7206794979887,750.5726922052945,759.4537972959696,46422870
2024-06-05,753.0963134765625,756.8816568854197,719.3918460943981,725.0699500696824,81631650
2024-06-04,719.7800903320312,756.5904610836327,705.6334383679294,755.6198511271432,89531240
2024-06-03,762.9964599609375,776.0026570209221,752.2227131847588,776.0026570209221,72637256
2024-05-31,743.2688598632812,745.4284433104547,734.751733835956,737.1782587165238,74079588
2024-05-30,735.1642456054688,739.4106642295702,726.8170235494816,727.569210732381,33755350
2024-05-29,731.9855346679688,739.5319916615282,728.5641108173895,736.6929693394153,35147706
2024-05-28,742.75927734375,745.4527436990592,739.9930626339711,742.5651435020584,27908904
2024-05-27,741.400390625,749.7961904344879,737.2025499615863,739.2893258205864,29385440
2024-05-24,736.3046875,737.6150464828621,721.1631959122375,721.8911533778286,31060206
2024-05-23,724.3661499023438,725.8463536828482,707.1135946322969,707.8900706969359,40861920
2024-05-22,708.156982421875,711.2629460513618,702.7943980944078,707.5018325662894,39996278
2024-05-21,707.962890625,713.2526672307866,703.7407019802051,703.7407019802051,43769978
2024-05-17,710.5349731445312,712.4276743183018,701.848002597153,701.848002597153,20920190
2024-05-16,708.6665649414062,709.782790041372,696.655267230535,701.7752582341244,34945236
2024-05-15,698.1111450195312,708.3995858863757,696.8008453990276,708.3995858863757,38931996
2024-05-14,709.0062866210938,711.2144479759614,703.8378359787137,704.7841569928967,25665142
2024-05-13,706.2400512695312,708.4482125597933,694.1317160729689,694.956710818051,27047202
2024-05-10,697.8200073242188,704.6385064038308,692.4331341667237,698.3538309269745,27276608
2024-05-09,693.0155029296875,711.8071150125822,691.9622384959757,706.1576388307392,46281278
2024-05-08,709.84423828125,716.6905745370962,708.7430502857517,716.211807311795,41687862
2024-05-07,721.09521484375,729.6651592326485,720.1376804638342,728.6597013791286,28480602
2024-05-06,728.994873046875,734.6682525558684,726.361653503664,728.6836626849343,28793396
2024-05-03,727.5346069335938,737.5887178779653,721.5978821158841,734.0697907360874,31865242
2024-05-02,733.591064453125,735.8652087221101,727.8937229116466,728.6837005042626,33475006
2024-04-30,727.7739868164062,737.0620819015442,725.2844208297038,732.1307565147657,52307382
2024-04-29,732.2744140625,734.6442882658492,721.2867304749565,725.3322898363435,36093350
2024-04-26,722.8427734375,731.5563134799157,720.8080127488288,727.6304456461381,24854694
2024-04-25,723.2975463867188,727.5824894434112,721.1430939897369,721.1430939897369,35445204
2024-04-24,723.7523803710938,728.5640142912791,722.4836939974829,725.3323355684494,22441580
2024-04-23,721.7894287109375,730.838140600938,719.7068030516607,730.7424105369589,26827060
2024-04-22,723.9917602539062,745.6320734709891,722.124614867159,745.6320734709891,42298438
2024-04-19,733.1361694335938,734.8836227985638,708.6950827400411,711.7113392004461,34576434
2024-04-18,715.61328125,727.1755203466597,713.8658277959437,722.8427124294902,34234884
2024-04-16,722.579345703125,724.3268575486865,709.6526322136539,711.9267762534682,20744886
2024-04-15,715.61328125,722.9384424882777,714.3445949763995,716.9778144689066,23415248
2024-04-12,727.223388671875,732.4419626511461,724.5901691674342,728.2048847735614,41084208
2024-04-10,735.5540161132812,742.041335404094,733.9261958559255,742.041335404094,27807400
2024-04-09,741.3949584960938,744.4111567395224,737.4451291623751,744.4111567395224,21884494
2024-04-08,740.4613647460938,745.5602472863112,738.0436253706997,744.4590593119542,20482940
2024-04-05,741.873779296875,744.2436536910523,732.5856834129139,736.8227616793371,59055902
2024-04-04,731.36474609375,732.5137990357915,720.0658521240722,720.0658521240722,88935066
2024-04-03,709.6766357421875,716.0681660997278,704.4580616337976,704.793175292623,45584386
2024-04-02,708.6472778320312,715.685132245699,700.5561005197442,701.4657698820595,41225446
2024-04-01,704.0271606445312,705.6071157662267,696.8935177463561,698.0425707036562,25199570
2024-03-28,693.2069702148438,699.2394246339555,689.75981165874,689.75981165874,55592142
2024-03-27,689.7598876953125,693.2309499256703,680.4478889511747,681.5490768981103,62168668
2024-03-26,682.4347534179688,688.4432464905726,680.8787600753138,683.2964992802526,56844290
2024-03-22,690.7891845703125,694.5714568199686,688.3474837448974,689.9034770136652,45980326
2024-03-21,692.1776733398438,694.8108929167894,688.6108811083764,690.6695449843953,28922860
2024-03-20,685.1397705078125,695.0023623556473,682.0756489825828,693.7575794231888,43606094
2024-03-19,693.9011840820312,695.3614473234808,687.2702704859524,687.2702704859524,36183594
2024-03-18,692.3212890625,697.0849990233024,687.4139255734966,692.7760944963727,21437856
2024-03-15,695.4811401367188,698.6649535010525,690.5019498876019,694.2123954494871,143613804
2024-03-14,696.8216552734375,701.8726723020275,691.4834480743144,700.0054686474973,52432158
2024-03-13,699.1915893554688,704.5537583020961,694.2602641088363,701.6332902428926,63067454
2024-03-12,698.78466796875,700.9151585638567,684.2779988916614,686.5521430195154,65418454
2024-03-11,683.5838012695312,692.2733788101641,681.2856954339823,684.6370656855901,50531094
2024-03-07,692.34521484375,694.7151474764962,690.0950324505662,692.0579662212759,49348046
2024-03-06,690.6695556640625,695.576919496979,686.3367475409569,686.3367475409569,42409530
2024-03-05,689.8317260742188,690.8610872691976,680.6394189764245,680.8069758120575,37991672
2024-03-04,685.9296875,687.9884096675396,681.9080901062357,685.0918449690896,35616474
2024-03-01,684.99609375,685.9536280414555,670.2740040188712,670.2740040188712,34738898
2024-02-29,671.9019165039062,675.2532869853846,668.9814482015562,671.2794957514693,53295700
2024-02-28,674.7745361328125,681.8602559709077,672.1891814386264,679.9212837827165,25321986
2024-02-27,679.9212036132812,683.0570934898373,676.5219684176848,676.7613520010825,32087150
2024-02-26,680.9505004882812,686.9589927989332,676.7612881739165,676.7612881739165,23506870
2024-02-23,680.1365966796875,686.5042231059118,678.8918137873462,681.0702276813848,29833452
2024-02-22,679.6339721679688,684.0625685726841,676.1149866485335,678.7721678686664,50560882
2024-02-21,689.017822265625,700.9151754054046,687.0309267122648,700.9151754054046,45893136
2024-02-20,696.2711181640625,697.6834579371554,675.9235134549672,677.4555450204665,56133508
2024-02-19,678.4609985351562,684.1583399970523,677.5513291516161,684.1583399970523,34451756
2024-02-16,679.801513671875,683.5358625170894,674.3195945311911,681.7165823442695,32175742
2024-02-15,677.0007934570312,677.6949825309235,662.7813723217212,663.0925826953933,41584944
2024-02-14,662.6378173828125,666.2046099191948,652.8230890297091,658.7837177497752,91320810
2024-02-13,667.6168823242188,672.3566891768745,662.7813454112104,666.4199643535106,57580994
2024-02-12,665.4864501953125,676.809306881893,662.3026364247897,670.1065656569043,34447812
2024-02-09,671.9976196289062,677.0725401801844,664.0500959229506,666.515758652701,56642124
2024-02-08,671.734375,688.9220715355453,670.5134952051483,684.5653014988382,69106124
2024-02-07,684.6130981445312,696.0317420167268,683.0332015338389,695.6487048996299,54837086
2024-02-06,691.3876953125,694.0687799185687,685.8818725644124,692.0819428119112,41075740
2024-02-05,691.7467041015625,695.1220358820352,686.576053954148,692.2972980120073,38605046
2024-02-02,692.3692016601562,708.9824002114282,690.4062678183428,706.1816237651476,44867754
2024-02-01,702.0402221679688,705.5112841214318,697.1089554241759,701.4178599181299,32690740
2024-01-31,700.2210083007812,706.1576749666016,687.8927526091608,689.1854007024332,65761040
2024-01-30,691.4834594726562,700.5321123941566,689.8556393766623,696.3908230536141,41728768
2024-01-29,696.438720703125,700.3406850803747,692.2016426624417,693.2788688648152,65645498
2024-01-25,686.9830322265625,697.731331945695,679.5621410018516,695.409322831776,98941852
2024-01-24,697.0371704101562,698.2579916906107,660.8184204446432,660.8184204446432,86004404
2024-01-23,683.3683471679688,706.0379622645205,682.243255943311,701.3939438294391,115469402
2024-01-19,704.0989379882812,723.058105901483,703.0217118745396,720.9993837290294,109600538
2024-01-18,711.5198974609375,725.3323197153799,708.5994291824192,715.2782083529884,161070930
2024-01-17,736.1045532226562,764.4954709128732,731.7477834906084,751.6644868680132,170145236
2024-01-16,803.9219360351562,806.0763883828079,793.8438633427261,800.9775061380469,25322500
2024-01-15,800.8817749023438,804.7597774337735,786.9017379565865,788.8646717373587,28320356
2024-01-12,785.752685546875,792.8384633063858,782.1140666068262,790.9233945544381,19773552
2024-01-11,789.487060546875,796.1419358750667,786.6144575370016,794.7534993983096,18314010
2024-01-10,792.8145141601562,794.7295829425168,785.8484865302768,786.6145023545687,16115824
2024-01-09,790.2052001953125,803.2755670838737,788.4098233393704,798.1766851243468,25326888
2024-01-08,796.4052124023438,805.453923454508,794.753489070434,803.6106815691105,17998470
2024-01-05,805.3821411132812,816.2501913581319,798.6315354441177,807.7520737623003,31889470
2024-01-04,809.5234375,811.4863711593532,799.8762675766435,803.3712912077103,26734056
2024-01-03,800.9296264648438,816.1543877106121,799.038461039413,814.8617397029581,28389762
2024-01-02,813.4733276367188,815.2448013204753,808.4941371304667,813.3297325444754,29242092
2024-01-01,812.9945678710938,818.2849687904367,810.0740996496615,816.7768404269046,14239686
2023-12-29,818.3328247070312,821.0378710363707,811.9891593992248,812.4679265922668,25011426
2023-12-28,816.4177856445312,824.149887782185,814.8617922105217,818.3568162242175,44076470
2023-12-27,815.4841918945312,817.0162235511344,803.6586070355986,805.0470435987298,27009078
2023-12-26,805.5018310546875,807.1775162105685,798.8470139045111,801.0971963079616,18045856
2023-12-22,799.9481201171875,807.1535894553359,798.1527432166448,806.052401579033,48578850
2023-12-21,807.5365600585938,808.9968233004131,790.0855201370065,793.31719852569,36589240
2023-12-20,793.3171997070312,799.038444004139,787.308648353673,793.795966876438,34232520
2023-12-19,791.3543090820312,794.1072204559873,787.1172310907685,789.9658725265142,24008446
2023-12-18,792.6947631835938,797.0036676222288,790.4206191743141,795.0885989828354,18014754
2023-12-15,793.101806640625,798.5836675519721,788.3380380661904,789.9658581899005,138837130
2023-12-14,790.0376586914062,794.2507747290626,787.5719960728002,788.0507632436652,35172366
2023-12-13,780.8214721679688,783.2631733056354,773.256926701281,781.563526294323,29346914
2023-12-12,782.5928955078125,792.9582176337611,781.2762856370243,791.9767214436858,36581476
2023-12-11,790.4446411132812,796.5249611291558,788.5295723280279,789.9898356540881,23187620
2023-12-08,791.4978637695312,792.3596680546885,780.6059106285983,780.6059106285983,33728038
2023-12-07,780.60595703125,782.3056039667443,773.7835244385168,777.996699171334,20450386
2023-12-06,779.3372802734375,784.4361042559843,773.9990142449448,784.4361042559843,38613060
2023-12-05,777.3743286132812,784.6994906156142,773.9272279317513,783.5025725396295,52230820
2023-12-04,770.5280151367188,771.7727982840073,753.4120861425171,760.2823844137739,50662456
2023-12-01,744.674560546875,749.6297896841719,743.0946053120196,745.871478620776,22153536
2023-11-30,746.3023071289062,752.8374324125391,738.3308218551477,751.2575357769422,69491440
2023-11-29,746.4698486328125,748.3130905581396,733.950075384279,734.3809775281464,34042488
2023-11-28,731.867431640625,735.9848175325754,730.5029569217514,735.0033214761758,28489338
2023-11-24,733.5192260742188,734.0219550188177,727.654327789123,728.3006518298484,16469192
2023-11-23,728.3485107421875,729.5693319457266,722.2202676591917,722.2202676591917,13046220
2023-11-22,724.1593017578125,727.7260937743376,719.8503972552013,727.7260937743376,29123650
2023-11-21,726.74462890625,728.6836593929769,723.9438525479579,727.2473578304415,24959972
2023-11-20,720.640380859375,724.3747884733571,718.8929272981045,724.3747884733571,19331452
2023-11-17,720.5924682617188,721.7415211781168,712.8843283809061,713.3630955591337,23701874
2023-11-16,722.1484985351562,727.2473809327844,719.9461810912933,722.7948225701767,29713838
2023-11-15,720.2573852539062,723.3932753387419,718.4141432279705,720.1137317170233,41245460
2023-11-13,712.7886352539062,716.2117740009877,711.4001986764561,714.3685319579603,20605914
2023-11-10,714.0812377929688,716.2356900692465,708.5993770450763,708.6232803377466,14015186
2023-11-09,711.280517578125,714.607926311971,710.2511563874616,711.4480744130556,22116740
2023-11-08,714.105224609375,715.014835514477,709.054207384732,710.4665472159254,31399546
2023-11-07,712.0465087890625,715.2781873463503,707.234875115352,715.2781873463503,41952848
2023-11-06,715.517578125,717.193263319672,710.0117553425058,717.193263319672,25593730
2023-11-03,710.370849609375,714.0334304636632,709.3654501545199,712.4056102569502,18095340
2023-11-02,707.0194702148438,713.6025192857455,702.4233167339939,710.9692996573848,45225154
2023-11-01,705.9421997070312,707.354539496317,700.0773018118728,700.0773018118728,33877466
2023-10-31,706.8997192382812,720.0658162779376,705.7028013255851,720.0658162779376,32634824
2023-10-30,711.0171508789062,713.3391600901615,699.9097753123232,700.5560993380782,23310982
2023-10-27,703.380859375,707.6179375015631,702.3036331507926,703.548416210113,31940532
2023-10-26,700.6279296875,714.3206598703572,699.1198013241884,713.9615844716288,55561798
2023-10-25,716.47509765625,729.066698092264,714.0572999767982,728.2048937755804,28311996
2023-10-23,721.04736328125,731.9153553189844,718.1986633818357,729.4018275247573,22376136
2023-10-20,729.0667114257812,731.0775102771368,720.5446319365362,720.5446319365362,21094010
2023-10-19,725.3082885742188,730.7183808812238,719.6827744216524,720.7360972438319,30252364
2023-10-18,727.6064453125,737.8759782779842,726.8164677513256,737.8759782779842,31216200
2023-10-17,737.8759765625,744.8420626176685,734.9076433348039,744.8420626176685,32902558
2023-10-16,732.3223266601562,734.6443359841811,727.965556654919,733.2319960651158,17856084
2023-10-13,735.2667236328125,741.5146589381054,732.4898505097352,737.3014842223872,39745300
2023-10-12,742.0173950195312,743.0467562738991,733.2798928919548,735.4343454713572,22025336
2023-10-11,737.1099853515625,738.330865115236,731.7956810054357,732.5616968533279,31333360
2023-10-10,730.0481567382812,732.035052316478,725.4280415474352,727.989492834349,33266292
2023-10-09,725.9307250976562,732.513773717668,723.8959646151071,731.556239372939,16454972
2023-10-06,734.452880859375,739.6953585670591,732.4420234594476,739.2165913446855,17759356
2023-10-05,735.2667236328125,742.8312687313597,733.7585952718871,734.9316099718342,48512674
2023-10-04,732.29833984375,734.9075975129915,713.0039997369529,715.7569109328484,54649430
2023-10-03,722.0048828125,731.0774976675469,721.0233866976592,731.0774976675469,38971694
2023-09-29,730.742431640625,735.1231049512756,728.8273627596361,729.4975901133708,32053782
2023-09-28,729.4974975585938,736.1523727643475,726.9361049439,734.4288226787853,55354188
2023-09-27,731.005615234375,733.7106613351264,725.3322361649047,729.1623733855774,39338538
2023-09-26,736.1763916015625,737.3014828250133,730.1199748754191,730.1199748754191,27575308
2023-09-25,732.9925537109375,737.636571986799,730.1199506265053,730.1199506265053,40208754
2023-09-22,732.3462524414062,748.9834124885792,729.5215142987016,746.3980579436757,61704250
2023-09-21,743.6930541992188,751.1618111897758,735.8891835298491,743.5254973598124,72841442
2023-09-20,748.6482543945312,765.548760092835,747.0683576854377,765.548760092835,115474648
2023-09-18,779.9357299804688,792.3597154342939,778.5233316755201,791.7612564347212,37056288
2023-09-15,795.5913696289062,799.5411989049336,789.9658552054733,789.9658552054733,173411202
2023-09-14,786.5665893554688,789.9658245482066,782.8321820803015,787.2129133414476,23538848
2023-09-13,787.04541015625,790.7318942113928,779.7202486339522,781.0129551372609,46420094
2023-09-12,783.6940307617188,786.5666339228394,778.0206512071577,785.178197372979,39033340
2023-09-11,781.2523803710938,783.5025629490954,777.5179726424265,779.8639437312936,31573022
2023-09-08,777.230712890625,781.7790014587035,769.6661674737783,770.0013395921213,34502210
2023-09-07,771.22216796875,772.730296406896,759.8754081832036,763.8731027987624,34208342
2023-09-06,763.873046875,766.0274992165465,754.010454511239,754.9201238552107,56320910
2023-09-05,754.010498046875,760.4738554447009,751.9517756465584,760.4738554447009,38712082
2023-09-04,758.630615234375,761.9340622690505,754.0104999128797,761.2398731833899,25073638
2023-09-01,753.9146728515625,755.9733951516992,746.5656081528945,752.1432576208482,43226776
2023-08-31,752.3587036132812,757.9603149977916,748.3610091258726,755.9734194012763,100075772
2023-08-30,755.8297119140625,767.918583020737,753.4358760513546,767.918583020737,28084204
2023-08-29,761.3834838867188,762.5085750919843,757.1463475103358,761.0961768187698,35538932
2023-08-28,755.3749389648438,757.7209098998453,747.5949720764402,747.5949720764402,28867238
2023-08-25,747.594970703125,755.2552457791736,746.1108040957927,753.8429059393314,30069756
2023-08-24,756.1170043945312,764.2081226998831,754.6088761414499,762.8197446808867,43145792
2023-08-23,759.6119995117188,761.5031649471699,753.2204693186583,756.4521477981758,36498588
2023-08-22,757.7448120117188,765.069973432526,756.4521639695814,764.2799958764373,32273570
2023-08-21,761.00048828125,766.2669276465182,759.803570243689,766.2669276465182,21837270
2023-08-18,761.598876953125,764.2560581283789,759.085349306415,760.0668453838622,25633366
2023-08-17,764.73486328125,770.7673182443161,763.1549081618289,764.8784583736676,52884040
2023-08-16,768.995849609375,770.6476315074848,757.0745931406195,757.9363390305685,34137542
2023-08-14,771.24609375,773.2090275802822,766.1472113841155,771.2939587813216,31304410
2023-08-11,775.0284423828125,784.4122687300547,773.7836007867022,784.4122687300547,28225822
2023-08-10,783.1912841796875,792.0006120305654,780.8692750321005,788.5535116922156,50781118
2023-08-09,790.2052001953125,792.1202688416507,780.9171055719207,791.4021180992739,33361236
2023-08-08,789.91796875,792.6469182530226,786.1596581385537,790.7797145936216,43773828
2023-08-07,790.5642700195312,796.2376491558498,788.7928549114002,796.2376491558498,28300918
2023-08-04,791.0191040039062,793.0778262359121,780.0314207032054,782.856158727379,37388304
2023-08-03,779.7442626953125,790.6122554650307,777.039216150682,785.1782590801716,57673946
2023-08-02,785.4175415039062,790.6839803679983,781.8986144970055,786.1356922581007,28116322
2023-08-01,795.8306884765625,798.3202542585794,789.965790937782,792.0962813602819,35394188
2023-07-31,790.5403442382812,793.2214872008873,784.5557544882844,789.989808735889,34565006
2023-07-28,786.8538208007812,799.0145182505155,785.7047679378544,795.471629607848,41015684
2023-07-27,801.04931640625,815.3405049960073,798.3203084228094,813.85633843129,59741302
2023-07-26,809.4515991210938,813.7126384552383,808.1589511902127,813.7126384552383,24794358
2023-07-25,812.2764282226562,813.4254812031791,803.5628884699448,806.555183500857,55992596
2023-07-24,803.5628662109375,806.555161158962,799.5890751426567,803.6107312414538,32179444
2023-07-21,802.2940673828125,809.0207693498382,801.0971494842852,804.3288278103088,42154248
2023-07-20,808.51806640625,810.0740597242783,804.328853626943,804.8794475665894,56210948
2023-07-19,806.7705688476562,808.518080755261,801.935031985233,804.8555001145571,32935134
2023-07-18,803.1319580078125,815.8192884919896,799.5412040971963,812.9466853634967,81076818
2023-07-17,803.8021850585938,805.2863515446086,781.8267610418227,789.9658026448301,49252928
2023-07-14,787.3326416015625,791.6894113288874,782.7843533101579,791.6894113288874,24727214
2023-07-13,785.7047729492188,793.532604310247,784.2445681802172,793.1735289409957,41913546
2023-07-12,781.8029174804688,797.7698512050471,779.0261026386073,792.5273150200137,70958358
2023-07-11,789.1997680664062,802.4137294886665,787.8113316668263,796.1897566465707,50670426
2023-07-10,793.0538940429688,802.772891445225,789.8222154878739,795.2323081500037,38398442
2023-07-07,794.945068359375,801.9350577712964,792.9821345334826,797.1473857846021,19926336
2023-07-06,801.93505859375,808.0872054143094,794.9450691746598,800.977524195429,52156544
2023-07-05,801.1211547851562,823.4795589682101,798.8470106542848,821.6841820227852,37165754
2023-07-04,827.4053955078125,836.406241634242,820.5111950503219,825.1312514621555,38795188
2023-07-03,823.3838500976562,841.4333500761821,818.6919081822313,819.8888261766497,44104116
2023-06-30,814.5745239257812,818.1174128864183,805.8848875767882,815.8193069543128,40699016
2023-06-28,802.4856567382812,804.2810337444777,794.9929383437692,799.5412267594668,59562950
2023-06-27,794.083251953125,800.9296461673263,784.4840048316838,786.5905337191974,33831864
2023-06-26,783.0477294921875,790.324967667844,779.7681273666705,787.5720562251119,16130314
2023-06-23,786.8538208007812,794.7056138469821,782.3294945543738,784.0051796001923,21339218
2023-06-22,786.9017333984375,793.580570693625,784.7233777731387,785.1781832214814,56596140
2023-06-21,783.0715942382812,783.8615717803077,771.2939332038942,773.6877691232111,24308946
2023-06-20,769.6182861328125,771.2939713592292,761.5510703742875,768.0144276761805,20005626
2023-06-19,768.014404296875,772.8499412572538,765.2375312003252,771.2939478800904,24829146
2023-06-16,767.3441772460938,770.4322024997265,758.3672916910389,759.8754201529412,15779272
2023-06-15,757.4337158203125,768.8762058056187,755.9734523987909,767.942633089082,35377476
2023-06-14,766.8653564453125,771.772720205927,766.1232439139638,771.0306076745784,20113968
2023-06-13,767.7032470703125,770.3364668139276,761.287754551761,761.287754551761,27926108
2023-06-12,766.4105834960938,773.5920917430839,765.7642009992537,772.0360982895694,13408292
2023-06-09,771.1024780273438,774.8847507794242,769.3789277124094,773.6399676877086,18212578
2023-06-08,770.1928100585938,778.4755064131117,767.5835520644657,767.5835520644657,37395522
2023-06-07,769.7140502929688,772.0361181070452,764.112497093835,767.6792895707576,24949026
2023-06-06,765.7402954101562,770.7433894299307,762.3170981340278,769.6901249341668,32182852
2023-06-05,768.1340942382812,773.9271655706029,767.2004631482836,772.9696311869709,18697242
2023-06-02,769.1395263671875,773.1133176055869,766.5063067001975,771.9881679023533,17859710
2023-06-01,767.9425659179688,775.5549758597977,766.0274971750312,775.5549758597977,50366938
2023-05-31,771.22216796875,782.7604463317739,768.2538345692759,780.3427069263231,43334270
2023-05-30,783.6221923828125,786.4469304713781,779.696324831423,782.1140640569184,37125928
2023-05-29,783.0238037109375,785.6570234727292,777.9249210289971,779.672433105021,21816292
2023-05-26,773.5921020507812,775.1241337865805,767.1047828039214,775.1241337865805,26635066
2023-05-25,770.6237182617188,775.62687085873,764.7588197205333,773.5441866629621,29776930
2023-05-24,773.5921020507812,782.6647175463944,772.5387790945629,779.2176169192138,33588112
2023-05-23,783.8375854492188,789.774310031499,782.0422085660649,789.487061418846,22470074
2023-05-22,785.680908203125,791.354287626984,781.6831554747228,787.5720151966582,28334032
2023-05-19,788.481689453125,789.9658560394562,781.1326248446826,789.0083216684993,30460332
2023-05-18,787.572021484375,791.8569644245696,785.1781855528116,789.0083230433131,49646942
2023-05-17,784.4360961914062,789.9658807338478,778.1642575542323,789.9658807338478,30466868
2023-05-16,788.6731567382812,800.4029520198595,787.0932017516233,800.4029520198595,32722086
2023-05-15,793.2214965820312,795.5645014526352,788.1567347587811,791.4227853213184,18512260
2023-05-12,789.4347534179688,791.8014482563958,778.2875976167232,779.5892797778581,22478760
2023-05-11,782.5239868164062,798.9962066051175,780.6543209380866,788.1804223550088,35734618
2023-05-10,782.0033569335938,783.210394506021,773.0099158578086,778.4059920594077,46340550
2023-05-09,778.4059448242188,783.8493430397727,776.2522293745058,780.9619868467801,43688938
2023-05-08,778.3822631835938,781.174974723999,771.5425380292702,773.9092329312004,37244524
2023-05-05,769.4835815429688,786.1924141095578,767.8032049269116,775.8026458391606,62770416
2023-05-04,817.8350830078125,820.9827408858079,798.5701525541848,798.5701525541848,56854638
2023-05-03,801.4338989257812,802.7829034515152,795.0438227485433,797.5524846534473,29407270
2023-05-02,798.6411743164062,804.202907194295,796.1561447326687,799.3274927082318,32221184
2023-04-28,798.806884765625,800.4162489215953,790.4761299225689,797.4341901096315,27916272
2023-04-27,795.6828002929688,797.6944908945422,788.5117034159383,790.7127411596693,47790392
2023-04-26,791.328125,792.8427866144116,783.376007072747,785.7427019581631,27392750
2023-04-25,787.70703125,798.8541289397548,786.6420186043182,798.8541289397548,50353068
2023-04-24,799.0672607421875,800.6292448057368,792.4168245439707,798.5229093249309,35675852
2023-04-21,792.6534423828125,793.7657774269219,787.2810565292857,790.0027556575246,20128618
2023-04-20,791.3754272460938,794.002423833816,788.7720629382435,791.2807247846998,32922716
2023-04-19,788.440673828125,790.618079244519,784.3936604333247,788.1093596720481,24741168
2023-04-18,785.5534057617188,793.9078508052294,784.0387440490672,790.4761429987975,29637226
2023-04-17,788.8904418945312,814.1430655398879,782.571377912893,814.1430655398879,32405148
2023-04-13,801.1025390625,803.2799446098875,794.3338262706332,799.138228506588,35330086
2023-04-12,797.5288696289062,799.0908536154229,789.4347845187364,789.5294292037479,26955504
2023-04-11,787.3047485351562,790.1921047569881,781.5299783108553,785.26936780893,42361542
2023-04-10,785.009033203125,790.9494607030667,782.902697787476,787.2810834915474,31813286
2023-04-06,788.7484130859375,790.0974176490104,779.6366375439686,780.3230137466818,44637344
2023-04-05,782.7843627929688,783.8493755314626,764.9158157360166,766.1464855665928,43365392
2023-04-03,762.3361206054688,764.7737701383646,758.6440534334533,760.916103659407,40025398
2023-03-31,761.8628540039062,763.4721604711577,753.7450781349003,755.2597399090109,34711228
2023-03-29,751.567626953125,758.2890171010677,748.7749155212824,749.7689157853254,39763612
2023-03-28,747.9702758789062,749.2483258664123,740.3495294210122,741.1068602762156,39276302
2023-03-27,741.9351806640625,747.6152485739262,737.8881669466679,739.4501509534972,31872006
2023-03-24,738.716552734375,744.9882947461084,736.018485653395,738.4088708154069,31477748
2023-03-23,739.8998413085938,752.7746385074203,737.722493547406,742.0771890697815,28364178
2023-03-22,745.8875732421875,750.7392976925187,740.9175140491653,749.768929690198,14177324
2023-03-21,747.615234375,749.0589413869266,736.6101030086518,744.0651919987587,33050494
2023-03-20,739.2372436523438,742.2429349918079,731.498161926119,742.1719225798777,26503114
2023-03-17,744.3966064453125,747.4969422958127,728.9420761958121,737.2255088798554,22950876
2023-03-16,734.5747680664062,737.982785579755,725.1790009533352,728.4686837227395,21753342
2023-03-15,729.8413696289062,749.2482674050162,727.3326499748621,746.9288948951588,37264754
2023-03-14,740.4678344726562,749.5796099935142,738.0775072511518,743.2605460585534,33185612
2023-03-13,742.4558715820312,759.1410704335563,740.7518050492812,751.6149691826986,26443550
2023-03-10,751.9700317382812,763.8508293638935,750.2423327911828,762.2887875145955,27387000
2023-03-09,771.8739013671875,779.0923212778464,770.1225701404643,771.5188971092862,20700166
2023-03-08,771.8029174804688,776.039278351897,766.8091679963849,766.8091679963849,20099774
2023-03-06,770.2645874023438,776.0156100994345,765.8862015978312,766.8091895470669,27004710
2023-03-03,764.8685302734375,766.8092086899194,751.662360123205,755.4490722648835,14986234
2023-03-02,749.9819946289062,760.1587836607059,748.8223371305629,754.5024054273814,17391814
2023-03-01,756.41943359375,763.4958287329239,755.3307307505042,763.0224897194503,14137256
2023-02-28,757.153076171875,759.8511432233867,751.993669356785,753.5557112171675,18993992
2023-02-27,753.9817504882812,756.8691070076666,746.5976731955545,750.6683772868718,14312972
2023-02-24,752.1119384765625,765.8151364213195,750.336917326773,765.8151364213195,17061740
2023-02-23,758.8807373046875,766.2648140080034,753.6029959990215,763.4957924668398,27882010
2023-02-22,764.0638427734375,777.199000918852,761.6261929817764,775.8026738859212,10359102
2023-02-21,779.3526000976562,786.8550110811879,773.4358630789981,776.275896847954,12389296
2023-02-20,776.4415283203125,790.2156800893326,773.814531839051,785.7426501630073,8086706
2023-02-17,783.802001953125,789.6004042614547,777.6722277016523,786.2160191131189,8956270
2023-02-16,787.7544555664062,796.1089007357218,786.216103767944,791.9908166376073,8062500
2023-02-15,790.6181640625,794.262851292887,784.204397425203,794.262851292887,11438712
2023-02-14,792.2274169921875,794.0261282040997,784.7723281580804,788.1093910341734,10908592
2023-02-13,784.961669921875,786.5710339771882,778.4296267994425,783.3759959273335,5736944
2023-02-10,784.3699951171875,785.0326812308807,777.3172329126792,780.441316337142,8172116
2023-02-09,781.2696533203125,786.5237042859567,774.1695688314326,785.7426834360527,11777336
2023-02-08,782.9026489257812,789.6240391235308,781.0092930638084,783.0209836671545,8444826
2023-02-07,782.9972534179688,788.06201475717,772.773143844212,785.4586505805794,10264588
2023-02-06,781.8375854492188,790.1920292034251,779.2105312491846,785.742631660786,11167672
2023-02-03,785.1747436523438,785.9793968271139,760.6557607354243,762.5491167048964,14411100
2023-02-02,758.9281005859375,768.9392323415261,752.0173625008308,761.1764609144216,17497106
2023-02-01,770.3828735351562,788.1093950748863,760.18239548965,768.7024970580272,17302790
2023-01-31,758.9991455078125,768.087231902103,754.9757636950177,766.6672147917049,18596244
2023-01-30,764.0401000976562,769.3178411010082,748.8222408528942,754.975647383291,18512822
2023-01-27,764.8211669921875,774.8559305182873,752.5853078147762,772.4892355564111,35179948
2023-01-25,780.3703002929688,801.3391818839766,778.784626308036,800.6055411527631,14704142
2023-01-24,802.5463256835938,805.812376548019,792.8428755647417,792.8665656285084,24983940
2023-01-23,791.9434204101562,796.4401406323066,786.4053775646045,788.7010600166277,15444400
2023-01-20,786.1923217773438,790.0027235140965,777.8852577053577,778.2165718647993,18843404
2023-01-19,778.216552734375,781.0092640832843,772.9625019684869,774.8558577602039,11172162
2023-01-18,774.9979248046875,777.033247723356,757.2003331678316,759.709052840869,19090642
2023-01-17,761.5551147460938,762.5491150718101,746.6922588614403,752.5143515673539,10786354
2023-01-16,750.3843994140625,767.4246047675382,748.0177042260798,764.4425457184223,14748094
2023-01-13,757.6500854492188,762.0284712196939,750.7156575106625,756.750729788885,9244546
2023-01-12,757.0584106445312,759.1884361515325,749.8399908708047,751.5676897826115,9250070
2023-01-11,753.0350341796875,756.3957295571362,738.4088473774297,742.17186935277,15195798
2023-01-10,742.337646484375,757.3424710803973,740.7756045255136,757.3424710803973,16371766
2023-01-09,756.1590576171875,762.8094937244492,752.6090150931632,755.4490491123827,10729340
2023-01-06,754.6917114257812,761.649771597572,747.0235849749788,758.2890762614053,9092462
2023-01-05,757.2003173828125,765.8861335942461,752.3249607233827,764.4424266422033,10941436
2023-01-04,762.0994873046875,778.9976666530196,760.6557802287117,773.9092723546631,10351600
2023-01-03,775.9682006835938,777.6958994173672,767.8504260872918,767.8504260872918,8378030
2023-01-02,770.92724609375,776.1576654267515,766.1229012195713,770.122592864354,4381378
2022-12-30,770.6668701171875,778.6426203561981,766.8091458826996,778.6426203561981,7122640
2022-12-29,776.8912963867188,777.9326190377025,762.5491020807658,766.8564752725806,11012896
2022-12-28,771.4479370117188,772.9625987224337,768.2765309952387,768.2765309952387,8691870
2022-12-27,772.063232421875,774.3589150189524,763.732477566371,772.9625880792587,7926772
2022-12-26,771.2822265625,775.8026372192614,752.6090257343659,757.1057463283763,9907322
2022-12-23,756.2301025390625,759.3068061921712,750.4553317833038,751.1890303820713,10693152
2022-12-22,763.046142578125,770.3592068674686,761.6024355451656,767.850487106121,9747096
2022-12-21,765.6732177734375,778.548074299987,760.4428560619455,776.7493628398976,9269198
2022-12-20,773.1519775390625,774.5719946187421,766.903867720086,766.903867720086,7174698
2022-12-19,778.5243530273438,779.4237087213362,769.7438910954138,778.1693487623974,9604542
2022-12-16,776.1102905273438,778.6899649239426,761.6024388526127,766.8328578314446,14647958
2022-12-15,772.3945922851562,790.1921268749417,770.146232067255,784.3464018645261,18182648
2022-12-14,786.8076782226562,788.3460298269417,781.0092760218877,782.4292928873821,14227640
2022-12-13,780.2047119140625,784.322738181516,778.6426700715715,781.0093651173817,17031702
2022-12-12,778.0509643554688,782.7133418481023,767.4718494913106,769.175858298182,14434808
2022-12-09,772.0396118164062,773.8382653777363,766.8091926677436,769.649226714661,11963384
2022-12-08,766.572509765625,769.6492132626774,759.7090942722001,762.0757892699328,14803634
2022-12-07,762.288818359375,766.1465430130813,759.4487841771094,764.0402074401583,11674720
2022-12-06,762.6201171875,763.827096930786,757.342375948978,757.8157149339461,12353092
2022-12-05,763.4721069335938,764.2531278294877,755.5436787874839,762.052089952201,11592622
2022-12-02,760.703125,766.1465237122118,759.7801370262731,762.0758197096427,7811078
2022-12-01,766.572509765625,774.8559422576894,764.4424842676656,767.7558572644913,20446366
2022-11-30,761.3421630859375,763.4485565025493,755.9697764864823,755.9697764864823,15184806
2022-11-29,756.32470703125,763.188122507995,753.958012039269,756.0407151883402,12638236
2022-11-28,757.4607543945312,760.8687721706614,754.526075630677,758.7151143331906,16105980
2022-11-25,765.6968994140625,772.3472781691015,764.0165227321851,771.40060010171,8410496
2022-11-24,769.2468872070312,772.4892478000642,756.9400732102165,760.1587437409996,17197960
2022-11-23,756.9401245117188,759.7091462925441,754.5024169410065,759.7091462925441,10185738
2022-11-22,754.9757080078125,759.4014161193165,753.0823520002695,757.3424030172414,8546314
2022-11-21,756.088134765625,763.0225635400307,752.7037489357293,760.9635501883442,8344816
2022-11-18,763.921875,768.2292486333745,759.8274808186842,767.2825705697473,10459232
2022-11-17,765.9335327148438,772.2762870225876,763.9218419167568,765.9098426520217,12100930
2022-11-16,772.915283203125,777.2226566503574,763.022486309608,766.170202291269,13578150
2022-11-15,766.3358154296875,768.3001837702703,759.8274043968535,768.3001837702703,11030202
2022-11-14,764.4661254882812,770.5958420285266,756.3956729493768,763.0224185196467,19195390
2022-11-11,762.6201171875,774.8559183927981,727.9953588809551,731.3087317757319,56722338
2022-11-10,721.7236328125,722.7886455515248,707.6654877696277,708.6357980412447,12774182
2022-11-09,713.9608764648438,718.5049193556288,711.9018633497144,717.1322824659693,9269790
2022-11-07,714.1738891601562,715.6885508115232,706.2690933816195,714.7418728342593,9835834
2022-11-04,708.6594848632812,717.6292356675809,705.0857523541924,711.5231511022943,10818060
2022-11-03,713.5822143554688,719.5935963898347,708.5884649206265,708.9197790999174,10332352
2022-11-02,716.7298583984375,723.3802941610854,715.4991886100082,718.0552306509842,12720406
2022-11-01,716.2802734375,723.7353630173054,709.487870043139,711.6652179833346,19073756
2022-10-31,708.4464721679688,709.061835992368,694.5066614551414,696.7550217495098,12830528
2022-10-28,690.4595336914062,694.3882702618566,685.1108379889911,686.3415077571179,10474278
2022-10-27,688.4241943359375,694.5539107499477,686.9331650572058,693.204906271337,15937276
2022-10-25,686.7675170898438,694.7669571686256,683.9748056352751,691.5955514291327,13773394
2022-10-24,691.5719604492188,692.4949483754677,688.3769222390107,688.3769222390107,2167794
2022-10-21,680.9454345703125,689.9625651125049,678.768086852019,687.2881883606218,10492606
2022-10-20,685.7734985351562,687.7141766872251,682.7914400176263,683.5014484474541,7898078
2022-10-19,690.4359130859375,699.3110189397639,687.9508834468661,692.9682650667686,12967040
2022-10-18,683.4304809570312,692.4476117206183,681.6081374235195,690.1519292027847,10561108
2022-10-17,684.70849609375,689.9388569363749,675.454696308178,679.2414079903542,18410500
2022-10-14,681.1348266601562,684.9215386916234,669.8930253167381,670.7213685736215,12849920
2022-10-13,659.645263671875,665.6330139849169,655.1012205192,663.6450131620727,14714234
2022-10-12,667.3133544921875,669.7036818066864,661.3966169107936,664.1892708246992,9225050
2022-10-11,662.9822998046875,670.7213811074919,662.4142583209682,663.1952792481815,14521620
2022-10-10,669.7747192382812,674.9814485044445,661.8226005195202,666.4613460689046,13109302
2022-10-07,677.25341796875,679.2177284598232,672.3069910888432,676.9930584243101,13297994
2022-10-06,680.1880493164062,692.3055144913168,678.8626771866964,691.0511547579542,12549198
2022-10-04,687.7615966796875,690.1282917818199,675.0524555373647,676.638129699665,11538526
2022-10-03,668.922607421875,671.1236451823496,663.1952174570123,667.3842557736752,11541112
2022-09-30,672.7803344726562,677.561046520772,646.1076950288735,652.6397959370244,15781756
2022-09-29,654.3201293945312,663.7158966193714,652.6398106789119,660.9232428535685,14410388
2022-09-28,657.728271484375,667.6920233859096,656.0005724707542,665.5146754065687,11816132
2022-09-27,669.2303466796875,681.6081733278456,665.9879860224158,678.0108084136324,12639700
2022-09-26,675.2890625,679.9277498021432,671.1946687964193,674.6736987181858,8923486
2022-09-23,684.5192260742188,698.1750450604594,680.1881625436476,696.9206851182904,15806252
2022-09-22,703.3817138671875,714.812861621089,701.8433622049612,710.955137435071,12048144
2022-09-21,718.6942138671875,720.1852431794865,712.3751501709676,713.7951670816074,9072304
2022-09-20,719.8065795898438,721.3686213704209,714.694553161901,716.6352314664156,10781668
2022-09-19,711.2391357421875,716.6352116395905,700.5416864112245,704.8017372069685,12076038
2022-09-16,706.5767822265625,716.9665500169183,701.9617270420313,711.4758292509372,20560046
2022-09-15,719.8065795898438,729.3916941454547,715.6885534856144,724.2086553128241,13539372
2022-09-14,723.5696411132812,728.4213656433966,706.3874130797399,707.1921240116534,20219760
2022-09-13,716.2091674804688,717.534539678244,709.3221202937293,709.4877773732925,13001966
2022-09-12,706.9554443359375,711.9018134782359,705.2750678740501,710.0084575913257,11080492
2022-09-09,709.3458251953125,714.2685624302175,707.1921673792319,708.2098000210051,15128888
2022-09-08,708.8724975585938,710.0085227511238,701.5594328865137,705.3224549448381,11164690
2022-09-07,701.63037109375,705.2750580128373,696.4236424775478,696.4236424775478,9776206
2022-09-06,704.9674072265625,713.156194796427,703.5947126110668,709.4878176550125,12238696
2022-09-05,707.6654663085938,709.5351321703702,702.482369800808,703.4290477623429,12131932
2022-09-02,703.1450805664062,705.5117755531663,693.5362758079048,696.8260165078848,12038086
2022-09-01,696.8259887695312,705.014718429371,690.6015696459982,693.3232687724303,22403136
2022-08-30,703.4290771484375,705.251420744394,683.0755001251575,684.6611742208433,10135400
2022-08-29,681.3241577148438,684.4481835108402,676.2120734809305,680.1881325761254,8653178
2022-08-26,693.4888916015625,701.3936868205767,691.6428581204374,696.778632008081,7706176
2022-08-25,693.37060546875,703.7604309305221,689.6549059666497,700.4943803550603,11823040
2022-08-24,697.1572875976562,698.4116474192263,690.6961991270781,691.9742490093071,13455520
2022-08-23,693.8203125,698.6246570090722,686.5308805205054,687.903575143371,14966884
2022-08-22,695.9739990234375,704.494101169479,694.7196390958088,702.8137823590608,8234066
2022-08-19,706.7188110351562,715.6885618964038,705.2751039852128,714.7418839044774,8063702
2022-08-18,715.5465698242188,716.5879503313682,709.8428693302802,710.008526430319,8342138
2022-08-17,714.694580078125,716.0435846954439,703.2634314733141,710.0085123405493,12384350
2022-08-16,711.0261840820312,714.0318751491698,704.3521157975206,707.5471540191029,12563756
2022-08-12,702.9793701171875,704.9437383632303,698.624617003692,702.9083577168467,8850370
2022-08-11,703.23974609375,705.748465966316,697.9620623413853,703.6184404151097,18301766
2022-08-10,694.0569458007812,696.5182853005304,685.8918486744243,691.7138832613585,17353102
2022-08-08,692.0452880859375,693.2049454902074,675.5020558450844,675.9280724889151,15357736
2022-08-05,675.4783935546875,680.164403086726,672.6856821032446,678.2947372860145,9268982
2022-08-04,677.7741088867188,684.7794912450086,668.8043003902649,681.6081431357295,12012206
2022-08-03,678.5787353515625,679.5964256924633,670.7213200112976,674.4843417078575,10975498
2022-08-02,676.9930419921875,683.7854444563982,673.5850246203694,682.5547747266103,15036510
2022-08-01,684.5192260742188,685.6078711371147,676.898479511382,681.1348405708483,13193036
2022-07-29,678.8627319335938,680.9454349708267,669.916671568808,680.6614431431668,20019736
2022-07-28,670.650390625,674.0347762331419,667.8813688658449,669.7984150425293,17420406
2022-07-27,664.75732421875,665.5146550866178,655.2195315104202,657.4205694862873,9212778
2022-07-26,659.7162475585938,663.6212944051289,656.189895033676,660.7812603349215,8527964
2022-07-25,661.0653076171875,664.8520200283192,654.7699329020686,660.3079766910903,10143126
2022-07-22,659.1245727539062,661.2545983032007,644.877080080309,646.5810889636165,12729592
2022-07-21,644.0960083007812,648.2377243196178,642.8416484646634,644.0013636183196,12640278
2022-07-20,646.1314086914062,648.9950749004665,641.492663496681,643.6937013470418,20347862
2022-07-19,638.0846557617188,643.0547152126437,632.8542367511087,632.8542367511087,15792538
2022-07-18,637.8479614257812,646.6283647787831,635.2445970528642,638.0609408531288,20332220
2022-07-15,644.71142578125,646.0604304121975,637.4930058328619,640.4276846012615,13595646
2022-07-14,639.5046997070312,649.7288108809627,638.6526663672696,644.6877388120965,10372410
2022-07-13,642.723388671875,659.9292508118748,641.019379724398,657.9412500032589,15945610
2022-07-12,658.7932739257812,665.1596606593656,657.6572487168633,665.1596606593656,9876974
2022-07-11,665.5856323242188,667.3606535366644,659.4795477972783,659.8345520397675,7462880
2022-07-08,661.3018798828125,667.4079643038475,660.1895448317669,667.4079643038475,12474030
2022-07-07,660.6866455078125,661.7279682683665,650.5808109266956,653.2078656726364,17743142
2022-07-06,649.0661010742188,650.0837914761512,637.6349527152158,638.0609693695875,15049078
2022-07-05,640.23828125,652.9000987367396,638.202958341074,645.6343570808499,14325718
2022-07-04,641.6820068359375,643.8356645501927,635.3392528781949,640.7589611464242,8487480
2022-07-01,640.7826538085938,643.7410224780701,629.5645429261943,636.1439086225995,11472452
2022-06-30,638.06103515625,640.9010694373609,632.3809665940282,632.3809665940282,12475822
2022-06-29,636.1438598632812,639.362587841217,630.1324782999224,630.1324782999224,9994046
2022-06-28,637.0670166015625,639.4810341157448,633.5169738511049,636.1676608819845,9770574
2022-06-27,641.9660034179688,651.3144484447005,639.9543127160139,648.4744145125288,9804164
2022-06-24,640.8063354492188,644.5220348931247,633.5879159905552,633.5879159905552,8013432
2022-06-23,631.978515625,638.0609096242678,624.0974104893153,629.7774779340417,15372244
2022-06-22,629.6591796875,632.8305277490141,626.3221167580701,630.6058576498191,8159698
2022-06-21,632.6412963867188,640.9010392530179,626.72455857973,632.8069534891858,13220684
2022-06-20,625.8251342773438,627.174138793338,612.5716430424657,617.5653345357969,15936840
2022-06-17,610.489013671875,614.867399697434,601.8978987250547,603.5072629824699,14723922
2022-06-16,606.4892578125,625.0678127660508,604.9272160672077,620.0740634178733,12169192
2022-06-15,618.8670043945312,622.8194309622124,614.5833214454613,616.1216730760376,11810470
2022-06-14,621.020751953125,627.6474977818931,617.707379038741,620.6657477122982,11870356
2022-06-13,627.9315185546875,629.5408827433928,619.2694493477306,626.511501525943,10892572
2022-06-10,639.5282592773438,647.5040092218784,635.9782170663667,643.7883099305161,9155430
2022-06-09,652.1190795898438,654.1781503456399,642.3919983690421,644.806015573734,7311816
2022-06-08,647.2437744140625,653.6811733997421,642.3210371494931,650.0364861317101,5986588
2022-06-07,644.9716796875,650.5097803969437,640.9482983756177,644.6876878569063,10253966
2022-06-06,652.47412109375,656.5211926538722,644.0487215665758,651.4564884687982,6173266
2022-06-03,653.349853515625,663.0296130823147,651.4564974904033,661.8699556291225,6957244
2022-06-02,655.6218872070312,656.9945819675592,652.5451834730333,656.6395776905593,11475020
2022-06-01,660.2368774414062,662.887564224445,652.8054784242131,653.2078050088518,12091896
2022-05-31,657.4442138671875,664.9466836174759,653.2078527172565,660.7339547503448,13485388
2022-05-30,663.4082641601562,672.3780146327596,661.9408671117387,667.5262901343535,12624674
2022-05-27,658.9115600585938,660.1658621498103,648.8294165218157,649.326445570491,24031718
2022-05-26,646.912353515625,648.9477342187919,634.2742260052379,635.2919163568214,26992428
2022-05-25,628.972900390625,632.3572280918651,626.3221557067814,629.5408840910824,12887112
2022-05-24,624.3104858398438,627.1742100621962,613.8733949747416,615.3407344006453,12870796
2022-05-23,617.2340087890625,629.5171317872963,614.9146363103386,621.9673984270154,19486320
2022-05-20,625.2571411132812,626.7954928932373,611.7196570057959,616.7607290100877,13919350
2022-05-19,609.2109375,613.636645262878,605.0692215597546,608.8085531555822,20537506
2022-05-18,621.9201049804688,631.1028928608465,620.0740713797754,626.7245072423251,15732384
2022-05-17,621.9674682617188,623.3874853125446,614.4886886817793,621.3047820818717,16641444
2022-05-16,617.7546997070312,621.0207502699137,608.382622442987,614.867343445593,9804356
2022-05-13,611.2462158203125,623.8607098634346,609.1872030305314,620.0976884814426,16768238
2022-05-12,616.7843627929688,628.0261632360961,612.0272830721492,625.3280964613642,22382290
2022-05-11,631.0082397460938,634.0028031547836,621.6736825757839,633.0670056593522,17102924
2022-05-10,627.4756469726562,633.0670142369999,615.310279367215,615.310279367215,20113812
2022-05-09,617.55615234375,620.6676904474025,606.162829230765,608.2683736009221,32762434
2022-05-06,616.5033569335938,624.6448062814701,614.3510341929365,622.3053126249852,26731268
2022-05-05,633.0435180664062,643.360707162427,630.0255943230603,643.360707162427,17862912
2022-05-04,634.4706420898438,656.7426089581849,631.6632498682072,655.0581850485112,29055916
2022-05-02,656.7894287109375,658.0761502267766,637.3014921733744,637.3014921733744,19494316
2022-04-29,647.8525390625,657.2807094431166,641.7464951987836,645.8639695553754,28401476
2022-04-28,641.6528930664062,645.2323296688057,637.3248299413617,641.9570386552584,20773722
2022-04-27,642.21435546875,645.2322791052595,634.5173879201604,636.3422041937295,18054334
2022-04-26,641.98046875,646.6126204361926,635.0087663212903,641.9570509671229,17016842
2022-04-25,639.03271484375,641.3254301314081,618.6791193133066,631.663309565486,20935488
2022-04-22,634.2835083007812,643.524508237747,631.2655843325418,636.3422741404268,20659148
2022-04-21,643.056640625,645.6067231021995,633.2074061310639,638.6817987018899,52446270
2022-04-20,633.67529296875,636.2955145164841,624.8085774843098,633.7454320872375,49325736
2022-04-19,628.0136108398438,650.1686599267982,620.9015734629207,646.1213247578577,74096022
2022-04-18,652.9292602539062,669.8672285581865,650.4026528038955,663.8781019646151,45620376
2022-04-13,685.4481811523438,702.9242433781278,684.3720484068768,697.1690664926792,28892520
2022-04-12,698.8067626953125,705.0531994018879,692.5603259887371,694.3617247002636,27435402
2022-04-11,700.0466918945312,706.5270778408221,698.6897741627865,704.6554829326345,20799066
2022-04-08,708.7028198242188,713.8964842819717,700.5847883163185,707.5096552211411,41256322
2022-04-07,709.6853637695312,721.1956605372436,708.2582498667109,721.1722998718208,40781732
2022-04-06,725.6406860351562,743.8653746340015,724.0030405883982,742.8827416727144,27027860
2022-04-05,752.4982299804688,779.846891444346,749.5738625392264,779.846891444346,30922582
2022-04-04,775.2146606445312,805.7684143080922,731.1152040942818,739.2800143171792,97450970
2022-04-01,704.655517578125,706.5271125783324,687.9515550478917,690.8057259998988,14568556
2022-03-31,687.9747924804688,694.6891269176839,685.892666262322,688.278938036831,14295714
2022-03-30,691.06298828125,693.7768236906089,680.3481533388308,688.7469124751822,20109742
2022-03-29,679.2953491210938,683.2490702523118,669.0951347103618,674.2420203619799,12377448
2022-03-28,670.4053344726562,672.8383850629837,655.8068595810566,669.5163154473864,15754886
2022-03-25,669.5162353515625,679.3888861163086,663.9482296136653,678.9209874344103,16366462
2022-03-24,675.0140380859375,687.6473023703385,671.2240702239247,685.9394607752508,20160044
2022-03-23,692.13916015625,710.6445768066046,689.4955210466934,705.1233492347262,31188256
2022-03-22,699.1109008789062,700.912299571318,681.8220084853747,693.0984136042903,10461814
2022-03-21,695.5313720703125,698.8768589798646,689.1211831460807,695.7653214050149,12257876
2022-03-17,692.5134887695312,697.0755010615136,688.0684511517023,688.746881415176,14823954
2022-03-16,677.5875244140625,680.7926191358266,671.996100591785,677.0494294773479,13364108
2022-03-15,666.2877807617188,678.219198184067,660.5560214117672,675.4118058493968,18867928
2022-03-14,674.96728515625,678.4531075865442,662.0766532654897,662.0766532654897,25018126
2022-03-11,653.5609741210938,659.2458980426811,642.284568944958,649.4434424176493,15150780
2022-03-10,651.642578125,667.6915283883826,645.8172614282165,667.6915283883826,22273206
2022-03-09,641.559326171875,643.2203323186494,617.0882008482499,622.3052828761213,23134694
2022-03-08,621.2759399414062,624.1768891432812,604.5251430083352,609.2976870802052,39212492
2022-03-07,619.8722534179688,623.4048545200336,606.8880638056838,616.9244686053191,27054458
2022-03-04,639.3836669921875,648.5076929756106,625.5338748714294,636.3423249977131,21219364
2022-03-03,641.4891967773438,651.315070688594,637.6992282634567,646.1681843541296,17527922
2022-03-02,643.0098266601562,654.3095923595013,633.7220483369093,648.7415860755369,38505560
2022-02-28,667.340576171875,673.0957535053741,661.6322344054892,667.2236014871822,24880832
2022-02-25,681.3072509765625,685.8926808498369,670.4286067551512,673.7506759327907,18318654
2022-02-24,664.1354370117188,690.1271759497945,658.4036778434378,678.4063475939694,23630766
2022-02-23,702.2692260742188,713.873080486644,699.8127577039627,713.592352667638,9029562
2022-02-22,706.8545532226562,712.1886099012698,696.209857647376,697.0755159478297,9536196
2022-02-21,712.1885986328125,716.2125160226459,699.7659224389105,703.7196436005554,7468066
2022-02-18,707.6265869140625,709.8023272905024,697.3795939695534,701.0526444546318,7796128
2022-02-17,704.889404296875,712.1418342780244,702.7838601087993,707.9775243494109,7351208
2022-02-16,709.217529296875,718.1076055341441,705.1234152402379,717.9204346111028,10032264
2022-02-15,710.1767578125,713.4988275713342,689.2382883898335,690.6185668794573,13135066
2022-02-14,689.5423583984375,701.5907510950923,687.4836496114692,697.1691307967247,14656620
2022-02-11,710.66796875,713.5455573389709,701.614139822811,701.965063867404,10711104
2022-02-10,713.5923461914062,718.4585044373451,702.6201437504593,708.3986816790235,14314530
2022-02-09,700.72509765625,701.7076735253208,686.4074085334615,689.6826995080589,11308342
2022-02-08,683.9977416992188,691.7648491334083,675.9031280031979,690.8056910143061,13981130
2022-02-07,686.9454956054688,710.7381333465257,683.1321097339879,707.5096208566665,12268042
2022-02-04,713.0776977539062,717.218590284089,708.4454886877073,715.1364636851665,11579958
2022-02-03,709.0303344726562,720.5406318948554,706.0591889378767,715.3001889256323,10564762
2022-02-02,716.446533203125,718.2245712750496,704.4683367927917,707.439482390718,13969290
2022-02-01,700.4443969726562,709.8023715481092,689.4253590634428,705.8252323535418,14739484
2022-01-31,695.1571044921875,697.8943576936214,686.3138643897004,689.0978389232178,12842546
2022-01-28,684.6527099609375,695.6249106226671,683.1320393254528,691.3202658242168,24925208
2022-01-27,690.1271362304688,694.8295408179733,671.4346067836982,678.4530869939807,28617838
2022-01-25,696.2567138671875,699.5085871279545,675.6457523831212,682.5004800615633,13594248
2022-01-24,695.6016235351562,711.790907358927,686.6647696631117,706.5036291281489,11868508
2022-01-21,711.9546508789062,715.7914544908904,695.1102976698634,701.8480503767886,11537694
2022-01-20,706.0592041015625,715.183229601881,701.8948938601593,715.1598118180823,15197846
2022-01-19,710.4807739257812,720.4470393034343,708.0945019261654,717.7566217187649,14317626
2022-01-18,715.5341186523438,725.664137379117,712.6097516478794,717.2887388550224,12341152
2022-01-17,711.9078979492188,728.0504036864833,710.8083473875251,715.8850370439071,22989372
2022-01-14,722.9737548828125,724.6347611521733,710.7381913179858,715.885077496062,11208968
2022-01-13,714.94921875,727.5824837410013,711.393200027693,727.5824837410013,41963896
2022-01-12,728.3545532226562,737.7125276138084,726.1788127534048,733.6651922663265,21085530
2022-01-11,732.6825561523438,733.9926381894911,724.2136014478044,730.6472083128816,8389198
2022-01-10,729.5242919921875,735.536779049019,723.137463117213,728.9861970473102,8856496
2022-01-07,725.5004272460938,733.0803641242641,718.6456991580834,722.4356675971685,11179384
2022-01-06,720.4470825195312,727.4655635961949,715.9084876032401,721.967753419475,9628930
2022-01-05,732.1912841796875,735.5367713761124,714.9960066045779,719.066759647386,14332638
2022-01-04,715.2066040039062,717.2419519918268,705.4977056629859,711.2060471421149,8857352
2022-01-03,711.0423583984375,712.6098078130622,692.7241106153897,694.829655024555,9069184
2021-12-31,692.2093505859375,694.7360149979426,683.8339524038007,683.8339524038007,6325736
2021-12-30,683.833984375,686.3372311223421,676.1136554374787,682.4302882045415,7215918
2021-12-29,680.2545166015625,683.6000037447715,677.2365928197368,681.2839280160719,7668702
2021-12-28,683.5064697265625,686.3606404814903,680.0440077919508,683.4596341615539,5450678
2021-12-27,678.8275146484375,680.3247677693998,665.4222043278841,668.5805208219992,4705098
2021-12-24,673.259521484375,679.3889836741034,668.1594136960191,676.347641805039,5561024
2021-12-23,675.6925048828125,682.1027513772324,672.3002392895576,679.9737894341596,9779166
2021-12-22,676.2071533203125,681.2604819395565,671.76211583513,679.5292796603638,8577484
2021-12-21,674.6163330078125,678.804003305838,669.0951057917273,673.5401432078262,9118750
2021-12-20,667.0597534179688,682.1962640397126,661.6555009076649,679.3888720066274,21156668
2021-12-17,689.2382202148438,704.6554599209462,686.7349164136573,700.4443715150442,14994768
2021-12-16,701.8948364257812,709.8023359689812,699.0406657466433,707.8371842532578,13210432
2021-12-15,701.8480834960938,712.7735072392076,699.8127354772637,703.2517796630859,10115148
2021-12-14,702.9944458007812,709.3344966351345,700.4678382738138,703.0178635846237,9191100
2021-12-13,707.0651245117188,719.4644399316592,705.216890396181,714.0134087105283,10322142
2021-12-10,712.3992309570312,714.9492561772763,705.8018132009037,713.4987815442046,7779384
2021-12-09,714.4111328125,727.4421004421224,712.1418354958904,722.9970627041388,11747744
2021-12-08,727.0210571289062,727.6059305314374,717.7566395861959,718.6924370302457,15295534
2021-12-07,713.8731079101562,716.820892914321,706.4803418484618,708.3752975369557,12427534
2021-12-06,703.6260986328125,710.6445792398034,700.6081177018816,707.9307438918171,7029532
2021-12-03,708.1881103515625,718.6689956881011,705.146768758102,713.9198695084689,8124694
2021-12-02,713.8964233398438,715.3235371851069,701.8480321217536,703.9535762181189,11203110
2021-12-01,704.0238037109375,705.1467720355122,696.7479559415331,699.508569747121,8677634
2021-11-30,698.8301391601562,715.4171255354036,695.5548481995625,699.5085694410911,25221542
2021-11-29,702.4329223632812,705.4274854622762,684.0678984147324,699.4149985992442,12990996
2021-11-26,697.122314453125,704.9829786803473,694.8295993014816,701.8480801025066,18624936
2021-11-25,713.989990234375,717.4290913331872,705.123332817624,708.7729654824068,10251652
2021-11-24,710.293701171875,718.8562137965511,708.422106222235,713.0776758128465,30802286
2021-11-23,709.1238403320312,714.855598943886,700.1401517480191,702.7837906127123,11235214
2021-11-22,709.0303344726562,726.5063407477103,701.4036193856,723.3714420794946,15261272
2021-11-18,720.2833251953125,722.2016985884679,713.6625466615229,714.0368884967193,9152874
2021-11-17,716.2593383789062,722.4355782478812,715.1831485439678,719.1135089681062,7598878
2021-11-16,724.3072509765625,728.6118965466009,721.3126876112315,727.582542163149,8245406
2021-11-15,728.6353149414062,735.4666251415645,727.3018149519153,730.904612413564,9533594
2021-11-12,726.6466674804688,729.4774774090271,722.9268957318046,725.2429714067782,14914092
2021-11-11,724.4476318359375,727.5357520533504,718.5052836512886,725.2664546194623,7999404
2021-11-10,727.699462890625,734.1330701015211,725.2429946828283,733.6651713952741,13714126
2021-11-09,735.65380859375,746.1113342173927,734.1565554425947,746.1113342173927,12695476
2021-11-08,748.7549438476562,750.8370703527786,734.8115388253409,744.9415577689133,18943580
2021-11-04,745.8072509765625,747.6320676747624,744.0058520644047,746.2985675510379,1096808
2021-11-03,739.95849609375,753.2702505343167,737.1979390099509,751.024313564004,10207338
2021-11-02,751.7963256835938,758.931781707664,748.6614268671785,751.4454016168362,13237722
2021-11-01,751.1178588867188,753.7848588180418,740.9410614445757,741.6194917607675,8122320
2021-10-29,740.6134643554688,749.5737361074018,729.9219902169456,743.9589515672715,12406874
2021-10-28,745.6433715820312,772.0328702050767,742.6254477542099,772.0328702050767,17797750
2021-10-27,768.6640014648438,779.0747474620774,766.0905586340668,773.3195706484513,13249642
2021-10-26,773.3196411132812,783.1922930858217,770.3250777594776,772.0329195806469,12090656
2021-10-25,775.3081665039062,790.7488240142435,755.0949649733542,790.7488240142435,16426766
2021-10-22,786.4207763671875,799.1710165314034,781.7417891509615,786.1166307748242,12175554
2021-10-21,784.338623046875,786.982205040292,777.1095537754028,782.233078871667,9738190
2021-10-20,783.1922607421875,794.8429502889365,778.7940013526002,790.327716219395,10908568
2021-10-19,790.1405639648438,791.8951842055869,781.8587792751537,783.9409057808846,8987540
2021-10-18,781.5313110351562,807.1253500121098,780.0106400858581,797.7673749395057,28856456
2021-10-14,789.5322875976562,790.7488128094394,766.4180801076105,766.4180801076105,14757288
2021-10-13,767.0731811523438,771.0970987638464,762.6749217142412,765.9502127890877,6225644
2021-10-12,762.4877319335938,768.079155828651,760.3354092752614,760.3354092752614,8176946
2021-10-11,764.4530029296875,769.6934460990624,748.1701035333743,748.5912238329689,13080848
2021-10-08,749.8778686523438,758.9316971425425,748.7081218934927,754.2527101071383,7245562
2021-10-07,753.5509643554688,761.5988003023383,751.9133186707471,761.0841230818784,11265724
2021-10-06,755.6096801757812,761.2010472242603,742.5552940183129,746.7663826422353,18600830
2021-10-05,746.5089721679688,747.4681873677021,737.5253398049078,744.8947444690965,10257178
2021-10-04,741.9703979492188,749.2696065845623,740.9644042742369,743.4910687947713,7051028
2021-10-01,740.5432739257812,743.4910586790553,732.3784641896735,740.6836663870009,11128596
2021-09-30,746.2750854492188,751.6091426009663,740.7304967074409,742.0874145002653,15975348
2021-09-29,745.7603759765625,751.7260847567792,741.6896798907969,747.2342683926307,16263036
2021-09-28,755.6798095703125,763.6106695972712,740.2157348669626,763.6106695972712,12773790
2021-09-27,760.3822631835938,765.2484217091811,752.3812058137348,755.9840034178407,16415462
2021-09-24,749.36328125,752.3577876180659,736.9405463365646,738.8121413748796,20806702
2021-09-23,734.6010131835938,735.5368106526174,721.4998486172622,721.4998486172622,13664304
2021-09-22,717.6162109375,725.3131787966195,715.8850085999203,724.7750838701154,10582202
2021-09-21,726.1554565429688,733.9694000920663,715.3937850806404,730.8578619198661,14774996
2021-09-20,729.851806640625,740.0753822447209,728.9862054323227,731.7935977510607,8781610
2021-09-17,740.2860107421875,743.4911057217695,729.547700275712,734.1331308228171,20498102
2021-09-16,729.8986206054688,731.9340258288291,718.8328610372279,719.5112913673174,10260550
2021-09-15,723.7457275390625,727.4889171159565,718.2245000665279,718.2245000665279,14822998
2021-09-14,724.5645751953125,732.0275368244709,723.6521384346185,729.9219926150045,9758506
2021-09-13,727.8399047851562,741.1516010354179,726.950885759595,730.8578287988149,8959164
2021-09-09,733.9459228515625,739.0226125546611,730.3899039927794,736.4725873700415,8250948
2021-09-08,737.5955810546875,739.5139544547029,732.5422518441904,735.5133974033473,6724080
2021-09-07,734.2501220703125,740.2158312029533,727.6761217089012,731.0918054706792,7245496
2021-09-06,732.5890502929688,739.7245062330459,730.834429979835,739.2566074828768,7876896
2021-09-03,737.431884765625,747.7022399965548,733.8056692712737,742.1342331690153,10735334
2021-09-02,743.4911499023438,744.8948462205987,735.1859466860024,736.5194467650346,9618524
2021-09-01,738.85888671875,747.702184301824,736.7065639444443,736.9405133137502,12422558
2021-08-31,739.93505859375,740.8474382651433,730.9513687618706,731.5596599538288,12062576
2021-08-30,733.7821655273438,734.6009882849862,725.9916404384651,727.8632353130765,9049166
2021-08-27,724.5177612304688,729.2903625174678,723.0205081501615,726.1788245585184,6382138
2021-08-26,727.4889526367188,735.0688890534149,722.1782564719654,725.2430159343049,11119002
2021-08-25,728.7054443359375,732.1679061275219,724.3071851475217,726.2255583877181,7727974
2021-08-24,729.3839111328125,732.0275503345746,714.6918798434089,715.8850444307441,18381314
2021-08-23,713.3583984375,717.3589554598426,705.8954364767717,715.8148667910151,10843054
2021-08-20,708.7495727539062,711.112484091962,695.3209025897706,695.3209025897706,13150406
2021-08-18,707.9307250976562,732.4252103424661,705.7549847439424,728.3778752099084,22985932
2021-08-17,708.7028198242188,713.0776615079304,704.3279781405072,709.8959273107525,8282666
2021-08-16,716.165771484375,718.2245372816506,711.8844867606579,714.0836450209575,6252778
2021-08-13,714.10693359375,716.3528700761359,702.315909852567,702.4094667407759,16658428
2021-08-12,702.503173828125,705.4041231454273,696.8416105444284,700.4444079659049,8597674
2021-08-11,699.4852294921875,710.6680212967121,697.6604700186167,708.8198440384862,12585786
2021-08-10,705.427490234375,711.089053111212,696.7011680096034,696.7011680096034,14838346
2021-08-09,703.6728515625,705.2870791969536,690.6184666835877,698.1048457262282,10998048
2021-08-06,698.4090576171875,701.848101893155,689.6827347936737,694.151190555678,13339270
2021-08-05,694.7593994140625,705.1467852148428,681.915602462393,686.4541971765548,18822408
2021-08-04,685.6119995117188,689.9166447776518,673.7741393555907,674.2420380634766,22053948
2021-08-03,671.2942504882812,673.7273580288141,659.7371752995092,659.7371752995092,12033120
2021-08-02,665.6561279296875,671.4346657200673,662.6615646871396,671.4346657200673,13258786
2021-07-30,667.4340209960938,669.9139067417696,658.7778957823883,663.9481988242158,11655488
2021-07-29,663.5972900390625,669.0716816422677,661.2812144645997,668.2762767483102,13702230
2021-07-28,663.1528930664062,673.1658801980516,656.9298171089981,671.4580955262957,20670342
2021-07-27,673.6572265625,678.4064103071216,671.9493846985216,671.9493846985216,22401430
2021-07-26,671.22412109375,675.645741081775,668.2061401271644,669.0951591045279,13167166
2021-07-23,675.0608520507812,681.9389401209187,671.5750295688387,679.1549656917061,13126684
2021-07-22,677.8449096679688,687.109327947589,676.1137071053906,681.3073719096726,13207114
2021-07-20,675.248046875,680.3247365462768,671.9727558462353,674.7099519255372,24174250
2021-07-19,688.2789916992188,696.6309721194395,685.9394981856252,695.7653709427182,25111600
2021-07-16,712.3056030273438,715.8616218663434,710.6445968457965,714.9258244288939,5170628
2021-07-15,711.5335693359375,714.3643794730821,701.6843354297325,704.187582188956,10438802
2021-07-14,701.4503784179688,705.2871250803108,697.683770870483,700.6783341056623,9788494
2021-07-13,702.7136840820312,704.7022536501623,694.408481768072,700.0232664310304,18178142
2021-07-12,695.765380859375,702.7838615001891,694.3616847312122,702.7838615001891,14458978
2021-07-09,702.7838134765625,709.3343949603653,700.6782694281974,707.7201673699005,10695842
2021-07-08,711.4165649414062,719.4878176227463,708.1412739982538,713.5455269010719,8420922
2021-07-07,720.3301391601562,723.0673354757794,714.8089109597926,717.7566959868007,9629190
2021-07-06,718.0841064453125,720.5639923825959,699.9764497430932,700.4443484394454,17669032
2021-07-05,699.7191162109375,703.9536224628647,694.619065869047,697.1456732574342,7373882
2021-07-02,692.67724609375,696.8181381606023,691.0863790923012,694.8295686879264,14827036
2021-07-01,695.6483764648438,702.7838314781875,693.8937563795953,702.7838314781875,16911442
2021-06-30,700.8655395507812,706.0592041820919,699.0875014782571,700.912318001838,9679022
2021-06-29,702.807373046875,705.6849048002796,698.1751637826261,705.1234491207249,10971692
2021-06-28,702.7136840820312,709.5388723967646,701.152989466271,708.1412252416824,9356786
2021-06-25,705.8582763671875,709.072875679631,702.0846410310144,703.9947471275564,10383176
2021-06-24,701.7352905273438,705.0896207031966,693.2329376296681,694.1647023307831,14785024
2021-06-23,692.0682983398438,697.7986745512052,688.8536984376266,694.1647691190624,7844868
2021-06-22,691.2763061523438,702.5506371300067,689.5059303397944,697.4259308909948,14366824
2021-06-21,693.55908203125,695.0033629173906,679.722397980227,680.8172102081012,7260472
2021-06-18,689.4127197265625,694.1646969170276,677.8588147746814,684.614108805082,11938060
2021-06-17,683.0301513671875,688.923574895063,680.1882802007045,682.9835745028993,9283802
2021-06-16,691.64892578125,696.0282312475173,688.620690504738,693.2329371461217,7702098
2021-06-15,694.2811889648438,696.9600125424635,687.083329230532,692.3011889292118,7569602
2021-06-14,689.2496337890625,692.3011859909532,681.3762674124074,688.6905977060071,8881964
2021-06-11,692.4642333984375,697.2162675857256,689.9950910162944,694.6305977433478,7205974
2021-06-10,689.9951782226562,693.698920699178,686.5476369538969,690.4843206395184,11483540
2021-06-09,689.645751953125,699.7553774679799,685.8022220835438,691.3229172494055,10223442
2021-06-08,690.9269409179688,699.4292950237635,690.2048004238322,697.2163535441731,9872540
2021-06-07,698.7537231445312,705.3459706378511,696.9600872352875,703.4824409928369,8091668
2021-06-04,699.26611328125,708.4440299977035,698.4508191421704,706.2776656254966,9424476
2021-06-03,708.3975219726562,710.4473590823497,693.1165561614135,702.5506749732225,10287260
2021-06-02,700.6871337890625,703.575581938167,695.5624273584244,703.4824282057742,10624016
2021-06-01,704.2743530273438,711.4023760066137,702.2011992377004,708.2809868888664,11030162
2021-05-31,706.207763671875,707.9082456590891,693.0000101466898,698.8235396437208,15661054
2021-05-28,700.4307861328125,704.8799852585144,688.9235150039842,694.58399684792,17750020
2021-05-27,690.7405395507812,693.6988813645199,681.3296811145242,686.2913399610924,20439496
2021-05-26,688.1316528320312,692.7671601737984,684.8471590151202,689.5059832261073,12283990
2021-05-25,689.0167846679688,705.2295156875977,685.0801009536664,703.7153978174179,19236974
2021-05-24,703.4590454101562,708.3508101809515,698.1247151463558,700.3376563521917,22146102
2021-05-21,697.5657348632812,699.7087825125944,672.2682979911269,672.2682979911269,19341646
2021-05-20,667.5162963867188,682.9369917808087,665.5129794058325,679.4195570658875,10684184
2021-05-19,679.3496704101562,688.9701530253018,676.7174804337463,684.940259024818,10130916
2021-05-18,687.968505859375,690.7871170805363,677.8588806961257,679.6990933972745,22165280
2021-05-17,670.987060546875,672.0818727050178,643.5233185186172,649.9757777493439,15120692
2021-05-14,646.10888671875,651.7227914455083,644.012416270311,649.6030041328152,10604142
2021-05-12,652.00244140625,656.2419600191607,647.0407823001372,652.1189120102882,13774926
2021-05-11,653.8892822265625,663.5097085397368,649.9292817238612,650.3718472671749,14519034
2021-05-10,661.4830932617188,666.2118108456489,658.1986565682562,664.8141636900286,11060050
2021-05-07,659.107177734375,663.8591558435271,657.0107067679112,658.2685665996236,12048334
2021-05-06,652.6547241210938,657.2669716692045,649.9060063402669,655.7761137331282,11477044
2021-05-05,653.4466552734375,656.7078321353601,643.7097015544721,652.701254793366,14421612
2021-05-04,646.8077392578125,662.9505738100507,644.4550675488944,656.8707864882977,21486328
2021-05-03,658.9673461914062,662.4382042371565,641.6598603108004,648.9741913343149,22473700
2021-04-30,657.9657592773438,677.2998795534614,655.7295009309773,673.200091541927,35232902
2021-04-29,686.01171875,700.523964446024,680.6540720500849,692.3942838095647,24078552
2021-04-28,688.01513671875,689.04005522921,666.6777004956049,669.1235830445929,24103940
2021-04-27,670.264892578125,671.8023270316983,654.4715269188472,655.6129158913712,20592906
2021-04-26,654.4716186523438,665.7459499907978,653.5165369836191,658.2918315864222,30170952
2021-04-23,658.8275756835938,668.3548475577336,652.3284823935682,656.4282700647758,22713528
2021-04-22,662.7176513671875,664.72096824602,638.7480269006979,642.9176512384666,38485312
2021-04-20,648.228759765625,664.5346431878645,644.7579018863605,663.8823964768933,23186270
2021-04-19,658.0123291015625,660.4814717592332,639.3304557823059,647.5765517142435,24069242
2021-04-16,665.5828247070312,673.1999896868467,663.1835192520597,668.5178493633546,15606526
2021-04-15,666.2584228515625,669.3332353820249,648.0424320032669,654.5647857401797,34444984
2021-04-13,652.3983764648438,655.2402475957199,634.065916270059,637.3270929150924,18600682
2021-04-12,636.8845825195312,651.7695030321798,630.3389117959538,648.9742085231069,22549128
2021-04-09,662.3682250976562,667.5162477665696,659.270096124209,664.3482250671763,28157816
2021-04-08,667.5162963867188,680.6075798822934,666.4447441652386,676.9270977085577,17613592
2021-04-07,674.2250366210938,678.6509197498997,662.2751976696493,670.5446108839972,25088180
2021-04-06,670.987060546875,681.4228366536412,667.4463660295091,680.1882370410952,15075734
2021-04-05,675.3430786132812,691.8353260425176,666.6776778227897,689.5059141703206,16006586
2021-04-01,692.650634765625,698.5440583003154,682.5176929084517,698.5440583003154,35763762
2021-03-31,695.8651733398438,721.1858673203236,693.2329267265126,721.1858673203236,30774506
2021-03-30,723.8414306640625,727.9645352211458,699.5457100566057,701.9216988192317,25607644
2021-03-26,694.7704467773438,698.357718513874,686.7106584986326,696.0283065108258,12021258
2021-03-25,681.7489624023438,696.7504090066333,675.645914661059,694.257892802887,23964356
2021-03-24,688.9469604492188,701.8285641464461,685.3130547459084,694.584126479912,16368900
2021-03-23,698.8933715820312,702.2942783853773,684.4277028421658,684.847008302962,19761428
2021-03-22,684.4510498046875,696.4475200354932,680.3745793379089,696.4475200354932,14015632
2021-03-19,697.6588134765625,704.0413788717259,686.7338952056753,691.8352841487114,21235020
2021-03-18,694.630615234375,709.0962856036157,690.0416852536216,704.2976744336461,18065540
2021-03-17,696.6572265625,716.9930044366868,694.2579208590815,710.1212391245092,21064428
2021-03-16,704.484130859375,717.6453095621886,703.4824722565825,713.2194264585876,13722366
2021-03-15,712.1710815429688,721.3722581601378,705.9515634062038,721.3722581601378,12230386
2021-03-12,723.0261840820312,745.4118566502228,715.1528168424925,745.4118566502228,15631204
2021-03-10,724.7965698242188,733.7648063462282,723.1194044980812,732.3671590960449,11055016
2021-03-09,727.9412231445312,729.432024021368,716.6435753613281,719.7882814453125,15066696
2021-03-08,707.9082641601562,724.4470883639638,704.6470875565886,718.3906175287667,15117050
2021-03-05,712.7999877929688,720.0677410003066,708.6536235487198,713.2658701379315,17445822
2021-03-04,723.0726928710938,731.9011402745581,717.0394825766341,721.44210471644,16291438
2021-03-03,739.2855224609375,743.5483580683066,729.1060027424184,737.9577689098983,11222410
2021-03-02,730.5967407226562,739.5882935913318,722.5835863686019,734.090858645135,16110038
2021-03-01,726.2640380859375,732.6233438115595,717.7849448283059,728.640026799245,13536018
2021-02-26,714.8499145507812,740.2405035257096,708.6070794654332,739.3786325217429,27912846
2021-02-25,748.3934326171875,762.3000096545275,746.3435388642035,749.9541271452258,20109570
2021-02-24,748.4168090820312,751.9109273171002,706.3942365231012,711.1695314443621,14314332
2021-02-23,712.4041137695312,725.7050227355288,709.3758780401585,723.8648099250751,18239906
2021-02-22,721.1859741210938,733.2523399717498,717.202656748423,719.8116437532008,29451838
2021-02-19,717.03955078125,728.7331869999819,714.1976796726159,719.7882681632038,17139508
2021-02-18,724.1209716796875,748.1837499704787,721.1858900765627,748.1837499704787,14720560
2021-02-17,739.1223754882812,755.5680457969456,737.4917872032456,754.7294347879077,12794426
2021-02-16,757.8275756835938,764.5129763820796,749.3484823473618,755.2884826208972,13897358
2021-02-15,753.1455078125,757.0589315094622,743.8744362925478,745.4584478925578,10355244
2021-02-12,737.0026245117188,741.9177064770458,732.8329998671228,733.2523053924318,9910106
2021-02-11,732.5302124023438,744.3869541247504,728.7332593016877,737.0259891336575,13648618
2021-02-10,736.9094848632812,752.3301809012268,730.0377194757463,749.3019453067199,19788006
2021-02-09,750.9325561523438,758.4565684977024,739.2156020892459,750.0706850622241,18421366
2021-02-08,747.8577270507812,760.157033858061,743.4085273561383,754.7294924916777,17447580
2021-02-05,744.2936401367188,753.9141221565797,721.1858866666988,721.1858866666988,27054716
2021-02-04,735.6748657226562,739.8212303398263,719.0661472568776,729.5718178288212,24484684
2021-02-03,733.6715698242188,736.8861126405844,718.3906055316733,735.6282530055202,20237254
2021-02-02,727.0327758789062,735.3953419095049,697.6122920046123,699.2894572101152,42420206
2021-02-01,687.9917602539062,690.6705837659835,652.7011722469766,657.0105839837964,26370544
2021-01-29,647.8095092773438,656.3118634983516,635.6965662775516,648.2054979628697,28704502
2021-01-28,638.9343872070312,652.8410221795793,625.2141734367799,647.5299515080465,42704446
2021-01-27,656.7078247070312,685.7323211979973,655.1005531628573,683.9153684499677,23556276
2021-01-25,681.5159912109375,689.9717673229738,677.9287198278455,682.5642265090312,20344718
2021-01-22,672.5244750976562,683.8686987100398,670.9404637665335,683.8686987100398,15392364
2021-01-21,687.0833740234375,696.1913406588754,683.9852447445681,695.0965284124685,26333054
2021-01-20,695.0965576171875,699.2894993186317,692.301263149558,699.2894993186317,13346052
2021-01-19,700.6172485351562,704.2511540690322,683.4494931587943,695.0033996358874,17360254
2021-01-18,690.9501342773438,700.1513111208578,683.4494394650668,684.8005097174363,42825632
2021-01-15,683.286376953125,685.6157887609149,673.2000124513131,684.4277659907799,14165236
2021-01-14,684.2647094726562,693.2329448138298,678.3247094414894,685.3828384996627,12297166
2021-01-13,685.14990234375,697.3793142622579,681.1665854278453,695.5157848270568,16934650
2021-01-12,689.9718017578125,693.0931909419772,675.1101425268274,676.6708371189097,20388156
2021-01-11,676.2049560546875,682.4711081726593,669.1468835112166,675.5294493534971,17331392
2021-01-08,666.9804077148438,671.8022781569391,662.997091292453,667.1434551461421,13768764
2021-01-07,659.8060302734375,667.4231970776211,658.0822879292748,667.3766202059659,19894842
2021-01-06,661.8092041015625,670.8705931849613,658.3383464243002,668.5411814030691,22134050
2021-01-05,664.67431640625,666.5611626446863,656.4282216783945,661.1801988316666,14386824
2021-01-04,659.689453125,669.9388655323093,651.7694526284428,669.9388655323093,15740192
2021-01-01,663.9057006835938,672.2682665596484,661.8324899943431,670.8706194358238,8810938
2020-12-31,669.1468505859375,672.7341219785199,663.9056740816035,668.5411807750526,22145750
2020-12-30,667.3765258789062,670.824066950373,658.2918192439054,670.824066950373,16216726
2020-12-29,664.9072265625,668.4246608383336,661.552896595528,662.0420957813117,14495346
2020-12-28,658.2219848632812,662.018938070775,654.0989367004701,654.5648191340174,11699194
2020-12-24,650.88427734375,654.0988772169751,641.5200526551101,647.2970056798262,14952188
2020-12-23,640.89111328125,643.3602557955827,634.0892418451367,637.0941604754499,15467394
2020-12-22,639.703125,645.1539833124564,626.611840669391,645.1539833124564,22851558
2020-12-21,639.4935302734375,663.3466879919946,636.7214956867946,660.3883459292866,23761824
2020-12-18,657.5231323242188,670.7308873609111,655.1704602604195,668.5412627676069,22995918
2020-12-17,671.7091674804688,673.1999681912783,654.3317337886855,660.900663280693,21924478
2020-12-16,657.2202758789062,660.062204002033,649.673003782129,654.0988865615698,16832092
2020-12-15,648.1821899414062,649.8826151632962,636.3953427628618,643.2904248616038,21561436
2020-12-14,639.2605590820312,646.644783892893,637.3271357099983,644.3153718471693,17222050
2020-12-11,644.22216796875,649.905910169742,639.6564979663483,647.5998151721411,21356384
2020-12-10,645.6431274414062,653.1671397476747,640.9377264678056,651.3036101050279,19727966
2020-12-09,655.5896606445312,656.9174709203267,640.6115876636862,641.5200355541075,22069074
2020-12-08,641.1940307617188,647.0175613147736,635.9994301343107,640.5883608360348,19457896
2020-12-07,639.3070068359375,642.8942779137108,632.7147607038116,640.5881832023422,24316318
2020-12-04,645.5266723632812,652.910897375773,639.7963526965787,643.3836245967808,26912322
2020-12-03,641.61328125,667.1436620137773,640.1457970428805,665.7460146771563,37933222
2020-12-02,655.4732055664062,667.0504284490065,649.8127800267889,666.6776997890113,17892150
2020-12-01,667.7491455078125,675.0634751124932,664.1152406990055,671.2665228673526,17147574
2020-11-27,671.2666625976562,673.6659683958317,659.4798716850385,667.0504608872737,17994580
2020-11-26,664.6510620117188,667.1435211951758,646.1788155710258,659.2235212927192,27943126
2020-11-25,653.5399169921875,682.2382642475824,650.8377760613756,676.1352155884485,24152602
2020-11-24,670.0319213867188,673.1999438707409,653.1903212284175,655.9622982491371,40154400
2020-11-23,649.7195434570312,663.253449087629,640.7513078120443,659.223555202943,25246636
2020-11-20,653.9358520507812,656.1487934843398,635.9528025121568,639.4934974317682,20405362
2020-11-19,640.2854614257812,651.9790982252188,637.327119576682,647.4367448510429,20266882
2020-11-18,656.2884521484375,661.087063163395,651.7927329093654,653.6329454674019,18862776
2020-11-17,656.1720581054688,658.1054814824922,643.1972443513791,645.6198670074319,31059900
2020-11-14,638.1190185546875,640.5649008404727,636.0225480240146,637.2338876047256,1835066
2020-11-13,633.041015625,637.6998395348973,627.5435806631576,637.6998395348973,22472480
2020-11-12,639.0508422851562,646.9010059383767,633.6000411498976,641.7064059916323,27053948
2020-11-11,647.55322265625,659.1304458555891,638.491832675096,652.1887866837259,36116194
2020-11-10,649.2769775390625,649.9059073656576,629.6633410994561,632.2023772725429,41517356
2020-11-09,624.5386352539062,627.0543545612294,612.7284716515643,612.7284716515643,26288440
2020-11-06,609.2111206054688,610.3059328513875,589.5741664300999,589.9235782237172,35705724
2020-11-05,591.2979125976562,594.4659356297403,583.4478056211416,589.8071116827988,21433928
2020-11-04,585.8004760742188,589.2480168254118,573.0352883578572,583.2847000195425,23404822
2020-11-03,581.3978271484375,582.7023204120117,570.938791656942,571.3813571193683,28164230
2020-11-02,566.16357421875,570.7059275194147,548.5765140033558,556.4266208976022,21926080
2020-10-30,551.3952026367188,558.7328513066057,548.040814836806,550.9293201814878,11522716
2020-10-29,553.0955200195312,561.131990801828,549.0423661992309,559.3383550737734,23060024
2020-10-28,563.53125,573.9670254736002,559.7576145345216,572.1034961701145,16571186
2020-10-27,574.4794921875,575.8305623243155,558.0571399852896,571.1717390045394,24317780
2020-10-26,564.1369018554688,578.6258303558386,561.201820547533,572.9420889088766,19571976
2020-10-23,575.7374267578125,581.6307929468126,573.5943224668267,579.324698078978,15866230
2020-10-22,574.57275390625,582.3529667944613,569.7741427117008,577.670826193271,21913060
2020-10-21,580.8155517578125,582.8188687791578,569.1684920300116,573.3148566671905,35640752
2020-10-20,570.2166137695312,571.8239418138957,561.8074724441254,562.5528727440753,27411978
2020-10-19,560.7127685546875,575.3647468497838,555.6113223045031,575.3647468497838,42359556
2020-10-16,558.7560424804688,560.6894658056045,546.4800526713536,549.7412294562637,25822848
2020-10-15,544.7329711914062,566.9788547701016,542.2870887036962,565.6743613618266,28246896
2020-10-14,564.4164428710938,565.7209361434303,547.6446789888327,556.9856424547526,22582918
2020-10-13,558.3367919921875,569.5179706427515,556.7295203093352,565.3017686488506,18353952
2020-10-12,565.4181518554688,578.9753174994802,561.6677760146721,573.7574576839783,19220546
2020-10-09,574.689208984375,576.2964803811725,555.1687266903496,559.5247153902895,44972388
2020-10-08,555.2387084960938,560.456569017249,541.9843191049002,549.7412730177505,35060674
2020-10-07,541.4718627929688,542.6831457559576,529.9878493385703,533.3888138792839,21248778
2020-10-06,533.0159912109375,534.8329437703007,524.6766856787656,528.7997900186148,19371990
2020-10-05,519.1560668945312,527.3789030377089,517.5953721509669,518.0612545741451,16940126
2020-10-01,515.7084350585938,517.1293989480084,507.85832898017526,507.85832898017526,21203080
2020-09-30,502.500732421875,506.36757899120147,490.10827227271136,493.8353313774468,18813842
2020-09-29,495.0233459472656,498.4475700684675,489.64238170651424,492.90355836868895,12644446
2020-09-28,491.1331787109375,493.3694368669961,485.75227138293275,488.68729623355154,16152422
2020-09-25,486.3812255859375,490.08496791766635,477.83229492026675,489.1765199858567,20321544
2020-09-24,480.04522705078125,487.7788633671432,477.5294507653503,483.5859218482279,19809510
2020-09-23,487.8953552246094,491.50594391211547,481.8854607448718,487.3130022104955,16079828
2020-09-22,482.3746337890625,492.97345806947664,479.6259163378624,491.06335166115406,18620678
2020-09-21,488.8504333496094,499.12310632138906,485.21652781988456,491.5059403264313,19842878
2020-09-18,492.5774230957031,508.83667134016304,487.87196594373876,508.7435176198957,23481778
2020-09-17,504.8301086425781,509.6752965099899,502.2211788279425,505.01647295871027,18318686
2020-09-16,509.5122985839844,510.6071108508691,497.7254511054125,498.5873221720915,18710112
2020-09-15,498.72711181640625,501.3593587642975,492.95015865201736,497.562405810296,16505110
2020-09-14,492.8802185058594,509.6753002806365,490.2712886719225,506.8800061291888,21650590
2020-09-11,502.5240783691406,514.7301748953192,498.960066519916,510.81675123480613,20794730
2020-09-10,508.06805419921875,514.7301381364395,505.0165018503913,513.8682671042266,15188088
2020-09-09,510.8399963378906,517.129408057509,508.3941140024835,512.9364669110968,15728872
2020-09-08,518.2708129882812,521.2292114954615,513.8682473974536,518.9929534005107,14624918
2020-09-07,517.3623657226562,521.5553070027138,512.0047185314716,520.0645061846334,17615466
2020-09-04,521.4622192382812,524.3040906468215,514.5205597558249,517.1294899526747,23661370
2020-09-03,526.8663940429688,533.8778897281048,525.5153237691262,529.8247357769847,19833362
2020-09-02,528.3804931640625,530.6400112496484,522.1143412619176,523.6983526695798,19761682
2020-09-01,525.189208984375,532.7830573562773,516.1976566572553,525.5153038893357,28877884
2020-08-31,519.8548583984375,535.2057174156104,512.7967287494497,526.2141644558503,38501166
2020-08-28,519.2258911132812,524.117655901697,510.1411850776518,518.0378683450753,38696610
2020-08-27,518.1077880859375,526.40051727272,515.3823875124955,524.490410871614,20645996
2020-08-26,521.066162109375,527.2624209508879,516.8965372608881,522.2541850107756,25190062
2020-08-25,521.6484985351562,525.0494627903026,515.3590861592298,521.3224036045685,27601738
2020-08-24,520.4140014648438,523.1626623598357,505.78528149964694,505.9483289792866,36779740
2020-08-21,505.78515625,507.25269694417335,495.9783105850266,496.3510391922582,28924302
2020-08-20,493.369384765625,498.0048911755551,490.10820847350095,491.482538591307,19216734
2020-08-19,496.9100646972656,498.40092222418224,492.0881941218439,496.16466436900714,17715624
2020-08-18,492.2047424316406,494.60404810153204,476.13180006165334,478.92709438686853,24040824
2020-08-17,481.1400451660156,487.77886931863316,475.2932267747865,487.77886931863316,19561012
2020-08-14,481.9320068359375,496.5840418576167,478.6009933042525,496.5840418576167,20924512
2020-08-13,493.39276123046875,499.1230804280221,492.2047384038107,497.53906894928076,19892740
2020-08-12,495.5590515136719,496.63060370698076,488.2447210927916,496.16472133952584,20666432
2020-08-11,496.9334411621094,498.96001809682474,488.47766477546287,488.47766477546287,20136148
2020-08-10,489.47930908203125,495.69882716533493,486.2880263150572,486.381180038167,22172854
2020-08-07,486.3113098144531,487.8720044096025,475.4795445056124,482.1183684045793,24836784
2020-08-06,484.84375,491.5058905057279,478.11177263649597,483.120008013687,33646888
2020-08-05,478.71746826171875,491.8786456601499,475.2000335008773,488.2214234354095,33221360
2020-08-04,485.286376953125,494.3245062096364,467.28001216894444,469.60942399431303,60306168
2020-08-03,466.81414794921875,478.4378906614677,462.62120650057307,477.9720082782848,31783542
2020-07-31,481.1633605957031,492.76378674190425,475.2233316206492,492.76378674190425,37726696
2020-07-30,489.47930908203125,504.8534268418584,487.6390396521727,500.3576507289189,26956266
2020-07-29,495.9783020019531,507.1129007230998,491.7621011664126,503.6187833547734,33592086
2020-07-28,506.2511291503906,509.86171780613665,493.6024104210176,502.68711736128176,35596450
2020-07-27,502.9200439453125,513.8682801960905,500.9866206375826,512.4007392820107,37970094
2020-07-24,521.3690185546875,523.1393945453956,513.053028513143,523.1393945453956,19598440
2020-07-23,526.6334838867188,532.9228963769175,520.041236458095,524.1177075165571,20149122
2020-07-22,524.7466430664062,533.2024202132012,520.6469119655198,530.407125742883,24718012
2020-07-21,530.430419921875,539.4684928262943,528.310632291062,536.7198322110544,47512422
2020-07-20,527.8680419921875,537.1157956611263,523.7216775257698,528.7764898653795,65124096
2020-07-17,511.7484436035156,514.3341133890951,493.0433127841031,493.39272454591634,28405738
2020-07-16,495.0233459472656,496.39767622101897,481.7689581051824,490.8769813884191,23662456
2020-07-15,490.64398193359375,502.6870286604141,489.2230180942246,498.58724145237267,20974394
2020-07-14,493.299560546875,497.9817013455705,489.1765127421303,495.04661952095404,26612674
2020-07-13,503.2694396972656,518.5270876029222,499.0998151551805,517.0828636027278,29922114
2020-07-10,514.8466186523438,521.7882776487165,512.2610055058834,520.809936002207,17562978
2020-07-09,524.0944213867188,526.3073629482466,515.8483250529808,520.8565612185438,20114484
2020-07-08,517.2925415039062,524.0711535656887,514.8000818932569,515.7318467473623,30056350
2020-07-07,514.8699340820312,517.9214296107266,509.2327685436883,516.8499342372218,24349850
2020-07-06,513.8682861328125,521.7417100505432,512.4706389357151,516.1743812598592,35558216
2020-07-03,500.3343811035156,510.51395704740577,498.49416837031265,509.2094635782726,27597254
2020-07-02,507.5323181152344,517.7118375859235,505.57557783518183,507.95162366598936,36954496
2020-07-01,505.2960205078125,510.60709104052734,494.44099512162273,496.5607258390079,34846718
2020-06-30,496.5606689453125,502.4774086453141,492.11152682600886,500.3576213003967,35746130
2020-06-29,501.3127746582031,504.36427022789616,483.12004435733536,483.12004435733536,46005956
2020-06-26,492.181396484375,495.2329486906024,478.92706609025333,484.983536770383,39969138
2020-06-25,479.2765197753906,488.71063839065346,469.14357755899715,476.08523670430964,70646790
2020-06-24,481.0235595703125,492.6706191240731,479.88217048220713,488.47767768471925,39429246
2020-06-23,485.5892028808594,486.847062495125,473.5927037669493,484.051768356397,28830512
2020-06-22,479.2765197753906,487.2896743201905,476.9703962046187,484.2614387152913,29694474
2020-06-19,481.4195556640625,485.9153320954028,471.5428717579379,474.2449839291457,47877752
2020-06-18,475.1767578125,477.4828813710259,452.8376911279437,456.5647503141819,40870126
2020-06-17,456.2153015136719,465.3699012714585,453.4200073507084,460.7576545284876,36957838
2020-06-16,461.40997314453125,463.0638500950959,443.5200763383147,454.2353723002698,45399970
2020-06-15,442.5183410644531,453.7694112492837,439.3270583245118,450.9741171348117,32009936
2020-06-12,457.8459167480469,459.66286943509465,432.3388560083312,432.3388560083312,42644876
2020-06-11,451.253662109375,460.47815598594246,449.57649691465576,458.8941445191046,30897714
2020-06-10,462.0854187011719,465.8124776723893,455.7261413926541,461.22354768815916,36497730
2020-06-09,459.9656982421875,478.34476502515497,456.35510956047824,475.20005875398886,61844146
2020-06-08,473.2899169921875,496.93344756617995,468.8640344216865,493.83531839274775,49812664
2020-06-05,481.4195556640625,485.63581403587267,467.1868543563627,467.32661338612775,35195984
2020-06-04,466.6744384765625,484.0285306577172,461.73606762930575,478.9504576381199,54275882
2020-06-03,476.2483215332031,487.4295000284801,473.0803266465828,475.2000860492709,50546088
2020-06-02,466.3482360839844,468.2117654989054,454.3284770447843,459.6861241126822,41623594
2020-06-01,460.1287536621094,463.5529778530729,450.08896541371087,454.2353300570312,39190230
2020-05-29,443.3569641113281,444.9176586602962,430.21907572876887,439.7929526443137,53025166
2020-05-28,440.3753356933594,442.58827707875315,425.7932223566478,428.6118051710031,75488806
2020-05-27,420.9946594238281,423.8598192403738,399.3311269341328,400.6123035867492,56025754
2020-05-26,397.1181640625,406.1329770132901,395.41768195013475,399.26121170104915,38005152
2020-05-22,390.805419921875,405.45742634117755,388.10330782681336,396.00001979086005,42047432
2020-05-21,400.44921875,411.84004933086425,397.07157128659645,401.33440670069837,48478908
2020-05-20,399.3077392578125,402.5223387538858,387.70728613956777,389.6872860697807,40014306
2020-05-19,386.9851989746094,404.0597706398577,384.8654114595988,401.05482368992244,47460692
2020-05-18,389.7804870605469,413.70353482290284,387.2879993785892,413.70353482290284,46649964
2020-05-15,413.7734680175781,415.7534682323334,407.6471030378416,414.8682802916548,24349628
2020-05-14,416.35906982421875,424.4188289459207,414.63529940929686,418.3623582803917,39554890
2020-05-13,432.1757507324219,447.2470325920422,429.5900810770887,443.05409166149184,44346966
2020-05-12,420.0162658691406,423.6734597165937,405.8301413102837,419.7600362399419,49568418
2020-05-11,426.65509033203125,444.45180345293176,425.81650771067046,436.5318027624707,28550784
2020-05-08,432.8280029296875,439.7696615007863,431.0343672092372,438.8611852074246,20807484
2020-05-07,430.9411926269531,439.46683431837005,429.24071060088437,438.16236936826965,21831730
2020-05-06,440.91107177734375,442.5882368798602,421.92636582697077,428.1458838869384,33785846
2020-05-05,424.6285400390625,439.79300721740964,423.0445284271206,436.99771268001086,29672858
2020-05-04,430.0094299316406,447.2470777187162,427.4470768822105,446.082371787157,26722324
2020-04-30,466.7209777832031,474.73416066697814,462.2019128631203,466.5346418862624,43793134
2020-04-29,455.2136535644531,462.481435616918,435.1807116011362,435.60001710933346,55877778
2020-04-28,433.9228820800781,439.6998068235012,429.54357611222713,439.6998068235012,29441436
2020-04-27,433.130859375,446.035807137072,431.5468478906257,440.32874791616473,27421072
2020-04-24,437.02093505859375,446.50165799272145,431.40705839822743,434.66823486560065,33284568
2020-04-23,444.8943786621094,446.5482554024853,425.14095463381267,435.60001961536125,40901222
2020-04-22,432.61834716796875,434.6682409215296,422.69505860889075,428.2157816238388,38289354
2020-04-21,429.3805236816406,435.13415992541616,423.02121757203196,430.94121834155237,33178006
2020-04-20,440.1889343261719,447.6896573467304,435.60000447662213,443.05412220028626,66232986
2020-04-17,424.09271240234375,428.6117770429898,413.3541295449921,426.28236521123443,55883462
2020-04-16,409.8600158691406,414.9614335184059,398.9117801511244,402.98825089719423,53854396
2020-04-15,402.19622802734375,433.50352770906346,392.7388219868248,433.50352770906346,57978752
2020-04-13,417.1277770996094,441.0508543473895,412.8649703884256,435.1341424408637,34158056
2020-04-09,430.9645080566406,433.68993715538386,414.6353356379403,425.3506308285837,44457146
2020-04-08,414.12286376953125,440.2588542172346,403.5007226339045,409.9532107330256,56219352
2020-04-07,417.47723388671875,422.695122786483,393.8337005790682,407.18124356426796,60412638
2020-04-03,379.15838623046875,393.204752200333,377.3647503344428,392.73886979251273,34996280
2020-04-01,386.51934814453125,402.4525036251976,382.0235715684545,402.4525036251976,29103504
2020-03-31,401.5440673828125,406.99486892435885,390.40946622034545,397.7704027365041,35211092
2020-03-30,387.4510803222656,413.23765785731933,385.7505983155134,409.97648130151185,39268444
2020-03-27,421.3673400878906,460.59464364275357,406.2960274682874,440.2355771858335,55235936
2020-03-26,419.806640625,436.85795439366626,391.8071183345117,405.3642854901964,57043156
2020-03-25,399.1447448730469,404.12969222351546,351.8576814302523,358.9390995737512,47228042
2020-03-24,357.6579284667969,377.3647485366708,344.1706271376118,370.4929830540586,61057272
2020-03-23,359.4515075683594,390.7588059658692,356.39998398079274,370.19008963394305,50276954
2020-03-20,411.3042907714844,426.09605788155034,384.1433508674439,407.6471250805587,88637464
2020-03-19,417.220947265625,428.58848837232307,370.37648104223007,394.60236407895457,67220048
2020-03-18,408.5322570800781,462.62118826098185,402.9882455647022,458.8941293424644,61181406
2020-03-17,454.2818908691406,470.5411970727661,444.7779075141395,469.60943232608736,42676838
2020-03-16,465.6494140625,483.1200023840045,463.55294346391946,482.18823767352427,31986322
2020-03-13,498.4009704589844,503.82845444558325,428.239070125055,456.5880002991171,66342364
2020-03-12,475.8056945800781,503.15299744295385,467.48970502420036,500.823585417755,59000770
2020-03-11,518.8997802734375,521.7882280735403,508.7435223717018,514.7999928761268,35538240
2020-03-09,515.8716430664062,521.0429267212518,496.16479331610776,517.1295028928447,34420590
2020-03-06,528.7299194335938,531.5252136871466,512.936495526939,524.1176725411502,23053566
2020-03-05,536.3936767578125,542.7529827364892,532.3870995898052,537.162394073109,19549708
2020-03-04,535.22900390625,549.7412525837075,527.8913558315098,548.9725352208427,34288870
2020-03-03,550.579833984375,552.2336823548427,544.1506342222837,547.4118109684788,22369550
2020-03-02,549.5548706054688,559.5946591273354,543.2887750401156,559.1520367227216,14664898
2020-02-28,548.6463623046875,552.0705862121758,545.1289278047099,547.6447038754537,24313056
2020-02-27,558.8026733398438,560.2236375387319,550.2071650172493,556.7295192172844,20655098
2020-02-26,558.7094116210938,561.2484476958087,552.3734229968032,557.8941175036563,13814786
2020-02-25,559.1986083984375,563.2517621021274,558.1270562434645,560.9223503481898,13886680
2020-02-24,563.6943359375,565.9305940025687,559.0588292266576,563.2284535798111,16568084
2020-02-20,567.0254516601562,573.0353459305833,565.6278044749597,573.0353459305833,11123414
2020-02-19,571.7308349609375,573.0353283753209,565.5346334186361,569.5412105193737,10012268
2020-02-18,565.2317504882812,567.6776327796997,560.6893976613612,566.9322324078242,10529116
2020-02-17,567.0487060546875,574.4329298288528,565.7907896043532,570.7058710789495,10152690
2020-02-14,568.0736694335938,581.6075753387364,566.0470924519831,579.1849528372734,14688858
2020-02-13,578.3463745117188,586.9651981930836,574.7124693465487,586.9651981930836,9112140
2020-02-12,581.8870849609375,583.7040375931034,579.5809899584544,580.1167091920769,6297930
2020-02-11,577.9736938476562,584.6824117792048,576.7857278503509,579.2316104494273,11613520
2020-02-10,577.8339233398438,579.0684661177814,571.1950996008843,579.0684661177814,9219834
2020-02-07,578.718994140625,580.9552520208622,573.7806529313682,580.4893697016795,6815448
2020-02-06,577.6009521484375,581.7472595087551,576.3896125591639,579.8604701400541,11827550
2020-02-05,579.8604736328125,581.4211681186657,571.7774262994742,575.3181207568854,18020682
2020-02-04,572.9421997070312,574.8988830437811,558.1271166016611,558.1271166016611,20897704
2020-02-03,555.70458984375,558.1038388817431,548.6697195962923,557.6612733177518,13077010
2020-01-31,571.3115844726562,576.6692318345022,568.492973329783,573.7108332296785,11178268
2020-01-30,571.1951293945312,577.2049667543175,567.0720247294748,577.2049667543175,12111984
2020-01-29,575.7606811523438,578.625868930549,569.4246926734006,570.8456565650708,13788350
2020-01-28,569.8672485351562,572.0103527691359,565.2317420572961,567.8174117606746,13412158
2020-01-27,565.20849609375,575.364755003102,564.5329893724769,575.364755003102,18888552
2020-01-24,579.8139038085938,584.216469285912,577.2748108684818,580.4894104706909,11831756
2020-01-23,579.95361328125,580.8853779511385,573.5011543163528,577.6940953308509,11508920
2020-01-22,578.090087890625,584.6823343492005,575.0851695578679,581.4444748473799,18368310
2020-01-21,579.720703125,582.3529498323231,576.9487258319602,582.3529498323231,14984804
2020-01-20,584.6358032226562,607.9066050842921,583.5176741496056,607.9066050842921,22178450
2020-01-17,595.4675903320312,598.612296476041,592.555825383874,597.1447555680879,16918814
2020-01-16,599.8934326171875,601.4541271501188,596.0265862785172,597.2845027735764,7150400
2020-01-15,598.3094482421875,600.0331903050004,593.5807306974551,599.3111067361606,11787448
2020-01-14,600.75537109375,602.1763352004535,595.1647821421215,600.5224298874322,7886290
2020-01-13,599.124755859375,604.0165209733124,594.4659319413395,597.5873212182596,7451568
2020-01-10,597.5872802734375,599.5440203071881,594.0465857124096,598.2395269513544,9214580
2020-01-09,592.3228759765625,594.3727698457291,588.4560294308527,589.3412173369028,9546316
2020-01-08,585.7539672851562,588.0134855627122,577.7174958437635,580.9320389239922,11332110
2020-01-07,587.2913818359375,592.3461948441558,583.4012749065904,586.4994044504707,14724494
2020-01-06,578.1366577148438,587.8503498429019,575.8305629173403,587.0117388963179,10890186
2020-01-03,590.92529296875,598.6589300292867,588.6890345286461,597.3544364608236,10855550
2020-01-02,599.4741821289062,600.056535132723,595.8635935052428,595.8635935052428,6137166
2020-01-01,595.6771850585938,596.3294317486501,591.9501261101647,594.5124791372097,3673698
2019-12-31,592.64892578125,597.2378555525037,591.0416544226701,597.2378555525037,8357056
2019-12-30,597.3311157226562,600.4059281123311,593.5574797503094,597.2612219903074,9334190
2019-12-27,594.0001220703125,595.8636518650429,591.6707098268995,592.6024747242647,7092992
2019-12-26,591.8802490234375,601.8501433649025,589.1781653320924,600.848484870266,14949758
2019-12-24,600.59228515625,606.1595568825055,599.5673097918527,604.9948509255141,7179208
2019-12-23,606.7653198242188,607.5107203769783,600.4293298201372,605.1813081055942,10195782
2019-12-20,604.109619140625,605.4606893266727,596.3527235268623,600.4058772146014,15026044
2019-12-19,600.42919921875,608.2094117647059,599.1712827435662,607.9764705882353,13018376
2019-12-18,602.0831298828125,605.1812593281282,593.371151438186,597.7271406604992,17447172
2019-12-17,592.18310546875,593.9069044657647,584.8454576910184,587.0118222185259,12427354
2019-12-16,585.7772216796875,591.6706453877498,581.5143863644261,591.3212335892924,11327576
2019-12-13,588.8054809570312,592.7654814988791,586.6624332143489,589.3412571103048,11775186
2019-12-12,588.68896484375,591.4143653966029,583.7506229827026,583.7506229827026,12913148
2019-12-11,581.7706298828125,584.2165124108483,578.8588649684841,582.3995597302257,11054642
2019-12-10,582.1199951171875,584.0534182397568,580.0701014073599,582.8188186407375,9788900
2019-12-09,579.0684204101562,582.2830198672588,576.5527013197647,582.1199724255337,8265350
2019-12-06,580.5127563476562,587.0117927333266,576.8555342061269,581.8637697393675,13774650
2019-12-05,580.3030395507812,586.4294037826509,578.0435215438523,584.9618630167804,12772494
2019-12-04,583.1217041015625,585.5675866460592,574.9920222837997,583.5176927584945,11395614
2019-12-03,584.8687133789062,591.2047019628194,584.1233129932231,590.8319733347757,6991906
2019-12-02,589.6905517578125,593.510764067455,586.3594817662578,593.510764067455,8946204
2019-11-29,593.9766845703125,596.2828363451898,583.2847072926231,590.5990375033225,15567626
2019-11-28,589.48095703125,597.7503686992535,587.9435225363611,596.422558512575,12366040
2019-11-27,595.5840454101562,599.0082695258785,592.2296581550427,594.4659163251183,9580666
2019-11-26,594.0233154296875,596.2129397350556,590.2496228836637,595.6072699295346,8716002
2019-11-25,592.18310546875,596.0965289909554,588.9452455467404,588.9452455467404,7893556
2019-11-22,589.2247924804688,598.0299816192328,587.9436158215866,598.0299816192328,7688010
2019-11-21,597.8901977539062,599.5906799764068,590.9019613905449,591.7871493706533,12019526
2019-11-20,593.2313232421875,597.7037827616671,590.2729814731323,593.0682757816081,11054258
2019-11-19,592.5558471679688,594.0000712612668,587.5242944044147,589.4810346437574,10570578
2019-11-18,587.9668579101562,596.0731655153878,586.4061065006013,594.9317764762619,9130292
2019-11-15,595.35107421875,598.6588275728928,592.1830514491907,598.1230514893108,9279012
2019-11-14,593.487548828125,594.9317727677324,585.7072793063352,588.7821483737378,11055218
2019-11-13,585.870361328125,591.6705737319026,584.0300919568745,587.9201981344958,9293496
2019-11-11,589.2247924804688,590.9718515607627,582.5859679753518,583.5410496874109,14286610
2019-11-08,584.9619140625,590.2729846512815,583.0284907813127,586.5459255532465,13251496
2019-11-07,588.7355346679688,591.5308289185795,582.352968877237,587.4776750033567,16963034
2019-11-06,585.4510498046875,586.545861921883,572.1268263487713,578.835486501119,12130336
2019-11-05,577.461181640625,579.9303808814818,572.5927337569641,578.1600051762933,12367810
2019-11-04,576.2265014648438,582.352864978497,572.5926537096161,580.6989600937992,9935176
2019-11-01,577.7174682617188,579.4412103201362,571.9171985065208,577.2282690143909,11512260
2019-10-31,573.1983642578125,588.8287405658972,571.6842465508156,585.9402357410744,13217706
2019-10-30,581.5842895507812,588.2696906958417,579.0918300553573,580.9087828109485,12011366
2019-10-29,578.85888671875,585.777229041065,576.6226284323564,576.76241590166,14232568
2019-10-27,576.62255859375,578.5792985749532,575.364699004008,577.6707938753362,1750082
2019-10-25,572.5693969726562,580.8853853837359,568.3764559045082,577.694102722615,12993542
2019-10-24,575.8770751953125,584.2862731012876,571.3347229632507,581.421085703908,13107494
2019-10-23,578.439453125,582.2364052494561,574.4328767134061,580.8853352034633,10190214
2019-10-22,577.3680419921875,585.6141371659319,574.2465960011994,585.6141371659319,20006228
2019-10-18,572.5693969726562,574.8289149519666,568.5395033497446,570.9154919142811,11233806
2019-10-17,568.37646484375,572.9653945997602,565.1618652668644,571.8705824554944,12243614
2019-10-16,568.8889770507812,575.3647536685824,563.764270742802,573.8040590306887,10586816
2019-10-15,569.7974853515625,570.7059332726899,562.250156438282,562.3200501715402,8400374
2019-10-14,561.1087646484375,568.3299417289361,557.8475879024058,563.2518122788907,12267802
2019-10-11,558.4998779296875,570.24009237753,553.9108905134884,565.3017500104348,17186318
2019-10-10,559.3151245117188,571.1484916885785,557.7543730132195,569.2151252717667,11556858
2019-10-09,572.1735229492188,572.9888172090864,554.4000967100205,557.7078506188294,17427270
2019-10-07,552.955810546875,568.3066122849731,550.2769868504864,559.617894486953,22513220
2019-10-04,554.26025390625,577.5077964268856,552.2104168966683,576.133466131315,18403632
2019-10-03,570.0303955078125,579.4645134828711,566.6760083277701,577.670820865362,16298876
2019-10-01,581.7939453125,584.6823933522121,568.8889691218436,573.7341573013938,18768352
2019-09-30,571.8472290039062,577.6940748483133,566.745840365301,572.4762156301016,18218458
2019-09-27,579.6508178710938,583.9835466293503,576.5760056251082,581.5376642042971,14873170
2019-09-26,578.85888671875,594.0000648421781,575.9936985613115,577.6010269766603,30671560
2019-09-25,577.5543823242188,582.3064168753895,573.0819227063713,582.3064168753895,15608976
2019-09-24,584.1233520507812,587.9202479596363,571.8939395494303,582.3529762548035,23379048
2019-09-23,585.7305908203125,597.5872740068311,572.5694142916398,586.8021429849681,41920410
2019-09-20,558.8724975585938,563.6711088712841,514.9863996486561,516.1976824753287,46150034
2019-09-19,512.9598388671875,515.7551332650024,505.01652120523266,512.4240627335244,10623310
2019-09-18,509.6170654296875,518.0961016149688,507.81177128863845,516.500488657704,12959884
2019-09-17,515.114501953125,523.7682440556035,512.0280313132598,523.6284565992211,10656556
2019-09-16,522.7548828125,527.0642942836014,522.02114090477,524.5601768071506,11030184
2019-09-13,525.85302734375,528.1824390193922,521.3223330087066,524.3505681870413,15371340
2019-09-12,528.9745483398438,533.1558315181851,523.6867375878046,524.2807490236515,18132300
2019-09-11,524.4205932617188,529.7083477157566,522.0562056964984,529.7083477157566,15209116
2019-09-09,524.0245361328125,526.6567261455742,516.2210060837434,523.1859250808683,10643404
2019-09-06,523.1626586914062,525.6551752200204,517.4323388515847,518.9930336379031,12870004
2019-09-05,520.658447265625,529.3355060795809,518.2941170752189,523.8847053043448,17296252
2019-09-04,523.593505859375,529.708211466675,512.2376240172464,514.1011533451855,15060704
2019-09-03,515.0213012695312,517.3623715513528,511.57376035967326,517.129430366503,11428676
2019-08-30,518.9812622070312,526.4470379915673,517.5952736359569,520.2740970593653,19233320
2019-08-29,518.7483520507812,524.9795286472989,517.1993159441082,523.1858929263077,14783716
2019-08-28,523.5352783203125,525.8297715874747,518.6085953347807,524.1176312439168,13662588
2019-08-27,526.4353637695312,529.4519404208985,521.8115158604874,525.5152575605598,20660832
2019-08-26,525.5502319335938,527.879643784232,504.78354803331604,511.2825843484342,25280244
2019-08-23,503.7818908691406,507.11296119826795,498.40098360246407,503.3859022275871,20099616
2019-08-22,506.4375,517.3275014081796,504.7952531194435,517.3275014081796,13992044
2019-08-21,518.4921264648438,522.0677393053584,515.7783277096306,518.2707868568199,10472712
2019-08-20,517.2692260742188,518.9463912578008,514.0662847314585,514.6253208358501,10270592
2019-08-19,514.0662841796875,522.254144200774,512.8666029376242,521.4388500416737,8498200
2019-08-16,518.923095703125,520.1576954273031,513.425717549471,515.7318126628074,15247560
2019-08-14,519.3306274414062,520.7166158883374,513.1810039249128,520.7166158883374,14254052
2019-08-13,517.2109985351562,529.5452232805699,513.0762923761187,529.5452232805699,15440068
2019-08-09,531.5718383789062,533.2024268401913,521.7417307435278,523.4188960724813,30436112
2019-08-08,520.1925659179688,522.4870592562662,508.51058865645524,512.0047063064079,19711600
2019-08-07,508.7436218261719,512.9365637642996,504.3177386692592,510.1412691388811,18750136
2019-08-06,509.93157958984375,514.858262989048,504.7835565647628,504.7835565647628,24890940
2019-08-05,507.6371765136719,512.4707070460379,503.7354109032077,511.78354179021875,19822440
2019-08-02,515.8133544921875,518.0612142609386,508.27768413550723,515.0329787459242,27825536
2019-08-01,517.5487670898438,521.7882855357396,511.77181398304464,519.2492492158949,18241676
2019-07-31,523.3372802734375,526.9050100306221,519.2931268905678,520.6295643884399,13891840
2019-07-30,523.476806640625,527.8812288519465,520.6063483510063,524.115972460699,10394136
2019-07-29,521.6290283203125,528.4274281538535,516.6900198942358,528.4274281538535,9976492
2019-07-26,529.2990112304688,533.099108325288,528.2647361218771,529.5081700635334,12829828
2019-07-25,531.332763671875,538.1660048653456,529.9846934601754,531.088707184081,19462008
2019-07-24,530.1357421875,532.9480945598887,523.1862890773264,524.5227267326771,17363740
2019-07-23,526.0914916992188,533.2966325177192,521.1060104494343,533.2966325177192,27802864
2019-07-22,533.9358520507812,546.161372982349,530.2170693180301,545.0340942688354,22171296
2019-07-19,552.1578979492188,562.6286075596316,550.1474536110699,561.3038024802423,8939228
2019-07-18,560.583251953125,564.5577238387706,558.2590126618991,558.5147016815833,10802584
2019-07-17,557.2247314453125,560.5135640529811,555.7953469944563,556.1788237756745,7759736
2019-07-16,555.7720947265625,562.0010674516086,553.6338059014606,562.0010674516086,12770568
2019-07-15,556.5971069335938,558.5146040135403,552.5529539717153,556.8876367941917,8233184
2019-07-12,556.3997192382812,562.0011596144742,554.3428011496959,562.0011596144742,8976272
2019-07-11,559.479248046875,561.0713746867801,556.8063728153514,558.5147114218445,9097596
2019-07-10,555.20263671875,557.3525579703036,549.9730985392955,552.8783975278814,11569148
2019-07-09,552.971435546875,560.3276878450141,551.5420509065266,558.712352689921,16482688
2019-07-08,560.0487060546875,575.1562610091229,557.1317744800452,575.1446284641797,14607140
2019-07-05,574.6448364257812,579.8860067995332,571.7628027194762,577.5966653960901,7583060
2019-07-04,577.2945556640625,580.5716989566844,574.5519420030873,579.8512188364064,7993964
2019-07-03,578.6541748046875,581.8267952773264,577.1085784742027,580.8273610982814,7463256
2019-07-02,579.897705078125,580.4787649028525,573.4363084783296,578.2707375688877,7246828
2019-07-01,577.7013549804688,578.5032062517994,569.4503048310357,570.8332159720447,8524160
2019-06-28,567.9859619140625,575.2492095088716,566.4287329785599,572.6925463554987,12756844
2019-06-27,572.2974243164062,579.7814631229475,570.8679831750427,573.7965472378339,19879236
2019-06-26,573.5990600585938,574.0871730653297,562.9308231434123,563.5583564776941,10533636
2019-06-25,564.4879150390625,567.462952310299,558.5146321530405,562.4309975688637,8899800
2019-06-24,561.9894409179688,564.9296377350446,560.1416819880365,560.5948973113595,6915000
2019-06-21,561.1178588867188,564.7204299200428,559.1306228711246,563.8604726996228,13250260
2019-06-20,563.9417724609375,566.4170643860689,561.2107915390925,564.4066202774218,11171492
2019-06-19,560.9202880859375,564.7430981585206,558.2292413836658,560.6084314195455,10744276
2019-06-18,558.3563232421875,561.763399782811,555.2957290616274,558.5295644222192,12419652
2019-06-17,559.4534912109375,563.5881579568276,558.3678578122478,562.4563381910127,12810020
2019-06-14,562.4796142578125,567.9886512039676,560.146609943484,564.2928385198044,11956920
2019-06-13,564.6969604492188,566.3831859438432,558.0560482975526,562.6758132726247,11107948
2019-06-12,560.6199951171875,565.5515599934296,559.8346012987171,564.76622256857,7308620
2019-06-11,565.5515747070312,568.2079394221682,563.6921645213253,566.2676607963826,7103292
2019-06-10,563.657470703125,570.529370583856,561.7864998658825,570.529370583856,7077140
2019-06-07,565.3783569335938,566.9029019123992,556.4506837962595,560.2966155290617,7970932
2019-06-06,559.7654418945312,570.5410220408094,557.4555592142041,566.6604078591357,15634924
2019-06-04,566.4524536132812,569.5592340604488,563.8538359986893,567.076110562061,6442988
2019-06-03,567.561279296875,568.1849363235506,560.1349728612279,560.6085100755325,8480860
2019-05-31,560.2274169921875,569.3860792387214,544.393159980476,567.4919867244403,19785080
2019-05-30,563.5073852539062,565.4361032665181,557.3861967517881,558.0676007968859,9359200
2019-05-29,558.2754516601562,561.4862220148497,556.7278417393018,556.7278417393018,7475216
2019-05-28,558.1137084960938,558.9914749834668,551.3804246503265,558.183016238656,7364840
2019-05-27,556.300537109375,559.4303825719259,547.9618392865723,549.4978884885355,12049024
2019-05-24,548.216064453125,551.1726693629862,540.5472083365041,545.0630405514838,13692800
2019-05-23,538.6876831054688,563.5881696174722,535.6848360632646,556.4506557438317,33081996
2019-05-22,555.7000122070312,560.3775245201114,553.0436471897266,557.1090631649621,11386660
2019-05-21,555.2263793945312,565.7825298888125,554.2446794484642,563.1492867085705,10325176
2019-05-20,561.84423828125,563.3109796911817,549.7519820020383,556.2196523785329,17699632
2019-05-17,545.6173095703125,547.2804135138473,533.9524041919839,534.2757651499788,14758780
2019-05-16,533.7329711914062,535.6617456142593,526.6532039674478,526.7802587822156,8050136
2019-05-15,528.2008666992188,532.9361262429052,527.1614194823119,530.3490688928836,8956348
2019-05-14,528.47802734375,533.8138788066209,525.6253561157667,530.5107353483494,10494744
2019-05-13,528.3163452148438,534.3567221440139,526.6532409956865,530.3606139051036,11071632
2019-05-10,530.4645385742188,537.024582594393,529.2749715938227,529.2749715938227,10594200
2019-05-09,529.1708984375,531.272913827915,524.7128708407009,531.272913827915,9027724
2019-05-08,532.9475708007812,536.770437121979,528.5010475640644,536.4817018468675,12064208
2019-05-07,536.4356079101562,544.670316817744,535.4307864221928,543.2612658749752,9924204
2019-05-06,537.8445434570312,543.2612062784843,535.2113001406168,542.3603747211878,13748092
2019-05-03,546.9686279296875,549.2900711744762,544.3238236848837,546.1024219722004,12351520
2019-05-02,544.1621704101562,545.0514414014978,535.3153085096759,536.7012381109954,17169300
2019-04-30,535.3036499023438,535.8926811538856,526.2835484516136,527.8080932916503,12536836
2019-04-26,526.8726806640625,527.8081944318233,521.3174015183426,523.3962959384243,11707568
2019-04-25,522.830322265625,530.9957791338759,521.5598869414544,528.2469852326841,18086636
2019-04-24,526.595458984375,527.5540376572327,519.0421545448004,519.723558598462,12354128
2019-04-23,518.637939453125,528.963103157431,517.7832941896289,526.0873106657133,15282400
2019-04-22,524.04296875,537.0476169466118,522.2643707166835,537.0476169466118,20980420
2019-04-18,529.8062744140625,534.7494577086081,528.5012131191862,534.2759204303662,10614856
2019-04-16,532.4393920898438,533.559651087646,526.722433813418,529.1824357264372,8273776
2019-04-15,528.6859130859375,529.6329310661829,523.0382617033592,524.343322746582,10219780
2019-04-12,523.2461547851562,524.8515119098128,520.2086817304526,520.2086817304526,9170444
2019-04-11,521.4559936523438,522.7264290743095,516.7091736606387,518.5455190373021,8793300
2019-04-10,516.8015747070312,527.5771538246822,515.3347767875946,519.7235534612676,108128700
2019-04-09,528.3278198242188,531.9658843830696,523.6503082485535,530.4875822943773,10777600
2019-04-08,528.8245239257812,536.5741916797881,526.6763781250256,535.6617992900364,6398132
2019-04-05,532.5665283203125,534.4490599882165,527.1151830980486,528.4549262181253,8351180
2019-04-04,527.5655517578125,534.2757710560671,526.6531595364604,529.598259441763,9211552
2019-04-03,529.5983276367188,534.9688046261654,528.558880477471,529.4482078267189,7659452
2019-04-02,530.0834350585938,535.8927672844236,527.9121115618736,535.8927672844236,10910496
2019-04-01,533.9986572265625,538.6646086817029,532.3355530753938,537.1054379661791,9647076
2019-03-28,531.9197387695312,537.0476664999694,528.4664758055984,530.9957857949076,19554328
2019-03-27,531.1458129882812,537.7520981624515,526.4336761967279,535.5577102303214,13885300
2019-03-26,533.8946533203125,534.7377377792377,524.9438596533814,525.706075676581,11786848
2019-03-25,526.9534301757812,528.4664142742879,520.4164523627211,522.0333698800487,9199260
2019-03-22,525.763916015625,532.8899265373893,524.5281626359426,531.2730086848702,30403880
2019-03-20,531.0420532226562,531.27304150157,522.2760593166049,524.1124048552444,11711992
2019-03-19,523.8235473632812,525.706078840017,519.9544945936484,524.2277767571235,11957992
2019-03-18,522.3683471679688,529.3441807786268,519.0305783588917,522.4722805978627,14358720
2019-03-15,520.41650390625,522.0103002023125,514.6533586059842,515.3347626341961,12763088
2019-03-14,513.8910522460938,519.1460343513185,510.6225914282,518.5339381140877,15379864
2019-03-13,514.3069458007812,516.0277971400936,501.7296457302314,502.3994891583275,57166348
2019-03-12,501.4754333496094,502.3993862438509,493.62183374855607,495.93171598415995,15097292
2019-03-11,491.6468811035156,495.16945156973713,490.20320468293306,492.46690058912856,9224108
2019-03-08,491.5891418457031,492.0049319401494,487.2581125152441,488.55166916605225,7053460
2019-03-07,491.1964416503906,492.00490040692785,483.92031284155576,487.2927633548397,10204852
2019-03-06,486.0570068359375,487.4544969747564,482.8924792083267,487.3851892236322,8458044
2019-03-05,486.7153625488281,487.6393155458219,478.1456759442649,482.5113312976141,11837276
2019-03-01,481.2294006347656,485.2831993700449,479.7626026671426,481.8992440126751,9352928
2019-02-28,479.8896484375,486.426627169037,478.88482699596403,483.4815269915325,11645376
2019-02-27,483.2851867675781,490.7229974575083,482.3381123445569,488.79427932354696,7030092
2019-02-26,487.5353088378906,490.8500126572805,485.3294162488394,487.67392434008633,9607428
2019-02-25,490.9424133300781,491.993421166291,483.95501863468075,483.95501863468075,8140596
2019-02-22,483.1003723144531,491.5661256556029,482.5575837539873,489.55648273188757,8890708
2019-02-21,488.74798583984375,489.6834994740693,483.59699329356835,485.4679641684072,5261544
2019-02-20,487.0041198730469,487.6162162037759,480.89443528937466,482.4189803607702,4892500
2019-02-19,481.3910827636719,486.9578658574158,480.0397789182585,482.6961438433212,5268636
2019-02-18,482.7423095703125,489.2331017974985,481.84147797430677,486.64604473810425,7138744
2019-02-15,485.2253723144531,486.9462796347495,480.03969815539386,486.773038473131,8416524
2019-02-14,487.4313659667969,494.3148267014555,486.36885391379303,494.3148267014555,7441388
2019-02-12,491.9356689453125,496.16276523511704,490.80384906809786,493.8528827154005,9772388
2019-02-11,494.2340393066406,494.9847511992671,488.14753210567267,488.14753210567267,7036364
2019-02-08,490.3072204589844,495.4582700715205,486.61140820154066,487.84721798257124,12235644
2019-02-07,489.05987548828125,492.0049756949057,486.42663197862817,490.8615951287041,7217308
2019-02-06,490.3072204589844,491.31204197392475,488.2168217657635,488.82891811345473,10875684
2019-02-05,488.32073974609375,489.464120348316,484.38237865522353,486.92324950176976,8690288
2019-02-04,486.2071228027344,488.0781501002706,481.0676344734722,483.92036178895734,7938288
2019-02-01,482.8693542480469,489.0021032888474,479.67020096539073,480.4439777319709,15654188
2019-01-31,480.4439697265625,482.7076657159039,467.05821274198235,469.13710686397934,16579404
2019-01-30,469.99176025390625,475.20055634024715,468.4441503259308,475.20055634024715,18514160
2019-01-29,475.28143310546875,481.14851194184104,474.218864626308,480.0513177835483,14762788
2019-01-28,481.4140930175781,485.5488161365661,479.70480268715187,482.7653967093523,15360436
2019-01-25,484.1513977050781,487.38523337677236,482.76546813149486,483.4584329182865,11262236
2019-01-24,485.594970703125,490.0761194771798,484.59014941928984,487.3851293535944,10111572
2019-01-23,486.3226318359375,493.3562690598246,485.4102395405872,492.92891824616714,7624288
2019-01-22,493.35626220703125,495.88557219345483,491.7855308732403,495.70077032001814,8796976
2019-01-21,496.1972961425781,500.4359523141279,491.1964239999968,494.3032041169023,17561512
2019-01-18,492.0627136230469,494.0838607861506,488.43620942054383,493.15990779730316,5207976
2019-01-17,492.5361633300781,493.36768703618634,488.158948101566,490.9076851977427,8240228
2019-01-16,489.7413024902344,490.85005742808977,486.98100403424485,489.706676808334,5252452
2019-01-15,490.1339416503906,491.1965101503204,485.5372980653531,486.24182350159253,5087556
2019-01-14,485.4564514160156,487.3621045505913,484.7173002667825,487.3621045505913,4855160
2019-01-11,487.82403564453125,490.619015872436,486.9232040767868,488.26294713143216,6408040
2019-01-10,487.0387268066406,490.5728583225664,483.37754047405303,489.00212693841985,7691540
2019-01-09,488.9559326171875,490.00694041995155,485.6759107879144,489.2331072349149,8568628
2019-01-08,485.76824951171875,490.5035082444768,484.30145168827363,490.15702589817744,8343460
2019-01-07,489.84527587890625,493.2408487268181,489.2331794912886,491.4737545397903,5387012
2019-01-04,489.1060791015625,491.6585106493372,487.4660962942707,488.59791620907237,7287120
2019-01-03,487.801025390625,491.6007710406543,485.76831739621565,490.6652572961889,12771664
2019-01-02,491.6584167480469,496.0471928430494,489.62570917269267,494.96155950879654,8134232
2019-01-01,496.18585205078125,496.8556953773877,486.368852025891,491.46209751215014,6373440
2018-12-31,490.0877685546875,493.62190012914124,488.93282728157294,493.62190012914124,5866528
2018-12-28,490.3648681640625,493.7950657778977,488.655577898792,489.08292866191374,9415612
2018-12-27,486.24176025390625,493.89899713378156,484.7172154555489,492.6978696772375,11639868
2018-12-26,490.23797607421875,491.31204896938345,477.9147293453947,479.76263550042756,7601916
2018-12-24,480.6056823730469,485.99928059681247,479.8434662588667,485.99928059681247,5601488
2018-12-21,487.6508483886719,496.4168980756747,487.16580687302695,492.92895275040564,10220308
2018-12-20,493.72576904296875,494.4187337162781,485.6873675538584,487.97418481194495,7980476
2018-12-19,490.4919738769531,498.79598994351585,488.20521282610036,492.72104426060434,9009896
2018-12-18,493.26385498046875,494.0838745596534,485.6759246842009,490.61905075488727,7413968
2018-12-17,492.05108642578125,492.60549198032464,484.8442653655766,485.9992064455327,8437324
2018-12-14,484.0821228027344,489.23317267954855,482.31508503393286,486.20720368106925,6158284
2018-12-13,485.3756408691406,490.85005133947374,483.06575827460193,483.92040355585766,7064236
2018-12-12,481.6798400878906,482.7192872799691,475.858947090975,477.4411828694117,11370488
2018-12-11,475.73187255859375,478.4459845588067,469.3681348453286,474.91185297342304,18905780
2018-12-10,482.4766845703125,486.1840570877442,477.1985807477893,477.1985807477893,10915056
2018-12-07,486.83087158203125,489.2331268903348,480.52488090571285,486.62294831517096,9903920
2018-12-06,484.3939514160156,485.45646359669223,481.6105315496785,482.6961651142561,11730252
2018-12-05,484.8905029296875,486.2995537534587,479.5200263408224,479.9935635123268,11798844
2018-12-04,481.737548828125,487.6161884235754,480.1321917934686,486.3226316855648,8157420
2018-12-03,488.1474304199219,494.77678124281937,486.6690719339174,492.23591075090945,10799856
2018-11-30,491.6468811035156,493.74889652932796,487.3851595886779,492.00492413454214,13040924
2018-11-29,492.2474365234375,493.71417782173995,483.6893120585795,485.3062295296445,31908636
2018-11-28,482.59210205078125,484.7518643014979,475.85881850565966,476.9906381404156,13021108
2018-11-27,476.75970458984375,477.6605361253745,471.38922826633893,471.4585360137514,12895440
2018-11-26,473.4797058105469,473.9878686600172,464.7598997472352,465.18722235203614,18184436
2018-11-22,463.2469177246094,470.06107083998006,462.011136273556,465.03707659390165,12974552
2018-11-21,466.3074951171875,467.5086226494172,462.90041868227553,464.9215657199352,6545604
2018-11-20,464.8522644042969,466.5038359315726,461.7570445983775,464.9793192128589,5705168
2018-11-19,465.18719482421875,466.82720559243137,462.4153361071929,464.51732332824315,12286428
2018-11-16,462.9697570800781,464.979343560409,457.3567313708941,457.58771961906126,15813216
2018-11-15,456.2364196777344,456.7330500241723,446.08446979406,453.17582555272696,10392524
2018-11-14,452.2171936035156,452.73691710529465,447.33178704743176,447.7822310003897,26110636
2018-11-13,445.28759765625,447.5859194584138,440.7717661030205,443.2664504745656,13350420
2018-11-12,443.739990234375,453.19894782071725,442.83913041738816,450.7735711886492,7907764
2018-11-09,449.3645324707031,452.7138619859979,447.262545103914,452.32116505577574,10101620
2018-11-07,452.2634582519531,453.8803760929168,450.4271128398682,452.96798373281104,958760
2018-11-06,449.6302185058594,456.43281163125516,448.79863819442755,451.5820580663481,8485588
2018-11-05,451.81298828125,452.6561009795205,447.655200045533,450.4039656851738,5705296
2018-11-02,450.3000183105469,452.7369555489849,441.6495199028873,444.88335529966577,30092868
2018-11-01,441.6956787109375,445.80728045185805,437.9536806926025,445.80728045185805,19629052
2018-10-31,441.5917663574219,443.0123496680782,435.4128309578869,439.35119171556545,23449404
2018-10-30,441.82269287109375,446.2692158551578,438.715912766144,444.6522984064072,13828704
2018-10-29,444.9526672363281,453.88034034038964,437.7689102656126,453.68400597167135,17044280
2018-10-26,453.01409912109375,456.7099107498909,450.1960540328579,454.7696322022164,15155712
2018-10-25,454.7696228027344,462.8079960111428,453.30282503542827,455.87834935037466,29847056
2018-10-24,460.1863708496094,464.00923791328046,455.64744580395063,462.9004829627894,18072336
2018-10-23,458.4770202636719,461.72241643996284,455.7398151531274,455.7398151531274,19428564
2018-10-22,461.722412109375,466.5962584768759,459.3432218889135,465.2103289962515,20331160
2018-10-19,454.527099609375,457.5530398497662,452.2749643171929,452.4828593681401,9867348
2018-10-17,456.109375,464.9793290929983,453.5454111644819,463.385504590874,7940796
2018-10-16,460.30181884765625,466.18045832275254,459.0891305782044,462.6694483261099,9406004
2018-10-15,463.8359680175781,464.4711857068946,455.11616155514355,459.6666188144326,12585968
2018-10-12,457.7840881347656,461.3066591820474,448.5792113981158,449.27217619430235,9600320
2018-10-11,447.5513000488281,450.0344237639728,442.9430674919398,444.65238620033125,14359904
2018-10-10,454.3885498046875,457.8764668030995,447.0777659212506,449.27215433574395,15939932
2018-10-09,448.2557678222656,453.891886453724,445.80729814538796,449.13353440303604,12459364
2018-10-08,449.2721252441406,454.8158429849424,445.80730165613954,453.8918900281421,20128020
2018-10-05,453.9612121582031,459.66661056844526,448.1518521189439,451.3394730027914,15729180
2018-10-04,452.2171936035156,466.08804767416245,448.8101173140753,463.82435180991416,17970584
2018-10-03,469.1717834472656,474.03406912763836,463.59341164387837,469.0100747563108,15332148
2018-10-01,470.1650085449219,471.67799281725536,461.4683237421473,464.24018266173937,12449588
2018-09-28,463.3739929199219,465.5452599252617,456.6984268162495,457.50688569601033,14460716
2018-09-27,456.46746826171875,458.74269704627716,451.61671466757383,454.9082974636008,18352208
2018-09-26,454.63104248046875,456.8947385101517,451.6513167432826,453.4183542210257,14726724
2018-09-25,450.9814758300781,453.19895744426634,442.3425094320948,444.81407248805726,16682552
2018-09-24,444.8141174316406,455.55507240127866,442.3425541259538,454.4116916993643,13390792
2018-09-21,455.10455322265625,461.9417990871098,441.2336989437969,455.94766588867003,22610148
2018-09-19,453.0487976074219,461.5145225926394,451.92851023648603,460.7869039672084,16712264
2018-09-18,459.4817810058594,464.25169364837586,457.57612808692323,460.79843084975323,9325736
2018-09-17,460.17474365234375,467.27763177307975,459.20460435847764,466.896523748436,9338220
2018-09-14,468.813720703125,470.61544023247393,466.3536903369469,466.561585389842,10334672
2018-09-12,464.7137145996094,466.9081030193575,459.56269343765416,462.415392743965,12246008
2018-09-11,462.0688781738281,473.0639126927555,460.6252016824562,472.6712439658249,18186536
2018-09-10,471.48162841796875,474.6808097445258,467.77425607043904,474.6808097445258,8598592
2018-09-07,475.1312561035156,475.8357815247873,471.3892578382086,473.75688733365956,5919300
2018-09-06,474.0340576171875,475.60478893708176,469.5066937261133,473.29490652359425,10402412
2018-09-05,472.5672607421875,475.8819361755225,470.1880989112274,474.403634073367,5641508
2018-09-04,473.9417419433594,479.9820626244726,473.29496351098436,479.7395136631294,7130536
2018-09-03,479.31219482421875,480.21302647068364,476.6442691723715,478.007077333663,7661608
2018-08-31,476.1129455566406,480.1668004179659,475.4315415323046,477.96085146324015,15771500
2018-08-30,477.2447814941406,482.2802795498751,476.2630815640884,481.28707532376757,21827460
2018-08-29,480.1091003417969,483.70097907797305,478.7809178414527,483.2620675460361,9873692
2018-08-28,483.8856506347656,484.6709879529541,480.1782787666753,482.3033589161292,9973532
2018-08-27,480.5594482421875,482.4189147585473,478.2033795924743,479.7625501333506,12574788
2018-08-24,478.11102294921875,483.5969935554485,477.2332563734995,478.37663686323333,9714628
2018-08-23,480.43243408203125,486.69223815538186,479.7279650410744,486.2302616597432,12574552
2018-08-21,484.1629333496094,487.84718466339626,483.37753946237194,484.61334915899874,7776320
2018-08-20,484.1975402832031,486.83084007100086,479.3006008448603,479.3006008448603,7811136
2018-08-17,479.8434753417969,483.4699796760969,478.5267971699456,481.1254150455198,6065328
2018-08-16,479.4622802734375,482.00315092289253,477.31407835472106,481.1485057104349,10625160
2018-08-14,482.55755615234375,486.2302466216366,482.1186446588925,484.61332893690906,4935964
2018-08-13,483.1465759277344,485.9877428306628,480.45558523136197,481.3795382798838,10054252
2018-08-10,488.4130859375,490.57284859708676,484.61334056593245,490.50354084449833,5442940
2018-08-09,489.3486022949219,494.77682611079666,483.8395100349817,494.77682611079666,8944408
2018-08-08,493.4717712402344,497.0405284297627,492.70949873528275,493.3562771150482,9945380
2018-08-07,492.21282958984375,493.04440983077086,486.92322132736706,490.85002149936196,7428456
2018-08-06,488.37841796875,493.7142121581905,486.4843257924948,489.9260278056801,5744632
2018-08-03,490.07623291015625,495.9433687136069,488.30919522942764,492.82502711682486,13604008
2018-08-02,492.05108642578125,497.479309501575,490.0068745504234,497.4331231370982,8905704
2018-08-01,498.63433837890625,502.39945824123066,497.0174205822678,499.58141278867,6071560
2018-07-31,503.4388427734375,504.91714487474536,496.63625073962106,498.93457232880246,8860944
2018-07-30,501.2214050292969,507.9431859824188,498.7960282885895,507.9431859824188,7169120
2018-07-27,508.6706237792969,510.93431933660855,504.63989111297434,508.62443741967854,10554596
2018-07-26,506.46490478515625,508.97109368553885,500.0896059577614,500.0896059577614,21281092
2018-07-25,501.325439453125,502.81530259049777,498.9346881814727,500.0087611333029,7038616
2018-07-24,498.8768615722656,501.0135028360894,495.9317614518598,495.9317614518598,5208792
2018-07-23,498.11456298828125,503.09237068030035,493.8644020652311,496.624700166504,16880132
2018-07-20,505.6448974609375,508.83254695227225,501.49866918050583,504.96349332464746,10006964
2018-07-19,504.96337890625,506.6726692059405,501.4754341673567,504.24729285460137,5304776
2018-07-18,502.67669677734375,512.793994984134,502.08766536924514,505.1713815451806,17460272
2018-07-17,502.80377197265625,503.7854722280295,499.6854299849999,499.6854299849999,6361924
2018-07-16,500.9789123535156,505.8758522072708,499.8008496651418,503.41579339181203,9017336
2018-07-13,503.76220703125,506.049024338886,499.6506616620821,500.8748541632328,7161188
2018-07-12,500.3089599609375,503.51973028697375,497.08668533795714,497.29455219352525,8020668
2018-07-11,496.2205505371094,497.94140186818464,493.1137695874038,495.481399352564,5857920
2018-07-10,495.7931823730469,496.532389925408,490.8500561299387,491.98187605486146,10950736
2018-07-09,491.00018310546875,492.0050046160055,486.86551571802147,490.1224728130681,6182296
2018-07-06,488.57476806640625,493.28696214119975,487.69705784273094,488.1474736456412,8121344
2018-07-05,490.5613098144531,491.77399816125757,483.3544874893103,486.23028000443736,9735968
2018-07-04,485.8953552246094,486.9348023724102,477.9146997333261,479.5893645825608,6097992
2018-07-03,478.19183349609375,481.61047065766195,477.1293214497549,478.8963588925648,6863100
2018-07-02,478.89642333984375,487.0156383467974,476.5865406757181,487.0041340483725,9864876
2018-06-29,487.02716064453125,494.31485115405354,486.25338384922094,490.0877549332187,19458120
2018-06-28,492.2012939453125,494.3148136987764,487.6623413758838,488.54010793126736,37533540
2018-06-27,487.9857177734375,489.5795138740421,482.76536164036236,483.4583262742959,19126804
2018-06-26,483.6201171875,485.7683193219988,480.42096356641537,481.8530795248748,9161932
2018-06-25,483.9087829589844,484.56712197437645,478.85016326062043,481.1600455692087,6992336
2018-06-22,481.2294006347656,482.4882753380047,473.4912941401343,475.131276904319,7848980
2018-06-21,475.28143310546875,478.33046664558043,472.8444958541168,475.83578233326574,13510704
2018-06-20,474.94647216796875,475.3738229919532,467.7512106699248,467.98219892210744,9051712
2018-06-19,467.40472412109375,471.37771074446243,466.4345847493061,467.73964580504696,10981152
2018-06-18,466.39990234375,470.93882682036514,464.0784592933023,468.92921224914613,7487404
2018-06-15,468.813720703125,470.9619225883636,467.12752348921225,467.98216868835095,10880816
2018-06-14,470.615478515625,472.3709836222433,467.75121850124333,468.90615978149333,16927576
2018-06-13,469.2410583496094,474.6346564200245,467.54330039066997,473.9878780562346,7897960
2018-06-12,472.1053161621094,474.1495564791259,470.84644151289325,473.96475460547623,5234256
2018-06-11,471.7472839355469,476.5171684340504,470.93882511250473,473.9647371568665,7091188
2018-06-08,473.37579345703125,476.1245310790101,470.06108950674866,475.60480751567343,6180888
2018-06-07,476.34393310546875,480.4093486515482,474.2650389635534,478.8848037233652,10563896
2018-06-06,475.22369384765625,476.94454501388043,472.37096643180786,475.88197651727234,9782000
2018-06-05,476.6673278808594,477.4411046052833,467.2891833055191,473.5258654356472,17105460
2018-06-04,472.6481018066406,498.24160879929985,470.74244892180326,496.6246912000439,88796324
2018-06-01,487.5238342285156,493.85288986674175,485.30632442003014,488.7711482497781,21151356
2018-05-31,494.1877746582031,498.9345942292456,480.455535183718,485.0752999450999,39639192
2018-05-30,470.1419372558594,471.20919333598096,462.78573771631744,463.56609097536256,4866996
2018-05-29,466.5269775390625,471.14036973199177,465.6548096917314,467.76640344617124,3351244
2018-05-28,468.73028564453125,470.97961469965213,460.4215921479055,460.83474336794006,5103940
2018-05-25,461.04132080078125,462.7168443908851,456.7263194197521,456.74926604060585,4759588
2018-05-24,455.8312072753906,456.8066768780696,449.0258666790125,451.49323096814163,4520744
2018-05-23,451.5850524902344,457.66739246024264,450.64401681542665,456.24436563666546,5726292
2018-05-22,456.726318359375,462.24631150985635,455.7164148834866,458.7460972932998,3960372
2018-05-21,457.4493408203125,463.8644766304001,455.84268503782226,462.73981197908626,4848108
2018-05-18,461.8332214355469,464.71370899016074,459.84784828137265,464.71370899016074,5217460
2018-05-17,465.4137268066406,469.2467370457684,461.9135126116949,464.5185844581333,6615476
2018-05-16,464.40386962890625,470.2911213340973,462.9808427919918,466.0564467488457,6841604
2018-05-15,467.720458984375,473.963453067027,465.1727395584488,465.2530947613868,9826684
2018-05-14,464.0366516113281,465.33345804665584,461.89062398004523,462.9923140706474,4742916
2018-05-11,461.7414245605469,462.94641647253536,455.8312261350795,457.3690141299037,6057068
2018-05-10,457.3689880371094,458.81498945614356,454.91311110659154,456.4279523916705,7171672
2018-05-09,454.08685302734375,454.56884417851904,448.97998264967543,448.97998264967543,4327332
2018-05-08,451.4817810058594,454.4311364972853,448.62421200583066,454.28194142198305,7100564
2018-05-07,453.8573303222656,456.12960633886127,453.3064712852342,454.8327999440187,5264128
2018-05-04,456.4050598144531,456.74934323900516,451.30967633822604,452.1588975783116,6881436
2018-05-03,451.6768493652344,453.2835051436437,446.65030639778325,451.7112833069138,4152772
2018-05-02,452.0440673828125,453.99500649058297,446.65029455544715,447.5683835473391,7100048
2018-04-30,446.2601623535156,448.67014619707726,442.702567155877,442.9779826737133,4609552
2018-04-27,441.46319580078125,444.2404100170006,438.96139713640594,443.6666042691099,5777008
2018-04-26,443.03533935546875,445.0895523613729,438.67441644509245,439.94827618658076,7847480
2018-04-25,440.8548889160156,444.8141479730513,438.8465691044758,442.4959787084448,4020592
2018-04-24,444.1255798339844,447.1208565795414,442.0598794626635,444.1255798339844,5037416
2018-04-23,444.2976989746094,454.2245363661382,426.9802562813842,454.2245363661382,15304620
2018-04-20,448.9226379394531,450.09319597661647,443.4714837301494,445.5027503266765,9361380
2018-04-19,445.04364013671875,446.3748803860429,443.6665066448052,445.273162385371,3169032
2018-04-18,443.5746765136719,448.371696945065,442.98941161094035,447.7978913436508,2712720
2018-04-17,447.22418212890625,447.7979878539883,443.91905554886245,446.07657067874226,2667832
2018-04-16,445.7551574707031,447.5683888547622,440.6482873927449,440.68272133391974,2847744
2018-04-13,441.8303527832031,445.2731867009943,440.4761658386344,442.5189195667614,3297172
2018-04-12,442.70257568359375,443.6436114084928,437.44650997710323,439.76467935342225,4712516
2018-04-11,440.4187316894531,440.6826878612735,437.3316688592319,439.74165230847325,2870812
2018-04-10,440.8778076171875,445.96173105028134,439.19082468590494,445.96173105028134,6067236
2018-04-09,445.0551452636719,445.732224717146,439.85646052012,440.4073195424967,4003536
2018-04-06,441.46319580078125,442.16322200249266,437.4236089392023,438.89252923951557,3720008
2018-04-05,438.1349792480469,439.3055369875472,433.84289684607944,436.39061594821794,4858892
2018-04-04,432.247802734375,441.8188699151389,431.14608466243834,439.0646027531517,3714108
2018-04-03,439.7416687011719,441.9909698602695,438.6170041126972,441.5893059370894,4079884
2018-04-02,443.25335693359375,444.2976943757392,433.91181258805887,433.91181258805887,4596368
2018-03-28,432.9018859863281,436.0233828087282,430.59520431314166,432.1788853355662,8837508
2018-03-27,434.393798828125,435.8627468116822,430.58373513360493,434.66924233508394,6136836
2018-03-26,434.5888671875,436.0922490426559,420.82902032616295,422.29796824229794,10501768
2018-03-23,422.6767578125,425.3277232848045,421.68980082033795,423.8473158144173,7190152
2018-03-22,428.6901550292969,431.50180241203486,425.7866931488585,426.65888885023594,6673224
2018-03-21,426.6589050292969,427.6458338679109,423.0783636260131,424.1571069658091,5921140
2018-03-20,422.2061462402344,425.97031645285034,421.23067675313405,423.49146513731404,3657372
2018-03-19,423.9849853515625,426.9113941014515,423.0439497100708,425.3047383171987,7838740
2018-03-16,425.3048095703125,431.7543804097661,423.8244019853734,431.50191149065705,7896336
2018-03-15,431.68548583984375,433.2232738032884,428.1049161030005,428.1049161030005,5870924
2018-03-14,427.94427490234375,428.7246562284506,424.15715742533183,425.9933355960043,3680392
2018-03-13,426.96875,432.5920449200376,425.76375823142047,428.62129893262545,5124200
2018-03-12,428.575439453125,429.0803772173567,425.39656175964086,426.95729631499154,6557116
2018-03-09,424.8572082519531,428.1164132723772,423.23906504450537,425.752322688902,4108108
2018-03-08,425.2702941894531,426.56710050211,420.48476089312106,422.2750456455495,5518724
2018-03-07,420.6225280761719,425.3966027453568,419.6814923242445,422.3209985652775,5628164
2018-03-06,423.7554931640625,431.47892319280385,422.20621783360485,429.20664710456157,4576828
2018-03-05,429.1950988769531,431.04276410488404,426.5096998923859,430.15910908981544,3781464
2018-03-01,430.205078125,434.5545421236224,428.7476172566336,431.3412302169881,3909840
2018-02-28,432.4658203125,435.04794567318146,431.042793543088,433.6937867871956,4066364
2018-02-27,436.6775817871094,441.0843979196622,436.0922888239147,439.47774211873195,4787328
2018-02-26,438.7433166503906,439.4892640452747,432.3166929406206,433.3610024827447,4788884
2018-02-23,431.62811279296875,432.61504173579544,424.7080108012067,426.1999055449295,4076748
2018-02-22,425.3506164550781,426.9113789400645,422.67670469481607,424.6161564726448,13253596
2018-02-21,426.3146057128906,428.87378424163524,425.12107327788345,428.73604848608943,2753072
2018-02-20,427.6458435058594,432.8445280538532,426.63596802365316,432.59205918330167,4084068
2018-02-19,431.0887145996094,433.246229532636,426.69338556080044,432.0986181871809,3654552
2018-02-16,431.1805419921875,434.91027897634115,430.50346248528353,432.39702126185387,3583520
2018-02-15,431.9379577636719,434.88731327666255,430.354248525527,433.72821462682526,4915224
2018-02-14,432.2248229980469,435.61027612529034,430.273883907771,433.75115153695083,3577188
2018-02-12,430.7329406738281,432.87896813071467,425.79821224603893,426.9113895668766,4381108
2018-02-09,424.5014343261719,427.990161589837,423.2620084763931,424.1342043012368,6408952
2018-02-08,431.7198791503906,435.77095259989585,428.4032937357897,432.4199332430902,5171444
2018-02-07,429.8492736816406,437.69892329072565,427.46223671875,437.69892329072565,8364972
2018-02-06,435.35784912109375,438.84657638732375,421.4717519080011,426.91141845210365,10749804
2018-02-05,439.27117919921875,444.182961250672,437.4350010878608,440.22370219805657,7926784
2018-02-02,447.109375,456.7263635668666,445.6174802682238,455.83122112422996,7346124
2018-02-01,457.01318359375,462.4872830526142,455.6704841820059,460.42158302905415,6521420
2018-01-31,460.352783203125,462.14306802865417,456.06072817131155,456.6115871959247,6943348
2018-01-30,458.01165771484375,459.48060574355844,455.40658573632294,458.5395701060212,6397560
2018-01-29,458.9641418457031,460.63963734693095,453.9949798649459,453.9949798649459,8235892
2018-01-25,453.2949523925781,454.45405095189443,447.68314463720714,448.4635258838263,8723668
2018-01-24,449.3242492675781,451.9293212650017,447.70610615849756,448.1536913676183,4790568
2018-01-23,447.8668212890625,451.40144186932616,446.03064311007654,451.01126521343383,5047796
2018-01-22,450.63250732421875,456.29023643285467,448.2913915637467,449.8636133845046,8849768
2018-01-19,448.07330322265625,449.8406412715135,440.51055666396246,444.15996586318573,11455988
2018-01-18,443.96490478515625,448.48648195804236,440.2351681772657,441.60081437424435,16649540
2018-01-17,433.9118347167969,436.67758917087707,433.1085068027483,435.4037294143156,2905496
2018-01-16,436.1267395019531,438.3875282193037,432.70685213373946,436.8841461693155,6445384
2018-01-15,435.57586669921875,437.1021953240251,426.8769674858994,429.195136696536,12576444
2018-01-12,428.1278381347656,431.0771932646002,426.9113590764932,429.8951481453075,4336708
2018-01-11,429.79193115234375,430.5837717642779,426.05070700290025,427.8753978136294,4059096
2018-01-10,427.8753662109375,428.72461534460103,426.2916851040392,428.10488846038396,4615888
2018-01-09,427.76068115234375,429.17224884102063,425.76384843421584,427.3705044660431,5305528
2018-01-08,427.04913330078125,429.36730264235365,426.39500042973265,428.05903690025644,4570308
2018-01-05,427.7376708984375,428.7590617488759,425.89003354739754,427.5999631483372,2870868
2018-01-04,426.888427734375,428.1737466987558,425.30471864529324,425.30471864529324,2373776
2018-01-03,425.22442626953125,431.10019060040486,424.8916021773755,430.3542432454461,4531288
2018-01-02,429.7459716796875,430.354211235137,426.5785814957083,426.5785814957083,4776316
2018-01-01,425.6490783691406,431.6740383622331,424.73098922733607,429.82637275720856,6580516
2017-12-29,429.75750732421875,431.318241961754,428.78203766906347,430.7674109237153,6345872
2017-12-28,431.05426025390625,431.708393043767,426.4523280684168,426.6589036909655,8700520
2017-12-27,426.16546630859375,429.27550421210367,424.8801472258428,429.22958294830795,3489384
2017-12-26,428.827880859375,432.1444941104693,426.15394110144734,431.73134286231186,6785696
2017-12-22,430.7329406738281,431.5018346159828,427.31305350867336,431.2723123635275,4470904
2017-12-21,428.81646728515625,432.6494779784064,428.10492583547,431.4789200076062,6854544
2017-12-20,428.78204345703125,436.8038357576257,427.74919321998357,435.8398534101902,9343504
2017-12-19,432.53466796875,434.63480210079695,430.61816283868336,431.45592463120886,4952112
2017-12-18,431.2608337402344,435.8627662019035,415.2746309486391,425.76378689022175,12297988
2017-12-15,429.99847412109375,433.338034268173,425.8785606909931,425.9933218229497,12450124
2017-12-14,421.8733825683594,422.3209397484517,415.89431675227956,418.64858375063903,3683092
2017-12-13,418.0403747558594,423.46858196565677,416.60586058930903,417.74201261992977,2907460
2017-12-12,417.70758056640625,424.5932485970041,416.80095079833126,424.40961957571284,2410588
2017-12-11,423.7899475097656,425.0178861161153,422.32099929993365,424.15717755775944,3198232
2017-12-08,422.4127197265625,425.3046942348973,416.3533272218584,416.3533272218584,8956400
2017-12-07,415.35491943359375,416.95008776455114,413.8515375826346,414.6663527265012,4231304
2017-12-06,413.8974609375,418.04032050211947,412.9105041118598,417.7189837669447,6395120
2017-12-05,417.83380126953125,419.6929540532629,414.7467379743187,419.1076610631466,3893360
2017-12-04,420.9667663574219,425.74084051466895,420.0486773285554,425.74084051466895,3641932
2017-12-01,424.2030334472656,426.91140734617335,423.26199777657877,425.74084941347246,3858148
2017-11-30,425.4653625488281,430.11318788116796,422.32091908668195,428.9081961283391,5796312
2017-11-29,429.9640197753906,430.46895749199433,425.947380609243,428.05897399230577,3274584
2017-11-28,428.13934326171875,429.4361496378464,425.95888178573824,425.9933157284035,5090540
2017-11-27,426.34906005859375,427.37042284805534,423.6062524030734,424.38663364449746,3870472
2017-11-24,424.9375305175781,426.4064786292239,422.55049333838565,423.00953787215906,5203684
2017-11-23,422.9750671386719,426.9113792769736,421.8618898446653,426.6818570300505,3232580
2017-11-22,425.8211669921875,426.9113977121513,423.3652900511999,424.5473072596146,5660796
2017-11-21,423.7554931640625,424.6162016809834,421.4258365080255,421.73568597054594,2275532
2017-11-20,421.89630126953125,422.2520439225654,419.7961672186942,419.7961672186942,2392424
2017-11-17,419.00439453125,421.9308034969767,416.1583127570898,419.727367273204,6358772
2017-11-16,414.9073791503906,416.81242511991957,412.0383508937833,414.05815799357646,4012972
2017-11-15,413.197509765625,413.97789116878175,410.38586166417855,412.6810846041348,6148368
2017-11-14,413.6794738769531,417.5010254251804,413.1401021249724,416.7895119639809,4712468
2017-11-13,416.2500915527344,418.45349956958654,411.9924425686304,418.1895433760694,3335872
2017-11-10,418.1895446777344,421.1274407212505,415.9746493342405,418.1206767947406,7744360
2017-11-09,419.5323181152344,421.1734081155505,417.98304263579024,419.33722976954266,3113308
2017-11-08,419.0961608886719,420.8520117873127,417.500992383299,418.9240191930768,3283144
2017-11-07,418.5796813964844,423.45702880440615,417.9026020222895,421.86186050636724,7446376
2017-11-06,419.7043762207031,422.32093544605897,418.32724273555294,418.8781017331835,6148244
2017-11-03,420.1863708496094,422.32093897657774,418.0977239832414,419.0387596023904,3810488
2017-11-02,418.2124938964844,419.9798320650529,417.03044868343824,418.4190695288954,4737944
2017-11-01,418.00592041015625,418.87811618799043,415.8943268671993,416.6058402555096,4190612
2017-10-31,415.09100341796875,415.77957019167843,412.967922532364,415.77957019167843,4682460
2017-10-30,416.5829162597656,416.81243852767733,411.3957186085318,412.73841827224436,5422352
2017-10-27,411.0858459472656,414.8614758341613,408.32009156789655,414.14996244736636,7472088
2017-10-26,412.07281494140625,415.43532190737693,403.46572954277275,405.79538626090743,28571464
2017-10-25,412.0154113769531,427.5999787391879,409.69724210920583,426.9114119457271,21367208
2017-10-24,428.54095458984375,431.4099824953752,425.30469671597444,427.5999190403996,11328872
2017-10-23,427.6688537597656,429.13777386270203,421.41437194816314,426.8884724439213,4162892
2017-10-19,424.2489929199219,428.05905720893406,422.4701952291073,427.3245971114824,570008
2017-10-18,428.8623352050781,430.35422986862267,422.0914286551451,422.55047316700495,3926720
2017-10-17,424.9030456542969,425.46536393364005,422.114344842246,424.6161428550705,2613288
2017-10-16,426.25726318359375,429.9525659003194,422.7799954028498,426.91139600939226,3274544
2017-10-13,424.7998046875,426.11955766594826,418.1895524752611,419.2682958765904,6433464
2017-10-12,417.455078125,418.0632896712041,410.38578164126443,412.01538400729845,5381560
2017-10-11,410.8792419433594,416.6402445414083,410.2939490264925,413.8859776721083,5267440
2017-10-10,413.759765625,416.57141330137085,411.4530837297918,412.9105444727479,3798180
2017-10-09,412.10723876953125,413.828655806998,410.95962741122014,412.8646734731588,3062492
2017-10-06,413.16302490234375,414.1614411546146,411.76294468507916,412.68103374792213,3030660
2017-10-05,412.8187561035156,414.2877042595861,411.5563835974615,411.9924815213059,3336196
2017-10-04,412.4515075683594,415.87139489856827,411.61374570289394,414.95330584443724,6625104
2017-10-03,415.17132568359375,417.96002668763384,412.47443918519747,414.9762373702592,4394424
2017-09-29,414.44830322265625,418.1895269929059,412.27932923216645,413.1629842646678,6213632
2017-09-28,412.0613098144531,412.91053093887047,404.7165977577306,407.172474644556,27646464
2017-09-27,407.7463073730469,414.42539973995474,406.25441263737287,412.22199158006873,7337220
2017-09-26,411.37274169921875,412.35967056786643,409.69721805967663,410.62679438342377,11438732
2017-09-25,413.0827331542969,418.29287782580525,411.44164321009305,418.29287782580525,10149228
2017-09-22,418.67156982421875,422.0799699522976,417.73053411467436,421.1274749398919,8243524
2017-09-21,422.1144104003906,424.27192538922486,420.18641768658443,424.15716425171087,7712496
2017-09-20,424.35223388671875,427.2442088210918,423.52595933659137,424.1571455651109,3446128
2017-09-19,424.5473327636719,428.7476015232095,424.0538822961173,428.03608808785015,4241468
2017-09-18,427.0146484375,427.9327374152089,425.1899578014444,425.4309673652338,4084928
2017-09-15,424.3752136230469,425.02937454338496,420.8176182392518,421.4029112675995,3767332
2017-09-14,422.1832580566406,425.1899941118363,420.3700265672487,422.3553997546616,8154016
2017-09-13,422.74554443359375,424.3866341008859,418.64857793402695,421.1733226474449,4995376
2017-09-12,421.21923828125,422.29800970867734,417.34033452053643,419.4978213396834,6687680
2017-09-11,418.4993896484375,419.7961959667221,410.8907214443766,411.5333949526149,11477676
2017-09-08,410.30548095703125,410.84485267401004,406.48392965679983,407.0347886941236,8311664
2017-09-07,405.46258544921875,407.8037014432704,403.98214996716206,403.98214996716206,6946420
2017-09-06,403.936279296875,404.601899534068,398.9097355980235,400.22948875089384,5751632
2017-09-05,402.891845703125,405.08379423329427,401.89342959411124,403.27056299077867,3682436
2017-09-04,401.87054443359375,405.10680280712216,400.7688263406307,405.10680280712216,3642524
2017-09-01,405.70355224609375,408.88243003029027,404.2116575153725,408.77915621761304,2295172
2017-08-31,407.73480224609375,408.5151835234752,403.1328978038929,406.7134394095712,7303436
2017-08-30,405.9216003417969,406.2543964085494,401.67543857142505,402.11150844707214,2694320
2017-08-29,400.78033447265625,403.7296901644878,398.90972228873215,403.7296901644878,4918596
2017-08-28,404.4756164550781,406.518370242193,403.5804740070328,404.5100503988212,1507784
2017-08-24,404.532958984375,407.3904997428258,403.76406506306733,407.3790404412256,7878276
2017-08-23,406.8167419433594,408.0791144460126,401.6639781169443,401.6639781169443,3360524
2017-08-22,400.97540283203125,402.58205871057976,398.63428690185975,401.9623597931388,6609556
2017-08-21,400.10321044921875,403.7296735277299,398.9555990975197,402.58206217603083,4009724
2017-08-18,402.15740966796875,404.1886759452132,400.05727550965736,403.95915369879344,3707464
2017-08-17,405.1985778808594,408.7676319883036,402.5246381167415,407.68888864140393,5454868
2017-08-16,408.8365173339844,410.7989438243289,401.33115079133137,404.49854110438577,4426832
2017-08-14,403.3165588378906,407.39057950616933,401.20496496626396,402.3525764221171,3577084
2017-08-11,401.4459228515625,403.5001358857047,397.3374687654239,400.5163464849572,6359836
2017-08-10,404.0624694824219,405.3363292895396,402.3181058319723,403.9591956679443,7788444
2017-08-09,404.9804992675781,407.8725018637749,403.5804192275224,406.4838811248415,3270056
2017-08-08,408.067626953125,412.50887702935285,405.35925310920715,411.32683180040937,4035372
2017-08-07,410.51202392578125,412.32522725328874,409.6972087460641,409.9267309918602,1918660
2017-08-04,410.9022216796875,412.39411635412847,405.3707408749463,407.86105176640393,3545068
2017-08-03,408.5381164550781,411.3038707664242,407.2642847821102,410.38578176917775,4256784
2017-08-02,411.22357177734375,414.74673294226415,409.02016363645106,414.74673294226415,7397916
2017-08-01,412.49737548828125,415.2401831798132,406.7593192522554,408.97421456293193,8516860
2017-07-31,409.55950927734375,411.07435052663516,405.462542710674,407.98728746544396,7369140
2017-07-28,408.20538330078125,410.04156157820955,404.21168994380326,406.71348845037073,9255396
2017-07-27,410.7645263671875,412.8646606914508,402.01973369115416,403.04109656128895,17961712
2017-07-26,401.1016540527344,402.8115837566962,397.6473326828924,399.8277942473873,3895344
2017-07-25,399.2884216308594,403.7296719409078,397.77358025614166,403.7296719409078,11160468
2017-07-24,398.2440490722656,399.36871369716727,389.0402124808612,392.4830462196299,19678176
2017-07-21,390.8879089355469,393.6880693923529,390.1878548124179,393.42411318111465,3873508
2017-07-20,392.6896667480469,393.6307024740054,387.4680349805345,388.78778806463106,3698476
2017-07-19,388.42047119140625,389.3155854514388,386.021947137988,386.7449477477332,3987244
2017-07-18,386.4122009277344,387.3991298066655,384.9891461459092,385.52851783784115,2322188
2017-07-17,386.13671875,387.3531977783866,384.9087804208025,386.182640006795,2399340
2017-07-14,385.5859375,386.98604580202766,383.7612466075431,386.4925673035963,2443252
2017-07-13,386.4122009277344,388.65004289843665,385.5170585358828,387.4335637482469,4481004
2017-07-12,385.8843078613281,386.74501635469915,380.67416365526424,385.59740503020447,5738892
2017-07-11,385.689208984375,388.07624607756753,382.63655173762106,385.03507615088597,4410280
2017-07-10,384.7596130371094,401.20488763319617,381.2479394697957,382.8431078788165,1309252
2017-07-07,382.6595458984375,383.2104049911245,380.54795206397097,381.20208497872414,5517396
2017-07-06,380.5823059082031,381.6954831629252,379.021543477065,379.2969869743637,4571676
2017-07-05,378.4248352050781,380.89219955895504,377.56412670953966,379.4232514563318,4014200
2017-07-04,379.4805908203125,382.54470712816976,379.1707413991317,381.0642998837218,3766080
2017-07-03,380.6855773925781,382.72833090924723,378.0805056013538,379.3084439680171,3504332
2017-06-30,379.1822814941406,381.00697235338964,377.10509372085494,379.5839454710192,4330432
2017-06-29,381.70697021484375,386.033458810062,378.9641626521158,382.61357185042016,9187708
2017-06-28,379.962646484375,381.9121194811611,377.9904061635352,379.63204712604966,4449036
2017-06-27,380.2362060546875,386.47219729999637,377.63691845316754,385.1041541237132,6000432
2017-06-23,382.74432373046875,388.23929214163604,381.9576821251928,388.0682867273907,5217468
2017-06-22,387.1562194824219,391.26034901757123,385.60575941375714,386.46078640024655,6675460
2017-06-21,387.3158264160156,387.8972559195516,382.9608943849117,383.6449159971137,3410932
2017-06-20,384.5455627441406,386.24420528830683,383.0178977708218,385.33217646826364,3660264
2017-06-19,385.9933776855469,386.7001944082727,380.40720152811605,381.00001465579226,3825532
2017-06-16,380.6010437011719,381.8436718899609,378.0587576869225,379.63201303726294,3755104
2017-06-15,379.48382568359375,382.0489070075728,377.0327479740138,380.31605763528967,3526692
2017-06-14,381.045654296875,383.0407174685557,380.08803510763323,381.9120928645985,3858360
2017-06-13,382.2996520996094,385.7653781577007,378.7199502771135,378.8909556730845,5051620
2017-06-12,380.487060546875,382.14011294475654,378.4919973080524,379.4040262172285,3971412
2017-06-09,380.04241943359375,380.77203135452197,373.9546103762631,373.9546103762631,5305272
2017-06-08,375.014892578125,378.3552040734322,374.30807572975584,374.8210919986726,4248768
2017-06-07,374.11419677734375,375.04902066050687,371.7315050166642,374.0229883376163,2554276
2017-06-06,373.6924133300781,374.79827058749754,371.6517598920565,372.791795965345,5002632
2017-06-05,372.917236328125,373.69243864414415,370.5117489173728,372.4954006861034,2899900
2017-06-02,372.62078857421875,375.3226684869722,370.78531937281326,372.56378677085723,3213544
2017-06-01,371.3325500488281,373.8976312539573,369.4971086417942,373.7038306850411,3359540
2017-05-31,373.06536865234375,374.61582874195653,370.089891398905,370.5116991513569,5318912
2017-05-30,371.4351806640625,372.4498016811765,368.4938818977938,371.65177639444,4434184
2017-05-29,372.0849609375,375.75587134706336,368.83585828780605,369.3260793418859,5916340
2017-05-26,370.73974609375,372.1077894372694,365.06236065156196,366.32781187748265,5443156
2017-05-25,368.72186279296875,371.5149510970984,357.31009087436036,357.31009087436036,20090804
2017-05-24,357.23028564453125,359.2139371793788,356.1472514292375,357.75471334510087,3467388
2017-05-23,357.7661437988281,361.06086501602624,356.83131970994083,360.25142820556323,3080172
2017-05-22,359.33941650390625,360.2514454798045,356.39811749005133,356.85413197800045,2860052
2017-05-19,355.9762878417969,357.94855594790346,352.32817216175283,355.57727518929204,2854136
2017-05-18,355.0299987792969,356.03323600673673,352.97793401845115,353.18314606111767,3107280
2017-05-17,355.0414733886719,356.92253308718017,353.753226937656,355.4176908949564,3472472
2017-05-16,355.6114501953125,356.1472615715556,353.01216243800314,354.55121110356527,3590376
2017-05-15,354.1864013671875,355.05281205513387,351.64411543934824,353.41117129582733,2804780
2017-05-12,353.7874450683594,354.98448309715735,350.26471645529045,352.47640341777117,6147604
2017-05-11,352.5903625488281,355.6912551036623,351.3591180222715,353.6391901703719,3875744
2017-05-10,353.8216552734375,354.55126732705355,350.45854839686257,351.13115863901123,2342244
2017-05-09,350.16204833984375,352.40791363515183,349.4552316047141,349.94545263861204,3345836
2017-05-08,349.9455261230469,351.13115264817327,348.52048086067606,350.6751381642146,3747252
2017-05-05,349.3526306152344,351.79232442417543,348.0074103634091,351.6099075258376,2757896
2017-05-04,349.9455261230469,351.79237921649644,347.1638210711498,350.96014721668877,5131028
2017-05-03,352.111572265625,354.3802330441788,350.9829197907,354.3802330441788,2507964
2017-05-02,351.2679443359375,353.6164300140832,348.93087015282646,352.7271962217312,4007040
2017-04-28,352.6131591796875,355.66846143751326,350.4698857849194,355.66846143751326,5437728
2017-04-27,357.652099609375,358.8719326011833,352.5219374479195,352.5219374479195,16180420
2017-04-26,353.55938720703125,354.0951985861524,334.81717776821046,351.80371498306454,7795852
2017-04-25,350.4584655761719,352.385115215295,348.7597952961262,350.0024511921987,9057780
2017-04-24,349.54644775390625,350.9030794555444,341.32677709223515,341.5775794446922,20206952
2017-04-21,341.235595703125,341.7828185910006,331.3628998978755,334.25858042322005,17258032
2017-04-20,333.3807373046875,334.26997096262727,331.28305433814876,331.2944658314586,5781372
2017-04-19,330.38250732421875,332.14956352281274,327.87442755847246,329.9264928213558,4338144
2017-04-18,329.9948425292969,331.7504868937834,327.87436436650205,328.3303787814763,3638860
2017-04-17,327.60076904296875,329.1968195060594,325.65129627274354,328.39879427451405,7137056
2017-04-13,328.3987731933594,330.3596294984137,327.6577498116364,329.0143814850116,4804236
2017-04-12,329.1739807128906,330.5990257007952,327.30433282192377,328.10235801515034,3565092
2017-04-11,328.21636962890625,328.6039707419172,326.3923119998467,326.96233000892784,4356260
2017-04-10,326.99652099609375,329.01437908502294,326.6545102070241,329.01437908502294,3393876
2017-04-07,328.0682373046875,329.47048750668,325.7311629123391,326.28979739367514,4648360
2017-04-06,327.9883728027344,329.01440525154374,324.9216869500131,326.39232232680865,6124416
2017-04-05,326.58612060546875,329.8124281829663,325.4917027008061,327.2473470788817,5744080
2017-04-03,326.77996826171875,330.6332962199942,325.1383272516786,329.69847209391816,4149052
2017-03-31,328.91180419921875,331.52247555928267,327.54376097132626,331.47688525151716,9651392
2017-03-30,334.30413818359375,337.43923711491647,324.92166437545364,325.59427446755546,34321092
2017-03-29,325.7310791015625,327.1447404358756,323.77022275568055,323.95263964814353,8575772
2017-03-28,323.81585693359375,324.84188946865953,322.19701116707273,323.382665462897,8061400
2017-03-27,321.4559631347656,324.682270759811,320.1335380013617,324.682270759811,5864084
2017-03-24,324.7620849609375,327.0649523640098,324.2262735494321,326.7343530213335,3810364
2017-03-23,326.2555236816406,327.19034767985795,324.4314659942268,327.0535489198842,4922472
2017-03-22,326.2555236816406,327.64636210171136,325.0926924724966,325.5258839069282,5636544
2017-03-21,328.5469665527344,329.4704068538974,326.9623276321722,326.9623276321722,5557280
2017-03-20,327.4411315917969,328.2961585845856,325.1268529647333,325.2864747031332,8142344
2017-03-17,325.1040954589844,325.4803129459599,322.14000154073744,323.4396594200244,3390464
2017-03-16,323.166015625,324.4200552881416,322.3224000756876,323.33702103361026,4980108
2017-03-15,322.9949645996094,323.77019457573846,321.6155378647179,321.7067184701033,4271860
2017-03-14,321.6497802734375,324.71649414084595,320.72636771452176,324.24906819773986,7155020
2017-03-10,319.2328796386719,321.03414211056185,317.6482407095716,318.070048468916,5860704
2017-03-09,317.8876953125,318.9137279326445,315.02622103829106,315.02622103829106,3509316
2017-03-08,317.431640625,319.0276911653729,314.88938238773613,316.4512262785185,3782144
2017-03-07,316.0635681152344,316.3599886070933,313.78349612527336,315.1629508123638,3112876
2017-03-06,314.8209533691406,316.9072248950404,313.0766926562438,313.92033602806424,3679124
2017-03-03,313.9659423828125,315.67599653522433,312.14188462023986,315.67599653522433,2492824
2017-03-02,314.6727294921875,318.29804951963064,313.7949073434038,317.96745021454,4601988
2017-03-01,317.30621337890625,318.41204269026775,316.1091756244316,318.4006311975377,3481736
2017-02-28,316.95281982421875,318.35506974455507,315.67598500364295,317.5912511509625,2928008
2017-02-27,317.75091552734375,318.83395002447077,314.33080658904805,317.13530705161764,4681376
2017-02-23,317.91046142578125,324.078039705892,316.2574091668546,320.0765299029955,34494980
2017-02-22,319.0163269042969,323.4966746173873,318.03588466527964,322.63023599532954,5296776
2017-02-21,322.7555847167969,324.1806296356607,318.6172487058346,320.5895164401238,6260028
2017-02-20,321.284912109375,322.7327521373164,309.89596458955816,310.3633626093052,10566716
2017-02-17,313.9773864746094,331.52253276675384,310.1924439579825,329.470467570811,402259960
2017-02-16,302.7707824707031,303.93361368566383,301.0265217318062,301.6535415649912,5043700
2017-02-15,301.47113037109375,301.88155449375165,298.10802392941486,299.14546789713154,6126940
2017-02-14,298.9402770996094,299.6015036407418,297.3214313147087,299.6015036407418,2446060
2017-02-13,298.73504638671875,299.82949216810186,296.2269669845521,298.1308495243449,2795792
2017-02-10,297.230224609375,298.40446743079536,295.9533896658433,296.0331866311426,3296736
2017-02-09,295.87359619140625,300.94675720662786,294.7107648511294,298.55268122191654,4465376
2017-02-08,297.6976013183594,300.67307852935585,295.9875473466684,298.1308205577697,4940960
2017-02-07,298.03961181640625,300.51348432641123,297.0819648934655,300.05746993441363,3411920
2017-02-06,299.624267578125,300.96951567689945,299.0200429081005,299.2138713019487,4310220
2017-02-03,298.92889404296875,300.05751871347456,295.6113776687081,296.1813957513704,8005104
2017-02-02,296.11297607421875,297.70902667131713,294.7221375490443,297.70902667131713,5971636
2017-02-01,297.70904541015625,298.68948768610886,291.9632740321087,293.26290418124086,10910664
2017-01-31,293.3654479980469,294.74487475744814,291.16517311233133,292.39641746889464,6101040
2017-01-30,292.9778747558594,294.80193256909115,291.9746652249126,294.80193256909115,5319628
2017-01-27,294.5625305175781,296.409383416901,293.673296800745,296.18137619888796,6852236
2017-01-25,294.2661437988281,295.40618001983154,289.59199529271393,290.16201340321567,15636984
2017-01-24,289.0105285644531,289.91114584346536,284.8379858001959,285.0089911949128,10261864
2017-01-23,283.7892150878906,285.00904824780827,281.7713565928791,281.81694690743285,4793848
2017-01-20,281.896728515625,283.86899658862666,280.4488881959926,281.81693155304623,13942068
2017-01-19,281.8853454589844,283.84620204171983,281.5889249311546,283.84620204171983,3512412
2017-01-18,283.3218078613281,286.3771106272789,282.92279516738085,282.93420666323175,4612888
2017-01-17,282.3869323730469,285.5562381899202,281.8739161454818,284.3249936771816,3559612
2017-01-16,284.47320556640625,284.8836018510696,281.0873040116025,281.2468979279307,3765864
2017-01-13,281.0188293457031,282.66046979168004,280.1295958404216,282.5008759102038,3850412
2017-01-12,281.58892822265625,283.57257998466247,279.4228595440204,281.58892822265625,2916316
2017-01-11,281.3608703613281,282.29569426677347,277.1427373777912,277.59875175438975,9343404
2017-01-10,276.8805236816406,277.4391579929955,272.53700344213553,272.74218764537943,5546116
2017-01-09,272.51422119140625,274.55490253247336,271.818815862548,273.34645312009116,4573796
2017-01-06,272.1608581542969,273.24389258632607,270.9182019483242,271.3514212877191,5525260
2017-01-05,270.46209716796875,272.3545678348521,269.7552804990641,271.1005283847963,6776384
2017-01-04,270.3026123046875,271.78465952525306,269.91501108786065,271.2944383395593,6967120
2017-01-03,271.3057861328125,274.05325632761395,270.35955063989195,273.7910703011024,3847500
2017-01-02,272.94744873046875,275.91154271247666,271.79602892182163,275.7633324467935,3708656
2016-12-30,275.02227783203125,276.34473074599316,273.59723280962,273.6086443029635,4066540
2016-12-29,274.7943115234375,275.4213314266118,269.3791396323868,270.1885764587413,8100816
2016-12-28,270.5875549316406,272.4572029098639,269.2765134815821,271.3057832056462,6507840
2016-12-27,270.2341613769531,270.6217903727421,267.6576963441971,268.88894096879096,4899296
2016-12-26,267.9084777832031,270.4393523046152,266.79123686246095,268.71791453009587,4183864
2016-12-23,270.4736022949219,271.15762404993535,266.6088905122622,266.9964917069366,4752516
2016-12-22,267.4752502441406,268.93450194250073,266.40362749928073,268.22768516400305,2805716
2016-12-21,269.0484924316406,270.18852841652046,267.9084564467608,269.9605212195445,2658876
2016-12-20,269.48175048828125,270.1885673341338,267.15606004439104,268.1365022657733,4189992
2016-12-19,268.3074951171875,268.93451496980896,266.88244999759337,268.3189066113093,3160436
2016-12-16,269.5729064941406,270.18851476170016,267.12182925052184,268.273248837314,3255828
2016-12-15,268.2733154296875,272.35465062896924,265.30922128303484,265.4460200616819,4941488
2016-12-14,268.0680847167969,270.8725847322915,267.5436847962719,270.64457750608585,4314144
2016-12-13,270.4736022949219,271.40842646019036,268.71795759022046,269.10555878489487,2526868
2016-12-12,270.0631103515625,271.81878244869296,269.2992918166848,271.7845758029412,3425272
2016-12-09,273.2210388183594,274.13306761810964,270.87255352583827,273.4034278785633,4387952
2016-12-08,273.4946594238281,274.87411423312,270.64456918389664,270.64456918389664,4309696
2016-12-07,269.4132995605469,274.95388560450067,266.0844000366955,274.0304453195384,5628192
2016-12-06,272.3431701660156,274.25843608080197,271.3741396326978,272.4685852505495,2702964
2016-12-05,272.7763977050781,273.3692108357892,268.25046052502023,270.7813347814964,4551936
2016-12-02,271.1233825683594,274.05326980939094,268.29608744423473,271.1005874127037,4062672
2016-12-01,272.9816589355469,275.4099415266973,272.0126281980434,274.133106592099,4476984
2016-11-30,273.5174255371094,274.06464837165464,269.29929242989175,270.1885260569141,6442840
2016-11-29,268.76348876953125,272.00117989768404,268.2504725661536,270.1201204852992,3932644
2016-11-28,270.0631103515625,273.35783101133546,268.61527023328813,269.105491267971,4130180
2016-11-25,271.1689453125,272.05815103179555,264.0323095767867,266.54038851059033,5969960
2016-11-24,265.7424011230469,270.4849621861636,264.6935735320435,269.9605344742063,15285996
2016-11-23,270.1315002441406,274.29263118269773,269.29926848984775,274.29263118269773,3532692
2016-11-22,273.1640930175781,275.159156426024,271.1804132717167,275.159156426024,10017784
2016-11-21,273.3122253417969,278.0547863362102,270.9523563379979,278.0547863362102,5552520
2016-11-18,276.2079772949219,281.8169498565518,275.7063446650074,281.8169498565518,6879900
2016-11-17,280.4945068359375,284.7582590957768,279.3430869272138,282.3413878208119,4815624
2016-11-16,283.7207336425781,289.113109106935,282.74031945181844,289.113109106935,8647744
2016-11-15,286.092041015625,293.9012878016662,285.15721703993654,291.27920493919976,12512524
2016-11-11,290.8916015625,292.3052350920273,288.56591138542234,290.4811774627479,7139320
2016-11-10,291.5185546875,292.53317537852723,285.9437631335057,288.14403771209186,10700736
2016-11-09,285.2940368652344,286.69628684877694,272.5484275737634,273.6086667239011,13645468
2016-11-08,285.98944091796875,286.8330564213381,282.7517219915272,285.2598011812209,5348164
2016-11-07,284.88360595703125,286.11485049459054,282.7289488909866,285.4650354931574,5671392
2016-11-04,283.57257080078125,285.647458786818,283.12796785115216,285.647458786818,5734920
2016-11-03,286.13763427734375,287.28908180982535,280.84787818988286,283.8689736930417,6315812
2016-11-02,284.1311950683594,286.30864726059315,283.07095595751406,285.2598196436036,6474432
2016-11-01,287.24346923828125,288.166881658496,284.3363775643328,286.377030782686,3402416
2016-10-28,287.0724182128906,287.72223303483855,282.7516659473158,286.03497452962137,5320536
2016-10-27,285.48779296875,286.60503375042884,279.11500323212465,282.5009043888475,11623860
2016-10-26,282.5693664550781,288.42914103301837,281.60033574409766,283.49277902108804,5366540
2016-10-25,285.0774230957031,289.1131395413093,283.6523780467022,289.1131395413093,5501796
2016-10-24,288.0985412597656,291.1310206628104,287.5285231953309,289.9681893779462,3255664
2016-10-21,289.72882080078125,290.2418371475597,285.0090815435867,286.37712513499594,3956408
2016-10-20,286.2630615234375,288.9877366389425,285.2370290448589,287.34609580638164,3200356
2016-10-19,286.9128723144531,287.97311142666814,284.55300321494997,287.5398921532681,3044904
2016-10-18,286.7989196777344,287.28914084178587,282.5009884944228,283.4586078307287,2610968
2016-10-17,282.20452880859375,288.7483528092452,281.07590418777033,288.5431407419374,5135360
2016-10-14,287.6994934082031,289.11312690184633,285.92102613163667,288.60011070663404,4067116
2016-10-13,287.91607666015625,291.6211934653255,286.4796202425271,291.6211934653255,4519356
2016-10-10,292.8410339355469,293.6504706071017,291.5641992162161,292.9892441781722,4719312
2016-10-07,291.98602294921875,293.6162800415607,290.9941971679611,292.7612530175608,3337464
2016-10-06,292.29388427734375,295.4061888199818,291.6326855157971,293.4681271865411,2895712
2016-10-05,293.24005126953125,296.42076837582704,291.0283925859544,295.9533424875787,3647020
2016-10-04,294.0267333984375,295.2693616637798,292.3736809875785,293.8101098310595,2775512
2016-10-03,293.4908447265625,294.1064808411784,291.0283837668261,292.077211277431,3900548
2016-09-30,290.2189636230469,292.0772278995284,288.976335496217,291.18799423863857,4138428
2016-09-29,291.2791748046875,297.7773794872187,289.10169508492174,295.94191054021775,16450012
2016-09-28,295.32635498046875,296.4093892874807,293.90130983966355,296.3865941318104,4989652
2016-09-27,295.9647521972656,297.81160492013265,295.23511246958935,296.1813479005186,4056812
2016-09-26,295.5315246582031,298.43861632847137,294.9728903433866,297.8001850637979,5576772
2016-09-23,299.3050537109375,300.61609516965126,296.7513840897378,297.78882802936283,4876808
2016-09-22,297.98260498046875,300.27406056177733,296.53476487693183,297.549385748812,6555800
2016-09-21,294.8133239746094,295.95336003019565,293.6504927644937,294.58531676349213,4256400
2016-09-20,293.7758483886719,295.26930659379616,292.77263903413944,294.73349527196444,3778248
2016-09-19,294.1634826660156,296.9793659047495,293.67326163939913,295.7253263558235,5894832
2016-09-16,295.91912841796875,297.43538181056846,292.7156440717668,292.7156440717668,6525816
2016-09-15,291.7580261230469,292.7384682786135,289.5349557815543,290.02517685933765,3501812
2016-09-14,289.4437561035156,291.16522175843187,288.52034355649613,290.70920731558385,3849508
2016-09-12,291.8264465332031,292.8524790235147,289.911180318039,290.64079228909554,3985728
2016-09-09,294.22052001953125,295.1553440478473,291.46163824507164,294.12931156564156,4013768
2016-09-08,293.9924621582031,295.3262985887218,292.67000938688943,294.12926089901646,2905380
2016-09-07,293.3882751464844,297.5494066960654,292.55604326998593,296.6373778632805,4016444
2016-09-06,296.5005798339844,297.2986050646333,294.1407107899333,294.1407107899333,5508884
2016-09-02,293.01202392578125,293.901257501872,292.111406690339,293.103232365133,3955188
2016-09-01,292.69281005859375,294.1292664464957,290.8003671370162,293.673252079912,5224676
2016-08-31,294.4028625488281,295.26930097442596,288.5430890989467,289.34111423671544,11161364
2016-08-30,289.2613830566406,289.68319087306855,283.6295876756132,283.8918015613649,9867608
2016-08-29,282.29571533203125,286.2630462710679,281.8624960753535,286.2630462710679,2944184
2016-08-26,286.62786865234375,287.7223144337076,285.89825668670943,287.28909515221306,2521136
2016-08-25,286.9585266113281,288.83958636477047,285.9894958292518,288.2011549516481,8729888
2016-08-24,287.6994934082031,288.2466884167683,284.3363872395894,285.47642322894995,5570936
2016-08-23,285.339599609375,285.92102910315555,284.1083829943977,285.2370075024303,5314524
2016-08-22,285.0774230957031,286.02363074191084,282.9569449296253,283.8803852545423,5501292
2016-08-19,284.3477783203125,285.00900477797956,283.0595320521339,285.00900477797956,4110636
2016-08-18,285.5790710449219,286.1262939931479,281.48635217788336,282.27296603082897,6111656
2016-08-17,281.5661315917969,282.1589448183679,279.5368616948033,281.22412074959277,5511036
2016-08-16,279.83331298828125,282.37557159515296,276.75521507005095,281.1329431983674,3468568
2016-08-12,280.1524658203125,281.58892246890616,278.03201533061844,280.6883050646203,4641496
2016-08-11,280.0498962402344,281.58894513062444,278.6248509713547,279.71929687102045,2856072
2016-08-10,279.7420959472656,285.2256535189771,278.11183857024815,283.8690215371666,3619720
2016-08-09,284.3705749511719,285.67023271945646,282.2045065036084,285.67023271945646,4210856
2016-08-08,284.9178161621094,286.1490607150355,283.766396402406,285.67025112026215,4728776
2016-08-05,284.8380126953125,286.2972644345985,283.12795858667545,284.41620491509775,5784912
2016-08-04,282.9569091796875,284.25653896701135,281.2696504882634,284.2337438156896,4662880
