Price,Close,High,Low,Open,Volume
Ticker,HINDCOPPER.NS,HINDCOPPER.NS,HINDCOPPER.NS,HINDCOPPER.NS,HINDCOPPER.NS
Date,,,,,
2016-08-05,59.25750732421875,60.35047004290938,58.30710622118081,58.30710622118081,372414
2016-08-08,59.019901275634766,60.06534456201563,58.63974304689893,59.49510178067367,182828
2016-08-09,58.11702346801758,59.305024735757165,57.87942321446966,58.924862879883634,138143
2016-08-10,56.31126022338867,58.4496625103528,56.07365996928155,58.40214318462981,137729
2016-08-11,55.97861862182617,57.21413915858037,55.50341813649825,57.07157756278521,127329
2016-08-12,59.209983825683594,60.25542714071987,56.21622273717535,56.50134232291534,817592
2016-08-16,61.063270568847656,61.39590950307241,59.30502998710117,59.30502998710117,516321
2016-08-17,60.92070770263672,62.25127066319198,60.39798783438015,61.348392538699905,315773
2016-08-18,61.633506774902344,62.631430779943116,61.20582920187606,61.20582920187606,321471
2016-08-19,66.62311553955078,68.42887907648844,61.15830922441455,61.871110048127974,3663998
2016-08-22,66.71815490722656,70.13960469814897,65.29255324467057,67.09831680077183,3293372
2016-08-23,63.154144287109375,64.57974580375729,62.82150538342171,63.91446799638197,1081780
2016-08-24,64.91240692138672,66.43304743947046,63.15415884477313,63.15415884477313,1718615
2016-08-25,63.771907806396484,65.53014826565858,62.916545427273604,64.86487044355435,532812
2016-08-26,61.77607345581055,64.34215360665783,61.11079556514204,64.10455332413548,398972
2016-08-29,60.873191833496094,62.48887076270833,60.635587938943985,62.346309151075545,223922
2016-08-30,62.108707427978516,63.20167009026269,60.82566745529041,60.82566745529041,353498
2016-08-31,62.53639221191406,65.86279589869706,61.87110712396671,62.53639221191406,874389
2016-09-01,61.633506774902344,63.961993703002626,61.11079054686851,63.01159265095792,248207
2016-09-02,62.96406555175781,64.81734458081213,61.34838677006862,61.91862591354809,503723
2016-09-06,61.91862487792969,63.48678793450806,61.063262551524765,63.48678793450806,196167
2016-09-07,65.3875961303711,66.3379971947603,61.77606918529825,61.77606918529825,1484192
2016-09-08,65.10246276855469,67.00326460121322,64.43718502751763,65.53014028050943,658480
2016-09-09,63.6768684387207,65.57767048166758,63.29670657993445,65.53014753020017,331041
2016-09-12,61.205833435058594,63.1066356706133,60.82567153775064,62.15623455283595,255448
2016-09-14,61.490943908691406,62.203744683139846,60.73062743320374,61.1107892964398,188256
2016-09-15,62.583900451660156,63.58182433909921,61.633499511616776,61.77606110282003,290037
2016-09-16,59.92279052734375,63.391752476892194,59.01990872865569,62.72647458622029,506976
2016-09-19,60.39798355102539,61.06326498412203,59.8752637198395,60.16038329816888,208954
2016-09-20,59.6851806640625,60.58806231781859,59.49509974345721,60.302942749656665,156345
2016-09-21,60.11286544799805,61.49094404799315,59.73270358390077,59.73270358390077,301974
2016-09-22,60.635589599609375,61.20583243626575,60.20790837849021,60.8256705451615,127358
2016-09-23,60.06534194946289,61.15830088821864,59.68518011177012,60.92070064603365,203890
2016-09-26,62.298789978027344,63.581829909292026,59.82774514213939,60.35046497985863,808155
2016-09-27,61.585994720458984,63.53431264195336,61.01574825467037,62.86903476651334,268809
2016-09-28,62.298789978027344,63.91446881725186,61.30086600316349,62.10870542277575,597778
2016-09-29,59.067420959472656,60.25542215636075,58.06949705369311,59.5426214382279,1415589
2016-09-30,56.73894119262695,58.354623639581305,56.54886026495724,58.354623639581305,1162881
2016-10-03,56.97654342651367,57.356701669576374,56.40630062368121,56.548862230762396,816878
2016-10-04,56.78646469116211,57.73686577385938,56.54886442048779,57.21414590347436,456669
2016-10-05,56.453819274902344,57.16662000501226,55.883576515519216,57.024058408793486,283114
2016-10-06,56.121177673339844,57.309178909547256,55.83605810174848,57.309178909547256,302094
2016-10-07,56.026145935058594,56.833985425123956,55.836064988721894,56.168703925691744,202079
2016-10-10,55.97861862182617,56.738938673252456,55.836057026031,55.931095672899794,168968
2016-10-13,54.83814239501953,56.216224669882045,54.55302279947716,55.78854346382232,191339
2016-10-14,55.45589828491211,56.21622200429621,54.74309751710865,54.83813979477776,200427
2016-10-17,54.83814239501953,56.40630198324872,54.743100112843834,56.40630198324872,159066
2016-10-18,56.69142532348633,57.21414518732849,55.02822344958429,55.02822344958429,757681
2016-10-19,55.97861862182617,57.926939886572264,55.8835763494654,57.926939886572264,237597
2016-10-20,56.31126022338867,56.976541659987056,55.97862131783556,55.97862131783556,172140
2016-10-21,55.883575439453125,56.548856833177126,55.55093655533709,56.548856833177126,158132
2016-10-24,55.97861862182617,56.54885775402288,55.836057026031,56.35877683479332,153881
2016-10-25,58.30710220336914,58.8298256744143,55.40837976394638,55.59846069655441,1155329
2016-10-26,56.833980560302734,59.01990219233511,55.883579535463255,58.73478260998171,604537
2016-10-27,56.07365798950195,58.16454087692077,55.64597682211073,55.88357706782896,364048
2016-10-28,56.73894119262695,57.59429992890245,56.073659758529026,56.21622136065435,379664
2016-11-01,58.829830169677734,59.30503072476239,56.69142767179677,57.024066610159025,2132237
2016-11-02,57.879425048828125,60.54054724780467,57.2616629198281,58.354625570984375,4287307
2016-11-03,57.11910629272461,59.59015139866236,56.54886706661959,58.82983122202481,1544378
2016-11-04,55.075748443603516,57.68935165716501,54.45798623383734,57.2141510728811,673981
2016-11-07,56.026145935058594,56.833985425123956,55.59846471217414,56.073665265269646,402174
2016-11-08,55.26582717895508,56.83398686870596,55.02822689637228,56.64390591754121,324620
2016-11-09,53.50758361816406,54.648065714699804,47.47253781117253,51.22662305058522,763828
2016-11-10,57.07157897949219,58.92486164337414,54.64805716925828,54.64805716925828,1081739
2016-11-11,57.45174026489258,59.01989971475303,55.9786194633296,57.0240590965699,1139164
2016-11-15,54.362937927246094,58.63974242741506,53.98277607703424,58.63974242741506,552917
2016-11-16,54.362937927246094,56.026139677311804,54.07781835233325,55.97862035240834,250438
2016-11-17,53.65013885498047,55.40837930983729,53.36501927115128,54.93317879495791,241259
2016-11-18,52.60469436645508,54.36293840734757,52.2720554637011,53.74517630167062,203273
2016-11-21,51.51173782348633,53.5550979131639,51.27413756011738,53.50757858558857,218149
2016-11-22,53.22245788574219,54.26789757258666,51.51173675022749,52.60469576365722,235294
2016-11-23,53.50758361816406,54.17286514326763,53.222464000403285,54.030303521640924,187052
2016-11-24,55.69350051879883,57.40422532267719,53.50757881166708,53.79269840381604,994458
2016-11-25,58.164546966552734,59.30502899050326,57.02406494260221,57.49926548379056,1875366
2016-11-28,58.25958251953125,59.25750287774213,57.97446293511275,58.3546247979989,844988
2016-11-29,56.881492614746094,58.829817366987974,56.64389238891091,58.54469419559237,438320
2016-11-30,55.97861862182617,57.1190968862196,55.74101837916221,56.88149664355564,327982
2016-12-01,57.499263763427734,59.44758519890823,55.97862352731913,56.548862709486784,1973426
2016-12-02,55.69350051879883,57.87942585142289,55.12326133450092,56.9290247939315,673090
2016-12-05,56.833980560302734,57.30918107272248,55.64597927925338,55.97862181324251,445169
2016-12-06,58.54470443725586,59.019904972056615,57.0240641760904,57.404226054127946,720425
2016-12-07,60.017822265625,62.536386267854795,59.01989835404854,59.68517975326886,5590040
2016-12-08,60.77814483642578,62.15622701518213,59.59014358327239,61.58598786386535,1945118
2016-12-09,60.58806228637695,61.77606350767846,60.350462042116646,61.53846326341816,975657
2016-12-12,59.78022766113281,61.87110707654277,59.20998485425458,60.39798617005219,1431600
2016-12-13,58.21206283569336,61.30086616983219,57.689342996552924,60.92070430927976,1516220
2016-12-14,56.26374816894531,58.25958911118202,55.931105594910775,58.21206977931783,638925
2016-12-15,56.121177673339844,57.1666209364976,55.78853877739859,56.07365834898996,569098
2016-12-16,55.55093765258789,56.73893887002779,55.17077581281033,56.548857950139,390389
2016-12-19,55.075748443603516,55.97863027884149,54.83814815146156,55.97863027884149,323384
2016-12-20,55.503421783447266,57.309181571048775,54.79062100861957,54.88565966173304,826347
2016-12-21,55.075748443603516,56.263749904313286,54.93318681812125,55.64598769454711,296487
2016-12-22,53.65013885498047,55.40837930983729,52.98485740905089,55.2182983787871,609881
2016-12-23,55.6459846496582,57.16662861145434,53.079900909839914,53.127423866062095,1568975
2016-12-26,55.31333923339844,58.829823678096695,54.83813873074981,55.36085855856488,1888829
2016-12-27,55.55093765258789,56.501338626539805,54.64805600223517,55.645976299786284,525092
2016-12-28,56.168701171875,57.594302761267684,55.88358157909492,56.453824390147396,732917
2016-12-29,56.31126022338867,56.83398005732592,55.50342080962131,56.83398005732592,392558
2016-12-30,56.64390182495117,57.689345168076485,56.35878223155057,56.78646343439764,487565
2017-01-02,60.3504638671875,61.4434264740342,56.35877891780266,56.8814987458846,7803727
2017-01-03,59.25750732421875,60.73063193432155,58.68726811259298,60.35047004290938,3973525
2017-01-04,58.92486572265625,60.25542865691316,58.497184520538504,59.54262786188103,1386575
2017-01-05,60.30295181274414,61.11079494035644,59.11495041227831,59.305031361451356,3084902
2017-01-06,59.16246032714844,60.77814269973523,59.01989873158502,60.63558110417181,824167
2017-01-09,61.348388671875,62.06118943606727,59.25750207965374,59.40006368268906,5699319
2017-01-10,64.48471069335938,65.1024728346884,60.54054845604227,61.53846884738793,6769211
2017-01-11,64.05701446533203,65.95781603848145,63.77189132896659,64.91237662344578,3730492
2017-01-12,66.1954345703125,66.90823535767915,62.96406955072014,63.91447060054233,6674268
2017-01-13,64.81734466552734,66.76566959686143,64.48470576897824,66.52806934918577,2337892
2017-01-16,63.96197509765625,65.67269214313026,63.581813337223416,64.43717548545166,2062162
2017-01-17,61.966148376464844,64.53223567870485,61.82359401327226,64.48471272365072,1303567
2017-01-18,61.823585510253906,62.8690251187942,61.53846232111387,62.346301689032096,1491101
2017-01-19,63.96197509765625,66.24293115828827,61.776050413404334,61.776050413404334,3733530
2017-01-20,61.39590835571289,63.86694971504171,61.11079238212772,63.86694971504171,1156783
2017-01-23,62.82150650024414,63.344229966034916,61.11078900044456,61.77606681964699,1001501
2017-01-24,62.86904525756836,63.62936192052003,61.3959203934335,63.249207214537314,932304
2017-01-25,66.5755844116211,66.81318463114724,63.20165839395643,64.62725971111334,5237449
2017-01-27,65.29254913330078,67.47847444530301,64.72230995438245,67.0507968738604,1697013
2017-01-30,64.24711608886719,65.48264048039717,63.8669541798591,65.29255590040046,648953
2017-01-31,63.05909729003906,64.81733747766359,62.72645843037766,63.961982481672365,705677
2017-02-01,64.62727355957031,65.14999705493136,63.20167193693273,63.53431086535121,1010399
2017-02-02,65.7202377319336,66.86071615530075,64.15207446156501,64.86487528891573,1626540
2017-02-03,64.10454559326172,66.29047082924339,63.8194296392104,65.57767006763862,1214645
2017-02-06,64.19959259033203,65.29254797597571,63.9619923324122,64.57974720221621,506373
2017-02-07,63.58183288574219,64.72231126670337,63.201671008426885,64.24711073280542,501646
2017-02-08,64.53223419189453,65.00743472754768,63.62934882356271,63.62934882356271,616855
2017-02-09,64.19959259033203,65.76774849181537,63.72439207449237,64.57974720221621,1119150
2017-02-10,66.33799743652344,68.19127661844263,64.3896723470312,64.6272726139944,5860872
2017-02-13,66.48054504394531,68.23879264168784,65.67270566851397,67.28839167036062,1837631
2017-02-14,66.52808380126953,67.9061626367587,65.81528290339878,66.76568410055978,1086489
2017-02-15,63.771907806396484,66.71814955583356,63.67686915337937,66.52807224979934,746962
2017-02-16,65.43511199951172,65.72023521994791,63.24919389644488,64.05703335303447,903500
2017-02-17,64.34214782714844,65.95783395376311,64.05703186432316,65.57767208567822,493215
2017-02-20,65.62520599365234,66.43304556632658,64.53224315957038,64.57975886914784,751099
2017-02-21,67.47847747802734,68.71400179703306,65.43511368166475,65.81527556835766,2426151
2017-02-22,66.14790344238281,68.381344183243,65.62518728017245,67.85862802103264,1302014
2017-02-23,64.81734466552734,66.38550775038354,64.67479031770924,66.24294615158132,584666
2017-02-27,64.76982879638672,66.52806917436966,64.34214400110388,64.91239039481432,861922
2017-02-28,64.48471069335938,65.3875960540663,64.29463338109723,64.81734961531049,478264
2017-03-01,66.95574951171875,67.47847297743063,64.72230854646546,64.72230854646546,2085207
2017-03-02,66.10038757324219,68.38134400415673,65.57766416141715,67.43094307428112,1674443
2017-03-03,65.48262786865234,66.385505884043,64.86486579186635,66.0528669968456,752767
2017-03-06,66.10038757324219,67.5259889680556,65.7677414469988,66.10038757324219,1037460
2017-03-07,65.29254913330078,66.71815070608888,65.05494887116943,66.05287287251493,477079
2017-03-08,63.91447067260742,65.86279572733352,63.676870409883975,65.53014955873303,629423
2017-03-09,63.34424591064453,64.24712421411238,63.20168427036376,63.77192358050062,479344
2017-03-10,61.91862487792969,63.81942682505886,61.681024634538545,63.81942682505886,564817
2017-03-14,62.203739166259766,63.96198672141362,61.96613892918317,63.62934058871935,329577
2017-03-15,63.62934875488281,64.72231143590228,62.34630876020114,62.63143198167917,1108991
2017-03-16,65.48262786865234,66.33799018643417,63.914464827882966,63.9619877764757,1698739
2017-03-17,64.15206909179688,66.00534818738836,63.91446883590133,65.95783248679989,697073
2017-03-20,63.96197509765625,65.19749175533485,63.81941353112113,64.62725274017684,381439
2017-03-21,63.771907806396484,64.72230883853648,63.201668637309375,64.15206966944936,368658
2017-03-22,62.77399444580078,63.15414907829321,62.34630960776957,62.86903310392389,463594
2017-03-23,64.00950622558594,64.86486858013623,63.15414387103564,63.29670547195806,1073528
2017-03-24,63.43927001953125,65.00743320054804,63.011592447883295,64.389671068513,577136
2017-03-27,62.488868713378906,63.9144702809845,62.251268452111304,63.39174680580197,404092
2017-03-28,62.15623092651367,63.391747956950574,62.01366931696739,62.72647011371414,399607
2017-03-29,61.966148376464844,62.964072424722325,61.77607105821813,62.678949196367356,370050
2017-03-30,62.203739166259766,62.916539877489555,62.06118482480084,62.15622346943472,344398
2017-03-31,62.82150650024414,63.67686887563613,62.39382893804034,62.488867590642926,766571
2017-04-03,63.53431701660156,63.86695597722539,62.91655480345129,63.20167805597773,717990
2017-04-05,65.67271423339844,66.71815398800544,63.10663417654627,63.296711495207575,2015494
2017-04-06,65.67271423339844,67.14583883147074,65.10247502642962,65.48263691473714,939223
2017-04-07,64.10454559326172,65.57767006763862,63.724390987859955,65.24503116241993,645404
2017-04-10,64.29463195800781,65.24503300025188,64.0570316974468,64.1045473989683,373215
2017-04-11,64.72230529785156,65.76774492581706,64.15206615995984,64.34214345559573,574564
2017-04-12,63.106632232666016,65.19751167747442,62.6314316996655,65.19751167747442,599023
2017-04-13,62.72647476196289,63.77191455779857,62.44135152174171,63.439275611530654,991014
2017-04-17,62.82150650024414,63.67686887563613,62.20374438185079,62.82150650024414,449631
2017-04-18,61.585994720458984,64.53223670609843,61.01574825467037,62.86903476651334,750540
2017-04-19,61.633506774902344,62.10870730092469,61.01574464087636,61.82359133590204,419813
2017-04-20,62.25126266479492,62.72646314315213,61.63350059273377,61.63350059273377,357419
2017-04-21,63.106632232666016,64.05703329866706,61.87110794647079,62.67894740237473,879199
2017-04-24,63.20166778564453,64.5322306629076,62.964067530811285,63.81942989840785,577297
2017-04-25,63.106632232666016,64.05703329866706,62.773993309762595,63.43927115556944,447053
2017-04-26,61.966148376464844,63.91447351792568,61.538470784917294,63.20167269802317,457960
2017-04-27,61.966148376464844,62.48887187812065,61.58599373997142,62.34631026394317,248960
2017-04-28,62.3463134765625,63.15415299721523,61.5859969134127,62.203751855039016,473143
2017-05-02,62.44134521484375,63.29670759812609,62.251267907885214,62.63142977278675,346971
2017-05-03,62.631431579589844,64.00951022225544,62.203746750118505,62.7264702358108,678412
2017-05-04,61.966148376464844,62.9165494696682,61.87110971734148,62.86903376559897,339670
2017-05-05,60.44550704956055,61.918631619366785,60.11286812279342,61.7760700076138,486165
2017-05-08,60.77814483642578,61.01574146156435,60.25542501013671,60.540544585795104,296191
2017-05-09,60.730628967285156,61.58599136842698,60.44550574990967,60.825667622748774,494419
2017-05-10,60.730628967285156,61.63350707066648,60.5405480308656,61.11079084012426,579808
2017-05-11,60.54054260253906,61.395901301493424,60.30294235969197,60.968223764762236,368764
2017-05-12,60.16038131713867,61.01574002396057,59.875261748198035,60.82566272832816,273125
2017-05-15,63.43927001953125,63.629347328933775,60.35046661034059,60.588066872586026,1332279
2017-05-16,63.05909729003906,64.34213703500922,62.82149706871187,64.15205975834078,742731
2017-05-17,63.39173889160156,64.10453958641409,62.9165384283932,63.62933912320574,521623
2017-05-18,65.197509765625,68.38135179316868,64.67479354524336,65.10247111200874,9960547
2017-05-19,64.72230529785156,66.52806861032872,63.86694296552196,66.05286812025494,1144842
2017-05-22,62.6789436340332,66.05287011588582,62.34630473112848,65.05494615618737,757904
2017-05-23,60.873191833496094,63.201671569887516,60.35046834117079,62.91654834662194,598034
2017-05-24,59.067420959472656,61.300861759425494,58.6872591262717,60.82566128067026,476603
2017-05-25,59.82774353027344,60.350463353909674,59.01990050693373,59.49510100578341,355747
2017-05-26,61.443424224853516,62.393825195845885,59.73269957667366,59.87526117251931,514823
2017-05-29,59.78022766113281,61.823591374501625,59.49510444494754,61.39590655022373,405405
2017-05-30,59.732704162597656,60.35046629136762,58.9248647254298,59.732704162597656,344276
2017-05-31,60.25542068481445,61.300860262347676,59.637658627322736,59.97029750413099,408274
2017-06-01,59.78022766113281,60.635586433211714,59.590146725506735,60.635586433211714,289507
2017-06-02,60.11286544799805,60.68310461865173,59.73270358390077,60.11286544799805,332817
2017-06-05,59.63766860961914,60.35046942965443,59.400068336274046,60.11286915630933,237320
2017-06-06,59.16246032714844,60.01782264954497,58.92486008487074,59.87526105398155,200037
2017-06-07,59.305023193359375,60.2079012329658,59.067422945990934,59.40006184210993,251547
2017-06-08,62.013671875,63.39175057182824,59.30503018582918,59.54263046121232,3354601
2017-06-09,60.873191833496094,61.966147270383026,60.540549281517045,61.20583075998276,468998
2017-06-12,61.063270568847656,62.3938335567316,60.017830810862044,60.540550689854854,582023
2017-06-13,60.635589599609375,61.918633262966864,60.54055093957955,61.20583243626575,408458
2017-06-14,61.0157470703125,61.6810321838239,60.16038826471021,61.063270025200765,496552
2017-06-15,62.488868713378906,63.48679271109664,60.540547296083034,61.300867407040904,1311622
2017-06-16,61.490943908691406,63.24919161978511,61.2058279495027,62.63142949839957,515498
2017-06-19,61.87110900878906,62.44134820798367,61.25334685508456,62.156232233878775,383563
2017-06-20,61.53847122192383,62.631433937066184,61.3008709469357,62.15623338708994,389810
2017-06-21,61.11079025268555,62.06119130015509,60.920705692600905,60.920705692600905,252781
2017-06-22,61.72854232788086,62.72646628277322,61.30086477634655,61.30086477634655,442481
2017-06-23,60.54054260253906,62.298786574902785,59.875261197468795,61.776063140245576,365205
2017-06-27,59.54263687133789,60.825677046336914,59.16247493960114,60.825677046336914,238246
2017-06-28,59.732704162597656,60.63558587945673,59.495103901608026,59.59014618129924,240285
2017-06-29,61.0157470703125,61.538470570143964,60.82566975272917,60.82566975272917,391522
2017-06-30,60.82566452026367,61.58598822716067,60.35046401619911,60.82566452026367,286705
2017-07-03,61.490943908691406,61.87110577192746,60.87318903829031,61.3008666025656,249331
2017-07-04,61.72854232788086,62.86902788361272,61.34838772695446,61.77606527848877,569563
2017-07-05,62.631431579589844,63.3917480803422,62.15623104750037,62.25126970372133,667749
2017-07-06,62.77399444580078,63.96199579980167,62.48887122044664,62.72647149124682,765107
2017-07-07,61.91862487792969,63.24918769111691,61.77606328169821,62.39382536471199,426320
2017-07-10,62.25126266479492,63.62934115163729,61.966139477387046,62.25126266479492,81984
2017-07-11,61.91862487792969,63.58182658166772,61.77606328169821,62.39382536471199,406215
2017-07-12,62.061187744140625,62.4888652906028,61.82358749588738,62.251265042349566,216659
2017-07-13,61.633506774902344,62.91654674496578,61.15830624887999,62.4888691719395,390920
2017-07-14,61.11079025268555,62.15622995470513,60.920705692600905,61.68102943097036,221261
2017-07-17,61.633506774902344,62.25126890892832,60.82566733086126,61.15830624887999,314252
2017-07-18,61.77607345581055,62.91655191152374,61.49095021638965,61.68103479299864,499240
2017-07-19,62.203739166259766,62.678939640412956,61.776061639915405,62.441339403336364,327417
2017-07-20,61.91862487792969,63.20166474204508,61.77606328169821,62.2512637684805,333343
2017-07-21,62.25126266479492,62.631424497677465,61.87110083191238,62.01366242561631,333644
2017-07-24,61.87110900878906,63.20167197423304,61.7760703507541,62.25127089191374,429147
2017-07-25,62.86904525756836,63.67688488426099,62.39384462410372,62.39384462410372,694911
2017-07-26,66.67063903808594,67.81111746492596,63.67687410389962,63.67687410389962,4345713
2017-07-27,67.5735092163086,71.28007454272725,66.71814687159905,67.28839326872817,4424998
2017-07-28,66.29046630859375,67.90614502432365,65.43510400280223,67.00326702158938,1158845
2017-07-31,66.1954345703125,67.38343588259023,65.86279565307164,66.33799617798275,639938
2017-08-01,67.0508041381836,68.99912214815183,66.52808060446863,66.71815793437297,1156741
2017-08-02,61.823585510253906,62.63142487817213,61.72853961321796,62.488863283602115,4677279
2017-08-03,59.25750732421875,61.01574791464195,59.01990704845927,61.01574791464195,5954936
2017-08-04,59.16246032714844,59.44757989278329,58.30709800475191,58.44965960031532,2729465
2017-08-07,58.877349853515625,59.5901506904214,58.59223024385182,59.35255041145281,835474
2017-08-08,60.635589599609375,61.34839405180297,58.9248683406252,59.20998794620715,2829129
2017-08-09,59.3525505065918,60.635590564881824,58.82983061712151,60.635590564881824,923774
2017-08-10,57.879425048828125,59.305026615296875,57.07158198586714,59.01990340160931,784574
2017-08-11,56.929019927978516,57.831897955028865,56.12117692286504,57.071577899121834,621169
2017-08-14,59.12226486206055,60.552642237755556,58.359397655884095,59.98049274253267,1057012
2017-08-16,60.07585525512695,60.36193002881422,58.883874000064914,59.69441979845186,654004
2017-08-17,60.028175354003906,61.50623134881209,59.69441842766785,60.457289323499964,896242
2017-08-18,59.503700256347656,60.886395475434135,59.26530402717581,59.6467358112681,450381
2017-08-21,58.69314956665039,60.36192313309736,58.16867860186602,59.93280920276918,646000
2017-08-22,58.2640380859375,59.50370141181358,58.02564185213639,58.97922678734085,341130
2017-08-23,59.169944763183594,59.9804941442692,58.454756058622216,58.64547377403282,584875
2017-08-24,59.07459259033203,59.69442066942505,58.88387485921181,59.31298884482276,286856
2017-08-28,59.312984466552734,59.83745546019017,59.07458822965955,59.16994526936166,448380
2017-08-29,58.40707778930664,59.69441600797498,58.16868155343192,59.1222664969308,438213
2017-08-30,59.26530456542969,59.599057834246345,58.74082994637807,58.88386914023538,469105
2017-08-31,59.59906005859375,60.0758525390625,59.02691053708643,59.21762461916357,511355
2017-09-01,60.600318908691406,60.98175431897051,59.5036984700049,59.83745172577086,1145420
2017-09-04,59.789772033691406,61.506224070934145,59.312979599033,60.981753120337416,621273
2017-09-05,61.315513610839844,61.55390984218016,60.07585029775995,60.07585029775995,1977720
2017-09-06,61.5062255859375,62.36445344451728,60.60031921024499,60.838715433446296,1358076
2017-09-07,61.69694137573242,63.27035794781444,61.02943484225548,61.935337605584984,3501850
2017-09-08,60.934078216552734,62.74589103071342,60.74336050385617,61.98302017992715,1719794
2017-09-11,61.553916931152344,62.36446275600233,60.83872451712711,61.410877720819656,1032643
2017-09-12,61.79230880737305,63.413400342098264,61.553912565485454,61.553912565485454,2305139
2017-09-13,60.74335861206055,62.60284988707379,60.36192319854686,61.983018249523475,923485
2017-09-14,59.503700256347656,61.22014874121961,59.360661063789436,60.7433599205137,1471898
2017-09-15,59.26530456542969,59.885132584323166,59.122265371572375,59.599057834246345,735004
2017-09-18,59.69441604614258,60.218890675512604,59.408341290437576,59.50370196743116,772863
2017-09-19,59.789772033691406,60.83871393488486,59.64673284823885,60.07584676695893,1237720
2017-09-20,60.07585525512695,61.02944025917659,59.88513752678941,60.314251506139364,2073110
2017-09-21,59.503700256347656,60.7433599205137,58.88386860544575,60.55264220964867,973328
2017-09-22,57.50117492675781,59.40834493187508,57.26277867611816,59.40834493187508,951181
2017-09-25,55.88007736206055,58.40707896840168,55.35560636007596,58.02564352824673,982308
2017-09-26,55.737037658691406,56.30918713877232,54.974170472704294,56.16615158757093,852395
2017-09-27,54.16362380981445,56.21383288380068,53.925227575055025,56.21383288380068,1209148
2017-09-28,55.260250091552734,55.975438823615185,54.11594739272522,54.44970067929916,863958
2017-09-29,55.59400177001953,56.83366147554189,55.307927012997126,55.737040967349685,1271011
2017-10-03,55.546321868896484,56.4999067936844,55.35560415641134,56.26151056248742,445701
2017-10-04,55.78472137451172,56.26151386489216,55.35560740564171,55.880078417532594,390221
2017-10-05,57.977970123291016,60.45729342778399,55.59400750606986,55.784725242975206,3785551
2017-10-06,60.74335861206055,60.981754836097174,58.45475340625383,58.59779259573089,2837623
2017-10-09,61.07712173461914,62.45981706487618,60.60032560030263,61.31551798295836,1739448
2017-10-10,61.17247772216797,61.88766645483102,60.79104227635914,61.17247772216797,1098671
2017-10-11,59.26530456542969,62.269098535330826,58.78851210275572,61.506227684942225,3664170
2017-10-12,60.26656723022461,61.124791469357575,58.64547215056755,59.98049248384695,856109
2017-10-13,59.837459564208984,61.029440830428285,59.646741834086264,60.3142520706967,618778
2017-10-16,59.93281555175781,61.12479679692116,59.2653089645768,60.31425100526532,983999
2017-10-17,60.552642822265625,61.31551367344379,60.07585035909818,60.21888955310354,926402
2017-10-18,60.123531341552734,60.504966782771795,59.6467388588479,59.885135100200316,659310
2017-10-19,60.504966735839844,60.93408069746894,60.12353129491665,60.36192753608416,367215
2017-10-23,62.07837677001953,63.27035791873448,60.266567606555476,60.504963836298465,2363093
2017-10-24,61.69694137573242,63.413397140781086,61.36318810899395,62.65052629514267,1898109
2017-10-25,64.55769348144531,65.2252072627713,60.64799692755831,62.221413434992485,3576728
2017-10-26,66.60790252685547,68.13363688240968,63.89018706926278,64.65305788467752,6720656
2017-10-27,66.5125503540039,67.70453154314376,65.84504379819592,67.1323820274118,3723544
2017-10-30,66.65558624267578,69.03954850260499,66.22646867072325,67.03702165931955,3209681
2017-10-31,66.22647857666016,67.60918125940445,65.89272526540344,66.94166736161449,1752826
2017-11-01,72.13871002197266,73.42604837610887,66.79863523149277,66.9416671678484,21012998
2017-11-02,78.67076110839844,81.72223014431074,72.47245871803977,72.85389416634783,39706271
2017-11-03,82.72349548339844,84.01083372750854,80.19649387812994,80.19649387812994,17892172
2017-11-06,98.83907318115234,99.26818346232778,83.24796201950028,83.91546851805657,47231155
2017-11-07,94.78634643554688,105.37113803163312,93.78507931789612,103.94076059228969,32205515
2017-11-08,90.68592834472656,99.17283595349423,89.44627226047342,94.78634658752947,16771944
2017-11-09,95.73992919921875,97.17030660575506,89.01715247838781,91.63951105703771,13384229
2017-11-10,94.88170623779297,98.64836402757483,93.02221842264014,95.31081657197406,10468970
2017-11-13,94.30953979492188,99.50657413407663,93.92810441331538,97.17029424405838,9906598
2017-11-14,92.54542541503906,95.59689444738893,91.63951531695552,94.8817057108748,4568521
2017-11-15,84.72601318359375,91.73486043528119,83.9154675092976,91.68718555754324,9050334
2017-11-16,92.6884536743164,93.16524614645851,84.86906004129605,85.39353467076269,10686437
2017-11-17,92.4500503540039,96.59815036400123,91.06735520085493,95.07240874984004,8325837
2017-11-20,93.21292877197266,94.88170243285195,90.59057016201946,91.92559054577806,4690341
2017-11-21,93.832763671875,96.69351861750975,92.83149653079242,94.11883480127285,5556199
2017-11-22,94.07115173339844,96.69351020542524,92.59309222996407,94.40490499296496,4469753
2017-11-23,93.11756896972656,95.97832373208206,91.97326269961901,94.40490715773142,4211197
2017-11-24,92.54542541503906,94.78634866772812,92.30702916953435,93.35597119469986,2975531
2017-11-27,94.83402252197266,96.26439997947014,91.35344319561622,92.87917769522501,6845731
2017-11-28,94.92938232421875,98.45764364145357,94.02347227905938,95.07241424294467,9949647
2017-11-29,93.11756896972656,96.07368076910547,92.40238027913769,94.881699618124,4239512
2017-11-30,90.49520874023438,93.21292425844337,90.16145547927458,92.97452803271844,3527704
2017-12-01,88.49269104003906,93.21293388685905,88.11125558442379,91.06736763370884,3010307
2017-12-04,86.77622985839844,89.87538092476981,85.96568411147953,89.20787437443089,2728738
2017-12-05,88.15892028808594,89.35090140217729,84.5829769458119,86.77622510585012,3554864
2017-12-06,84.10618591308594,87.53909739955922,83.77243265058867,87.53909739955922,3105998
2017-12-07,85.9656753540039,86.96693507751219,84.58297296162341,84.67833726647898,2757822
2017-12-08,87.06230163574219,89.2078675955743,86.29943082880291,86.58550920022394,4183291
2017-12-11,86.7285385131836,88.39731198751855,86.34711039641273,87.30069523888984,2123544
2017-12-12,85.10746002197266,87.39606544400529,84.86906377541251,86.91927295088499,2437496
2017-12-13,88.49269104003906,92.21166672527846,85.39353978548876,86.25176046652788,12381255
2017-12-14,86.87158203125,89.87537589005765,85.870322261831,89.35090129040341,3598398
2017-12-15,87.1099853515625,89.01715528712063,86.72854990939568,88.11125247784089,2442935
2017-12-18,87.34838104248047,88.96947984264393,82.62813839186155,86.58551743823521,3291532
2017-12-19,87.2530288696289,89.25555594600775,86.8715934085862,87.63446433067162,5122314
2017-12-20,87.2530288696289,89.16019889956615,86.8715934085862,87.4437429625121,4563189
2017-12-21,87.72980499267578,88.7787468581854,87.30069472619114,87.72980499267578,3210436
2017-12-22,89.35091400146484,91.92559793612111,87.8251794153406,88.34965408960662,9795557
2017-12-26,88.5880355834961,90.25680910044736,88.01588611845355,89.82769154520908,3196646
2017-12-27,91.68719482421875,95.54920952452503,89.636985717123,89.68466787495521,17461000
2017-12-28,97.7901382446289,100.12641843124774,92.87917436175543,92.87917436175543,21861763
2017-12-29,96.31208038330078,100.6985697179801,95.45385246938451,99.1728352461711,8963867
2018-01-01,95.21546173095703,98.45765221788452,94.73866922626993,96.78887845147969,4391787
2018-01-02,93.26060485839844,96.07367736492891,92.02094159519245,95.8352811431797,4589076
2018-01-03,95.45384216308594,96.78886241000306,92.87916597460475,93.73739379585683,5905956
2018-01-04,95.26313018798828,97.93316346498744,94.54794153383712,96.02599372058438,6113289
2018-01-05,94.88170623779297,97.21798654660307,94.59562783148819,95.64457713775501,4228939
2018-01-08,92.92684173583984,95.739921439184,92.640770642885,95.35848603996911,4986645
2018-01-09,90.8289794921875,93.928131023417,90.16147284172573,93.45133848015092,4575534
2018-01-10,89.73234558105469,92.68845757777355,89.30323524816565,90.87665192755223,3794001
2018-01-11,90.35218048095703,91.25808333820174,89.44627762371232,90.11378422638987,2968630
2018-01-12,88.969482421875,91.35344489539496,87.30070869041104,90.87665240069097,3084786
2018-01-15,89.16019439697266,90.35217560548834,88.77875895519246,89.49394768030186,2112054
2018-01-16,86.34711456298828,89.63697951817278,85.87032211874268,89.5892973636381,2617015
2018-01-17,87.30070495605469,87.92052935243552,82.62813725277313,86.39479488970247,3428566
2018-01-18,83.1526107788086,88.34965349953184,82.2467079205192,87.96821803672924,3288069
2018-01-19,82.86653900146484,84.01083810580417,81.05472602353066,83.34333150748562,2409283
2018-01-22,86.15640258789062,87.63446223587121,82.24670557503131,83.34332977108696,4096212
2018-01-23,86.15640258789062,88.68340427220768,85.10746055155415,87.0146305359027,3762804
2018-01-24,83.34331512451172,86.2040695982917,83.05723676702378,86.10871257088733,1957549
2018-01-25,83.2002944946289,86.25176370351903,83.00958039730195,84.01084032118317,3017334
2018-01-29,81.86527252197266,84.77370974343945,81.57920138110342,84.29691723338105,1873152
2018-01-30,81.00704956054688,83.82012990909658,80.57793918505669,81.96063463965997,2317452
2018-01-31,81.05473327636719,82.72350719676298,79.14756308162913,81.05473327636719,3085286
2018-02-01,76.42984008789062,80.1011409252423,74.85642336466097,80.1011409252423,4365717
2018-02-02,72.9969253540039,76.28679027448078,70.56528100389473,75.33320539604978,4322816
2018-02-05,72.13871002197266,73.18765211514747,68.65812315688102,71.04208576649495,3787876
2018-02-06,70.13618469238281,71.18512681258919,66.32184441870383,66.75095478938204,3549403
2018-02-07,70.56527709960938,72.75852510876123,69.75473145284451,71.99565433811497,2101932
2018-02-08,75.95304107666016,76.52519057920657,70.04081014961214,71.0420772355251,3999646
2018-02-09,75.52391815185547,77.52645218205193,72.75852787258441,73.42603436579981,3510327
2018-02-12,76.0960693359375,77.81251759691922,75.66695181423611,76.38214040846381,2185373
2018-02-14,75.6669692993164,77.71717853158526,75.33321599994154,76.57287942650679,1649523
2018-02-15,74.61803436279297,76.85895790138056,73.61676709382041,76.28680829422923,1495295
2018-02-16,72.8538818359375,76.00070738251229,72.32940727387096,75.57159712283953,1423420
2018-02-19,71.04207611083984,72.94924593931877,70.56528365372012,72.94924593931877,1122504
2018-02-20,71.13743591308594,72.2817422198301,70.37457231719897,71.04207887300954,1193084
2018-02-21,69.89778137207031,71.90030835862652,69.61170297030115,71.70958699902175,1264816
2018-02-22,69.7070541381836,70.51759984118944,68.94419058987971,69.61169710405503,1336594
2018-02-23,70.99439239501953,71.51886699643688,69.70705424413875,69.70705424413875,1525787
2018-02-26,70.85135650634766,72.23405161393006,70.46992111537752,71.23278462204283,1573575
2018-02-27,70.46993255615234,71.99566709246052,70.23153630750181,71.3758353909139,1447206
2018-02-28,69.6116943359375,70.46992215951776,69.13490190897902,69.65937648874338,1092095
2018-03-01,69.18258666992188,70.42224266158307,68.75346910431676,69.51633992632006,1148629
2018-03-05,67.70452880859375,68.89650994959013,66.75094389579665,68.65811372139085,1363819
2018-03-06,66.3695068359375,69.03954743591515,65.4159219466991,68.32435876898636,1094452
2018-03-07,62.26909637451172,66.17879297771157,61.983017996724385,65.60664349741226,2087286
2018-03-08,61.553916931152344,63.31804779118501,59.694421747380254,63.31804779118501,1334047
2018-03-09,60.69568634033203,62.12606383173682,59.98049759462963,61.7923105387976,1195667
2018-03-12,61.744625091552734,64.17626960758518,60.55264391217913,61.363189659098026,1942505
2018-03-13,62.79356384277344,64.12858415002229,61.60158272474328,61.69693975913062,2108466
2018-03-14,62.698211669921875,63.222686312632355,61.792308860086614,62.26910134426853,1070465
2018-03-15,70.70832061767578,72.09101578963984,63.41339479857422,63.41339479857422,15549918
2018-03-16,68.37203979492188,72.13870481120152,68.0859686675978,70.56528814745312,6040991
2018-03-19,64.17626190185547,69.03954307470394,63.41339112854497,68.89650389529886,2738187
2018-03-20,63.985538482666016,66.27414345263198,62.60284343585046,62.79355748531652,2098547
2018-03-21,63.890193939208984,66.0834423129042,63.127323041764726,64.22394722861233,1425148
2018-03-22,63.03196334838867,64.89145835450292,62.74589223033123,64.22394452848405,1508091
2018-03-23,60.26656723022461,62.078376382374934,59.88513180996256,61.22014850560421,1852383
2018-03-26,60.600318908691406,62.17373179140796,59.55137698688037,60.266565652925436,2829102
2018-03-27,61.41087341308594,62.31677622285334,61.077120129238786,61.077120129238786,1669234
2018-03-28,59.98049545288086,61.220151536001076,59.789777733309315,61.02943745406747,1375505
2018-04-02,61.88766098022461,62.126057203357,60.457283641430244,60.93407608769503,1459845
2018-04-03,64.36698150634766,65.12985234542198,61.506226772732205,61.506226772732205,3173187
2018-04-04,62.984291076660156,65.22521433305675,62.45981642557165,64.70073968196824,2373809
2018-04-05,65.03449249267578,65.41592793836317,63.79483638828681,63.79483638828681,1685379
2018-04-06,68.75347137451172,71.32815502733075,64.27162515426184,64.93913168909886,7519072
2018-04-09,68.08597564697266,69.13491777190484,67.37078684243572,68.65812523554686,2355726
2018-04-10,69.42098999023438,70.80368531180223,68.32436579971016,68.89651533707355,3430130
2018-04-11,70.85135650634766,71.42350595516538,68.37203010267926,69.99312869548359,3321999
2018-04-12,70.04081726074219,71.614234008948,69.32562849112831,70.85137035319237,3165849
2018-04-13,69.03955078125,70.61296737978886,68.51507615664515,69.89777867820534,1600750
2018-04-16,68.70579528808594,69.51634100195909,67.9429244542786,67.99060660961985,1244104
2018-04-17,68.99186706542969,70.66064066475033,68.75347083695532,69.3733024860438,1570128
2018-04-18,68.08597564697266,69.51635325604656,67.89525426726343,69.32563187633733,955600
2018-04-19,76.0960693359375,78.24163511862061,69.23025446618678,69.5163328139877,27396298
2018-04-20,73.4737319946289,75.14250585443301,72.47246476863577,74.8564274254988,5374298
2018-04-23,73.09229278564453,74.85642360667003,72.6631751641348,73.71212449986331,3094016
2018-04-24,71.18511962890625,72.2340616432581,70.66064498409234,72.1863794845383,2423737
2018-04-25,71.8049545288086,73.66444239766834,70.56529109938457,70.56529109938457,3401736
2018-04-26,70.99439239501953,72.80620514731767,70.80367832647251,71.85262025403185,1954278
2018-04-27,70.70832061767578,72.09101578963984,70.56528142999235,71.32815224745374,1394736
2018-04-30,69.9454574584961,71.23279573804611,69.61170416754254,71.04208165043725,1302745
2018-05-02,67.37077331542969,70.46992417949505,66.79862384173421,70.27920283807971,1284273
2018-05-03,67.13238525390625,68.61043763431185,66.84630684465296,67.2754244585329,1068621
2018-05-04,66.41718292236328,67.94291715069231,65.7973513459336,67.22772854910608,1036548
2018-05-07,66.84630584716797,67.60917674360904,66.4171955149674,66.75094880393185,1080649
2018-05-08,68.89651489257812,70.89904189806843,66.56023459871876,67.32309821852286,2968461
2018-05-09,68.37203979492188,70.18385270241168,68.18132571003916,69.03955364256338,1184816
2018-05-10,67.75221252441406,69.61170023707497,67.32309493860915,68.56275826390021,1452132
2018-05-11,70.56527709960938,73.23531752159643,67.84756180150372,68.0859580079213,6339367
2018-05-14,69.03955078125,71.61422719684036,68.27667992278397,71.13743472911801,1320081
2018-05-15,67.56148529052734,70.89903227160764,67.13237501735561,69.03954472083007,1673302
2018-05-16,66.98934173583984,67.94292667158133,65.94039976157934,67.41845204681323,1405146
2018-05-17,68.18131256103516,68.94418330399573,67.27540991963474,67.27540991963474,1080392
2018-05-18,66.03575897216797,68.84883171502359,65.79736273039119,68.32436434828024,996906
2018-05-21,64.79608917236328,67.22773350720195,64.27162185768499,66.65558403879145,993920
2018-05-22,65.51128387451172,66.41719395212836,64.60538107217097,64.60538107217097,984018
2018-05-23,66.75094604492188,70.32688958304269,65.41592566896828,65.55896486554826,2910170
2018-05-24,67.03702545166016,68.37203857252297,66.56023297270177,67.22773953313317,1154617
2018-05-25,67.84757232666016,68.51507889806942,67.32309768107004,67.4184547233748,1291727
2018-05-28,68.03828430175781,68.8965122064434,67.51381694770467,68.32436269507826,984121
2018-05-29,71.47119140625,73.42604352714812,68.75347566581985,69.13491111322388,5882151
2018-05-30,72.23406219482422,72.94925092942644,70.85136688470367,71.18512017246283,2336352
2018-05-31,67.1800537109375,69.37330190463051,66.89398260433111,68.65811322520133,2722228
2018-06-01,65.5589599609375,68.46739673113281,64.93912833897905,66.79862320485441,1679272
2018-06-04,63.41339874267578,66.5602319663324,63.07964546750632,66.22647141588719,1262690
2018-06-05,61.601585388183594,64.41466531352788,61.26783211575989,63.89019068880798,1294209
2018-06-06,64.17626190185547,64.51001513695073,61.26782526329345,62.650520355234484,2312598
2018-06-07,66.60790252685547,67.22773415497053,65.12985032549292,65.70199979941634,2336659
2018-06-08,67.27542114257812,68.37203801501997,66.36951107477842,66.7509465098901,1953108
2018-06-11,67.1800537109375,68.37203484331947,66.89398260433111,67.46613209281936,1012468
2018-06-12,69.9931411743164,70.9467261841156,66.56023659409455,67.08470398431834,5665388
2018-06-13,68.03828430175781,69.80241499316523,67.70453102640113,69.61170091446876,1975055
2018-06-14,69.6116943359375,70.27920082356934,67.99060299438871,68.4197132685413,4322615
2018-06-15,68.27668762207031,70.04081849652175,67.75222021359909,69.61170813729288,1670196
2018-06-18,67.51380920410156,69.70704995865667,66.41718518918654,67.51380920410156,2955574
2018-06-19,66.32181549072266,67.89522434711076,65.94038017467233,66.98932183735558,1339348
2018-06-20,66.32181549072266,67.13236099028364,65.94038017467233,66.32181549072266,1118095
2018-06-21,64.98681640625,66.56023304354247,64.70073800846015,66.36951168659061,1040429
2018-06-22,64.36698150634766,65.32056641755281,63.93787120641554,64.79609180627978,970126
2018-06-25,63.3657112121582,65.60664145957666,63.127314996498804,64.17626416562027,1283594
2018-06-26,62.22141647338867,64.12858632697913,62.03070239813987,63.0796443625595,898178
2018-06-27,59.169944763183594,62.698209766547286,58.88387000888662,62.36445649280712,1531078
2018-06-28,57.834930419921875,59.98049662224586,57.4534949733424,58.83619392014547,1307020
2018-06-29,59.503700256347656,59.742096485519504,58.40707614710206,58.931547123752566,1041245
2018-07-02,58.025638580322266,60.07584753046461,57.5965282937862,59.83745131010562,1157436
2018-07-03,58.073326110839844,59.02691108055716,57.26277670399734,58.073326110839844,1147051
2018-07-04,58.025638580322266,59.02690561594012,57.453489106515754,57.88260303068946,1290923
2018-07-05,57.59653091430664,58.26403745157183,57.50117023924175,57.787244989160804,677447
2018-07-06,57.73957061767578,58.55012004457609,57.21509959888032,57.35813880293275,1398841
2018-07-09,58.40707778930664,58.88387026105608,57.9302853175572,58.16868155343192,873674
2018-07-10,59.503700256347656,60.26656746217,58.55011533966027,58.83619008713894,1537253
2018-07-11,58.2640380859375,59.6944154887442,57.977963332903734,59.50370141181358,968497
2018-07-12,57.88261413574219,60.075859056301724,57.50117865493255,58.55012440833987,1438591
2018-07-13,56.6429443359375,58.264035750701076,55.78471647359632,58.168678716057705,927554
2018-07-16,54.16362380981445,56.833660911592474,53.25771739020105,56.642946833895216,1070964
2018-07-17,54.35434341430664,54.73577885823416,52.44717346994501,54.3066648932252,845078
2018-07-18,52.3518180847168,55.11721240898309,52.018061151307315,54.78345911321171,1014142
2018-07-19,51.97037887573242,53.25771708090185,51.350547213902495,53.25771708090185,712400
2018-07-20,51.255191802978516,51.970380525810775,50.635360121468715,51.39823100260015,710186
2018-07-23,53.305397033691406,53.829867997903584,51.25518805638109,51.49358427989914,1067724
2018-07-24,55.30792236328125,55.975432498641474,53.40075262661638,53.40075262661638,1460455
2018-07-25,55.40328598022461,56.404553121093095,54.783457924719094,55.78472142794956,1065982
2018-07-26,55.35560607910156,56.07079479753346,54.64041736066966,55.59400231857886,732551
2018-07-27,57.16741943359375,58.073325878732064,55.307928022549405,55.54632426402591,1270928
2018-07-30,57.59653091430664,58.550115839128686,56.88134222069011,57.88260566422569,1215414
2018-07-31,57.310455322265625,58.550118695113404,56.92902351631383,57.691890765855405,1161837
2018-08-01,61.98301696777344,64.557693224017,58.073320429476624,58.073320429476624,7258634
2018-08-02,61.64926528930664,64.36698080142274,60.93407661373528,62.41212884475084,3712707
2018-08-03,60.69568634033203,63.41340211894591,60.171211683373144,61.98302462754111,2055912
2018-08-06,60.74335861206055,61.45854364653273,59.837452233193815,61.07711550829444,990127
2018-08-07,60.26656723022461,61.744623117873964,59.59905706358491,61.02943443311094,1290129
2018-08-08,59.8851318359375,61.02943445958222,59.551378571291764,60.17120658243924,914914
2018-08-09,60.934078216552734,61.41087067947525,60.26656804093365,60.36192507846303,1245576
2018-08-10,61.64926528930664,63.41339590066092,61.172472838925735,62.88892129513175,2525552
2018-08-13,59.93281555175781,60.743364981051734,59.21762680465981,60.743364981051734,955899
2018-08-14,58.69314956665039,60.31424461586928,58.16867860186602,59.74209513385682,998811
2018-08-16,57.78725051879883,58.21636450355805,57.21510096421197,58.21636450355805,813331
2018-08-17,58.073326110839844,58.64547563761504,57.691890667897724,58.073326110839844,680887
2018-08-20,59.169944763183594,59.45601951748057,57.97796358891463,58.454756058622216,1119642
2018-08-21,58.69314956665039,59.59905594453486,58.35939630841607,59.503698910078676,674233
2018-08-23,57.73957061767578,58.883873337181,57.31045664315656,58.74083413312857,602880
2018-08-24,56.97670364379883,57.78724943723278,56.49991114468754,57.73957091484927,842036
2018-08-27,58.121002197265625,58.836190894596285,57.310452824374856,57.453492018896114,1068565
2018-08-28,57.73957061767578,58.83619481504288,57.31045664315656,58.12100607005687,886799
2018-08-29,58.121002197265625,59.31298335948339,57.882605964822076,58.264037754149065,1290272
2018-08-30,60.504966735839844,63.79483559147898,59.88513505374915,59.88513505374915,4026232
2018-08-31,60.07585525512695,61.12479730452631,59.45602354743945,61.02944025917659,1284906
2018-09-03,59.789772033691406,60.74335690300821,59.599054332300526,60.26656446834981,962021
2018-09-04,57.977970123291016,59.83746169225118,57.5965382871186,59.83746169225118,694486
2018-09-05,56.738304138183594,57.596532042387736,55.97543691091206,57.35813580651302,839724
2018-09-06,56.49990463256836,57.64420722607196,56.0707907052998,57.50116803776989,752865
2018-09-07,57.02437973022461,58.07332536604361,55.78472001301846,56.73830497050595,1147740
2018-09-10,55.92775344848633,57.21509155338241,55.737035749114206,56.73829912377089,693502
2018-09-11,56.02311325073242,57.882604545731084,55.68935998854911,56.97669815712786,1157976
2018-09-12,55.164886474609375,56.02311436245098,54.40201926188229,55.92775732497427,597905
2018-09-14,56.1661491394043,56.59525941194211,55.593996046624675,55.6416745616136,750692
2018-09-17,57.834930419921875,58.359401430740135,55.355607292431344,55.355607292431344,1488599
2018-09-18,58.45732116699219,61.18628924571709,58.02643108585728,58.02643108585728,1730396
2018-09-19,58.21794509887695,59.702118974186604,57.739179096990306,58.792466492757754,924618
2018-09-21,56.255001068115234,59.70211456610494,53.286653536662676,58.50519964976206,1625779
2018-09-24,54.1484260559082,56.87739405373822,53.71753598754618,56.590131573034085,831426
2018-09-25,53.47815704345703,54.14843012767854,52.712132226930066,53.81329541191501,790040
2018-09-26,53.14302444458008,54.2920635414883,52.712134326652674,53.86117342356089,1059682
2018-09-27,52.28124237060547,53.9569232626466,51.898231786898464,53.38240556073885,660874
2018-09-28,48.834129333496094,52.80788837759368,47.972349119474245,52.664257124358535,1035625
2018-10-01,47.73296356201172,49.07350967769978,45.00399911906126,49.02563381343113,1005806
2018-10-03,49.16926574707031,50.653443239286965,46.63180818987321,47.82872316572882,1014685
2018-10-04,48.49899673461914,50.55768832065513,48.259613737217656,48.59474847250187,873943
2018-10-05,45.19550704956055,48.69049634235979,44.52523397954466,48.69049634235979,1082602
2018-10-08,44.04646301269531,45.43488485993863,43.32831415922745,45.24337776847508,809013
2018-10-09,43.37619400024414,44.477357137710385,43.136811027116195,44.33372589275591,666643
2018-10-10,45.482765197753906,46.20091412192897,43.615577264359885,43.615577264359885,935524
2018-10-11,49.64802551269531,50.74918861349987,43.51982379626655,44.381600279218915,3819144
2018-10-12,49.31289291381836,51.37158796256035,48.92987869224495,49.743782999914856,1910949
2018-10-15,49.88740539550781,50.557678387075576,48.54686306506622,49.5522707260709,991559
2018-10-16,50.17467498779297,50.74919268923482,49.169263531228026,49.983167869747525,720273
2018-10-17,48.259613037109375,50.9407018385722,47.876598785745564,50.701318844643474,669861
2018-10-19,45.91365432739258,48.21172864531616,45.243381281571196,47.302076282445256,930418
2018-10-22,45.770023345947266,46.77543109407599,45.003998568929866,46.20091342448651,520352
2018-10-23,46.39242172241211,47.11057065417485,44.23797492712388,44.23797492712388,844058
2018-10-24,45.86578369140625,47.06269867654008,45.53064530395198,46.67968442021939,490501
2018-10-25,45.33913040161133,45.81789631357214,44.716736907678694,45.33913040161133,476585
2018-10-26,45.19550704956055,46.344546076345736,44.66886522765319,45.38701416280714,590294
2018-10-29,46.2009162902832,46.58393052889702,45.004001360483116,45.38701559909694,553052
2018-10-30,46.82331085205078,47.49358025246553,46.34454490735781,46.44029663521869,684531
2018-10-31,47.206321716308594,47.972346502148596,45.865779254262165,46.91906287820538,687763
2018-11-01,48.40324020385742,48.834130319569006,47.302080633366245,47.589339492942436,1135094
2018-11-02,49.12138366699219,49.79165669925172,48.642617737191685,48.642617737191685,1151429
2018-11-05,49.74378204345703,50.22254798487106,48.45111181002258,49.02563313133598,925598
2018-11-06,49.64802551269531,50.22254682069106,49.4086425475373,49.98316385553304,495537
2018-11-07,50.07891845703125,50.41405681911919,49.36076952030702,49.98316672654577,313349
2018-11-09,50.55768585205078,51.180083075982424,50.12679574722845,50.70131710455639,657405
2018-11-12,49.50440216064453,51.03645180765511,49.21714330841685,50.70131708883857,689337
2018-11-13,49.98316955566406,50.50981140853164,49.45652770279649,49.79166243115915,551915
2018-11-14,49.12138366699219,50.46192973151125,48.83412483965072,50.366174353934646,480760
2018-11-15,48.45111083984375,49.025632149653,48.068100285998426,49.025632149653,404552
2018-11-16,48.64262008666992,49.169261904348865,48.21172999849829,48.451112974960935,489938
2018-11-19,48.73837661743164,49.217142581639436,48.30748651910574,48.78625248331353,755204
2018-11-20,49.16926574707031,50.27042898593532,48.35536502456635,48.45111676155695,1289475
2018-11-21,48.54686737060547,49.312892149180094,48.355360262788246,49.02563331380139,503386
2018-11-22,47.73296356201172,49.07350967769978,47.49358058797416,48.69049545816196,577280
2018-11-26,47.110572814941406,48.11598063498426,46.6318068384739,48.11598063498426,528214
2018-11-27,46.82331085205078,47.25419728011904,46.53604836307957,46.91906257991167,597929
2018-11-28,46.296669006347656,47.01481797947214,46.057286015306154,46.48817612971976,500059
2018-11-29,45.81789779663086,46.63180206492555,45.48276310848808,46.48817082561057,594629
2018-11-30,46.05728530883789,46.39242368277207,45.626398853728176,45.81790232146827,448280
2018-12-03,46.966941833496094,47.68509080236513,46.536051721635765,47.39783194535642,418316
2018-12-04,46.77543258666992,47.63721277124763,46.536049607919935,46.67968085624768,473792
2018-12-05,46.05728530883789,47.062696777945916,45.626398853728176,46.24879242927249,480529
2018-12-06,45.291263580322266,45.77002958783665,45.00400470635258,45.626401977199194,364615
2018-12-07,44.716739654541016,45.67427153728196,44.525232547453975,45.195505595911484,388840
2018-12-10,43.56769943237305,44.38160004860346,43.37619233070291,43.56769943237305,366477
2018-12-11,44.38159942626953,44.71673776266639,42.8974258013523,43.088932900337056,409625
2018-12-12,45.62639236450195,46.15303413127445,44.57310517826296,44.57310517826296,569698
2018-12-13,46.2009162902832,47.014816981469465,45.67427445171006,45.96153330432318,849948
2018-12-14,46.05728530883789,46.44029954970709,45.770026454533244,45.961533574967845,300417
2018-12-17,48.929874420166016,50.65343461406757,46.24878606132161,46.24878606132161,2537763
2018-12-18,48.259613037109375,49.312896749317936,47.158449803959385,48.64262363577858,781375
2018-12-19,48.21173095703125,49.26501826602466,47.92447211010374,48.307486341136695,546788
2018-12-20,48.69049835205078,49.79166155914822,47.58933879764787,47.87659765302713,942141
2018-12-21,48.54686737060547,49.552275120778056,47.685087211775105,48.78625034220343,879600
2018-12-24,48.02022171020508,49.16925695951456,47.73295924518373,48.738370567370495,392420
2018-12-26,47.58934020996094,47.73296781556575,47.014818829457774,47.68509194703081,538850
2018-12-27,48.35536193847656,49.79165981783726,48.11597895858311,48.83412789826346,759242
2018-12-28,48.59474563598633,49.21714285397822,48.45111438485145,48.64262150213314,586213
2018-12-31,50.2225456237793,50.74918740403709,49.025630826514266,49.169258410569626,2986914
2019-01-01,49.88740539550781,50.46192666800616,49.50439486653619,50.27041957717338,978575
2019-01-02,48.64262008666992,49.50440026301317,48.40323711020728,49.4086448808115,486138
2019-01-03,48.16385269165039,48.69049449356093,47.68508675306004,48.355359797625376,523088
2019-01-04,47.972347259521484,48.49899273250192,47.397829574244746,47.972347259521484,517797
2019-01-07,48.259613037109375,49.02563788714238,48.020230043180646,48.6904995040254,574353
2019-01-08,47.82871627807617,48.54686516017133,47.54145745577693,48.259606337872086,277462
2019-01-09,47.49357986450195,48.307484155447995,47.20632103057157,48.06810118505697,406039
2019-01-10,47.110572814941406,47.541462924301065,46.966941560923345,47.541462924301065,375422
2019-01-11,47.34994888305664,48.0680977428016,47.15844178991919,47.58933183630496,449836
2019-01-14,47.25419998168945,47.63721422041886,46.440299290257585,47.15844824835435,479828
2019-01-15,47.44570541381836,48.0681026164467,47.25419830126392,47.6372125263728,345564
2019-01-16,47.972347259521484,48.64262032747392,47.49358130422608,47.637212551892446,562962
2019-01-17,47.73296356201172,48.40323661985575,47.397828859436856,48.16385364581819,257293
2019-01-18,47.06269454956055,47.92447107166998,46.82331157352554,47.7329639603031,320340
2019-01-21,46.583927154541016,47.49357951314186,46.44029591229129,47.39782778677152,461393
2019-01-22,45.86578369140625,46.3924255543262,45.38701769735272,46.34454968545978,374530
2019-01-23,45.91365432739258,46.63180323662387,45.67427135764882,46.15303729713634,474316
2019-01-24,45.19550704956055,45.86578011957644,45.00399993631395,45.57851762335936,283628
2019-01-25,44.28585433959961,45.674276449434096,43.9507196056751,45.243386325320685,441874
2019-01-28,43.56769943237305,44.237972461871465,43.08893350454478,44.14221708468932,305820
2019-01-29,43.471946716308594,44.33372317512625,43.088932521704706,43.471946716308594,351783
2019-01-30,43.998592376708984,44.285851221661964,43.376195168732195,43.75920939713243,366756
2019-01-31,44.38159942626953,44.66886190109373,43.902833505154675,44.525230663681626,348903
2019-02-01,43.998592376708984,44.90824842963875,43.663454013685175,44.52523420123852,306758
2019-02-04,43.08893585205078,44.52523371378581,42.897428739947244,44.094343624726434,415215
2019-02-05,42.41865921020508,43.424066898126334,42.2271521142453,43.1368080805337,308166
2019-02-06,42.4665412902832,43.04106266230168,41.700516446953145,42.32291368679952,468415
2019-02-07,42.4665412902832,43.04106266230168,42.13140656279336,42.84955553829552,295263
2019-02-08,42.08353042602539,42.65804814167776,41.74839204798271,41.89202330324308,263511
2019-02-11,41.65263748168945,42.61016937782025,41.17387153362406,42.13140342975485,319106
2019-02-12,43.663455963134766,44.429484454136244,42.37078927678524,43.08893824757821,1781702
2019-02-14,43.232566833496094,43.950715759948224,41.509006487855515,42.227155414307646,565145
2019-02-15,41.748390197753906,43.04106047972428,41.413255487258475,43.04106047972428,442892
2019-02-18,41.317501068115234,41.987770445494704,41.17386982856583,41.74838748137513,264084
2019-02-19,42.41865921020508,43.3761910373099,41.50900324391668,41.556882757427154,506910
2019-02-20,42.65804672241211,43.280443937573345,42.41866374007232,42.61017085648304,391153
2019-02-21,42.897430419921875,43.519827645459486,42.370788580533244,42.8016786864674,365881
2019-02-22,43.136810302734375,43.6155762409505,42.65804436451825,42.89742733362631,451010
2019-02-25,44.47735595703125,44.764614786620456,43.13680988202269,43.13680988202269,587009
2019-02-26,43.471946716308594,44.19009559167034,43.088932521704706,44.19009559167034,509709
2019-02-27,43.28044509887695,44.956126020217475,42.65804786701552,43.90283867804386,732436
2019-02-28,43.75920867919922,44.046467519439304,43.28044272790097,43.61557743273201,318977
2019-03-01,45.19550704956055,45.67427300632985,44.28585100116001,44.52523397954466,1337681
2019-03-05,47.87659454345703,48.54686759760428,45.243381843566894,45.29125770757149,2223281
2019-03-06,49.025634765625,50.50980850294518,48.4989929430526,49.600152453395914,2132625
2019-03-07,47.924468994140625,49.45652216596667,47.685086028482885,49.408642650679774,707554
2019-03-08,47.206321716308594,48.451112449885386,46.9669387424402,47.39782882594217,622626
2019-03-11,48.16385269165039,48.355359797625376,47.062693224509125,47.062693224509125,712258
2019-03-12,48.1159782409668,49.02563428153389,47.92447112936935,48.21172997041835,776571
2019-03-13,47.06269454956055,48.21172991237312,46.82331157352554,48.21172991237312,601863
2019-03-14,46.7275505065918,47.685082294237915,46.58392293006121,47.06268882388427,401428
2019-03-15,46.39242172241211,47.20632238399881,46.15303874515786,46.72755642949031,426374
2019-03-18,47.110572814941406,47.541462924301065,46.48817558445584,46.53605145156369,651392
2019-03-19,48.45111083984375,49.40864270349832,46.67967835316046,47.3499513882575,1992620
2019-03-20,47.30207824707031,48.64262074169638,47.110571132782475,48.355361896611825,626541
2019-03-22,46.48817825317383,48.068107527292426,46.05728811907833,47.25420312895765,636005
2019-03-25,45.67427062988281,46.53604711561242,45.29125642331798,45.96152945845935,444370
2019-03-26,46.05728530883789,47.30207976531554,45.53064346716362,46.153040695402446,667090
2019-03-27,46.153038024902344,46.583928107774476,45.770023806195056,46.44029686258567,658119
2019-03-28,46.4402961730957,47.01481383993259,46.153037339677255,46.583927416152044,427776
2019-04-01,47.82871627807617,49.31288990386734,47.589333317377786,47.589333317377786,1374422
2019-04-02,47.49357986450195,48.211728775675034,47.20632103057157,47.97234580528401,534276
2019-04-03,47.44570541381836,48.25960972900114,46.87118772884939,47.82871963892724,808590
2019-04-04,46.631805419921875,48.11597917128327,46.44029830462167,47.78084445902872,615880
2019-04-05,47.924468994140625,48.163851959798365,47.206320097167406,47.49357892541786,1549401
2019-04-08,47.87659454345703,49.07350940704345,47.20632148930977,47.87659454345703,1272186
2019-04-09,47.78084182739258,48.355359488955955,47.39782761788752,47.876593553421735,513054
2019-04-10,47.49357986450195,48.594742989378375,47.20632103057157,47.349952273883886,806530
2019-04-11,47.25419998168945,47.78084547311601,47.06269651501924,47.493582967721714,392529
2019-04-12,47.25419998168945,47.876597206451116,47.110572381686794,47.493582967721714,418329
2019-04-15,48.16385269165039,48.78624987289554,47.25419667778988,47.493579647085056,935588
2019-04-16,47.972347259521484,48.834127440130956,47.87659552954015,48.355361484835555,667394
2019-04-18,46.91905975341797,48.54686459785087,46.67967679549237,48.49898873680456,631179
2019-04-22,46.153038024902344,46.77543156443382,45.9615309155487,46.77543156443382,348328
2019-04-23,46.48817825317383,47.25420312895765,46.20091938134174,46.48817825317383,576467
2019-04-24,46.82331085205078,47.110569688327715,46.53604836307957,46.72755547149562,398748
2019-04-25,45.91365432739258,47.06269331270149,45.53064011472486,46.67967910003377,431032
2019-04-26,45.722145080566406,46.057279761440576,45.48276212202941,45.91365217793482,321256
2019-04-30,44.09434509277344,45.72215012080703,43.90283797429399,45.72215012080703,505957
2019-05-02,44.3337287902832,45.33913661259231,43.28044510075833,43.807086945520766,494202
2019-05-03,43.950714111328125,44.62098349538574,43.902834595871845,44.42948004433739,223449
2019-05-06,43.04105758666992,44.04646530327097,42.179277456615225,43.136809311034156,408500
2019-05-07,41.98777770996094,43.376199872609504,41.7483947044248,43.328324002041235,457064
2019-05-08,41.46113204956055,42.32291225202607,41.317504450945925,41.796270418383564,474404
2019-05-09,41.365379333496094,42.275035380535186,41.22174808560253,41.4611310636289,442093
2019-05-10,41.078121185302734,41.84414599740674,40.98236580085572,41.509007630883815,504873
2019-05-13,40.26421356201172,41.365376650590754,40.12058597612801,41.078117826129215,329781
2019-05-14,39.54606628417969,40.216339337001905,39.35455917584558,40.216339337001905,460187
2019-05-15,38.87579345703125,40.5035984082791,38.732165864467625,39.88120486844813,466148
2019-05-16,38.7800407409668,39.35455840197751,38.397026531830186,39.16305495010341,429644
2019-05-17,38.397029876708984,39.16305836171322,38.06189515404053,38.92367537332303,560173
2019-05-20,39.35456085205078,41.317504230213956,39.115177869610825,40.12058931801418,1345155
2019-05-21,38.827919006347656,40.4078481509239,38.73216727448613,39.7375750698099,639298
2019-05-22,38.827919006347656,39.354560836974926,38.49278429213788,38.971550256834384,675993
2019-05-23,38.397029876708984,40.024834928301196,37.82251216565033,39.97695906116206,992452
2019-05-24,40.26421356201172,40.50359652451202,38.684288201126215,38.971547025587746,1139462
2019-05-27,41.509002685546875,42.80167282636611,40.31208791776647,40.55147087132255,1366499
2019-05-28,43.32832336425781,44.237979502444155,41.70051822003404,41.844149482319416,2887965
2019-05-29,43.75920867919922,45.38701364415215,43.28044272790097,44.42948174155564,2437336
2019-05-30,43.51982498168945,44.237973896724945,43.13681076592615,43.807083817164795,701043
2019-05-31,42.2750358581543,43.80708547375428,42.0356528774234,43.663454224237974,821815
2019-06-03,41.7962760925293,42.227162599563556,41.413261805504455,42.17928672685919,505080
2019-06-04,42.370784759521484,43.232564893674166,41.55688414047275,41.796267105215804,969869
2019-06-06,41.509002685546875,42.51441401263761,41.07811629130112,42.370782779426364,370029
2019-06-07,40.8387336730957,41.70051012135775,40.59935071757391,41.60475840022664,331405
2019-06-10,39.929080963134766,41.17387170267683,39.498190877567886,40.93448872766127,550010
2019-06-11,40.216339111328125,40.55147380951149,39.59394192590844,40.12058738404553,563242
2019-06-12,40.07270812988281,40.98236415579592,39.833325157415906,40.21633937444067,515096
2019-06-13,39.25880813598633,40.16846417699317,38.5406592066695,40.16846417699317,560766
2019-06-14,38.636409759521484,39.25880694038578,38.492782169648805,39.16305521380399,457176
2019-06-17,38.301273345947266,38.87579098505885,38.061890387535094,38.827915123915226,395103
2019-06-18,38.15764236450195,38.63640828452177,37.9661389186493,38.06189064157563,407060
2019-06-19,36.8649787902832,38.732166758252006,36.48196456255316,38.39702839581462,768375
2019-06-20,37.34374237060547,37.72675657394575,36.14682755103478,36.62559347886306,611334
2019-06-21,37.43949890136719,38.15764788530156,37.152240038332366,37.295871296197085,456757
2019-06-24,37.34374237060547,38.061891262347885,37.00860768220334,37.53524947227561,353523
2019-06-25,37.53525161743164,37.82251046000675,36.57771970705172,37.34374450481678,780189
2019-06-26,38.5406608581543,39.06730269834794,37.391621791471664,37.53525304456743,1118694
2019-06-27,38.4927864074707,39.25881126254236,38.34915514909087,38.92367652991558,667806
2019-06-28,38.25340270996094,38.923675815608625,37.53525373663011,38.78004455986463,728849
2019-07-01,38.588539123535156,39.163060518934735,38.3970319917353,38.444911514206304,427863
2019-07-02,38.4927864074707,38.78004527153575,37.91826502664599,38.588538144594175,334963
2019-07-03,38.7800407409668,38.971547845535106,38.20552307995608,38.49278191046144,494080
2019-07-04,38.4927864074707,39.25881126254236,38.34915514909087,38.97155239847732,377288
2019-07-05,37.774635314941406,38.82791897535521,37.678879930461875,38.540660127305486,399725
2019-07-08,37.008609771728516,37.72675870401799,36.72134727665724,37.343744479052525,319097
2019-07-09,36.721343994140625,37.00860646353354,36.38620931677426,36.721343994140625,407068
2019-07-10,36.1947021484375,36.769223433370996,36.0989504272956,36.769223433370996,264288
2019-07-11,36.52983856201172,36.817097363066146,36.242576108263464,36.48195905125779,332284
2019-07-12,36.38621520996094,36.769229462722585,36.19470808358012,36.769229462722585,309885
2019-07-15,36.09895324707031,36.76922630550233,35.95532200144405,36.57771919556542,284072
2019-07-16,35.955318450927734,36.38620849256266,35.90744259134473,36.290456773396656,268557
2019-07-17,35.955318450927734,36.48196021172866,35.90744259134473,36.1947014015367,469838
2019-07-18,35.189300537109375,35.90744952766263,35.045669277920865,35.859573658831344,350632
2019-07-19,34.566898345947266,35.33292674859066,34.47114662196391,35.33292674859066,418550
2019-07-22,33.80087661743164,34.56690143585526,33.561493633380856,34.471149703312726,411936
2019-07-23,34.160457611083984,34.40341960346066,34.014678932735656,34.160457611083984,246513
2019-07-24,33.1400146484375,34.209049651251966,32.84846099578113,34.06327097127086,388457
2019-07-25,32.55691146850586,33.48016790832773,32.3625411063371,33.285797546158975,338134
2019-07-26,32.60550308227539,33.09142713329978,32.16817069489218,32.556911418634215,415904
2019-07-29,32.16816711425781,32.7026864767324,32.07098379779291,32.65409111119407,315788
2019-07-30,30.661806106567383,32.459727274496366,30.27306724626119,32.31394857993508,534687
2019-07-31,31.585060119628906,31.973800804023632,29.981511284286032,30.661803774670876,446076
2019-08-01,31.196321487426758,32.654093588844944,30.71039930727378,31.196321487426758,507507
2019-08-02,30.95336151123047,31.196321675948646,30.12729027803753,31.050546689309595,424586
2019-08-05,29.64136505126953,30.75898992017696,29.495588216829958,30.75898992017696,464452
2019-08-06,30.370250701904297,30.56462104785768,29.25262584680482,29.25262584680482,415861
2019-08-07,30.17588233947754,30.953361920743514,29.738551812815224,30.807585078522745,371434
2019-08-08,31.73084259033203,32.02239628477345,29.88432968002578,30.175883374467197,591876
2019-08-09,31.925209045410156,32.41113310215799,31.58506368860921,32.070987745357044,318544
2019-08-13,30.758989334106445,31.48787719972239,30.564620843108113,31.39069017374375,360464
2019-08-14,30.516027450561523,31.099136633163944,30.175880272905694,31.050544973635823,312512
2019-08-16,31.63365364074707,32.313948024836435,29.349812180560786,30.321660241458122,1233067
2019-08-19,31.39069366455078,32.11957975756964,31.196323298284476,31.633655695557067,256202
2019-08-20,30.2730655670166,31.682244089166165,29.835735068550736,31.53646910999721,346797
2019-08-21,29.64136505126953,30.66180474599957,29.20403269429779,30.66180474599957,519432
2019-08-22,27.989225387573242,29.349814251768315,27.406117992807584,29.2040355494237,548980
2019-08-23,28.669517517089844,28.863887868836418,27.065968602966276,28.183593491376456,731882
2019-08-26,29.446998596191406,29.738554157271015,28.329373579519398,29.15544488876506,438131
2019-08-27,31.29351043701172,32.022396532404976,29.25262899917996,29.25262899917996,735904
2019-08-28,30.03010368347168,31.58506089843282,29.835735190134667,31.4392822113638,464826
2019-08-29,31.099140167236328,31.92520959500598,29.88433000445366,30.3216624045167,1563571
2019-08-30,30.710399627685547,31.58506252693149,30.370252429741818,31.244917182640865,597218
2019-09-03,29.932920455932617,31.34210092908936,29.738551949959596,30.07869915247879,431799
2019-09-04,30.564620971679688,30.80758297668937,29.641364611181682,30.078696961660313,298368
2019-09-05,32.799869537353516,33.86890083935233,30.710396737556394,30.807581906916177,1770170
2019-09-06,32.94565200805664,33.382980686350564,32.2653575979348,32.55691128589951,771025
2019-09-09,33.48017120361328,33.72313325341119,32.60550634141814,32.84846839121605,531847
2019-09-11,34.06328201293945,34.59779783395795,33.431582845301975,33.52876619192096,724113
2019-09-12,34.30623245239258,35.37526743919075,33.8203084694768,34.25764079556215,1043606
2019-09-13,39.16547775268555,40.47747491421816,34.06327521932895,34.54919927012482,5761264
2019-09-16,37.22178268432617,39.26266598427539,36.97882065152077,38.33940951815358,1870961
2019-09-17,36.00697708129883,38.679559780693985,35.47246128288117,36.93023366436944,2803129
2019-09-18,35.812599182128906,36.638672249532746,35.47245384733716,36.49289355901851,661378
2019-09-19,34.35482406616211,36.73585232092614,34.063270418239235,35.81259601308224,908948
2019-09-20,35.715415954589844,37.41615004766555,34.014681861514134,34.014681861514134,1423971
2019-09-23,37.318965911865234,38.19362691628496,36.152747531999566,36.395709540000496,1150333
2019-09-24,36.687259674072266,37.756290923374614,36.49288934493393,37.41614562786178,627010
2019-09-25,35.66682815551758,36.93023002000377,35.37527444945253,36.49289760725295,557783
2019-09-26,36.298519134521484,37.36755409462613,35.37526655587951,35.909782182278995,1164977
2019-09-27,35.569644927978516,36.78445525621968,35.37527824130546,36.298531124923215,600991
2019-09-30,34.20905303955078,35.76400847926873,33.820312325968196,35.56963812247744,631942
2019-10-01,32.84846496582031,35.27808521044173,32.119578892433886,34.01468342469985,2103524
2019-10-03,31.82802963256836,33.33439365234306,31.487884233921644,32.75128619543246,865095
2019-10-04,31.779434204101562,33.82031376923849,31.3906934739296,32.45972862824932,2033901
2019-10-07,30.758989334106445,32.26535487102169,30.613212502444448,31.82802252238272,830670
2019-10-09,28.13500213623047,31.39069166099288,27.794854943801436,30.75899079142643,3166415
2019-10-10,28.8638858795166,29.64136352561248,28.183591548943014,28.183591548943014,1231693
2019-10-11,29.058258056640625,29.93292098305495,28.863889547244753,29.93292098305495,962329
2019-10-14,29.544179916381836,29.932918759955342,29.25262624711496,29.446994742075205,619900
2019-10-15,30.856176376342773,31.1963217196162,28.815295048436727,29.544181104570807,1364837
2019-10-16,31.779434204101562,32.50832029269423,30.613215720892025,31.050548115508896,1851029
2019-10-17,31.39069366455078,31.973804763349694,30.80758627305825,31.973804763349694,555392
2019-10-18,37.46474075317383,37.65911110031407,31.536469262885504,31.536469262885504,10141035
2019-10-22,38.193626403808594,40.52606313224364,37.56192741586584,38.533775434829444,3658476
2019-10-23,37.75629425048828,38.7767376415604,37.17318691899507,38.7767376415604,1102234
2019-10-24,37.07600402832031,38.67955106212558,35.958377304841996,38.29081407240281,956488
2019-10-25,36.93022918701172,37.56193195865949,36.24993475000022,37.56193195865949,1247107
2019-10-27,37.999263763427734,38.33941286341849,37.27037760141334,37.27037760141334,379276
2019-10-29,38.97110366821289,39.26266103668459,37.318965019171614,37.659110339314005,1459545
2019-10-30,41.20635986328125,41.93524591953759,40.817619150355384,40.96339784452913,2985135
2019-10-31,40.23451614379883,42.32398750687583,40.08873743384403,41.54650970416563,1358655
2019-11-01,42.275390625,42.95568500870261,39.7485871510259,40.28310284275433,2590400
2019-11-04,42.226802825927734,43.441613012477404,41.78947041730856,42.46976486323767,1941898
2019-11-05,40.963401794433594,42.61554071541086,40.62325271099797,42.46976571448692,866408
2019-11-06,39.99155044555664,41.10917352632548,39.84577174891858,40.81761984035562,844678
2019-11-07,40.283103942871094,40.769027986313915,39.116885497147074,40.185916909798785,1081293
2019-11-08,39.068294525146484,40.23451299149387,38.873924162870864,39.942955594427296,630719
2019-11-11,39.5056266784668,40.08873405451911,39.01970262932111,39.40843964425389,698785
2019-11-13,38.0964469909668,39.845772863003226,37.6591145961311,39.65140249781999,646793
2019-11-14,37.56193161010742,38.38800103554469,36.9788205092343,38.24222233349981,493428
2019-11-15,36.298519134521484,37.513329061477435,36.10415251205308,37.46473740586033,592353
2019-11-18,36.638671875,37.07600423476605,36.10415619408863,36.39570986483064,637488
2019-11-19,38.0964469909668,39.06829510957663,35.86119705962545,36.63867481305204,1207900
2019-11-20,40.33169174194336,41.206356419269305,38.38799575437982,38.776736434814886,3260803
2019-11-21,37.85348129272461,40.380284673301176,37.4161489402732,40.33169301354125,1583708
2019-11-22,39.01970291137695,39.26266493770606,37.46474371848689,37.90207610734054,889988
2019-11-25,41.01198959350586,41.643688619212874,39.01970177698863,39.262663796254294,2097907
2019-11-26,39.60280990600586,41.692284795012114,39.1654775214108,41.254952410417054,1561869
2019-11-27,39.31125259399414,40.23450894138626,39.0196989335824,39.845768255966654,678815
2019-11-28,39.60280990600586,40.137325617263706,39.11688585807941,39.60280990600586,497594
2019-11-29,39.31125259399414,40.57465426064897,39.06829059243337,39.60280625440588,730766
2019-12-02,39.26266098022461,41.157761628729844,38.145034288839426,39.26266098022461,1563340
2019-12-03,38.29081344604492,39.651398448777364,38.096443100710005,39.262661465413515,592663
2019-12-04,38.14503860473633,38.630962663395394,37.51333584555701,38.04785527592706,520550
2019-12-05,37.9506721496582,39.06829908263948,37.65911842588688,38.242225873429526,580936
2019-12-06,37.902076721191406,39.89436462789532,37.41615266066331,38.77674151306452,1108213
2019-12-09,37.27037048339844,38.290813881176426,37.17318716327959,37.902073186089,628808
2019-12-10,36.39570999145508,37.80489039680124,36.249931301923866,37.416149696255374,464753
2019-12-11,35.229496002197266,36.833046958323344,34.9865339608028,36.59008491692888,642929
2019-12-12,36.34711837768555,36.68726371062319,35.715415665308676,35.715415665308676,549242
2019-12-13,36.83304214477539,38.09644385345689,36.63867179559991,36.9302254657101,1004662
2019-12-16,36.444305419921875,37.416153564453126,36.24993504955433,37.07600819678977,439420
2019-12-17,37.27037048339844,38.290813881176426,36.49289280052961,36.49289280052961,992337
2019-12-18,37.36756134033203,38.58237150284408,37.12459930782962,37.36756134033203,1006376
2019-12-19,37.07600402832031,37.464741018043085,36.492892982777086,37.367557697438905,723806
2019-12-20,36.590084075927734,37.27037481035093,36.24993500140968,37.07600814754799,622751
2019-12-23,37.804893493652344,38.77674161732149,36.444304637592985,36.638675003788094,1714541
2019-12-24,37.27037048339844,38.19362685375155,36.833041835557616,37.80488986597015,676394
2019-12-26,37.75629425048828,38.7767376415604,37.17318691899507,37.51333224448178,1230920
2019-12-27,37.902076721191406,38.3880007817195,37.707706355518894,38.09644708686392,667847
2019-12-30,37.85348129272461,38.48518028421575,37.561927626859,38.193626618350144,733344
2019-12-31,38.14503860473633,38.582370998990754,37.7077062104819,37.902076575406795,764701
2020-01-01,39.31125259399414,39.69998957210782,38.145034245041245,38.29081292890008,1800482
2020-01-02,47.1346321105957,47.1346321105957,39.60280945374794,39.6999927793009,18450531
2020-01-03,45.433895111083984,49.56424921209162,44.899379439473606,48.59240118832512,9379034
2020-01-06,43.344425201416016,44.94797610203272,42.95568817302553,44.94797610203272,3537345
2020-01-07,44.51063919067383,45.43389556391513,43.927531853524606,43.976123513736034,2175054
2020-01-08,44.75360107421875,45.87122779249473,42.955683700268025,43.733161383400606,3349792
2020-01-09,45.53107833862305,46.55152172736267,45.2881163331719,45.72544868444517,1683221
2020-01-10,45.04515838623047,46.551525921594134,44.70501303087461,45.87123150357608,1603171
2020-01-13,45.96841812133789,47.57196909947445,44.89938660745124,45.093756984696064,2428426
2020-01-14,45.919822692871094,46.45433840603585,45.67686066804109,46.35715507902636,1090705
2020-01-15,45.676856994628906,46.21137266480698,45.09374966485391,45.87122734032257,1074088
2020-01-16,46.162784576416016,47.86351874502082,45.774043854955266,46.259967903128064,2508464
2020-01-17,45.38530731201172,46.211376719559595,45.239528613123824,46.16278505569907,729797
2020-01-20,44.559234619140625,45.676861435048394,44.413459626178536,45.579678106407,651813
2020-01-21,43.78175735473633,44.41346011984598,43.68457402501472,44.12190642337475,622211
2020-01-22,43.344425201416016,44.36486870579378,43.247241871145,44.02471963523239,586745
2020-01-23,43.78175735473633,44.36486845498517,43.247241626654684,43.441611993404294,764710
2020-01-24,45.433895111083984,45.96841078269436,43.49019906355098,43.97612307543423,1329254
2020-01-27,43.684574127197266,45.190937985244126,43.53879542496747,45.09375465529519,783809
2020-01-28,42.66413116455078,44.073307880673106,42.08102010624964,43.6359792210799,710336
2020-01-29,43.00428009033203,43.83034952439889,42.66413472508249,43.733166193558,528734
2020-01-30,42.1782112121582,43.15005936260142,41.69228713693659,43.10146398923407,538431
2020-01-31,41.254947662353516,42.66412798061784,41.10916898183085,42.421165984617296,524534
2020-02-03,39.068294525146484,40.04014262921825,38.63096213685292,39.457031542391405,834534
2020-02-04,40.866207122802734,41.3035394585307,39.3112518261098,39.55421382292469,973389
2020-02-05,42.03242874145508,42.323982419009724,40.86621032393035,41.206359370499236,706380
2020-02-06,41.40073013305664,43.05287274651712,41.206363466901955,42.32398662651748,747080
2020-02-07,40.963401794433594,41.935249963152714,40.62325271099797,41.4979175457678,580878
2020-02-10,40.42887878417969,41.06058152127565,39.94295474250779,40.91480282585159,444902
2020-02-11,40.380287170410156,42.17820835115881,39.94295479091421,40.42887883317499,998194
2020-02-12,40.76902770996094,41.93524614777974,40.47747402733279,40.574657352440106,1065979
2020-02-13,40.18592071533203,40.76903184706672,39.74859200066425,40.76903184706672,426106
2020-02-14,36.93022918701172,37.999260654239485,36.68726715288664,37.80489399278457,1896231
2020-02-17,34.889347076416016,37.17318855017071,34.549198028697425,37.124596888298385,876239
2020-02-18,34.11186981201172,34.59779390453215,33.57735405170057,34.59779390453215,822581
2020-02-19,35.08371353149414,35.423862577347236,34.11186547015296,34.64638486973552,677061
2020-02-20,35.52104568481445,36.298523387703995,34.69497632061421,35.08371331840592,571600
2020-02-24,33.91749954223633,35.47245499039986,33.62594215181272,35.47245499039986,598255
2020-02-25,34.01468276977539,34.500606809343616,33.431575405216016,33.52875873020717,382908
2020-02-26,33.285797119140625,34.01468318744298,32.84846473669796,33.820312827767765,551075
2020-02-27,32.55691146850586,33.09142718399021,32.11957908045273,33.09142718399021,434638
2020-02-28,30.467437744140625,31.828024688331023,30.224475723619015,31.536471005166334,719501
2020-03-02,29.106849670410156,31.536469781340788,28.66951730898143,31.050545759154662,546035
2020-03-03,29.835737228393555,30.078699251902776,28.91248079759726,29.78714371149983,664930
2020-03-04,28.718109130859375,30.078697883536428,27.8920397714308,30.030104368853365,878746
2020-03-05,29.64136505126953,29.884327059886495,28.91247902541864,29.155441034035604,517061
2020-03-06,28.280778884887695,28.669517737719378,27.454707664087202,27.454707664087202,702303
2020-03-09,26.92019271850586,27.69767044569572,25.996936295521422,27.211746402788776,885075
2020-03-11,27.211746215820312,27.55189341424869,25.996936116899764,26.920192533540625,614183
2020-03-12,23.713092803955078,26.53145186792071,22.644059544201742,26.53145186792071,1232642
2020-03-13,25.268051147460938,25.60819836056124,19.096815208023493,22.352506784292366,1415093
2020-03-16,22.984209060668945,24.101834095693448,22.838432204561975,23.421541482643153,822738
2020-03-17,22.401098251342773,23.956055602051126,22.352506587179736,23.956055602051126,660386
2020-03-18,21.915172576904297,23.178576142039585,20.700362525997118,22.644058607448606,849601
2020-03-19,20.70036506652832,21.62362155998916,19.728516906528807,20.40881135998977,953064
2020-03-20,22.109542846679688,23.081390883896375,20.70036245125428,20.8461411397592,995895
2020-03-23,19.436960220336914,20.991917408694462,17.784817860147086,20.40880823135376,804221
2020-03-24,18.12496566772461,20.894732966583764,17.736226820472265,20.894732966583764,787813
2020-03-25,19.485551834106445,19.679922177318932,17.833411331412194,17.833411331412194,571442
2020-03-26,19.728515625,20.700363721870012,19.29118509360038,19.436961937400252,833391
2020-03-27,20.263032913208008,21.575028196760908,19.971477375944524,20.263032913208008,960632
2020-03-30,19.582738876342773,20.21443977164677,18.853852800148974,19.825700901740706,405839
2020-03-31,20.70036506652832,21.089105813450733,20.214440986528565,20.505996546720375,761748
2020-04-01,20.991920471191406,21.866583437979955,20.700364913159724,21.28347417556984,502667
2020-04-03,20.991920471191406,21.866583437979955,20.117257504402858,20.894735285180847,534619
2020-04-07,22.644058227539062,22.838428573884386,21.429248197013298,21.575026883598788,769453
2020-04-08,23.227169036865234,25.26805040156872,22.352506124464636,22.498282967589212,828468
2020-04-09,24.053237915039062,24.247608255813688,23.42153708800095,23.470128746368133,633363
2020-04-13,24.441978454589844,25.122272841288623,23.129983196615388,24.2962016156267,583128
2020-04-15,24.976497650146484,26.482861508236258,24.490573585775177,24.68494209933178,1084057
2020-04-16,25.656787872314453,25.948343396359057,24.782125007486705,25.170863852559812,469034
2020-04-17,26.628637313842773,27.01737617938329,25.899751245834377,26.725822493641186,1062308
2020-04-20,26.33708381652832,27.50330042149353,25.996936611626875,27.017376372678076,938619
2020-04-21,24.684940338134766,25.899750412389952,24.101831131761664,25.85115875088097,669560
2020-04-22,24.782127380371094,25.365236630639878,24.004649615781517,24.5391653472302,460572
2020-04-23,25.4138240814209,25.851156410012774,24.879308438611186,24.879308438611186,494673
2020-04-24,24.976497650146484,26.142714292445703,24.78212728293668,25.9483457788891,725221
2020-04-27,24.49057388305664,25.413828504377232,24.393388698272048,25.26805165402695,372624
2020-04-28,24.344791412353516,24.73353209134476,23.90746092896777,24.73353209134476,272512
2020-04-29,24.782127380371094,25.559605144960667,24.393388498076305,24.587757012397095,684035
2020-04-30,25.31664276123047,25.7539751562891,25.073680731454157,25.268051096736478,954699
2020-05-04,23.713092803955078,24.733534401123173,22.498282702792903,24.587755706061227,528738
2020-05-05,23.37294578552246,24.441979053537164,22.887021741302426,24.296202211001777,562133
2020-05-06,23.178579330444336,23.761688605821877,22.984208954100726,23.761688605821877,605433
2020-05-07,23.518722534179688,24.150423368625418,22.98420501760794,23.178575360661842,418788
2020-05-08,23.12998390197754,24.05324033298782,23.032800575473832,23.907463489579126,290298
2020-05-11,23.12998390197754,23.810278309422287,23.032800575473832,23.32435426229122,359927
2020-05-12,23.12998390197754,23.5187246226049,22.7898385519083,23.12998390197754,372602
2020-05-13,25.219459533691406,25.656790076856087,23.42154013538367,24.49057344143042,1822015
2020-05-14,25.025087356567383,25.899750233250778,24.53916333022627,25.073679017740275,789051
2020-05-15,25.073678970336914,25.753973347389557,24.782125296544667,24.782125296544667,556472
2020-05-18,25.31664276123047,26.5800464282592,25.025089066960167,25.948345521571426,1199607
2020-05-19,24.49057388305664,25.996937759431574,24.19901832870286,25.511013689161825,436198
2020-05-20,24.39338493347168,24.927900586811603,24.150422935834815,24.587753419389408,320558
2020-05-21,24.684940338134766,25.365234721178897,24.441978323283728,24.587755161463736,352621
2020-05-22,23.810277938842773,24.63634917683937,23.615907581554243,24.587755660690686,307618
2020-05-26,24.053237915039062,24.29619991418087,23.518722258388262,23.95605274465175,226869
2020-05-27,24.684940338134766,25.17086436783684,24.101831131761664,24.490571838445774,703821
2020-05-28,25.170866012573242,25.608198409342886,24.87931231716227,24.87931231716227,622804
2020-05-29,25.219459533691406,26.045528955331307,24.830718801563,25.073680832316658,657606
2020-06-01,26.968786239624023,27.79485754021703,25.55960567663282,25.55960567663282,1814887
2020-06-02,28.037817001342773,28.669517871856453,27.50329945425191,27.6004846313278,1653467
2020-06-03,27.94063377380371,28.863890239964594,27.503301373274194,28.28078099047631,1153026
2020-06-04,27.211746215820312,28.28077947360102,27.017375858531786,27.794855434032797,571066
2020-06-05,30.17588233947754,30.564623056937087,27.45470843917941,27.45470843917941,2194602
2020-06-08,31.14773178100586,32.65409563891507,30.224477171002967,30.516030868129523,2182943
2020-06-09,29.738554000854492,32.168172541819196,29.544183627823752,31.63365679646455,1247202
2020-06-10,29.787141799926758,30.2730658157613,29.398402957989727,29.932918633946517,672211
2020-06-11,29.009666442871094,30.8075858163977,28.86388959715881,29.88432937079796,881637
2020-06-12,28.76670265197754,28.961071149794133,27.211745401179527,27.40611575264917,682282
2020-06-15,28.280778884887695,29.54418062000393,27.60048450219245,28.669517737719378,741675
2020-06-16,28.086408615112305,29.68995754634158,27.3575225687669,28.766702999829246,948899
2020-06-17,27.94063377380371,28.475149504536933,27.697671740988024,27.892042108701855,377005
2020-06-18,30.95336151123047,32.556910461750235,28.13500246885435,28.13500246885435,3262737
2020-06-19,30.224475860595703,31.876616495438256,30.127290681215996,31.293509126466247,1132484
2020-06-22,30.904767990112305,32.07098641955745,30.127290272917605,30.467437469310198,1515295
2020-06-23,32.022396087646484,32.36254144451651,31.09913963817684,31.147731302400224,1477937
2020-06-24,31.196321487426758,33.67453702568261,31.00195298609618,32.36253991002254,2305193
2020-06-25,32.265357971191406,32.994244053188325,30.467438598201717,30.856177471202773,1415160
2020-06-26,32.21676254272461,32.994240197880075,31.876613519821294,32.556907858322035,997629
2020-06-29,31.196321487426758,32.16816955503889,30.613214129781948,32.07098623120014,766923
2020-06-30,30.807584762573242,32.41113186420955,30.51602922746865,31.487879157497524,820592
2020-07-01,30.758989334106445,31.34209851440741,30.370250498456794,31.19631982909243,686011
2020-07-02,31.82802963256836,32.65409914774283,30.66181101144037,31.0505517875853,1654071
2020-07-03,32.16816711425781,33.091423449897874,31.633651459089105,32.11957545602536,1566273
2020-07-06,36.10416030883789,36.881638088526856,32.11958066355891,32.41113436752896,9027419
2020-07-07,35.03512191772461,36.29852365773194,34.500606224718375,36.29852365773194,1948015
2020-07-08,38.776737213134766,41.59509422728793,34.59778779014932,35.18089882250601,12978147
2020-07-09,39.01970291137695,40.81762042328982,38.72814551393698,39.31125660151062,6045029
2020-07-10,37.85348129272461,38.87392097690722,36.9788165878218,38.87392097690722,2587160
2020-07-13,38.33940505981445,39.60280674202523,38.145034714711414,38.145034714711414,2159246
2020-07-14,35.86119842529297,38.145040108076884,35.666828052707714,38.0964484417572,1618042
2020-07-15,35.52104568481445,37.173188120521054,35.08371331840592,36.73585575411253,1255983
2020-07-16,35.909786224365234,36.298523220364835,33.77171977079606,35.861194563278545,1553562
2020-07-17,38.193626403808594,40.33169278698973,36.687262715876194,36.687262715876194,5896969
2020-07-20,36.687259674072266,38.48517687716413,36.347114378559425,38.48517687716413,1759975
2020-07-21,36.590084075927734,37.70770721627045,36.152751670008215,37.0274127745408,1818520
2020-07-22,35.812599182128906,37.076004613769356,34.01468177141919,34.986529822031166,3493799
2020-07-23,36.055564880371094,36.638675994727386,35.521049139357686,35.861198216225475,1303292
2020-07-24,35.13230895996094,36.0555616539552,34.69497659015483,35.66682465314344,1165721
2020-07-27,34.20905303955078,35.2780844409436,34.11186600750204,35.18090111620105,765650
2020-07-28,36.24993133544922,37.61052008131199,34.500605595987146,34.500605595987146,3306394
2020-07-29,35.52104568481445,36.63867243149113,35.32667533226554,36.59008077018043,1191015
2020-07-30,34.694969177246094,36.20133261156841,34.549190516022335,35.52103837136645,940969
2020-07-31,34.45201873779297,35.22949654067764,34.16046502512454,34.64638911534078,641429
2020-08-03,34.986534118652344,35.86119895454127,34.014685948689774,34.014685948689774,771301
2020-08-04,35.08371353149414,35.861194946412,34.889346885070815,35.229492223617775,733638
2020-08-05,35.764007568359375,36.24993159430802,35.083713190570045,35.27808354241073,1545363
2020-08-06,35.909786224365234,36.68726392367054,35.56963718214622,36.055561207625296,878804
2020-08-07,35.86119842529297,36.78445120728657,35.47245768012245,35.86119842529297,1117405
2020-08-10,36.00697708129883,36.39571786595179,35.76401501771745,36.15275580237041,772969
2020-08-11,37.173187255859375,38.728142625469644,36.15274756284601,36.29852254338733,2753880
2020-08-12,36.687259674072266,37.61051595700012,36.347114378559425,36.6386680186141,878586
2020-08-13,37.65911102294922,38.3394053828895,36.590079676833064,36.83304168343273,1483414
2020-08-14,36.687259674072266,38.290810255331465,35.861190409366415,37.804886286138455,1544604
2020-08-17,36.298519134521484,37.61051608001732,36.055557149130294,37.027405090695055,1008575
2020-08-18,37.9506721496582,39.06829908263948,36.395716484673315,36.54149149290561,4218129
2020-08-19,38.92251205444336,39.6513980618573,38.290813072401505,38.387996390467656,3895754
2020-08-20,39.5056266784668,40.42887940599857,37.90207583336352,37.99925916027014,3417428
2020-08-21,38.82533264160156,40.47747516604752,38.63096227861269,39.845772413160255,1775323
2020-08-24,37.70770263671875,39.11688301473564,37.173186964314,39.06829135493631,1553895
2020-08-25,36.978816986083984,37.950665020973474,36.44430130835597,37.950665020973474,1299448
2020-08-26,37.513336181640625,38.09644728163943,37.07600749077451,37.07600749077451,935082
2020-08-27,36.93022918701172,37.999260654239485,36.44430511876157,37.707706954750684,964362
2020-08-28,36.88163375854492,37.65911144695636,36.68726340961555,37.027408739762414,1032709
2020-08-31,35.32667541503906,37.36755856062547,34.889346754911955,36.93022619319223,1079176
2020-09-01,35.764007568359375,36.541485268416,34.50060584235411,35.18090022014344,562587
2020-09-02,36.152748107910156,36.68726379256579,35.666824084167565,35.9583777569519,551968
2020-09-03,36.152748107910156,36.68726379256579,35.666824084167565,36.152748107910156,341764
2020-09-04,35.32667541503906,35.90978647405209,34.98653007776106,34.98653007776106,458781
2020-09-07,34.84075164794922,35.472454373132955,34.59778963169489,35.472454373132955,379651
2020-09-08,34.160457611083984,35.42385922998157,34.014678932735656,35.13230558059072,439967
2020-09-09,33.57735061645508,34.11186632208078,32.84846455224561,33.91749967080324,661476
2020-09-10,34.30623245239258,34.88934345627497,33.868900126307224,33.91749549044342,452961
2020-09-11,36.34711837768555,36.93022572195183,36.05556099824632,36.833042400342805,3043839
2020-09-14,36.10416030883789,37.17319179249691,35.47245752748071,36.93022975463745,919987
2020-09-15,35.86119842529297,36.492897502061936,35.7154197190274,36.055565090571726,481849
2020-09-16,35.32667541503906,35.95837813547664,35.180900430765405,35.71541612104775,369072
2020-09-17,36.20133590698242,37.36755418101749,34.98652597721791,35.27807961890026,1270989
2020-09-18,35.472450256347656,36.88163052854042,35.18089661214019,36.68726019663354,939163
2020-09-21,33.91749954223633,35.66682534824686,33.62594215181272,35.66682534824686,473960
2020-09-22,32.99424362182617,34.063275045189414,32.168170515312504,34.0146833818195,828858
2020-09-23,32.89705276489258,33.868900748579875,32.50831579580117,33.23720178356664,479241
2020-09-24,31.73084259033203,32.75128237453018,31.63365555398065,32.26535831469236,388918
2020-09-25,32.89705276489258,33.1400147608144,32.07098346168072,32.07098346168072,519899
2020-09-28,33.23720169067383,33.67453402357201,33.09142301060582,33.14001466819322,400335
2020-09-29,32.89705276489258,33.52875543721166,32.75127779172299,33.52875543721166,350473
2020-09-30,32.265357971191406,33.09142738119871,32.16817093587469,33.04283571719352,272820
2020-10-01,32.265357971191406,32.94565238918313,32.070987607864296,32.459728334518516,291726
2020-10-05,32.265357971191406,32.6540949905393,32.16817093587469,32.3139496351966,242714
2020-10-06,32.70268630981445,33.237201962254936,32.313945631327265,32.313945631327265,485395
2020-10-07,32.265357971191406,32.6540949905393,32.16817093587469,32.6540949905393,268967
2020-10-08,31.925209045410156,32.605503466318396,31.7308423885561,32.26535810951744,345966
2020-10-09,31.973806381225586,32.6055054694221,31.828027672322854,32.02239804842431,275069
2020-10-12,31.73084259033203,33.917500859602214,31.58506388945814,31.97380462025094,304764
2020-10-13,31.342100143432617,32.168169517003726,31.14772978867878,31.682245483772213,288581
2020-10-14,31.196321487426758,31.43928350432979,31.00195298609618,31.390691842410416,254433
2020-10-15,30.710399627685547,31.58506252693149,30.418844092168165,31.293508845067212,294585
2020-10-16,31.14773178100586,31.439285478132415,30.710401235316027,30.856178083879303,301062
2020-10-19,31.925209045410156,32.45972847367785,31.050547967647862,31.244918331808265,486576
2020-10-20,35.423866271972656,36.20134406067346,32.702692157866565,32.702692157866565,6413155
2020-10-21,34.403419494628906,36.24992840646698,33.577346498777906,35.472450774782224,1481410
2020-10-22,33.091426849365234,34.88934804711255,32.65409446573447,34.69497768690929,1512136
2020-10-23,33.674537658691406,33.96609134299439,33.0914265827792,33.23720527858381,753829
2020-10-26,33.771724700927734,34.06327841731614,33.3343922726918,33.67454136456715,639694
2020-10-27,33.62594223022461,33.9660912840766,33.18861355818184,33.72312926302784,314851
2020-10-28,32.70268630981445,33.62593893343625,32.41112894729613,33.52875561746739,313399
2020-10-29,32.070987701416016,32.50832009335114,31.876617337521925,32.50832009335114,242887
2020-10-30,32.022396087646484,33.18861456553938,31.925209051893376,32.31394978029312,498270
2020-11-02,31.487884521484375,32.3625457148381,31.244922461001646,32.07099198372019,262026
2020-11-03,32.313941955566406,32.99423621188152,31.682239351708343,31.730834711470845,613511
2020-11-04,32.11957931518555,32.55691170643474,31.97380432297337,31.97380432297337,191080
2020-11-05,33.52875900268555,33.86890435022508,32.16817019791494,32.313948893892594,681759
2020-11-06,33.285797119140625,33.96609152435074,33.18861379295615,33.528759141908075,406823
2020-11-09,33.96609115600586,34.2576448387038,33.334388420738485,33.52875877830584,517939
2020-11-10,34.20905303955078,34.889347434667215,33.6259419691769,33.820312325968196,807770
2020-11-11,33.57735061645508,34.014682996442005,33.285796932232536,34.014682996442005,668979
2020-11-12,34.11186981201172,34.79216428300165,33.43157904832841,33.77172443017006,1565670
2020-11-13,33.48017120361328,34.403427734306675,33.28580082231362,33.674541584912944,796660
2020-11-14,33.62594223022461,33.86890425127336,33.43157557923059,33.77172092577635,157504
2020-11-17,35.66682815551758,35.95838186158262,34.01468554474032,34.01468554474032,2748644
2020-11-18,37.02741241455078,37.416153150990134,35.666827251625904,35.76401058208253,4003999
2020-11-19,36.055564880371094,37.7077074767542,35.958381548298284,36.590084328690985,1651572
2020-11-20,35.909786224365234,36.73585558475723,35.180900186146616,36.34711858875763,732634
2020-11-23,35.764007568359375,36.20133993317438,35.27808354241073,35.95837792020006,673857
2020-11-24,37.70770263671875,38.09644332972548,35.95837693280047,35.95837693280047,3224375
2020-11-25,38.14503860473633,39.359848751383986,37.561931217268,37.61052288167263,4287583
2020-11-26,38.87392044067383,39.55421478984681,37.70770208599242,37.99925574783629,2030759
2020-11-27,40.283103942871094,40.81761964919695,38.87392347542566,38.87392347542566,4231434
2020-12-01,39.84577178955078,41.011990241925716,39.50562644012346,40.57465785887183,1701567
2020-12-02,42.3239860534668,42.76131846100657,40.81762216732445,40.86621383320521,4047572
2020-12-03,42.226802825927734,43.34442597316954,42.08102412061918,42.275394491928424,2454523
2020-12-04,43.29582977294922,43.83034545759183,42.27539006457585,42.518352076441225,2754439
2020-12-07,43.73316192626953,44.46204795837402,42.761313883463544,43.05286755484413,1720800
2020-12-08,42.03242874145508,43.73316285238101,41.06058067806884,43.39301751311828,1762375
2020-12-09,45.33671569824219,46.5515258326291,42.17820934883621,42.323984340578846,5690986
2020-12-10,43.44160842895508,45.336712861481466,42.80990571567759,45.336712861481466,2832193
2020-12-11,43.0528678894043,44.8993806680072,42.76131421575808,43.73316226611621,2594039
2020-12-14,51.55653762817383,51.65372465627025,43.29582931258668,43.73316167075545,18679294
2020-12-15,49.85580825805664,52.28542857967057,48.932551794382064,52.28542857967057,6432439
2020-12-16,56.61014938354492,58.699624191353585,50.29313700598197,50.34172866742507,21806916
2020-12-17,61.46939468383789,64.82226779165663,56.6587456627719,56.85311603169196,24108190
2020-12-18,62.05249786376953,65.55114943719931,59.76865637935095,62.29545988157177,10634501
2020-12-21,55.88126754760742,62.198280400815214,55.88126754760742,62.1010970706115,5686894
2020-12-22,56.707332611083984,57.82495935892687,50.82765261100727,55.200968865043755,7136248
2020-12-23,59.574283599853516,60.20598630336083,55.20096745734265,57.09607186055857,4990726
2020-12-24,58.69963073730469,60.691918737093104,57.97074461245723,59.96303261224564,3021392
2020-12-28,58.796810150146484,59.86584157904481,58.456664797489644,59.08836383918182,1992829
2020-12-29,60.83769226074219,61.80954040361223,58.8939959750021,59.76866078650772,5710356
2020-12-30,60.5461311340332,62.052494829281734,59.282729444705595,61.61516618446887,3494447
2020-12-31,59.42851257324219,60.98346804444088,59.28273387587082,60.83768934706951,1762952
2021-01-01,60.35176467895508,61.129246113874174,59.6228786141981,59.865840635783755,2174894
2021-01-04,60.5947265625,61.226429300106126,58.79680908978445,61.17783763736094,2309709
2021-01-05,60.011619567871094,61.46939170312302,58.69962612906686,59.28273350024513,2530322
2021-01-06,60.25458526611328,61.22643341556672,57.727781560456926,60.49754730347664,3069513
2021-01-07,64.91944885253906,66.28003011009174,60.88627820150621,61.08064483412466,16574143
2021-01-08,65.6483383178711,67.6892177267215,64.23915420573684,66.28003361458725,6052296
2021-01-11,62.48984146118164,66.13427216658617,60.497549709715194,65.93989808019664,4243630
2021-01-12,62.927162170410156,64.91945366829123,61.3236113812147,62.684200154308186,3601915
2021-01-13,63.85041809082031,67.54344388794892,62.19827926372275,64.9194569473557,8464318
2021-01-14,63.607444763183594,65.59973600778302,61.712344244358846,64.33633071882562,2406545
2021-01-15,61.90672302246094,64.04478952558935,61.32361195398617,64.04478952558935,1960657
2021-01-18,58.26229476928711,62.295462189865404,57.4362216537665,62.198278862065955,2454762
2021-01-19,61.08064651489258,61.517978864930015,58.94258383880907,59.08835881728423,1867491
2021-01-20,60.011619567871094,61.80953705175931,59.81724920837625,61.226429680581035,1127805
2021-01-21,58.456668853759766,60.78910223519477,57.873557727921096,60.497548525928714,1468497
2021-01-22,55.492523193359375,58.359475735083855,54.95800749748339,58.359475735083855,2427139
2021-01-25,53.25727462768555,56.12422723664649,52.09105617741086,56.12422723664649,2357342
2021-01-27,56.85311508178711,58.553849293635444,53.111501298643326,53.257276292417934,5677218
2021-01-28,54.66645431518555,59.62287802350656,53.50023588166702,56.172818092631644,2357566
2021-01-29,58.456668853759766,59.477108689844236,55.10379192893373,55.10379192893373,5508914
2021-02-01,62.34405517578125,62.92716253488084,56.36718806213265,58.94258693065255,4660064
2021-02-02,62.48984146118164,63.89901836809276,60.54614137765927,62.68420813295791,3343518
2021-02-03,61.22642517089844,62.781380517713146,60.93487150678393,62.73279256555104,1666529
2021-02-04,67.34907531738281,67.34907531738281,65.89130318856165,67.34907531738281,4793866
2021-02-05,69.00121307373047,74.05482007948268,68.02936500226947,71.72239063966619,8616697
2021-02-08,74.34637451171875,76.2900705773846,67.1546975858327,69.63291303540149,8365571
2021-02-09,72.40267181396484,76.63020888662307,71.04208320970632,74.73510836203498,5731871
2021-02-10,71.91676330566406,74.34638368761217,70.55617440885052,73.13157349663811,2799477
2021-02-11,71.96534729003906,74.24918860471098,71.52801124173264,71.91675192424552,4875202
2021-02-12,70.70195007324219,72.3540888960502,70.45898804549908,72.3540888960502,1718913
2021-02-15,73.27734375,73.95763441262935,70.75054032716113,71.33364766864516,2916844
2021-02-16,74.24919128417969,76.43584936078739,72.49986185704869,73.76326726715575,3613588
2021-02-17,76.38725280761719,78.47672753131134,72.98578474124456,73.76326612226023,5353540
2021-02-18,85.7656021118164,88.34100127854997,76.29008233175738,76.77600642304245,13901144
2021-02-19,83.53033447265625,88.72972731878423,80.27464508392096,85.47403051543695,6803902
2021-02-22,95.62984466552734,99.61441998188019,86.30010535014678,86.30010535014678,24007354
2021-02-23,112.8801498413086,114.72666257589637,96.40732133163182,99.12849877361508,28353363
2021-02-24,124.1535873413086,124.1535873413086,115.69851234340092,116.4273983747589,19989597
2021-02-25,136.54464721679688,136.54464721679688,128.2839390221864,129.9360776952637,13790220
2021-02-26,145.6314239501953,150.19910643438055,128.2839317880734,139.94610740517098,37155451
2021-03-01,152.8717041015625,152.8717041015625,150.63645057874268,152.5801467152426,1906527
2021-03-02,146.0687713623047,160.5007066476534,145.2426945514597,160.5007066476534,18749289
2021-03-03,138.77987670898438,150.0533029334433,138.77987670898438,148.6927218676501,8358188
2021-03-04,131.87979125976562,138.7799190706147,131.87979125976562,132.26853941809887,7042291
2021-03-05,138.09962463378906,138.43976258034758,125.31981287958519,127.50647116304557,19069762
2021-03-08,136.83621215820312,143.73632460488517,134.3094012272225,143.73632460488517,7477182
2021-03-09,133.92068481445312,139.65458325799312,130.03329201768656,138.53696376061342,5415376
2021-03-10,131.24807739257812,136.7390127456797,128.76986198846478,132.36569667814695,3792097
2021-03-12,129.79031372070312,134.40659208899646,126.34025007960734,133.62911066112315,3020714
2021-03-15,130.56777954101562,133.9206520418787,125.65994437028007,131.19947478421335,3154079
2021-03-16,127.99239349365234,132.90022942928073,127.36069815200403,131.44245726003817,1791515
2021-03-17,121.62678527832031,128.96423362743755,121.62678527832031,127.7980189300425,2457683
2021-03-18,116.57316589355469,124.39654534391937,115.64991324942504,124.25076665942208,4392236
2021-03-19,122.30708312988281,122.35567850121568,110.79068451219554,115.55274173292297,4999311
2021-03-22,120.6063461303711,123.81344778375733,118.90561197788709,123.42470706598135,2319194
2021-03-23,126.09728240966797,126.63180179420503,119.4401248597871,119.53730818026327,3017718
2021-03-24,120.26619720458984,126.92336233507918,120.02323519003512,126.14588092265915,2843445
2021-03-25,118.90560913085938,123.95922351172047,115.64991959983685,119.97464051818751,2682657
2021-03-26,119.78028106689453,123.91063558644262,117.2534774319759,121.18945787830701,3863374
2021-03-30,118.03095245361328,123.61907920257899,117.20488302581917,119.53732002135351,1868263
2021-03-31,116.2330322265625,121.18945609412805,115.45555818897901,118.51687379729624,1550522
2021-04-01,122.0155258178711,122.0155258178711,116.76754485744215,117.10769019250624,2632548
2021-04-05,128.08958435058594,128.08958435058594,122.4528623253213,124.78529186649442,5676424
2021-04-06,134.4552001953125,134.4552001953125,131.92838902267212,132.6572751498692,5480259
2021-04-07,141.16094970703125,141.16094970703125,134.45520312251867,138.14821438400296,8678027
2021-04-08,138.87709045410156,145.19410323582056,132.17134435596694,135.71858406324205,10786715
2021-04-09,139.7517547607422,144.562399718296,138.09961601552087,140.14048805518556,2792003
2021-04-12,127.55506134033203,136.73902279099093,126.53461788376438,134.21222666387933,4342376
2021-04-13,135.5727996826172,139.16863441444752,127.60364883199274,129.25578751102572,3497522
2021-04-15,133.38613891601562,140.91796096773965,132.51148164169845,135.66998766338918,3309167
2021-04-16,144.7567596435547,146.70045568396287,137.07916621563194,138.00241886898104,10505534
2021-04-19,135.91294860839844,142.37573187084638,133.48332861060243,142.37573187084638,9669079
2021-04-20,136.44747924804688,144.12508880740558,133.58053006802163,138.97429046084372,7421133
2021-04-22,132.7058563232422,139.6059686914527,131.7826036267691,135.86436253643546,5582180
2021-04-23,134.40658569335938,138.00242044329042,132.17133225554576,132.17133225554576,3386952
2021-04-26,134.6009521484375,138.82849701042102,133.6291041184849,137.41930550361045,3877317
2021-04-27,148.06106567382812,148.06106567382812,137.03058367995706,137.41931699274906,19168413
2021-04-28,153.649169921875,160.35491498026974,151.41391662600236,153.35761256515715,15493506
2021-04-29,153.69775390625,159.67462795081747,149.85895730611392,155.93300725228605,8762324
2021-04-30,150.4420928955078,159.09153528664703,149.03291607842004,151.70549842536172,7298813
2021-05-03,150.4420928955078,156.1759909081652,149.66461142873422,150.63645955489483,5923888
2021-05-04,147.38075256347656,154.62103248349314,146.55469060891178,152.19141233025928,6992626
2021-05-05,147.04061889648438,151.36533992859935,146.3603281997289,150.63645386152743,2833276
2021-05-06,151.94845581054688,155.59288617220798,147.8181014006643,148.44979673166216,8422706
2021-05-07,167.10928344726562,167.10928344726562,154.57244846747506,155.30133456697976,18162198
2021-05-10,183.77647399902344,183.77647399902344,177.84819490387125,179.79189102303923,19235937
2021-05-11,180.32640075683594,191.21109547495294,171.1910205888338,174.93264134938516,20107657
2021-05-12,170.89947509765625,183.4363082460975,168.08110702706952,181.68697889697876,9352353
2021-05-14,166.18603515625,174.64111117203856,160.35494620339912,173.23193430761148,10504764
2021-05-17,165.3599395751953,170.85088994856832,161.6669288530552,168.81000311435457,7053916
2021-05-18,173.71783447265625,181.34684740076742,169.19874708799424,170.02480901172842,9611131
2021-05-19,169.83047485351562,179.45176620966353,166.67196816811403,175.12704463703597,6352550
2021-05-20,166.13743591308594,172.6974108322599,163.27048687721802,165.21418314956586,6546991
2021-05-21,164.24232482910156,169.8790466352352,163.2704767531897,167.59519772515245,3778444
2021-05-24,165.7972869873047,172.01710871537995,161.71551322220404,165.2141722125118,6000772
2021-05-25,164.33953857421875,170.46217044618868,163.02753755638128,168.76143607525773,4934833
2021-05-26,164.1451416015625,166.67195264625715,161.6183453860933,165.70010452587084,3454236
2021-05-27,166.7205352783203,169.05296465732684,164.63105308162034,165.16557247283308,7077789
2021-05-28,169.150146484375,178.8200310681389,167.44941249323782,172.98894309852565,14388713
2021-05-31,165.60292053222656,170.8023141199144,164.29093441376287,170.6565428276049,6619747
2021-06-01,158.0225067138672,167.83816360907497,154.1351143207017,166.67194885697035,10953496
2021-06-02,158.0225067138672,160.35493621807643,156.71050584948378,159.38308811978507,4537188
2021-06-03,157.29360961914062,161.66692575502896,156.51612822913788,159.28588621766605,5037510
2021-06-04,154.52381896972656,157.1964007443602,153.55197105167795,156.46751480582375,5857184
2021-06-07,156.8076629638672,160.11193985777126,155.9815863257802,157.05062493633724,4152826
2021-06-08,153.45480346679688,158.26546324988848,152.62874150943162,157.34219572514994,3917269
2021-06-09,155.10694885253906,160.06336482277626,153.4547953665695,153.64917683260626,7216774
2021-06-10,155.5928955078125,158.21688255980322,154.66962789741535,156.85628624561195,3807098
2021-06-11,164.58245849609375,166.86629231203113,154.66959740828705,157.29359877224945,14241782
2021-06-14,162.2986297607422,167.83816086457523,158.02250412987365,165.70009804914096,9720458
2021-06-15,157.97390747070312,162.2986284362431,157.43938806390048,162.2986284362431,5117904
2021-06-16,152.67733764648438,156.46753918575376,151.85126085573927,155.49569111627702,7871560
2021-06-17,148.3526153564453,152.48297002709435,147.234995906666,150.6364644589652,5423871
2021-06-18,140.09188842773438,147.2349774224956,137.370725790896,146.74905340459958,10317206
2021-06-21,144.99972534179688,146.50609277732568,132.12273874611154,136.10732166212654,9159353
2021-06-22,148.2554168701172,151.89984690709537,145.87439221180287,146.7490494889881,4887545
2021-06-23,148.1582489013672,152.24000820408406,147.23499611599001,150.63646467312512,3309324
2021-06-24,144.99972534179688,149.47023228029056,143.29899126312145,149.1786749009585,2218588
2021-06-25,149.90757751464844,152.19142660458468,146.74907101920203,146.74907101920203,4998700
2021-06-28,144.0279083251953,147.6237439003542,141.6954784465051,142.0842118165443,6172566
2021-06-29,142.13278198242188,146.36032707051206,141.2095292704323,145.77721228966345,2537344
2021-06-30,140.0433349609375,144.56242326926053,139.46022009505134,142.86168887785746,2552482
2021-07-01,138.87709045410156,141.6954589004038,138.09962382127037,140.91797743834712,2259411
2021-07-02,136.83621215820312,139.65456564879898,136.44746403000815,138.4883509226636,2363802
2021-07-05,143.54196166992188,144.51380977172124,138.0510258264455,138.0510258264455,6085260
2021-07-06,141.2095184326172,145.29127709760826,140.14047969285164,144.3194290902664,2785784
2021-07-07,144.1250762939453,146.55469654559906,138.43975897338547,140.8207838541611,7739999
2021-07-08,141.84121704101562,145.0483185065017,140.62640700327273,144.6595852261136,1954026
2021-07-09,141.88980102539062,144.12505428136123,140.14047174553437,140.1890671089904,2002250
2021-07-12,140.91798400878906,144.46522388145777,140.18909788460567,143.007451633091,1860353
2021-07-13,140.43206787109375,142.52153561360953,139.99473913768662,141.88984020193556,1267010
2021-07-14,139.12005615234375,141.01517190020832,138.73132282567843,140.91798115392905,1367971
2021-07-15,139.41160583496094,141.35530201900843,138.4883531133834,139.89752988097283,1782024
2021-07-16,138.3911590576172,141.1609319852307,138.002425761809,140.09189317792118,1638513
2021-07-19,136.30169677734375,140.23768456991422,135.1840773878649,136.1559254932292,2270417
2021-07-20,132.9488067626953,137.5650846723082,132.41428740731652,136.4960459615506,2611676
2021-07-22,134.06643676757812,137.4193096051425,133.33755072335873,135.0868801953302,1649553
2021-07-23,140.28627014160156,143.2503947925293,135.3298392187754,135.3298392187754,8835264
2021-07-26,144.4652099609375,145.58284414119365,142.0355897811086,143.3475906099061,5336344
2021-07-27,148.4497833251953,151.60828935339097,145.5828346654471,147.089202044739,11769766
2021-07-28,144.99972534179688,149.56740818725171,142.57010522940342,149.56740818725171,3920214
2021-07-29,148.1582489013672,152.43438969930122,144.61100905204532,145.77722387721784,9091037
2021-07-30,149.373046875,154.23228727320574,148.2068321452756,149.17868022491675,11709132
2021-08-02,148.6927490234375,152.9202938979504,147.81809172557752,151.2681403787551,5328757
2021-08-03,145.4370574951172,149.17867848990903,144.61099553456455,148.69275445573993,3554755
2021-08-04,141.88980102539062,147.67229337530682,141.11231969776307,146.06875018581863,3263744
2021-08-05,140.0433349609375,142.6673221989711,137.37075234587553,141.93843603122693,3019311
2021-08-06,140.33485412597656,144.56239912450053,139.50879217137128,140.1890828484652,3437007
2021-08-09,133.82347106933594,138.0024205736795,133.14318041263445,136.05872450926148,3711493
2021-08-10,125.56277465820312,136.83621882858498,121.67538216210257,134.79533183644196,5151181
2021-08-11,125.07684326171875,129.64452621094412,120.1204196027564,126.34024871471078,7115453
2021-08-12,129.69313049316406,130.81076474459874,125.46560000855865,126.34025739731132,2677180
2021-08-13,128.57550048828125,131.8311825710955,127.3120950524502,130.71356324087446,2052343
2021-08-16,131.5882110595703,133.3375403960521,125.51416116152473,128.57549120767374,3797647
2021-08-17,126.72897338867188,132.8516187603316,125.22262085062012,131.58821339328696,2663727
2021-08-18,124.59092712402344,127.99239557421485,122.55004753683114,126.72899004115578,4182550
2021-08-20,116.3788070678711,121.38382614076882,115.64992101107858,118.56546523824863,4515151
2021-08-23,107.53498077392578,120.50914986068167,106.17439211515705,119.14856120191294,7314717
2021-08-24,111.1794204711914,113.0259332834645,106.70892084094922,106.90328748872014,4594286
2021-08-25,113.65763092041016,115.84428911830733,112.15127083284848,112.15127083284848,3884841
2021-08-26,112.1512680053711,113.85200211641342,111.03364124947795,113.85200211641342,2017377
2021-08-27,112.44281768798828,114.28933048674725,111.76252701115659,112.29704641053313,2016080
2021-08-30,116.42739868164062,117.4478346794642,113.65762582349,113.65762582349,2941481
2021-08-31,115.60133361816406,118.95421415953233,113.99779011426283,116.57318176094682,2908516
2021-09-01,113.9977798461914,116.13584260188753,112.97733642233828,115.84428521946886,1546422
2021-09-02,116.03866577148438,117.54502589262692,114.38651953636372,114.62948156376858,2427559
2021-09-03,115.74710845947266,117.8851787510049,115.16400107618665,116.18444455789665,2368562
2021-09-06,115.79570007324219,117.49643421116129,114.82385199443128,116.62176945730899,1792642
2021-09-07,114.14354705810547,117.20486980603803,113.7062184146631,116.4273958382947,1784993
2021-09-08,113.65763092041016,114.92103640059574,112.8315615285715,113.99778368288415,1399790
2021-09-09,112.63719940185547,114.19215492212786,111.95690126419002,114.19215492212786,1640985
2021-09-13,121.0922622680664,122.16129361119607,114.92102880059733,115.55273149891413,10535636
2021-09-14,122.79779052734375,126.45248667399089,120.94607632594287,122.26176545163617,5772261
2021-09-15,121.4333724975586,123.82111184057854,120.89735484255306,123.28508675007444,2007766
2021-09-16,113.97779083251953,115.97569442496413,113.63668733601641,115.68331575053371,14012113
2021-09-17,113.83161163330078,114.90365440583298,113.63669003388664,113.92906871525848,5750709
2021-09-20,107.98409271240234,112.27226361281312,107.39933537552959,112.07734945752115,4649599
2021-09-21,106.3272933959961,109.9332647781701,105.45016482003493,109.10486102362438,6059082
2021-09-22,108.56884765625,109.83580459548841,107.20442619934046,107.25315845817603,3862683
2021-09-23,110.22563171386719,111.97988879736566,109.73833890572853,110.37182104340843,3485093
2021-09-24,107.44808197021484,111.10277863586842,106.86333199081015,110.85913219149151,2876909
2021-09-27,107.10696411132812,108.71503191626199,106.22983554177343,108.27646391373544,2034839
2021-09-28,107.15570068359375,110.61548308467081,106.6196829801658,107.25316520739813,2573524
2021-09-29,109.98199462890625,111.88244120297657,106.22984117540678,107.00951270869186,4176884
2021-09-30,107.15570068359375,111.68752592702592,106.71714006847095,110.81039726128111,3458820
2021-10-01,107.05823516845703,108.95868170056491,106.42475299108773,107.10696742652337,2718556
2021-10-04,118.21723175048828,126.40374453020902,107.78916176646668,108.0328081571845,28488877
2021-10-05,116.99900817871094,120.7024291216364,115.58585455001052,119.28928292843429,8821892
2021-10-06,121.82320404052734,130.30209606754875,121.04353256046866,122.0668504486084,38066071
2021-10-07,123.82111358642578,127.18343120736351,123.09017432661334,124.21094190992682,8297399
2021-10-08,123.77237701416016,125.52663415076493,121.28718064321978,125.13679096985454,4524708
2021-10-11,122.651611328125,124.7469721124257,121.62830078381464,124.55205794269962,3600660
2021-10-12,123.13890838623047,125.23426924197028,121.9694084570032,122.70034777164504,3856904
2021-10-13,122.74906921386719,124.11349071734884,122.11559444037482,123.77238720035318,4430850
2021-10-14,128.98641967773438,134.44409052003425,125.72155172711959,125.72155172711959,16200880
2021-10-18,145.40817260742188,148.8192223027012,134.49281655672738,134.59028106784822,33963715
2021-10-19,145.3594512939453,155.34895472494784,141.70475491674927,148.86796576445258,24618892
2021-10-20,139.4144744873047,145.35943778581805,136.14960674534518,145.26198814741397,11556906
2021-10-21,133.22584533691406,144.67722586109534,131.5690528310189,140.97379769609714,10395166
2021-10-22,126.35503387451172,134.88265900718022,124.25968050459812,132.54365920490466,7458356
2021-10-25,126.79359436035156,131.56905792170377,122.74905513867917,127.42706906120569,7932152
2021-10-26,133.03094482421875,134.00553050058664,126.30630960567912,127.524541701139,8891273
2021-10-27,131.08175659179688,135.0288310470129,129.52241376200934,134.005513244402,3857510
2021-10-28,125.77027130126953,129.61988134444294,124.84441798015122,128.64529577042458,4492425
2021-10-29,123.7236557006836,127.91437732239797,121.14100945933536,125.03935238725607,4973347
2021-11-01,125.23426055908203,129.37624972154194,123.67492494972628,124.74696771643968,4147591
2021-11-02,125.67282104492188,127.42707825126108,125.08807855680706,126.20884614560849,2772811
2021-11-03,124.60077667236328,129.03513701845995,123.18763042222778,126.69613735416652,3830984
2021-11-04,127.03724670410156,127.62198917738692,125.08807538448971,125.52663595720297,974860
2021-11-08,127.28089904785156,128.64531308673605,125.18553085906747,128.15802023413477,2935680
2021-11-09,129.71737670898438,131.0330586243021,127.13471540084352,128.15803347120124,4013443
2021-11-10,126.744873046875,132.4949227188434,125.77028734850764,130.3995694157526,4894855
2021-11-11,124.84442901611328,129.61989280254508,124.06475751377826,126.69613582203654,2812865
2021-11-12,123.86984252929688,127.13470317795579,122.8952568171301,125.23426401343013,2313161
2021-11-15,121.96939086914062,125.33171569294883,121.67701221124491,124.7469583771574,1835457
2021-11-16,121.82320404052734,123.4799966412792,120.02022210782721,120.84861840820314,2233769
2021-11-17,118.314697265625,121.72574697917392,117.92486152554832,121.04353257516516,1659116
2021-11-18,114.90364837646484,120.06894780417038,113.97778755770275,118.89944801104794,2759630
2021-11-22,112.61337280273438,116.7553617406078,111.73624424643799,115.39094036809101,2848314
2021-11-23,116.85282897949219,118.4121646399139,110.17691830376556,110.17691830376556,2819107
2021-11-24,116.36553192138672,118.55834970595244,116.0731532425785,117.63248884672548,1747843
2021-11-25,117.68122100830078,118.4121602692219,114.80619622287716,116.4142566485047,1707146
2021-11-26,112.80828857421875,116.41425249180867,112.4671850850681,116.07314900265801,2398781
2021-11-29,107.83789825439453,111.88242998626842,105.54762357879063,111.10275853114887,3332738
2021-11-30,108.52011108398438,111.73624671632994,107.54552543000068,107.83790410039518,2159854
2021-12-01,112.36973571777344,114.36763196874058,110.1281856029822,113.53923559953475,3274600
2021-12-02,115.24475860595703,116.26807656143565,111.54132998522358,112.07735509247406,2673917
2021-12-03,114.56254577636719,116.31679547962706,114.07525295287859,115.00110634330755,1799905
2021-12-06,111.39513397216797,115.78076905082816,110.90784118565017,115.48839040471833,1841121
2021-12-07,122.60287475585938,125.08807107698422,113.5392254575787,113.68541478861513,15309168
2021-12-08,122.8465347290039,124.69824167496506,120.8486310003628,123.77238820198448,4960540
2021-12-09,121.14100646972656,123.86984199062736,120.60498135616626,123.77238490693428,2279416
2021-12-10,127.5732421875,129.27876689519917,119.72783299338239,119.97147938019657,5915366
2021-12-13,126.4524917602539,129.61989521474968,125.91646666298594,128.64530953644328,3529420
2021-12-14,123.62619018554688,126.69613651907021,122.79779385694498,125.23425802077325,2839843
2021-12-15,123.28509521484375,129.32752378477085,122.40796656811264,124.21094868692161,5761570
2021-12-16,120.79988098144531,125.08806650271038,120.0202169702591,124.74695559759981,2705563
2021-12-17,115.82951354980469,121.43338154696245,115.04984942019524,121.14101028667108,3481384
2021-12-20,109.3972396850586,114.0265215425555,107.44806837663884,113.83160738591292,3894785
2021-12-21,112.32099151611328,114.61126621177172,110.37182029674472,111.346405906429,2672904
2021-12-22,115.04984283447266,116.12188559850634,112.07735352758506,113.24685337280387,2319260
2021-12-23,116.75536346435547,118.75325957905659,116.02442422923346,116.02442422923346,2475292
2021-12-24,114.6600112915039,117.24266493314404,113.8316149177134,116.95028624333612,1903275
2021-12-27,114.02652740478516,114.85492376635263,112.56464884831355,114.07525966420042,1604766
2021-12-28,121.23845672607422,122.5541458705872,114.95237480262576,115.00110705947745,5039035
2021-12-29,122.74906921386719,125.72155865232723,119.67913012540724,121.87194800887806,7053277
2021-12-30,119.53294372558594,123.48001155181898,118.75327215137983,122.31051162600902,3623603
2021-12-31,121.53083038330078,124.25967324042725,119.72784837632372,119.87403771429453,5386417
2022-01-03,124.5033187866211,125.67281861120011,120.21514037066711,121.53082953219315,5969893
2022-01-04,130.05845642089844,131.3254207829857,125.72155310578967,125.72155310578967,16125645
2022-01-05,131.32540893554688,133.76187292321936,127.47579880922356,130.3508233404779,10030438
2022-01-06,128.4503936767578,131.32541841555192,127.67072217022115,129.42497934217934,4658289
2022-01-07,128.2067413330078,129.9122661686438,125.08807032204413,128.64530188797207,7146876
2022-01-10,128.4503936767578,131.5690648319073,128.06055048799095,128.5965755781722,5192602
2022-01-11,126.89105224609375,129.6198951175038,125.86773431044031,128.5965771818504,3427948
2022-01-12,130.49700927734375,131.52032715809293,126.50121713627067,127.86563106327192,4845617
2022-01-13,132.64112854003906,136.9292999568359,131.08178536793187,131.56907825034054,14228398
2022-01-14,133.17713928222656,134.00554313363395,131.2767000083493,132.54366448126703,5639448
2022-01-17,134.0542755126953,138.00135085171445,133.27460392322263,133.51825036549542,6405711
2022-01-18,127.7194595336914,135.66232707601998,127.1834344220808,134.492827204959,5754710
2022-01-19,126.30632781982422,128.4016813777791,123.3825629335971,127.18344910664268,4885838
2022-01-20,130.49700927734375,131.17923111184086,126.79359579805565,126.98850994891347,6368032
2022-01-21,127.91436767578125,132.2512708818274,125.23425711495535,130.35083182198662,5155619
2022-01-24,117.58375549316406,127.28088678712221,115.29348079365572,126.30630117579967,8542100
2022-01-25,121.48210906982422,122.84653053779694,113.83161280702917,117.72995560952334,5118615
2022-01-27,118.89945220947266,120.16641655967469,116.95028086177639,119.8740378833208,3537193
2022-01-28,120.65370178222656,124.89314027331957,120.11767672123882,120.26386605018985,5312619
2022-01-31,120.41006469726562,123.52873592390637,119.53293609117956,122.11558965085013,3879396
2022-02-01,123.47999572753906,124.45458135265145,119.38673907626638,121.33591032649113,5490758
2022-02-02,124.40585327148438,126.98850659742942,123.67491407181114,124.1622068715933,4807368
2022-02-03,126.06266784667969,127.08597094789609,124.21094607053068,125.08808213428478,5622216
2022-02-04,134.200439453125,134.98011093815848,126.20884019127453,126.69613301054586,17477979
2022-02-07,137.85513305664062,139.3657437427367,131.95888707794094,134.10298734001094,16060563
2022-02-08,133.61569213867188,140.04794819678756,130.7406527126167,138.58606979207997,9982439
2022-02-09,135.8085174560547,138.05005257373583,133.90806352524254,134.68773502621715,5956235
2022-02-10,138.6348114013672,142.6306185922659,136.92928648078797,136.92928648078797,16068827
2022-02-11,135.32119750976562,139.90174621247306,134.00550118608646,137.41655030718684,6485085
2022-02-14,122.79779052734375,131.37414712567502,122.01811904185969,130.44829374272376,9869852
2022-02-15,128.30419921875,129.13260299770022,119.19183200528428,123.43127823924112,8877023
2022-02-16,126.16012573242188,130.0097365735265,125.23427221939652,128.64532243548902,5023452
2022-02-17,122.31050872802734,127.23216962315554,121.57956943283993,126.64741223860639,4813784
2022-02-18,120.02022552490234,124.55205033133443,119.67912203097703,122.79779316900637,4523988
2022-02-21,114.27017211914062,120.02022917556174,111.78497563616665,120.02022917556174,10144352
2022-02-22,112.12608337402344,112.95447969952565,108.17900846919137,109.44597280384076,8328136
2022-02-23,113.05193328857422,116.6578971520277,112.61337272846441,115.04983680795954,6392957
2022-02-24,102.96497344970703,110.95657265339112,102.3314913021654,109.0561336462645,10395146
2022-02-25,110.6642074584961,111.73625022443666,106.5222182990222,108.17901098861228,7708188
2022-02-28,114.6600112915039,115.14730415085114,109.00741114887641,110.66421133195638,7200101
2022-03-02,116.85282897949219,120.21514672963585,114.31890760186954,114.51382177111014,10091114
2022-03-03,120.45878601074219,123.52873232485,119.43547552970526,120.84862176158896,12216686
2022-03-04,117.92486572265625,123.04144047508555,117.58376222626067,121.33591555760913,7931946
2022-03-07,121.53083038330078,122.7490624738932,115.97569502439877,117.43757353310968,7984133
2022-03-08,123.47999572753906,130.5457415096038,122.26176369614859,123.77237438927207,18998589
2022-03-09,120.89734649658203,125.72154223609337,120.36132144308164,125.42916358227534,6779091
2022-03-10,119.6303939819336,122.21304755907101,118.02232609915,122.21304755907101,7178388
2022-03-11,120.5562515258789,122.79780167348336,119.38675162699772,120.11769092267322,4842464
2022-03-14,116.4629898071289,121.6282969317701,116.07315404452413,120.36133256217924,5344277
2022-03-15,111.24895477294922,117.09646874329611,109.29978344950027,116.4629865760755,7040176
2022-03-16,112.32099151611328,113.73413767595623,111.44386298029781,113.39303419966636,4731502
2022-03-17,114.51382446289062,115.97570307305519,113.14940293963721,114.41636737597948,6012485
2022-03-21,114.02652740478516,117.92487022204277,113.53923455262796,116.36553458223949,5346677
2022-03-22,115.19601440429688,116.95027145024983,113.53922186628421,114.7087216065875,4837292
2022-03-23,114.95238494873047,116.60918516644351,113.73415277489696,116.60918516644351,3992771
2022-03-24,114.31889343261719,116.90153931469453,113.58795423531272,115.00110037590214,4498389
2022-03-25,112.61337280273438,115.92695800463447,112.12607998651397,114.95237237219366,3687383
2022-03-28,110.6642074584961,113.05193941152274,110.22563943913494,112.5646465692317,4609341
2022-03-29,109.59215545654297,111.83370546845434,109.15359487988572,111.39514489179709,4859549
2022-03-30,108.56884765625,110.6642083827005,108.0328225510538,110.42056195952017,5885810
2022-03-31,110.85911560058594,111.73624415617375,109.05613366912662,109.64088356101907,6142918
2022-04-01,113.73414611816406,114.02652479697115,110.90785358868935,111.10276775089497,5077804
2022-04-04,116.3167953491211,116.80408817206295,113.29558133398127,114.85491688029553,6255133
2022-04-05,119.53294372558594,120.36134012599292,116.9502900009648,117.77868640137179,7328584
2022-04-06,121.67700958251953,122.60287035552147,118.31469226684939,118.75325280872012,8046494
2022-04-07,118.46089172363281,122.65160566317743,117.6324879518113,121.72575224649279,4264063
2022-04-08,119.48419952392578,120.65370676836702,118.70453546313006,119.53293178075607,3761228
2022-04-11,121.28718566894531,122.60288229366606,119.7765823166899,120.21514290126434,4261393
2022-04-12,117.92486572265625,120.79989046648853,115.58585863444601,120.79989046648853,5631054
2022-04-13,118.11978912353516,120.26388222027208,117.82741786182045,118.89946069243933,2750802
2022-04-18,118.07105255126953,118.89944886362956,116.0244241808805,118.89944886362956,2214700
2022-04-19,120.99481201171875,126.2088438416284,118.02232275399062,119.14309775783067,18701538
2022-04-20,118.21723175048828,122.79778092178431,117.48629257833481,122.31048814034865,6056375
2022-04-21,118.70453643798828,119.72784692034253,118.07105427148413,119.28928634726192,2945809
2022-04-22,114.02652740478516,117.92487022204277,113.63669163595962,117.92487022204277,5770643
2022-04-25,110.95657348632812,112.22353779092234,110.56673774372234,112.07734845800786,4194526
2022-04-26,111.8337173461914,113.44178535722345,111.34642446015137,112.07736378921143,3229386
2022-04-27,111.24895477294922,112.07735109831533,109.39724052857301,111.10276543659084,2762785
2022-04-28,111.15150451660156,112.5646508386447,108.76376503751274,112.5646508386447,4431556
2022-04-29,110.4205551147461,112.51590827581062,110.03071937472306,112.51590827581062,1832831
2022-05-02,109.93326568603516,110.12817984430355,107.30187993642082,109.05613710283038,2262626
2022-05-04,107.05823516845703,111.05403495844226,106.52221750722042,109.64088870050192,3034707
2022-05-05,107.30188751220703,109.54343766804521,106.66840529986155,109.10486962772956,1728445
2022-05-06,101.941650390625,105.88872497194447,99.31027229341062,104.28065727453662,6237384
2022-05-09,92.00088500976562,100.1874057933737,89.1745851941095,100.1874057933737,15765612
2022-05-10,91.2212142944336,95.31447843823729,90.83137855185728,92.5856356757015,7114541
2022-05-11,92.43944549560547,93.07292764204891,89.0771280471339,92.34198841972915,6121617
2022-05-12,89.75933837890625,91.85469904854574,88.97967430716733,91.12375979882256,4256098
2022-05-13,89.80807495117188,93.267849771451,89.02840340647576,91.61105703334538,4512467
2022-05-16,88.97967529296875,90.34408929250277,86.44574658412296,89.46696813151623,6269897
2022-05-17,97.84839630126953,100.57723153598339,90.53900425837836,90.53900425837836,10475451
2022-05-18,98.1407699584961,99.65138065906757,96.24033095435621,99.11535558841362,4959565
2022-05-19,94.33988952636719,96.19159622723647,93.21911459365813,93.56021806826574,3430792
2022-05-20,99.21282196044922,102.13657890503418,97.45856481949887,97.45856481949887,11012735
2022-05-23,93.99878692626953,97.45856910364856,93.36531217549481,97.45856910364856,6453033
2022-05-24,94.87591552734375,95.85050121829849,93.85260501314052,94.1449762591277,3565444
2022-05-25,92.48818969726562,95.85050758002139,92.000896819446,95.85050758002139,3082510
2022-05-26,93.85260772705078,94.43735767143293,88.73603270158381,93.60896129726665,5404173
2022-05-27,95.46065521240234,96.77635170242307,94.24242322941865,96.48397305230782,3991318
2022-05-30,100.28486633300781,101.11326266047587,95.80177376479968,96.48398075553841,5089815
2022-05-31,102.428955078125,104.37812646851938,98.8717158035555,99.3590086511541,9463386
2022-06-01,101.16199493408203,103.98828741230805,100.43105568581699,103.69591617430116,3249757
2022-06-02,103.79338073730469,104.13448425732278,100.86962353343695,100.86962353343695,3022430
2022-06-03,104.23193359375,106.18110491806883,103.06243377335811,106.13238009625998,3841624
2022-06-06,103.54972839355469,103.89083189410431,101.11326419605928,103.79337481330423,2856422
2022-06-07,101.3569107055664,103.35481432348136,100.43105728389772,102.86752148355076,1953349
2022-06-08,101.69801330566406,103.6959169058833,100.67470281217258,103.20862407026871,3730282
2022-06-09,100.38231658935547,102.13657363987352,99.017895265119,100.1874024439637,2023383
2022-06-10,99.21282196044922,99.84629668337723,97.6047541538278,99.6513825279376,2116091
2022-06-13,94.43734741210938,97.45856132611945,93.75513302152766,97.45856132611945,2653772
2022-06-14,93.85260772705078,97.31238256868622,92.97547909272808,93.56022903711023,2679119
2022-06-15,94.82718658447266,95.85049705421972,93.36530811154964,94.77845432784252,2157814
2022-06-16,89.75933837890625,96.2403345468848,88.88220979213874,95.65558463420597,2925267
2022-06-17,90.73391723632812,91.95214922778123,86.73811779146152,89.22331402822506,3403444
2022-06-20,82.206298828125,90.44155210582775,79.13635251597542,90.24663051277946,10192601
2022-06-21,88.34619140625,88.73602715664434,82.98597028594854,84.20420235874433,5244529
2022-06-22,81.86519622802734,86.49447815758842,80.59823188363225,85.95845306522928,12406905
2022-06-23,83.27835083007812,85.03260818517546,80.98807576433946,81.91393670444612,6622115
2022-06-24,83.08341979980469,85.08132319147713,82.06010197763142,82.54739476238102,6666366
2022-06-27,85.03260040283203,86.39702183908895,84.39911822505218,85.7635396613091,4503170
2022-06-28,87.90762329101562,88.39491611953677,84.05801291989795,84.78895216267966,4572546
2022-06-29,86.93304443359375,88.20000886104597,85.76354452786791,86.88431960822963,2855088
2022-06-30,84.88641357421875,88.44365289109822,84.25293137770615,87.90762777816475,5048882
2022-07-01,86.1046371459961,86.49447287704861,83.4732589735133,83.91181952376105,2962596
2022-07-04,85.08132934570312,85.7635363194998,82.93723647641663,85.27624349950266,2968114
2022-07-05,84.64276123046875,86.83557891745238,83.9605542576065,85.86099327879299,2375230
2022-07-06,85.81227111816406,86.49447811217333,81.18298919103366,83.81436752278204,4453860
2022-07-07,88.93093872070312,90.14917075797304,84.88640686986739,86.7868533093074,5938255
2022-07-08,87.85889434814453,90.63646185332419,86.8355764820529,90.14916904766116,6598833
2022-07-11,89.1258544921875,90.05171531863765,86.05591565087471,87.61525119981897,4048079
2022-07-12,87.76143646240234,89.07712553842404,86.83557567890702,87.51779006182431,4379709
2022-07-13,88.78475189208984,89.07713056347647,86.7381234988789,86.93303765613767,3640651
2022-07-14,87.03050994873047,89.41824204830013,86.2508383790143,88.83349208876257,3246315
2022-07-15,85.42243957519531,87.51780035367452,84.39912159822904,87.12796457980646,3244822
2022-07-18,90.1004409790039,90.63646606433646,86.15337353104962,86.59193410232284,5498911
2022-07-19,90.78266143798828,91.1237649533878,88.88221481990702,88.93094708017793,4231449
2022-07-20,91.90343475341797,93.5602274740718,91.61105606836196,91.65978832770425,5063448
2022-07-21,92.58563995361328,93.02420053708882,91.61105426989104,92.09834711175216,2266998
2022-07-22,93.31657409667969,94.53480613449535,92.63436712970223,93.07292768911655,3064980
2022-07-25,92.53690338134766,93.99878183878126,92.19579989504615,93.56022127575051,3614462
2022-07-26,96.14287567138672,96.5814362388288,92.09834374470476,92.97547231508734,6826196
2022-07-27,96.72763061523438,97.70221631412842,95.2657520668933,96.24033776578734,3882752
2022-07-28,97.21492004394531,98.5306092040569,95.70430928961441,97.75094513367526,4498422
2022-07-29,100.43106079101562,100.86962138806854,97.45857138943819,97.94586424638538,3924851
2022-08-01,102.18531036376953,103.06243899122012,100.57724245269327,100.9183534001177,3321288
2022-08-02,101.99040222167969,102.33150575375902,99.40774844650876,101.8442128692173,2723475
2022-08-03,101.941650390625,102.91623597263002,99.7001080133122,101.69800399512374,2558158
2022-08-04,101.50309753417969,103.35481176721747,99.79757263660514,102.33149385447335,2816296
2022-08-05,101.50309753417969,103.01370083930378,101.16199404176447,102.0391151835469,2098867
2022-08-08,108.22773742675781,109.73834069532346,100.9183451854774,101.99038789376554,13647552
2022-08-10,109.93326568603516,110.51801559633883,108.37392267789399,109.44597285486567,5558821
2022-08-11,109.05613708496094,111.49260124040913,108.5688442538713,111.49260124040913,3234510
2022-08-12,109.98199462890625,111.68751960190589,108.17901257312066,108.861219588121,3901600
2022-08-16,111.05404663085938,111.73626113799966,106.86333223913792,109.98200376020966,3805826
2022-08-17,112.36973571777344,114.80620000102525,111.3464177446081,111.97989994535337,6226691
2022-08-18,112.66210174560547,113.63668741370844,111.5900589977919,112.36973050647372,2762967
2022-08-19,110.0794448852539,113.00320180051163,109.44597016868008,112.66209831416457,3222070
2022-08-22,107.98409271240234,109.64088533887939,107.54552470974778,109.64088533887939,2429109
2022-08-23,111.49260711669922,111.83371062934035,106.13238569219925,107.15569623012263,3556002
2022-08-24,113.9290771484375,114.80620582198051,111.34642339014394,111.97990562300829,5118962
2022-08-25,111.8337173461914,114.56256048221543,111.49261381306324,114.17272468628352,3282484
2022-08-26,114.90364837646484,116.36552683561708,112.75955550840924,112.9544770975952,4781736
2022-08-29,115.82951354980469,118.60708141781785,109.20233498837844,111.10277420451926,7985746
2022-08-30,115.7320556640625,117.87614130006025,115.00111636513158,116.7066413959704,3190110
2022-09-01,114.07525634765625,116.26807411861121,113.05193841367783,115.6345919421245,2450533
2022-09-02,112.41844940185547,115.43966332659598,111.83369951892152,114.56254221994415,3027945
2022-09-05,113.83161163330078,114.80619732387528,112.46719017939674,113.00320784791346,2647446
2022-09-06,114.95238494873047,116.85283160121021,113.24685990536355,113.83161729720292,4111385
2022-09-07,115.7320556640625,116.46299496299342,113.00321264052077,114.7574699321546,3198180
2022-09-08,114.90364837646484,117.09646606519318,114.12397689071766,116.6578980661485,1905202
2022-09-09,116.26807403564453,118.60707370792852,114.9523774256115,116.36553111607326,4472640
2022-09-12,117.04773712158203,117.82740862939465,116.46298720847184,117.29138353833615,2194755
2022-09-13,119.48419952392578,120.45878517654425,117.19392472737204,117.82740688867374,5302342
2022-09-14,119.09435272216797,120.50750624860355,116.41424242621862,117.19391385014845,4217581
2022-09-15,118.89945220947266,120.5075200584218,117.19392728023843,119.48420212668182,2007989
2022-09-16,114.221435546875,119.28928540330706,112.90574640254593,118.4121568285882,3554819
2022-09-19,112.07735443115234,115.4884043486222,111.2002258224175,114.61127573988735,1999869
2022-09-20,114.69615936279297,117.10822151226887,113.21938477872267,113.21938477872267,3189112
2022-09-21,113.5147476196289,116.96055513179657,112.4317735353648,115.53300179856855,2688792
2022-09-22,114.89306640625,115.87758285364293,111.00422944355365,112.8255833689777,3357513
2022-09-23,111.89029693603516,115.68068379647528,110.95500179432624,115.68068379647528,2684156
2022-09-26,104.26029968261719,110.11816989976532,102.78352492085565,109.67514047574281,4506519
2022-09-27,102.78352355957031,106.03242348565769,101.30674881736748,105.54016523825675,2773239
2022-09-28,99.09158325195312,102.83274129510859,98.64854633796774,101.40519543188398,2815671
2022-09-29,101.45442962646484,102.73429658606734,99.87919719731576,101.01139268904232,3899023
2022-09-30,105.29403686523438,105.83552394574177,101.84822910886139,102.0943582343166,4487639
2022-10-03,102.98041534423828,105.83551444548561,102.04512775596989,105.44170637785423,1701062
2022-10-04,106.47545623779297,106.77080666788738,105.0971316968923,105.34326081093656,1711694
2022-10-06,109.23210144042969,109.92126748942786,107.31229729155456,107.50919758483134,2232014
2022-10-07,109.57669067382812,110.01972009925204,107.41074984296759,109.82281980156695,1820936
2022-10-10,108.73983764648438,109.13364572420484,106.91848373719961,107.31229181492007,1347444
2022-10-11,106.18009948730469,109.97048638384452,105.83552022603098,109.18287771682813,1290218
2022-10-12,107.2630615234375,107.85377738758211,104.90022811191595,106.32777392398224,1364717
2022-10-13,107.4107437133789,108.887518395537,105.63861860154788,107.3122935701546,2025576
2022-10-14,106.52467346191406,109.28132243782431,105.93396511315163,108.44448498447218,1372634
2022-10-17,105.39248657226562,106.32777417391941,103.37422489131053,106.32777417391941,2074559
2022-10-18,105.29403686523438,106.57391132210742,104.30952036341353,106.22933204872308,1591874
2022-10-19,104.2110595703125,107.41073787438276,103.66958005638212,105.39248375857379,1921557
2022-10-20,105.04789733886719,105.49093422757987,102.34047722692459,103.52190141889434,2158233
2022-10-21,102.73428344726562,106.32776976088154,101.99589615725951,105.097124277538,1869678
2022-10-24,103.42345428466797,104.35874189145358,102.93119606819884,102.93119606819884,352305
2022-10-25,104.6048812866211,105.54016898538369,102.19281879322384,103.86649388930377,2432958
2022-10-27,106.57390594482422,107.31229328393385,105.4909393497163,106.32777683178767,3515708
2022-10-28,103.12809753417969,106.82003420008111,102.68506813877727,106.57390508902101,2233780
2022-10-31,101.40518951416016,104.11260962254792,100.96216013729324,103.37422232026034,2460512
2022-11-01,102.53739166259766,102.83274209629118,100.76525901537825,101.45442504985893,3419287
2022-11-02,104.06339263916016,104.85100885572793,102.58661786654427,102.78352567631867,2271698
2022-11-03,103.2757797241211,105.34326281925543,101.9466839851965,102.88197163188966,2725580
2022-11-04,106.27854919433594,106.52467831012761,103.71880789235551,103.76803672001965,2792052
2022-11-07,111.05345916748047,112.2348759093893,106.0816480634798,107.41074377594336,6283812
2022-11-09,111.49649810791016,112.4317858160091,110.31508126491516,112.3333356643037,3452797
2022-11-10,109.03519439697266,111.34880650043435,100.66680475928175,111.15190621934732,2342479
2022-11-11,111.89029693603516,113.36707162279866,109.92126402035046,111.1519095926534,3634311
2022-11-14,114.64694213867188,115.18842921212364,108.29681378917607,109.77358852266484,7240137
2022-11-15,117.35436248779297,117.64972043900767,113.71165448289025,114.9915289231343,5439447
2022-11-16,115.08998107910156,118.33888104286105,114.20391472125266,117.35436453664335,3617147
2022-11-17,110.51197052001953,113.9577780640736,108.83829557455616,113.76087778034767,5530857
2022-11-18,107.90300750732422,110.70887804592249,107.55842823263055,110.01971949653513,2699201
2022-11-21,107.50919342041016,108.78906781092684,106.32777668398279,108.29680958553803,2259175
2022-11-22,110.2658462524414,110.75810449463981,106.57390943595341,107.31229679925102,3068825
2022-11-23,111.15191650390625,112.5302411328405,109.97049217427762,111.10268767344736,2253002
2022-11-24,112.33332824707031,112.82558648435919,111.00423250864324,111.74261986457657,2278611
2022-11-25,112.8255844116211,113.90855101150835,112.2841048673097,112.72713426822489,1786026
2022-11-28,112.72713470458984,113.12094279096358,111.05345972658209,112.23487647443879,1816414
2022-11-29,112.87480926513672,114.49926286341012,112.13642194876373,112.72713029960927,2668670
2022-11-30,115.48377990722656,117.84661332333478,113.21938912031457,113.21938912031457,7581421
2022-12-01,117.55126190185547,119.42184459974688,116.27138755296552,117.0590036924769,8464740
2022-12-02,116.81287384033203,118.63422770112552,115.68067846375311,116.46829459822473,2927276
2022-12-05,119.56952667236328,120.60327200836953,117.40359336324953,117.7974014679788,5673261
2022-12-06,118.04352569580078,119.52030039380179,116.66520114208026,119.52030039380179,2157842
2022-12-07,115.77913665771484,118.92959390352038,115.04074929700077,118.92959390352038,2115223
2022-12-08,116.27139282226562,116.86210119803737,114.40081003960132,116.36984296635016,1608858
2022-12-09,114.54849243164062,118.38810825570006,113.21939666865286,117.108233810592,2554103
2022-12-12,113.46552276611328,114.35158908823172,112.82558556062416,113.71165188274259,2162796
2022-12-13,112.72713470458984,114.89306791274865,112.1856476469179,114.20390939504298,3088743
2022-12-14,116.0744857788086,116.5175151570379,113.56396593880493,113.61319476361444,2967911
2022-12-15,112.43177032470703,116.86209414240805,111.8410619845997,116.07448552601964,2916321
2022-12-16,109.37976837158203,112.48099647241789,108.69060990973578,112.18563855376156,3227227
2022-12-19,111.20112609863281,111.44725520244675,109.28132209338973,109.82280912628607,1717094
2022-12-20,110.61042785644531,111.05346479054212,108.78907382408687,111.05346479054212,1623902
2022-12-21,108.395263671875,111.44726327806707,107.45997601411547,110.75810474195633,2392487
2022-12-22,105.73706817626953,109.77358411687948,105.04790215487576,109.2813258921401,2340102
2022-12-23,98.4516372680664,105.24480174181575,97.86092894671077,104.90022251363028,3550370
2022-12-26,102.73428344726562,103.71879983394047,97.76248020131611,100.32222130441787,3711818
2022-12-27,107.36151885986328,108.14912749097076,103.52190331051375,103.57112462487184,4203839
2022-12-28,107.01692962646484,107.70609561290752,105.78628412702865,107.31228755083514,2614409
2022-12-29,107.2630615234375,108.69061484676801,105.63861543083249,107.06616124289877,4236130
2022-12-30,107.90300750732422,110.36429877122882,107.4107492545433,108.09991531519549,2757547
2023-01-02,114.94229888916016,115.38532830007291,107.85378324696835,107.90300456414496,8485712
2023-01-03,114.54849243164062,115.63145907143566,113.12094652162872,115.43455877738738,4404940
2023-01-04,112.8255844116211,114.40080923975388,111.74261781173384,114.20390895296146,3959214
2023-01-05,113.76087951660156,114.89306743220195,112.33332614837566,112.38255497569065,2875797
2023-01-06,114.10546112060547,117.60049010517673,113.61320288238997,114.30236141138582,9705003
2023-01-09,117.79739379882812,118.78191024092236,115.97603988320665,116.17294016711976,8175110
2023-01-10,121.3416519165039,123.75371420364468,117.6004864188321,117.69894407240062,17162947
2023-01-11,123.55681610107422,123.95062418850982,121.53855434750703,122.5230708104638,11527292
2023-01-12,123.40913391113281,124.93513739342671,122.52306761532553,124.54132931626077,6785828
2023-01-13,124.93513488769531,125.32894295696293,123.06455219212222,123.5568104008907,4962297
2023-01-16,125.96887969970703,127.49488323716739,123.40913837248787,126.46113793614397,9885230
2023-01-17,126.26424407958984,127.39643207207126,124.5413401642738,127.00263147186816,4610744
2023-01-18,128.47940063476562,128.87320121773786,126.51036767484585,126.75649679483583,6708037
2023-01-19,128.72552490234375,130.30075721991165,126.80572084329637,127.44565052213592,6093788
2023-01-20,128.03636169433594,130.05462333255286,127.54410349099173,128.67629134967214,4200821
2023-01-23,127.24874114990234,129.02087362496744,125.8211954142349,128.97164480183525,5299106
2023-01-24,126.65803527832031,127.6917805552839,125.13203928764123,127.2979799843115,3115940
2023-01-25,125.37816619873047,127.39642037895278,124.83668666751856,125.82120310019216,3001602
2023-01-27,121.53855895996094,127.15030000727731,120.06178420948139,125.47662496123974,4401500
2023-01-30,119.71720886230469,122.523079477971,118.3388842144071,121.09553351020227,3351781
2023-01-31,121.39087677001953,122.47384332244688,118.68345663331911,119.66797304666471,2755504
2023-02-01,116.36983489990234,122.37539091920871,113.46551453877339,121.98158285890376,3521247
2023-02-02,114.79461669921875,117.55126576688164,113.61319996237147,114.20390833079512,3211620
2023-02-03,105.83551788330078,115.68068233756132,104.40797204193876,115.28687425713802,8680426
2023-02-06,104.1618423461914,107.36152077587457,103.37422618976366,105.34325906956867,3556294
2023-02-07,104.1618423461914,104.90022967611829,101.65132241993426,103.9649345514523,3328409
2023-02-08,106.57390594482422,107.45997225400866,103.27577733238739,104.3587439274953,3910618
2023-02-09,105.58938598632812,107.55841882523401,104.60486956687518,106.86926033612262,3015848
2023-02-10,105.44171142578125,106.22932759875042,103.96493673491241,105.14636099436618,1645670
2023-02-13,104.26029968261719,106.67236212232174,103.57113362036955,105.34326633898934,2273671
2023-02-14,104.90022277832031,105.34325214263895,103.22654043378175,104.3587357674741,1958345
2023-02-15,105.04789733886719,105.8847422915698,103.62035155707581,104.70331809960003,1959493
2023-02-16,106.47545623779297,106.96771446588146,105.14636052420694,105.14636052420694,2039279
2023-02-17,104.40797424316406,107.70610290262266,104.21106644316883,106.37700717552914,3148005
2023-02-20,102.6358413696289,104.94945355772255,101.89745402164596,104.85100341357773,4222754
2023-02-21,101.99590301513672,104.1126148910613,101.84822404495324,103.42345637855769,2780510
2023-02-22,99.28848266601562,102.68506893162927,99.04235355305512,101.9959029085812,3393069
2023-02-23,100.07609558105469,101.25751228038139,98.45164198603231,99.63305868535902,2769882
2023-02-24,98.4516372680664,100.37144119028817,97.95937908172607,100.37144119028817,3047575
2023-02-27,95.49810028076172,98.45164977398116,94.0705543635449,98.45164977398116,4104513
2023-02-28,95.74422454833984,96.63029085361077,94.71047927364634,95.9903536602893,2349065
2023-03-01,101.01139068603516,101.30674863846002,95.89190792661222,96.43338749103815,5844138
2023-03-02,99.87918853759766,101.84822139205016,99.43615914985153,101.06061275702771,3144796
2023-03-03,101.40518951416016,102.0943479917896,98.94389850653491,100.42067311111005,3786418
2023-03-06,100.81449127197266,102.192815876546,100.42068316905673,101.79900777363008,2297500
2023-03-08,99.92841339111328,100.42067158515817,97.71325151791126,99.53460533362458,2539378
2023-03-09,100.568359375,102.68507129748205,100.32223025636871,100.3714515733362,2625942
2023-03-10,99.14080047607422,99.97764544197229,98.00861260223883,99.7315163370056,1907885
2023-03-13,97.07332611083984,100.61758403462271,96.48261770875351,99.43616723045004,2823880
2023-03-14,96.72874450683594,98.55009849911376,95.99035714418834,97.61481084426599,2523727
2023-03-15,97.12254333496094,98.94389715344317,96.77796410085845,97.46712256906342,2316316
2023-03-16,96.23648071289062,96.7287389262558,92.39686514638946,96.23648071289062,4122092
2023-03-17,98.64854431152344,99.73151840484262,96.33493217911894,97.07331950932874,2511325
2023-03-20,95.74422454833984,98.35319463725699,94.95660838559581,97.95938655588498,2370224
2023-03-21,96.67951202392578,97.27022790072812,95.54732411967156,96.58106188154686,1566350
2023-03-22,96.87641906738281,98.35319372538784,96.1872530535552,97.46712742833196,1719986
2023-03-23,97.07332611083984,98.94390897683395,96.77797566542911,96.87642581389935,2486946
2023-03-24,94.80894470214844,97.95939458894519,94.5135867390828,97.95939458894519,2472874
2023-03-27,94.5135726928711,95.9903472661972,93.7259565825916,95.4980890750885,2577531
2023-03-28,93.18447875976562,95.20273287295333,92.69222055977876,94.6612533597262,2540228
2023-03-29,94.95661163330078,95.4980987026153,93.08603632751901,93.08603632751901,2730646
2023-03-31,96.82718658447266,98.55009028708342,95.79344886966462,96.6302863086799,3726947
2023-04-03,97.81170654296875,98.25474344650992,96.72873996419752,98.156285793769,1246951
2023-04-05,96.67951202392578,97.5655783278649,95.39964515047097,96.97486996232695,2298505
2023-04-06,97.46712493896484,97.71325404234607,95.79345004047818,96.87641659310273,1687588
2023-04-10,98.94390106201172,99.73151720929961,97.2209973121757,98.10706360005851,2483479
2023-04-11,99.14080047607422,99.4361584065399,98.10706274197265,99.33770826680608,2275919
2023-04-12,99.38693237304688,100.02686956619038,98.84545283366728,99.43616119992883,2078729
2023-04-13,98.9931411743164,100.2730081704987,98.10707478541168,99.43617061313621,1489941
2023-04-17,100.71603393554688,101.06061318427999,98.50087196492281,98.99313018061704,2292398
2023-04-18,99.58383178710938,101.20828529104294,98.94389464783085,101.20828529104294,1716449
2023-04-19,99.73151397705078,102.19280496847588,99.43615605357417,100.02686438926338,3584017
2023-04-20,99.53461456298828,100.61758118805251,98.84545603192868,99.82997251130791,1896863
2023-04-21,96.97486114501953,99.78073125965314,96.67950323347337,99.63305230388006,3266434
2023-04-24,97.76248931884766,97.95938961004038,96.08880679865099,97.46713137079394,1576108
2023-04-25,97.56558227539062,98.84545671189385,97.22100300749044,97.7624900793798,1907966
2023-04-26,97.36868286132812,97.76249096159553,96.38416636629198,97.22100388481975,1898996
2023-04-27,98.30396270751953,98.84544974122274,96.97486704719658,97.36867511613853,2307626
2023-04-28,99.82997131347656,100.42067969176344,98.55009690113454,98.84545484591025,2867161
2023-05-02,102.68506622314453,103.27577457641597,99.82996708585763,99.82996708585763,6561866
2023-05-03,103.66958618164062,104.26029455504091,101.60209560784287,103.27577809561893,3906119
2023-05-04,105.93396759033203,106.77080506325292,103.66958428191457,104.35874278637546,6822136
2023-05-05,103.02964782714844,106.08164731493069,102.68506857246187,106.08164731493069,3249600
2023-05-08,105.24481201171875,105.68784141815081,103.12810010165151,103.57112950808357,2763076
2023-05-09,104.11261749267578,107.01693809671266,103.52190910844544,106.13087927599946,2011030
2023-05-10,104.06339263916016,104.8017800254681,102.78352567631867,104.11262146941999,2275047
2023-05-11,103.4726791381836,105.29403309915435,102.93119958830826,104.30951663254696,3483081
2023-05-12,100.51912689208984,103.12809695697746,100.4206767504697,103.12809695697746,3186646
2023-05-15,102.8327407836914,103.37422783878128,99.53461215965937,100.86370787247652,3731816
2023-05-16,102.73428344726562,103.91570761803379,102.38970421418223,102.88196240751964,2372949
2023-05-17,101.06060791015625,102.68506143942355,100.02686270664145,102.38970352091536,2892348
2023-05-18,100.32223510742188,102.3897183016444,100.12532729623666,101.50365192947332,1842580
2023-05-19,100.02687072753906,101.10983733013627,98.94390412494185,101.10983733013627,2542387
2023-05-22,102.09434509277344,102.38970300980728,100.56834921813558,102.19280273929395,3940408
2023-05-23,101.3067398071289,102.78351441798716,100.91293174198056,101.40518994559997,2895692
2023-05-24,100.61756896972656,101.30673492836311,100.02686065608363,100.81447674845003,2038851
2023-05-25,101.25750732421875,101.40518628222233,99.48538236196734,100.42066991055026,2309949
2023-05-26,105.24481201171875,105.44171230096309,101.35596745339416,101.40519628133752,7127234
2023-05-29,107.21385192871094,107.70611019513177,104.45720263224824,105.34326901405876,5489963
2023-05-30,109.37976837158203,111.10267203746152,106.47544805360502,107.50918574637438,10315826
2023-05-31,111.49649810791016,111.74262724280621,107.80456108446941,109.28133589384571,10170176
2023-06-01,109.87203216552734,112.97326042453207,109.47822409098855,112.97326042453207,3534039
2023-06-02,112.03797912597656,112.8748166369332,110.3642965927986,110.61042571433082,4414157
2023-06-05,112.57945251464844,113.56396894680323,111.98874415760841,112.23487326564711,3137680
2023-06-06,111.89029693603516,113.81010102432192,111.10268076525549,112.43177648108976,5189783
2023-06-07,113.36707305908203,113.9577814390184,111.64416923602991,112.08719864316606,2899993
2023-06-08,111.69338989257812,114.35158885347634,111.4472607764541,113.90855193769438,2988963
2023-06-09,111.00423431396484,112.48100904984908,110.65965504451147,111.84107182871297,1604843
2023-06-12,111.64417266845703,112.38256004389488,110.51197719053269,111.25036456597054,1647861
2023-06-13,111.59493255615234,112.87480688201593,111.15190318018789,112.18564089452629,3153024
2023-06-14,113.61320495605469,114.49927130326797,112.33333050882833,112.67790977961549,5875926
2023-06-15,112.48100280761719,114.45003567952295,111.89029444829832,114.20390657053473,3415430
2023-06-16,113.41629028320312,114.40080671799227,112.28410239220706,113.12093985952497,3762955
2023-06-19,112.72713470458984,114.3023595388203,112.1364263306615,114.00700910748837,2102578
2023-06-20,115.28688049316406,117.40359246757882,112.1856520200694,112.62868895123422,9544830
2023-06-21,114.00700378417969,115.97603661284417,113.07170868380557,115.72990750926111,3086853
2023-06-22,113.46552276611328,115.97604276023809,113.02249336068634,114.69616834925985,4501149
2023-06-23,112.28410339355469,114.20390745400856,110.51197079062466,113.21939101043952,4736475
2023-06-26,114.15467834472656,114.45003628157184,111.2503578478935,112.2348742890253,2617876
2023-06-27,113.5147476196289,115.18842254960464,113.02248940360496,114.64693550747258,3680530
2023-06-28,114.05622863769531,117.45281487930782,113.46552027301708,113.81009952647402,12808722
2023-06-30,114.25313568115234,116.07448958994469,113.31784055791108,114.20390685472647,4314495
2023-07-03,116.51751708984375,117.60048365224073,114.99152114186843,115.680679633049,5665026
2023-07-04,115.33610534667969,117.05900915997672,114.84384711430911,116.51752209986327,4006412
2023-07-05,114.499267578125,116.32062153125642,113.95778051931576,115.68068432846307,2728803
2023-07-06,120.11100769042969,121.09552414690862,114.25313777888583,115.23765423536476,13433790
2023-07-07,117.64971923828125,121.19397706036148,116.66520275929982,121.19397706036148,9047425
2023-07-10,116.17293548583984,119.12648469310696,115.77912742261809,118.83112676787462,4656358
2023-07-11,117.00978088378906,118.04352618114591,116.41907250441282,116.91133073910379,2747942
2023-07-12,117.69894409179688,118.83113199537746,115.82836134265271,117.3051360112511,4330871
2023-07-13,115.43456268310547,120.01256603163941,114.05623804433777,119.76643690011893,6827904
2023-07-14,118.24042510986328,119.37262053887666,116.07449190665338,116.17294205020575,9645590
2023-07-17,120.70171356201172,121.63700868305294,118.58500172217184,118.83113083119358,8993407
2023-07-18,118.09274291992188,121.5877792552464,117.40358442257597,121.5877792552464,4206730
2023-07-19,117.945068359375,120.40635937262353,117.4035813319547,118.48654787553123,4432296
2023-07-20,117.84661102294922,119.07725653284328,116.96055226483678,118.14196894982943,3320839
2023-07-21,118.09274291992188,118.7326801024655,116.02525991661993,117.64971353038013,5954642
2023-07-24,116.32062530517578,118.33887961175583,116.12371749955459,118.33887961175583,2605336
2023-07-25,122.62152099609375,123.21222933563101,116.66519375353829,117.10822313037521,16714759
2023-07-26,124.1967544555664,124.8859129815189,122.1292713664443,123.50758841834931,6306106
2023-07-27,125.77198028564453,126.60882530242766,124.29520556604793,124.98436409735382,6075098
2023-07-28,125.87042236328125,127.00261774465308,124.44287656368036,125.77197222387156,4188320
2023-07-31,138.915283203125,142.16417561274545,128.03637294847772,129.46391885914872,44878185
2023-08-01,148.07127380371094,150.3356647308848,140.1459280923966,141.47501633783622,53135652
2023-08-02,144.5762481689453,150.23721781429512,141.08121173122353,148.56352781416848,20206862
2023-08-03,148.8096466064453,151.32016640995462,144.72390958962689,145.36383923526373,16319272
2023-08-04,151.6155242919922,154.9628740141029,150.72946554864757,150.72946554864757,16560157
2023-08-07,146.39759826660156,153.09231336689444,145.70843973183523,153.09231336689444,7702479
2023-08-08,144.477783203125,146.9390742287319,143.69016707042516,145.95455781848915,4828317
2023-08-09,149.54803466796875,150.13875051507205,145.757655553728,145.8068843780746,8848593
2023-08-10,145.95455932617188,151.96011549970024,144.87158525470662,149.6464959027192,7285415
2023-08-11,156.4888916015625,158.2117954427743,145.21618090213954,146.49605533154562,25624995
2023-08-14,150.04031372070312,156.48890002067918,148.21896714695103,156.43967118949018,12704751
2023-08-16,140.68739318847656,145.01927453557633,136.20785540699936,142.75488372033425,29124905
2023-08-17,140.3428192138672,143.2471396595026,139.6044318960347,140.9335200546161,6758674
2023-08-18,138.57069396972656,142.4595310446553,136.84779013706566,140.78585604029058,4655619
2023-08-21,134.58340454101562,139.5059871140047,133.008187131177,139.16141534741337,5871430
2023-08-22,142.60719299316406,144.08396745278594,134.977191618451,135.37099213200617,13124521
2023-08-23,146.0037841796875,147.57900139597712,143.44403554724087,144.2316516666497,15574745
2023-08-24,143.93629455566406,148.56351862730617,142.8533355300825,147.48055960172462,6140209
2023-08-25,142.60719299316406,145.21615519615207,141.9672483804786,143.54248047975258,3512768
2023-08-28,145.6099853515625,148.7604501914513,143.73940999759202,143.73940999759202,11141328
2023-08-29,149.40036010742188,150.04028974302247,146.29913953100706,146.29913953100706,11363693
2023-08-30,152.2554473876953,155.84894107562474,150.6310014206017,150.6310014206017,18305276
2023-08-31,155.9966278076172,160.77153857799692,151.9601193939984,154.1260525699071,25698713
2023-09-01,164.51271057128906,165.5464408620052,154.91367484727826,156.9811504512399,23024424
2023-09-04,168.893798828125,172.04424844172232,162.98670016918174,166.18637860944267,18399015
2023-09-05,165.9402618408203,169.82909907602624,164.66038736501676,169.82909907602624,6791193
2023-09-06,161.21458435058594,166.33406738347253,160.03316750030908,165.94026677422366,5858899
2023-09-07,160.18081665039062,162.83900794870132,159.04862878968385,161.4606909858819,4706448
2023-09-08,164.3650360107422,166.33406912263496,160.7715565905501,161.0669145618401,8074047
2023-09-11,163.9219970703125,168.15542102017784,163.18360969612192,165.98948772705802,5453052
2023-09-12,152.3539276123047,166.58018796158103,150.82792404043806,166.28483000855368,9680348
2023-09-13,156.04586791992188,156.8334841379038,147.7759351874364,153.4861189671131,12125077
2023-09-14,159.44244384765625,159.88547326725327,154.86444814093758,157.03038143204608,6843565
2023-09-15,158.802490234375,161.55913901844423,157.71951624053546,160.47616502460468,4889241
2023-09-18,154.91366577148438,158.99940293383787,152.60004615941097,158.80250265297659,3775471
2023-09-20,156.63658142089844,161.1653483149525,152.8954157101375,155.0613490092529,13281824
2023-09-21,151.86166381835938,156.2427590569116,149.35114384311248,156.2427590569116,4826916
2023-09-22,151.68338012695312,153.61471838773846,149.55397526591543,153.02045813631744,4276180
2023-09-25,155.89268493652344,158.36874419607855,150.0491911290399,152.27764446263953,5257493
2023-09-26,154.7041778564453,158.86395434538267,154.01088429373345,155.4965198335444,3469033
2023-09-27,157.7744903564453,159.80486186004885,150.99008231365593,153.9613532615639,10877972
2023-09-28,154.80320739746094,160.74574883219907,153.02044194450664,158.86393497693336,11931246
2023-09-29,160.8448028564453,161.68666904662444,156.486944620929,156.486944620929,10590492
2023-10-03,159.35916137695312,160.89432107757287,157.57641087317873,159.60676729277355,4960359
2023-10-04,154.35752868652344,160.10197364689142,151.63386370568284,157.8735204807491,8648303
2023-10-05,152.32716369628906,156.43741588786827,151.73290344833418,155.54604062860184,3666626
2023-10-06,153.3671112060547,154.20896225719486,151.7329030844311,153.41662029937729,3928257
2023-10-09,147.424560546875,151.23768238174137,146.33508852967606,149.70252276211193,5632085
2023-10-10,153.31759643554688,154.20897174753256,148.2664293671832,149.05877137376314,5054104
2023-10-11,152.37667846679688,156.73453630639528,152.03002415817804,154.06039558152057,6393108
2023-10-12,155.89268493652344,156.73455112983874,153.11951065595483,153.51567409241707,6352909
2023-10-13,155.54603576660156,157.27927713751603,152.52524064047466,153.5156642809972,5132305
2023-10-16,158.6163330078125,158.96298731181383,154.10991773178384,155.89266811617708,6580998
2023-10-17,156.93263244628906,160.84480304383686,155.9917329526003,160.25055789066488,4645855
2023-10-18,153.26806640625,159.210608560935,152.07956099784624,157.9725789453756,5594172
2023-10-19,155.59556579589844,156.28885934768468,151.58434687908854,152.42619793744825,4604420
2023-10-20,152.52523803710938,157.77448626481566,150.94055419425518,155.99172071977097,6661231
2023-10-23,140.7392120361328,155.0013070907944,139.7487883486517,153.02045971583217,8588718
2023-10-25,139.79827880859375,144.35423320879104,137.52031672115922,142.42291029817025,5006210
2023-10-26,139.55068969726562,140.1449499470545,134.3509654059438,138.510756929134,4781118
2023-10-27,139.30308532714844,141.33345690505342,138.3621858484118,140.6401633477036,5520942
2023-10-30,142.12579345703125,142.62100528092336,139.40212842562474,140.14494616146288,3557914
2023-10-31,141.8286590576172,145.04753581572115,141.23441395448933,143.41334289128824,2977300
2023-11-01,139.45166015625,142.62101297766483,138.80787568284825,141.82867099414455,1867813
2023-11-02,144.3047332763672,144.9485177632828,140.8382502492831,141.5315438321666,3250941
2023-11-03,143.8590545654297,145.938950556021,143.31431846192552,145.69134461012527,2518522
2023-11-06,146.4341278076172,147.7216663315632,144.60183819636475,144.79991988369,3129638
2023-11-07,144.5523223876953,146.87982390870533,144.10663478717518,145.93892450479285,2181906
2023-11-08,144.89898681640625,146.68175245567883,143.90856314043992,145.74083787337807,2529582
2023-11-09,142.86862182617188,145.98845050382576,142.32388575681432,145.3942053385266,3355110
2023-11-10,143.66094970703125,145.04753673579006,141.28392394144666,143.51237709580806,2398962
2023-11-13,160.49815368652344,162.03331334916257,147.87025229210272,149.00923343163137,36133553
2023-11-15,158.71539306640625,162.82564525051674,158.0220995201626,162.42948182771062,7210224
2023-11-16,157.47735595703125,160.34957841684187,156.9821441458456,158.76490968864692,3181592
2023-11-17,156.38787841796875,160.1514910729243,155.44697903239603,157.4773504092622,3715792
2023-11-20,155.44699096679688,159.65629153675326,155.00130334074643,157.27928078937362,4188790
2023-11-21,157.08119201660156,160.34957786913068,156.48693180014257,157.03166781311913,5936436
2023-11-22,156.5859832763672,159.70581169226622,155.59555963796552,158.07161873396967,4058099
2023-11-23,160.59718322753906,161.93426115369058,155.00129584435828,156.73453717169136,6666292
2023-11-24,162.3799591064453,165.79691777555576,160.89432358833938,161.8352230606066,13106168
2023-11-28,167.08445739746094,167.62919339705965,162.33042112053576,163.76654742293186,9085521
2023-11-29,171.6404266357422,176.29541490566186,168.5205829785199,168.5701071850154,28729507
2023-11-30,171.392822265625,172.97749109914608,163.9151203971782,172.13564003177535,16318300
2023-12-01,173.86886596679688,177.73151196093704,172.1356246671531,173.62126006684775,13382377
2023-12-04,176.39447021484375,181.44562210887133,174.4631318746764,178.02866330442131,13877822
2023-12-05,176.0478057861328,179.11812518105572,171.54137510493916,176.7410993264705,8237136
2023-12-06,178.57337951660156,179.56380312444443,174.31455498034427,176.29540219602998,8894506
2023-12-07,181.24752807617188,182.53508184460128,176.14685232018738,179.6133350976005,16324679
2023-12-08,184.41688537597656,190.1613457170455,181.247532636559,182.2379563121686,26549698
2023-12-11,181.09896850585938,184.7140087445334,177.08774974383374,184.56545124369242,6231502
2023-12-12,178.127685546875,183.52549099409393,175.5525782134873,182.13888892509118,5245402
2023-12-13,180.5047149658203,182.2379563989626,175.70115409175952,177.53344393757635,5989493
2023-12-14,182.58460998535156,185.55588100146684,181.24753198303333,181.24753198303333,4556119
2023-12-15,185.60537719726562,190.16133181711666,183.82262680161205,184.21879019783177,15470345
2023-12-18,195.16297912597656,196.59909036555968,183.52550148469027,185.70443044605764,22810170
2023-12-19,205.76052856445312,207.19663994104593,196.1038972599842,197.09432098351948,38212033
2023-12-20,194.71730041503906,210.66311250388182,192.2412412292561,207.74136568719112,29308072
2023-12-21,215.8133087158203,218.19033455912475,191.39937162708276,193.9744791791628,65582002
2023-12-22,224.4300079345703,229.7782896662177,215.76380088896943,215.91235839325628,47676684
2023-12-26,231.0163116455078,235.9684297943933,226.80701121895515,226.80701121895515,24458460
2023-12-27,232.99716186523438,237.15693814061407,226.8070141004832,232.25434413346423,18608956
2023-12-28,267.6619873046875,276.13009729209483,237.255984738862,237.70167235198892,109261702
2023-12-29,271.0294189453125,274.99111344544593,260.4814133837733,272.61410279043196,43700728
2024-01-01,268.9000244140625,275.7339416413978,263.55174268072756,273.15883407339754,15856420
2024-01-02,267.1172790527344,272.86172431663596,262.9079784053815,270.3856651123108,11463429
2024-01-03,263.00701904296875,267.3153684713119,260.6795473725011,267.1173018532586,7874797
2024-01-04,275.3872985839844,281.0327257823443,263.70031097638474,264.9878497004086,28522450
2024-01-05,280.5870056152344,283.95447017742015,273.95118535076483,278.0119283269712,22647293
2024-01-08,265.2850036621094,286.5295746584588,263.6012712212237,283.95449712581063,28484692
2024-01-09,267.810546875,271.6731930355117,265.63163299679564,268.90001892676764,6895418
2024-01-10,266.8696594238281,268.94952486835774,260.48141491468556,268.206707145217,7033659
2024-01-11,263.4031982421875,268.45433499207894,262.6108411375512,268.40482589662236,3768401
2024-01-12,259.9862365722656,265.8792700247041,258.89676439299114,263.5517681474665,3744884
2024-01-15,254.4893798828125,262.511787611948,253.20181094733874,260.8775945643587,7059095
2024-01-16,264.39361572265625,272.36651432456983,257.51015899777514,260.48143006313404,17876839
2024-01-17,256.71783447265625,265.3345025053886,255.5293139455671,260.4814324328843,5661863
2024-01-18,251.51808166503906,259.1938800276698,242.6537930634187,256.86637841648513,8060046
2024-01-19,262.313720703125,263.45270190312846,253.449416575274,254.24177366356554,7825737
2024-01-23,256.2226257324219,270.3856726878424,253.15230618796954,270.3856726878424,14571045
2024-01-24,271.0294189453125,272.3664968841736,254.8855259474009,256.27211297738154,15640330
2024-01-25,279.2499694824219,282.7659614665668,268.90002990603466,272.8122155436034,19879601
2024-01-29,280.8346252441406,285.7372346003806,271.7227454302118,281.8745882539688,14765969
2024-01-30,282.864990234375,289.9465130301828,281.62696071673975,282.27073002084404,13178452
2024-01-31,286.28192138671875,292.6701655160327,282.2707180103868,283.1620931800907,8872673
2024-02-01,289.5503845214844,290.8874626067193,278.25956000513105,287.8666520844725,8338469
2024-02-02,298.2165832519531,303.9115195486638,286.33149880664376,291.6797807619664,20196955
2024-02-05,290.5903015136719,301.9306647338236,284.30110510392245,299.35555712211533,9518730
2024-02-06,295.1957702636719,297.3252053886139,286.331496326848,292.71971102567653,6043988
2024-02-07,293.1158752441406,303.36673527960266,291.72925802986583,298.21655071704447,5534031
2024-02-08,286.77716064453125,294.89864680278424,283.9049380557501,294.15582905265126,4610174
2024-02-09,267.56292724609375,287.173332496468,261.5708766065882,286.82667819431566,12221359
2024-02-12,238.642578125,271.42559224056447,231.75913670272985,269.8904476559568,12588330
2024-02-13,248.3982391357422,250.13148041643643,234.73039058544893,238.44447904407946,14133581
2024-02-14,256.9654541015625,260.7785613598922,235.4237224201979,236.81032473819704,18172415
2024-02-15,253.9446258544922,261.9670637185384,249.78484941533213,261.9670637185384,6757137
2024-02-16,255.82643127441406,261.3728100753516,254.14272910872438,255.72741308403977,3579879
2024-02-19,252.60755920410156,261.27375117470854,251.76569304237444,256.17307533647715,4400815
2024-02-20,247.70497131347656,255.23219741468023,246.81358092343953,252.5580413572354,3757137
2024-02-21,243.6442108154297,259.68908556901687,241.2672001696135,248.59632892143435,8668831
2024-02-22,260.5804748535156,262.2641769652734,244.6346476460926,246.61549499545367,15152414
2024-02-23,260.5309143066406,263.6012334930484,257.80724942319216,262.6108098990672,4675158
2024-02-26,259.9366760253906,265.23541790362907,254.78646141110858,261.0756570770121,5453854
2024-02-27,250.5771942138672,261.86801826381287,249.19060708937076,259.3424499379563,9683917
2024-02-28,251.51808166503906,258.4015229763458,250.18101881167667,251.96376928282652,10882873
2024-02-29,267.21630859375,269.2962044588173,248.645878884983,251.56762584768856,23977798
2024-03-01,269.4942932128906,272.3170067861758,265.03738658938744,269.2961963839353,7848874
2024-03-04,281.2803039550781,287.2228455879319,278.9032933470026,281.7755157578159,11993501
2024-03-05,282.51837158203125,286.52957563530606,280.4880150069828,281.6765053587183,6109772
2024-03-06,278.2595520019531,283.75639147441336,268.65242997359377,281.23082311686846,7799665
2024-03-07,277.318603515625,283.2611450195313,275.8329681396485,279.29945068359376,4698074
2024-03-11,266.52301025390625,278.85376656092257,264.4926236362545,278.85376656092257,4953456
2024-03-12,253.64749145507812,266.5229983286828,251.22094153107457,266.4734590132019,7588996
2024-03-13,232.79908752441406,256.32163466199137,228.78786862341835,254.2417691274985,12151483
2024-03-14,260.1842956542969,263.0069787757377,234.8294450746187,240.17772654857245,23144188
2024-03-15,268.5533752441406,272.96077271777693,253.30085659123992,259.4910046017785,39164127
2024-03-18,266.67156982421875,271.2770337872588,261.17473061435345,268.60290804678294,7535501
2024-03-19,258.05487060546875,270.23709966815125,256.767331947168,267.41438621305826,5949736
2024-03-20,253.4494171142578,262.36323035550015,248.49729864690096,259.24340176613185,7715028
2024-03-21,270.7818298339844,272.366513777392,258.94628491594796,259.4910058533698,12123658
2024-03-22,266.275390625,272.6140956132671,264.4431009218613,271.1779693046458,11447912
2024-03-26,279.84417724609375,283.0135448693204,264.69070819361633,266.27539200522966,20516082
2024-03-27,282.270751953125,288.90660277338407,280.2899045709978,281.2308191676412,20697044
2024-03-28,275.3872985839844,287.6685766839019,270.68278599379533,284.2516028177368,14832318
2024-04-01,306.8827819824219,309.6559561844453,277.4671867219181,277.4671867219181,35423166
2024-04-02,306.0409240722656,310.69592756414517,301.782114241652,306.0409240722656,21092431
2024-04-03,308.46746826171875,311.29015157892945,303.1686955108633,304.50577352841856,12997372
2024-04-04,310.9435119628906,320.8972573937688,308.5169619696265,317.92598649197464,14501703
2024-04-05,319.3125915527344,323.2742863120123,304.0600727745808,309.9035664994493,20958999
2024-04-08,328.1768798828125,329.5634669368043,317.1831714095013,322.92761644403754,17356080
2024-04-09,354.9183349609375,362.89123356641716,328.27594377470234,330.9005605052102,60120542
2024-04-10,354.423095703125,360.2170798800888,348.03485131372105,356.2553854309279,18813514
2024-04-12,358.9295349121094,373.3897266579891,351.60040573895526,353.9279074276458,24343182
2024-04-15,350.3623962402344,361.80177828882796,346.4997497189777,356.55254458370143,15741753
2024-04-16,354.0269775390625,364.37688747475687,346.1035876283297,347.63873233340064,11856229
2024-04-18,352.0956115722656,363.43597458364275,348.7776862620317,357.04772987848594,10582705
2024-04-19,360.61328125,361.50465654985084,343.1818177932146,351.6004193841015,13850416
2024-04-22,375.4200744628906,390.226920200214,367.74429113407933,367.74429113407933,38708175
2024-04-23,368.48712158203125,378.04473436580844,367.54623721222174,377.8961466321201,8476391
2024-04-24,376.01434326171875,378.2427965369466,368.6357049967189,371.3098307917932,11212331
2024-04-25,377.1532897949219,383.19487971997415,371.1117300951988,376.5590598230554,14965329
2024-04-26,387.2556457519531,393.1981876304997,380.4217286366908,381.0654979618004,29035791
2024-04-29,385.17578125,397.8036837648164,382.30355848777515,391.2173720276455,13277520
2024-04-30,382.30352783203125,393.594351365424,381.0654982729897,391.2173406571304,7723438
2024-05-02,387.7013854980469,391.21737768840404,381.1150434402408,382.3035640195543,9706243
2024-05-03,383.8882141113281,389.58315011850306,371.01270661684566,389.23649579473926,12628632
2024-05-06,374.0830078125,388.74126508083,366.5062430516799,386.85946627582314,14724178
2024-05-07,362.8912353515625,377.15333049675655,358.3352803151628,375.37057993810697,10200797
2024-05-08,366.4072570800781,373.19163519250344,360.11806058850226,362.2969745765029,6802052
2024-05-09,354.1259765625,369.52708300296695,351.60040825530604,367.4471872189255,5815664
2024-05-10,369.3785095214844,371.2107690796511,352.7393741940437,357.5924439967148,10615790
2024-05-13,363.28741455078125,366.90248537019585,351.0557055821516,366.90248537019585,9525604
2024-05-14,375.6181640625,379.43130110727776,367.05100565366865,367.05100565366865,9772990
2024-05-15,379.926513671875,385.2747952732759,374.03348093424654,381.2140523114477,10330102
2024-05-16,374.18206787109375,383.69014159119416,369.92325798178473,383.24446905412685,6102087
2024-05-17,380.273193359375,382.5016466940691,373.24117901371824,374.87537208076066,10061695
2024-05-21,395.3276062011719,397.55605948328144,383.88822477647557,391.2173539703473,23674398
2024-05-22,379.332275390625,411.8181605141017,377.49998550881526,401.76536604946887,53472984
2024-05-23,370.6165771484375,377.25239809899506,365.71396752479615,377.25239809899506,11769601
2024-05-24,368.04144287109375,378.2427946111765,366.50626804299816,371.4088773136713,7119785
2024-05-27,364.8720703125,375.8657789839751,358.73146175547055,371.40887251380934,10914259
2024-05-28,370.2698974609375,373.7363803282788,366.0605968363088,368.23951078915275,8670446
2024-05-29,373.4392395019531,377.351425160018,364.1292628790296,369.22993882759596,8270469
2024-05-30,351.0061340332031,371.6564730935964,348.2329599150422,369.42801989050355,17523289
2024-05-31,352.4917907714844,360.9103922689294,350.1147799231547,355.5621103038544,16814960
2024-06-03,366.9519958496094,373.38975016276044,355.215468479798,370.4184789413061,13759533
2024-06-04,295.7405090332031,366.45675186071884,275.23872731194393,366.45675186071884,35052909
2024-06-05,317.87652587890625,323.5219233180812,283.9545112434009,302.0792544183689,16878845
2024-06-06,334.06988525390625,347.3415863520784,321.2439171139632,321.88768644178055,17041987
2024-06-07,337.0411682128906,340.21053609782126,329.0187605375746,334.4660908098832,8659828
2024-06-10,333.4261169433594,337.7344658816371,331.8909723703935,336.74404222802525,5430581
2024-06-11,326.6417236328125,341.9932909575719,325.1065789904696,333.7727863512209,10963290
2024-06-12,332.18804931640625,334.21843570888086,325.94839310368326,326.34455647467195,5202379
2024-06-13,332.68328857421875,335.55551103286194,328.22638227535964,333.77276060345037,3797084
2024-06-14,333.6737060546875,338.32870908239386,330.0091568560501,332.7823308563881,4342044
2024-06-18,329.7615661621094,335.40696282856345,328.72160319502734,332.8813946126933,4235765
2024-06-19,323.6704406738281,333.77277411705865,322.28385359199865,330.1577337955752,5175648
2024-06-20,330.6529235839844,334.76317546249646,319.6592156228424,323.8685159060247,6621282
2024-06-21,327.9292907714844,333.6242270057849,326.889327758717,331.79193712881306,3982390
2024-06-24,328.8206481933594,329.6129750145364,319.5601811223658,321.64007680961885,7153557
2024-06-25,326.39410400390625,340.50764111311594,324.8589594260195,331.791925023526,12994795
2024-06-26,319.7582702636719,328.4244768980618,318.96591323618674,326.83979306842167,5586698
2024-06-27,316.5888977050781,323.86851721037726,310.79491359982654,319.90682281025033,7253387
2024-06-28,315.6480407714844,322.43241883931165,314.95473210125436,316.5889251378454,6388899
2024-07-01,319.1145324707031,322.6800336578174,316.14326133121926,316.9355882116151,5551602
2024-07-02,314.5090026855469,324.26468120909,312.57769479708674,320.4020352068401,7730054
2024-07-03,322.184814453125,324.4132677569133,319.2630827011353,319.90685205494106,8561995
2024-07-04,323.37335205078125,325.75036298862983,321.88771643645913,324.85898766510337,4884103
2024-07-05,327.6321716308594,328.5235772057732,319.70878145622834,323.86857338804356,6216734
2024-07-08,338.9725036621094,340.4581391785248,327.9787947955692,330.30629648301965,14693579
2024-07-09,344.27130126953125,345.45979163337955,338.2792194516265,342.0428478338148,14511825
2024-07-10,330.7519836425781,344.5683751589942,321.0953532409122,344.5683751589942,14441088
2024-07-11,330.6033935546875,336.5459352978538,329.2168065263481,334.26797305310555,4854382
2024-07-12,327.08740234375,332.28712637798066,325.3541609990064,330.80149093962905,4458195
2024-07-15,328.42449951171875,333.2280604220242,324.51231387154587,327.8302392565197,3941525
2024-07-16,325.8988952636719,331.79192816752624,324.9580109160077,328.4740028407847,2662124
2024-07-18,317.1336975097656,325.2551541417137,314.9052440675602,325.2551541417137,3983681
2024-07-19,304.8523864746094,314.85567135497087,303.76294464310934,314.85567135497087,5548551
2024-07-22,319.2630615234375,321.5905630869592,298.7117713072867,301.88110877168765,9508278
2024-07-23,309.7549743652344,320.2534703488181,299.7516901712034,318.8173440689836,11044851
2024-07-24,307.87322998046875,312.9739062685765,305.6942856315032,307.2294605854262,3699538
2024-07-25,305.94183349609375,307.37795975694286,302.7229569065542,303.0696111997242,3728928
2024-07-26,312.3796081542969,314.8556672395803,306.9818174835773,307.0313265751507,3964899
2024-07-29,312.7757568359375,317.9259715809633,311.73582415921555,315.2518158046366,3145736
2024-07-30,315.2518310546875,318.3716896864323,310.6959065121554,312.77577196621104,3831964
2024-07-31,318.520263671875,322.2838615910141,316.09371354944835,316.09371354944835,3814938
2024-08-01,316.4403381347656,326.542670878965,314.2118850493095,322.8780914927499,6419350
2024-08-02,307.17987060546875,312.5281519500946,305.2485627388332,309.3588145951045,5220719
2024-08-05,286.5791015625,301.0392935227368,284.35064825365527,297.12710784596527,9200604
2024-08-06,280.93365478515625,294.15581620509795,279.3985102587298,292.17496895792556,5590600
2024-08-07,293.3634948730469,294.6510335176133,282.864998221975,286.62859597173144,3860469
2024-08-08,292.6206970214844,299.7517295936995,288.70851127936663,293.165417971501,3603263
2024-08-09,300.2469177246094,303.5648429338794,296.68138660756296,297.12708933169273,4487901
2024-08-12,299.8507385253906,302.82200926222356,295.14622652540515,298.1174972622381,2861453
2024-08-13,309.953125,316.4403884796366,305.2981212796494,310.94354875111,20951815
2024-08-14,295.7900390625,314.2614354659721,292.27404693320636,312.18156982629614,17143764
2024-08-16,310.9435119628906,312.47865650535203,295.6414547285185,303.0696319830039,14292228
2024-08-19,320.5506286621094,322.4324276717118,311.98346958986696,311.98346958986696,15467529
2024-08-20,315.5985107421875,324.958026939145,314.36048109842767,323.175246116931,6166770
2024-08-21,313.9643249511719,317.82697148436876,312.23108340964336,314.9547486891882,3062167
2024-08-22,315.49945068359375,317.72790396013085,311.4882468759598,313.9643060721121,4785503
2024-08-23,313.2709655761719,317.3317082903235,308.0217327038267,315.25181273182346,3649240
2024-08-26,326.4931640625,328.1273571094326,314.95473409436113,315.4004368459484,14885334
2024-08-27,326.5921936035156,333.5746681393266,325.7998667857394,328.82064678200817,20065763
2024-08-28,325.50274658203125,329.2663748191114,322.9771782090605,324.8589772149341,6307966
2024-08-29,325.4532165527344,327.43406384736414,316.0441919032431,325.35416814293666,12023825
2024-08-30,329.3653869628906,332.633803284453,322.03625768096157,325.8493949434514,16037347
2024-09-02,317.579345703125,327.8302367960435,316.93557635871275,326.83981311992255,5755825
2024-09-03,315.449951171875,318.96594324707985,314.21192153619256,316.93558673469386,2178217
2024-09-04,309.7549743652344,314.3109288741853,308.31884808539985,311.33965813686893,2993774
2024-09-05,312.4786682128906,314.4595155549692,306.04091435113537,310.49782087081206,4268131
2024-09-06,308.86358642578125,313.07288646303647,303.1686510812595,312.57767469394764,3729742
2024-09-09,305.9914245605469,307.3780117424055,298.16705288548707,303.06966245653507,4369700
2024-09-10,310.1016540527344,313.5681368634237,308.0217583212545,308.0217583212545,3180344
2024-09-11,304.0600891113281,311.24066124832206,303.41631972342304,310.9930553125636,2181485
2024-09-12,311.2901611328125,312.08251823899025,305.54571568335587,306.4866303015254,3224754
2024-09-13,311.8843994140625,317.2326810459709,310.4978123576908,313.17196828631046,3671164
2024-09-16,319.8573303222656,324.3637458461793,310.05211199275743,313.0729222648442,7092011
2024-09-17,315.35089111328125,321.7886449811495,314.3604674413015,320.8972697214341,2709883
2024-09-18,317.18316650390625,318.42119603748904,312.13199996182243,315.94513697032346,3410936
2024-09-19,321.9211120605469,324.80160956916734,309.30648084833945,321.3251397419744,10915727
2024-09-20,327.5827941894531,329.07270992466124,321.4741457375826,324.1560061859225,10243702
2024-09-23,328.4767761230469,331.85391247844575,325.79491560741053,329.61903881955345,4787749
2024-09-24,339.5517883300781,340.69405095154406,330.56261223851584,332.2511954614912,19664543
2024-09-25,337.9625244140625,344.86581220303185,336.0753040360253,343.6738675893185,8173719
2024-09-26,341.43902587890625,342.928941628196,330.5129770507813,339.2041522549716,12072437
2024-09-27,342.1839904785156,349.93154040212016,340.69407469994445,345.06448825460376,16093723
2024-09-30,341.5880126953125,350.4281734456951,338.2605281133805,346.6537323247181,10972122
2024-10-01,346.7530517578125,350.6268264979991,334.9330599865097,341.3893613242916,7394842
2024-10-03,335.4793395996094,348.88858041262114,332.8471613543523,342.6805985547453,6235804
2024-10-04,328.12908935546875,335.42968195405945,321.1264677558365,332.7478217137899,5696244
2024-10-07,309.5051574707031,329.1720323736034,305.92935376679065,328.1291035198178,7511266
2024-10-08,312.18701171875,318.246008698976,302.25423972244977,307.81659810286084,4007213
2024-10-09,311.3923645019531,317.10370771052163,310.29975365174477,312.8822801215797,2018877
2024-10-10,310.05145263671875,317.0540746487038,309.00852376653995,312.88229854316324,2184501
2024-10-11,313.7265930175781,318.7923125309741,308.61122177178544,311.88902423270537,2796754
2024-10-14,323.0633850097656,331.10893578732606,308.51188118633553,315.86212585120825,6015938
2024-10-15,318.74261474609375,323.2620437302967,314.76950635334117,322.8150569111474,2505037
2024-10-16,319.73590087890625,325.1989250733071,314.0742394467018,317.8486804015048,3986771
2024-10-17,315.0675048828125,319.88487451647615,310.5480759385934,319.3385842422703,2882624
2024-10-18,320.8285217285156,324.3049917782054,304.8367534374599,310.89575015797334,5327489
2024-10-21,314.57086181640625,322.8150494149625,311.74001608982365,319.8848699183855,2881120
2024-10-22,293.06640625,314.22322739080033,283.1833169545433,312.2863248546129,5622805
2024-10-23,290.38458251953125,295.00331523086516,284.27593407470806,290.53356803039753,7845089
2024-10-24,288.7953186035156,293.51338485757134,284.275919895648,290.0369149861619,3667963
2024-10-25,269.9230651855469,289.63962265164713,267.1915530263555,289.63962265164713,8562532
2024-10-28,288.0007019042969,290.9308511072591,267.4895059215065,272.8532264115056,10524921
2024-10-29,288.4476623535156,290.03691176815215,279.35918299586575,286.0638033877665,4149065
2024-10-30,289.73895263671875,294.7053383156998,285.1698717495737,288.0007176490754,5243314
2024-10-31,292.2221374511719,293.01674701302215,284.573891590613,288.0503614704285,4191728
2024-11-01,292.3711242675781,295.79791211990533,291.03019410257536,293.0167483285315,1148722
2024-11-04,289.4409484863281,293.91069555382865,284.27592561799713,292.96710047147036,5734684
2024-11-05,296.5428466796875,298.87705377446196,286.26245361717787,288.05034015524666,5120946
2024-11-06,296.3938903808594,300.3173471805938,290.533561359509,299.96969412161275,6431475
2024-11-07,289.2423095703125,296.9898589840623,287.70271184632577,294.50666618319224,3954670
2024-11-08,279.06121826171875,292.0234725189737,278.11759287521306,291.52683396026794,4299335
2024-11-11,271.56195068359375,278.1175855482856,270.17136881833454,276.2800168670022,3622416
2024-11-12,267.6385192871094,277.5712900112565,264.9566590666254,276.0813744026344,4751726
2024-11-13,259.94061279296875,267.9364808184728,258.2520297045521,265.20496896582847,4699363
2024-11-14,260.93389892578125,263.6654108736391,258.1527049368796,258.2520387065566,2669822
2024-11-18,262.6224670410156,265.65198047417283,257.80506689928967,260.33794176757647,4274822
2024-11-19,261.4305419921875,269.22774289217386,259.3446540424668,263.46674790000344,3174138
2024-11-21,259.7419738769531,262.52313776290754,257.30843274243335,259.64264009979485,2360035
2024-11-22,261.6291809082031,264.50967842284683,258.84801716559775,259.3446557133781,2174690
2024-11-25,276.9256591796875,278.266589403796,264.70836227650636,267.58885996862733,6235902
2024-11-26,277.5216369628906,280.0048299033467,273.20087518401425,277.91894177088085,5626845
2024-11-27,275.48541259765625,279.0115342141729,272.25726198925776,276.8759944895609,2672277
2024-11-28,273.0022277832031,279.25986163546395,271.412978297933,277.62096041819683,3095623
2024-11-29,274.14447021484375,276.57801115149766,269.87339095602596,273.54849791276416,3469778
2024-12-02,274.8894348144531,276.0316974061231,270.41968790690106,272.15792281539353,2062720
2024-12-03,282.7860107421875,285.0705360138492,275.13776472416805,275.13776472416805,3904565
2024-12-04,281.5444030761719,286.0141499778492,279.0612103530178,284.3255668011399,3424906
2024-12-05,282.88531494140625,284.5738981900118,279.16052569808147,282.09070536112864,2691392
2024-12-06,285.8651428222656,289.83825129964197,281.5940633340508,281.69339710846765,6286213
2024-12-09,290.5335388183594,292.81806392171063,285.4678197713521,286.5604305952023,4493360
2024-12-10,289.887939453125,292.8180888295026,286.3617874176843,291.77515995717397,2769671
2024-12-11,288.1000061035156,293.41404456566124,287.05707729022834,290.33487954262637,3447384
2024-12-12,289.192626953125,292.3214438135317,281.6437147909736,287.65305954460473,3529344
2024-12-13,289.9872741699219,292.81808977896793,277.372642322501,287.75240059704583,3364902
2024-12-16,288.69598388671875,289.98726230789686,285.46783330239083,288.0503598323355,1546259
2024-12-17,282.58734130859375,287.3054076397566,278.4652473133234,286.4611160232766,2103974
2024-12-18,279.06121826171875,281.84238206550606,272.6049169985442,280.60078566874176,3748438
2024-12-19,277.76995849609375,279.2102225381341,269.4264362113853,271.2640050646185,3130458
2024-12-20,269.67474365234375,281.7430548472313,259.24533367683875,276.77666914460985,4006043
2024-12-23,269.2277526855469,271.85996131750164,263.417105752516,269.82372502320476,3451753
2024-12-24,278.76324462890625,283.58064518935197,267.14191938828026,269.674764164305,9355158
2024-12-26,261.4305419921875,277.52161264915196,260.0399298174329,276.6276693313891,12591431
2024-12-27,254.7755889892578,263.56609782973237,253.33534015291852,263.2184447647303,6036698
2024-12-30,245.48843383789062,255.47088706882866,243.99851815975765,255.27221952011277,5113793
2024-12-31,246.28306579589844,248.51793937872185,242.16097169450674,245.78642722193769,4098665
2025-01-01,245.72682189941406,248.46826124739852,243.49194841771416,246.2333877656986,2545914
2025-01-02,248.06103515625,249.2132251048674,245.33945037200246,247.0280184566819,3055122
2025-01-03,248.5477294921875,254.9543638849031,246.8889585205434,248.23981600998255,3580827
2025-01-06,234.05581665039062,248.11068163773615,232.5758283062241,247.55444888337195,5344927
2025-01-07,236.52908325195312,240.820032489512,233.42012104506907,234.81070293774883,3337163
2025-01-08,238.11831665039062,239.96581267591506,232.72482923361156,236.03244381912492,2357857
2025-01-09,234.1948699951172,237.98919573651827,232.3275042244837,237.39322342276552,2039704
2025-01-10,231.74148559570312,239.54864447138976,228.45374070875707,234.41340350985507,4667934
2025-01-13,217.87535095214844,234.2644240803886,215.3027515908773,229.44702379536264,8130610
2025-01-14,224.56008911132812,228.404066647322,217.09064105814153,217.5276854081554,4808444
2025-01-15,219.33544921875,229.29801698866473,218.71960713096564,225.0269225691517,3836574
2025-01-16,229.74501037597656,233.90684410565808,221.83851750549857,221.83851750549857,4933049
2025-01-17,246.02481079101562,250.50448511890988,229.158969639077,230.44029044740304,11483471
2025-01-20,249.5509490966797,251.98447500955206,241.42593437347338,244.65408501362404,5561025
2025-01-21,242.09141540527344,253.68295696364265,240.22406482469148,248.51791924415602,6521931
2025-01-22,240.4326629638672,243.15424779366788,234.35381169479257,242.3596230475167,4680337
2025-01-23,244.3958282470703,245.6274821246954,238.5553541742881,239.37977596835947,2006294
2025-01-24,240.4227294921875,248.0212933839552,238.54543634503278,244.73354854769747,3179611
2025-01-27,229.65560913085938,238.34678391371318,228.30475164407616,238.34678391371318,4098027
2025-01-28,226.29832458496094,233.0724665578602,221.98750558800631,230.48995517933614,3592372
2025-01-29,226.8843536376953,234.72130935992666,223.48734777033096,225.97054052333465,3635520
2025-01-30,228.40408325195312,234.11542700550115,225.48384593384156,228.95038872918605,2885868
2025-01-31,237.3733673095703,238.96261680031168,221.70939768226293,227.9074373525002,4683771
2025-02-01,238.75401306152344,241.34646691380505,216.88206210515844,238.5156362561128,4866627
2025-02-03,230.93692016601562,234.24453464778318,227.56971148468193,233.9167513939642,3505306
2025-02-04,236.86679077148438,241.75371227487759,233.42011802894353,233.42011802894353,2960287
2025-02-05,242.98538208007812,246.05460468483614,237.97925700330615,239.37978135327734,3383221
2025-02-06,239.0619354248047,248.73646025072443,237.3932371000844,248.31928566954437,3808700
2025-02-07,242.49868774414062,244.9421562517426,236.2311112247127,239.37979803573248,3358716
2025-02-10,235.1881561279297,242.36954548826023,234.41340118397068,242.35961817325781,2713797
2025-02-11,228.67225646972656,240.36313224668285,226.46718008274027,233.42011982212264,4457384
2025-02-12,223.11984252929688,228.45373577100798,216.58407731327725,225.4739044348644,3871617
2025-02-13,224.37136840820312,231.13558318179537,221.3021457397266,223.7753960727176,2538091
2025-02-14,213.0579376220703,229.8840540951652,210.41581690264758,226.96381700066698,4885450
2025-02-17,213.88235473632812,214.9948202122036,205.60835486899074,211.5680173289615,3946024
2025-02-18,211.96533203125,213.84262518787503,205.27065392076383,212.56130436766048,3934677
2025-02-19,216.64366149902344,220.29891382738916,206.6016297542398,208.53851700194477,3251275
2025-02-20,222.96092224121094,224.4806350625449,213.554586453306,214.55779091482907,2810575
2025-02-21,221.02403259277344,228.79145191669383,219.91155189400004,221.60013515051892,2934136
2025-02-24,217.44822692871094,220.6962473793013,215.13388940294274,219.51424517260963,2033486
2025-02-25,216.0178985595703,219.5142381806651,213.6539093776907,216.53440689314476,2899712
2025-02-27,211.24024963378906,216.53441866108233,209.68081238979673,215.64047528872558,3054042
2025-02-28,200.95982360839844,209.73044677856979,199.74802437333,208.5881842132176,5523833
2025-03-03,202.03256225585938,204.6051615422482,194.08634521285674,200.9598362925155,4365180
2025-03-04,200.9796905517578,204.8137408741793,197.12578559923392,198.9037449905939,3098415
2025-03-05,215.94837951660156,217.7462086556636,201.48626726057765,201.6352527641772,5470566
2025-03-06,221.9577178955078,225.87121712273662,218.52097229880485,219.51424944561762,7207193
2025-03-07,222.3450927734375,230.5892808705003,220.75584329466048,221.95771529696398,9363253
2025-03-10,216.0079803466797,223.43768909288855,214.74651413807132,220.28900238514524,3544871
2025-03-11,217.42835998535156,218.42163712581677,210.76347886030558,213.5545852000198,3727401
2025-03-12,217.90513610839844,221.73918633930467,213.57444732507537,218.0243245109926,2985759
2025-03-13,214.3491973876953,222.69271881638187,213.55457269062862,219.5142351843206,3799566
2025-03-17,214.14060974121094,216.93171601139932,211.8759391298592,215.3424817199663,2275087
2025-03-18,214.14060974121094,214.14060974121094,214.14060974121094,214.14060974121094,0
2025-03-19,221.3915252685547,226.80488226251745,220.5075092835311,222.4245267514229,5665335
2025-03-20,230.23170471191406,235.17823584818714,222.245763067515,224.48063666260737,11757926
2025-03-21,228.36434936523438,236.20130534109177,227.21214425306266,230.6290200167684,8388685
2025-03-24,235.8933868408203,238.53549244064772,229.65560778848374,231.43356715065298,10962536
2025-03-25,227.40086364746094,239.1314638739808,225.82155668241813,238.03885299213655,8585717
2025-03-26,223.99391174316406,235.70465715485946,222.84172183422172,229.34767466715732,12107248
2025-03-27,221.94776916503906,223.98399028982413,218.5209661364138,222.84172766568437,10971510
2025-03-28,219.30564880371094,227.64918571105164,217.17010905675568,222.8417280845046,10375701
2025-04-01,220.51744079589844,222.18615418455104,214.64718472599208,218.51103199110457,4871263
2025-04-02,225.0269317626953,226.6559056129449,214.9948269132446,222.91124667347748,6568554
2025-04-03,223.24896240234375,230.37075760952,221.89810489857075,221.89810489857075,7822241
2025-04-04,202.87686157226562,221.8981132777579,200.14534936015434,221.25248918101428,16308753
2025-04-07,186.73609924316406,189.75565503028028,182.58420814135349,182.58420814135349,10356888
2025-04-08,191.24557495117188,195.43720571823363,188.126685320137,192.57657784503508,4481066
2025-04-09,194.92071533203125,197.86080723811625,186.11033661672838,188.72266039747961,4009609
2025-04-11,198.30776977539062,201.4366017786524,196.6688685995435,201.4366017786524,3498073
2025-04-15,208.2802734375,209.27355051801175,202.28087138373402,202.62852442439532,3732696
2025-04-16,208.2802734375,210.91245163837394,206.6016327464423,209.184159218255,3344662
2025-04-17,208.9954376220703,212.75995115105647,206.60163618075583,207.48565219085796,2705521
2025-04-21,218.90834045410156,220.00095133153187,211.56802325810838,212.26331420001594,5814373
2025-04-22,222.98077392578125,224.9772553715198,218.76927371115778,220.01087004323017,5428887
2025-04-23,223.80520629882812,228.4537359110835,216.84232403913157,225.17591840807458,7087284
2025-04-24,222.67286682128906,225.8612931788817,222.11663403576418,222.9907227879928,2718835
2025-04-25,212.0447998046875,224.48063385302657,210.78334874815897,223.28870431513673,5783298
2025-04-28,216.6337432861328,219.51424083643627,211.7666763639091,212.06466252750744,3879328
2025-04-29,216.89198303222656,221.30213567690868,215.14382083380892,217.52767975494257,2605253
2025-04-30,211.84613037109375,217.92498113481577,210.1774321834858,215.93842701268906,2774910
2025-05-02,212.0646514892578,217.27935603407565,211.12104131715085,211.56801296117993,2510156
2025-05-05,215.9285125732422,216.53441222286634,209.34308041574428,212.7599561345293,2793137
2025-05-06,205.93614196777344,216.80259581431832,205.1117201600079,215.64046343167217,3162292
2025-05-07,210.62442016601562,211.27004424330016,203.93966927031917,204.81374284562963,3074529
2025-05-08,203.2145538330078,212.84933846227713,200.66183962273857,211.71700319914575,3159220
2025-05-09,203.93966674804688,205.0123927064695,196.66887091207602,196.6787982271,4266410
2025-05-12,223.5469512939453,226.06988372368562,210.6840153282069,210.87274041029846,8869554
2025-05-13,220.31878662109375,225.47389708967884,219.61356838198876,225.37456331922763,4397540
2025-05-14,230.24163818359375,230.93692913253653,221.00415798705112,221.50079654432537,8326998
2025-05-15,226.2486572265625,232.3473780305163,225.08652483521982,230.93692636351395,7416554
2025-05-16,224.4806365966797,229.44702236209295,223.78534562076314,226.8346985994995,4826694
2025-05-19,225.11631774902344,229.94364498431605,224.4110843505355,224.87792579258974,5686278
2025-05-20,223.51715087890625,230.24164127852896,222.9907152136156,226.95389641017198,5985055
2025-05-21,227.92730712890625,229.02984536345977,221.11342532430277,225.4739113741448,8120457
2025-05-22,224.9375457763672,227.8577678105715,223.00064324576815,227.8577678105715,4009428
2025-05-23,236.52908325195312,238.48584037278485,223.9839884921833,226.06987648740883,17732588
2025-05-26,242.21063232421875,243.9985190193118,238.63482862162044,239.33011957595733,11368150
2025-05-27,243.4224395751953,246.1340819637649,242.35962574469636,243.40256978836362,6662274
2025-05-28,246.8094940185547,256.1661626506744,245.33944812776167,249.31255659946632,24497092
2025-05-29,249.6304168701172,254.72593342320306,245.59769897036873,249.31256091190386,10041525
2025-05-30,245.8460235595703,251.5971067834264,244.54483290949287,250.65349651595247,4984866
2025-06-02,250.73292541503906,251.88513046250506,241.2769385490774,244.34616108126744,6483562
2025-06-03,246.72010803222656,255.76886337778197,246.024817065936,253.98096149574454,7881642
2025-06-04,251.4182891845703,252.68968263217278,245.79635244066162,247.95176188161588,4964622
2025-06-05,252.0043487548828,253.78230815896828,247.92197912110672,252.1930586794433,5238032
2025-06-06,254.35838317871094,260.00022007201596,253.13667176127316,254.2789343491877,15757786
2025-06-09,257.129638671875,259.13607781885037,254.68618548722225,257.2587695451847,5943138
2025-06-10,261.8675842285156,263.556137079051,258.8480134142965,259.2453181842806,10152732
2025-06-11,257.78521728515625,265.3043325785811,256.46417201435736,263.2184445030555,6243380
2025-06-12,253.03733825683594,261.13254046439573,252.2923804405744,259.7717557033438,5360904
2025-06-13,252.0043487548828,255.15303545615342,245.85596086020678,245.85596086020678,4711493
2025-06-16,260.9934997558594,262.0264861119938,244.9023986565251,252.2923826845619,10826728
2025-06-17,251.0110626220703,260.2187455832606,250.3852931990537,259.9902809377812,4711146
2025-06-18,252.2228546142578,254.92456962322862,249.66021295359292,251.10046176238393,2428458
2025-06-19,243.37277221679688,252.09374440566947,241.3663481244525,250.80248107581997,4045652
2025-06-20,246.99822998046875,247.82265184342214,241.78352488155906,243.15425221468718,5864157
2025-06-23,249.81912231445312,251.9348074242759,242.67747257232023,243.35289373710145,3842441
2025-06-24,255.62979125976562,259.94064074015284,251.8354804504694,253.28567174960975,5845031
2025-06-25,257.477294921875,258.9374134931894,253.97102791897873,257.22897564316446,2658465
2025-06-26,270.2508239746094,271.9791467662725,255.9774366892878,258.947355874071,15247596
2025-06-27,274.30340576171875,279.39892210104875,272.45589460546756,273.1909402670524,18215597
2025-06-30,277.42230224609375,284.02761969533566,274.14449970072445,275.1377768735532,9713817
2025-07-01,281.69342041015625,284.1269313664021,273.84653658072585,278.1176164222445,7201728
2025-07-02,281.8423767089844,283.0839730821517,276.4290043970102,280.1041417865501,4271654
2025-07-03,278.8128967285156,285.71615445127406,277.91892308014235,282.58733761920286,5402382
2025-07-04,275.2867431640625,280.5511299998973,273.0022179510475,278.1175889714326,3205033
2025-07-07,272.7042236328125,276.52834664181637,271.1646562078792,274.9887792168831,1751639
2025-07-08,271.9096374511719,274.641149790864,268.830472023945,272.15795675478023,1767526
2025-07-09,262.9701232910156,280.10415398703077,258.5500278850495,277.12432256163686,15639832
2025-07-10,263.2184143066406,265.45328763565925,261.2318602364018,263.2184143066406,3156185
2025-07-11,260.8842468261719,266.1982858334645,259.74198412481707,262.3245108707589,2855464
2025-07-14,261.7285461425781,263.2184619650216,257.75543728272874,261.03323996713846,2288493
2025-07-15,260.2882385253906,263.66540474139833,258.84800499200844,262.57279392518467,1614022
2025-07-16,262.2748107910156,264.9566711336405,258.3017023204081,260.2386048247941,2042529
2025-07-17,265.8506164550781,266.39693706129873,261.5795369423613,262.22516101115633,2102322
2025-07-18,267.9364929199219,269.674727813749,264.9566616733611,266.1982580260948,3469486
2025-07-21,271.9592590332031,274.14448078763445,266.7942362782744,268.6814567139678,4717598
2025-07-22,270.1217346191406,279.90549035291156,269.3767767523613,273.15121781907783,5475399
2025-07-23,274.19415283203125,278.018276029397,270.1713923865355,271.1646695644272,6744816
2025-07-24,271.9096374511719,277.62098143416455,271.16467954034675,275.48544148561547,2660076
2025-07-25,257.2587585449219,270.37002786213685,253.88162260333934,270.1713603251689,7614416
2025-07-28,246.63070678710938,257.25876871836437,245.7367483040171,254.97424351494195,8486576
2025-07-29,256.6628112792969,258.6990476383805,243.5018889504324,245.48844326422326,5737676
2025-07-30,256.6131286621094,260.4869030452963,251.84539585158367,257.2091009470019,12381244
2025-07-31,241.7139892578125,254.67624333666564,240.17440671577305,251.69641202544315,14186163
2025-08-01,235.36695861816406,243.86940854245847,234.37368147455572,241.36634589682762,3520184
2025-08-04,242.33973693847656,243.74026125416458,232.72482211064414,235.35700030151418,3195310
2025-08-05,245.47850036621094,250.30582764853813,239.69763556126927,242.33974111217643,3194824
2025-08-06,243.18405151367188,246.9386380063047,241.06836629016038,245.33946115527908,1622040
2025-08-07,239.64797973632812,243.65088539677538,234.64185446482367,241.56499734094746,3325765
2025-08-08,237.24424743652344,241.41600833147427,234.31406779197124,240.373064318685,1903598
2025-08-11,236.12184143066406,237.39323494927666,232.52618305673215,235.70466685326363,1701818
2025-08-12,237.65147399902344,239.5685066873584,234.6617153778508,235.40667320444717,1512752
2025-08-13,240.57171630859375,242.06163199401797,237.79053733122726,238.3865096678794,1905629
2025-08-14,238.5752410888672,241.3762747707029,237.19458645658435,240.96904265791068,1829311
2025-08-18,239.7075653076172,242.8264548076759,237.39322783674024,240.8696977004582,1881330
2025-08-19,240.63131713867188,241.8530589468383,236.39996193175796,240.1744181366996,1765371
2025-08-20,238.9526824951172,242.04175976847338,237.88986870858017,240.3233946056731,1842921
2025-08-21,238.19778442382812,241.24715246618905,237.4031596942463,239.64797569203037,829439
2025-08-22,236.3800811767578,238.88314372480525,234.95970219175126,237.60182292823436,1133353
2025-08-25,234.58224487304688,238.25736701756745,233.52937359903774,236.87671249021872,1427112
2025-08-26,229.6357421875,235.8933911398615,227.95710141223825,233.42012562908926,2338135
2025-08-28,229.3576202392578,230.65881082343867,225.17591695325885,229.14902537821695,1543223
2025-08-29,228.35440063476562,230.44028862010234,226.02020852910448,228.65238679784312,1479650
2025-09-01,231.25479125976562,232.42685101125358,226.5665219414011,226.5665219414011,2348312
2025-09-02,236.2012939453125,240.05519873054186,230.73826997547485,231.16537184722895,2689463
2025-09-03,246.3029327392578,249.20330015896184,236.5986108723541,237.42303271435657,6565933
2025-09-04,241.4060516357422,249.16355825832198,240.62136942173495,248.31926668909696,1874814
2025-09-05,242.5880584716797,244.048177000606,238.68448679865202,241.36633189962902,1388790
2025-09-08,243.99851989746094,248.71658624514964,239.89629567400652,243.3528958281544,2837568
2025-09-09,242.68740844726562,244.6441656498501,240.33334644623224,243.84954089674565,2048896
2025-09-10,243.29330444335938,247.81271844946616,242.11130222493998,242.8562600779398,2467258
2025-09-11,246.90882873535156,254.47761070906122,242.50860320491464,243.283358147358,5314233
2025-09-12,278.167236328125,280.5014435470606,249.30262173633014,249.31254905097467,50184477
2025-09-15,278.6042785644531,285.06057958665986,275.34633095343605,278.16723422411087,14666961
2025-09-16,287.5040588378906,292.2717766290503,277.3229689128345,279.1009130357868,18970326
2025-09-17,282.6667785644531,289.71905190679894,281.3755304832453,286.03400242127486,8785316
2025-09-18,280.0210266113281,285.7917728050264,278.5034707864846,285.24266542904854,5104886
2025-09-19,282.4071960449219,284.01463467441454,275.80779165510455,278.55338958108297,4970912
2025-09-22,296.09527587890625,304.91112793930614,281.5485913468257,282.78659667935085,35446549
2025-09-23,306.9378662109375,311.50055797843646,292.9303263128998,297.6228148545527,28399927
2025-09-24,308.2158203125,313.39751479657593,305.0309243049473,307.55687315900013,13482206
2025-09-25,327.70458984375,330.47014473883496,313.50735159120563,315.2445564993569,61651367
2025-09-26,311.4706115722656,326.46655716187837,309.50376385418514,326.46655716187837,17213905
2025-09-29,318.9486083984375,325.47814787164583,310.00295985934366,314.9450482185049,19567807
2025-09-30,328.91265869140625,335.96135511607594,322.14351284422077,323.7209702881541,36005290
2025-10-01,334.76324462890625,339.3558871120204,321.88390084811664,328.4733417613913,15231694
2025-10-03,337.8583068847656,343.14984129716686,334.46375546040554,337.45895327049874,15490540
2025-10-06,337.4090270996094,346.4445278133016,334.76324480328776,343.9485297743009,9813035
2025-10-07,332.11749267578125,348.2915721413908,330.96933967262294,338.45733378286326,13895093
2025-10-08,341.6522521972656,343.3994509699632,331.16905956108025,332.8663200876064,11126344
2025-10-09,363.56707763671875,364.91492270626014,340.703741103998,342.1514321914178,44270098
2025-10-10,343.9984436035156,364.4157201094683,340.5539845302922,364.4157201094683,20873761
2025-10-13,340.25445556640625,347.44294242475416,336.9597501964211,343.4493453853892,9849453
2025-10-14,329.62152099609375,352.7344585707708,328.0740142770601,345.9453555554426,15332635
2025-10-15,341.3526916503906,342.8003827256525,329.92103871439826,331.2688533038937,10953927
2025-10-16,341.6522521972656,346.4445566434589,339.90505342456805,342.7504670508355,5538226
2025-10-17,341.40264892578125,346.6941529678935,337.5588055709085,342.45095599132463,6024481
2025-10-20,344.79718017578125,349.19013069405554,335.4621412814944,343.1997353140288,6883519
2025-10-21,345.7456359863281,349.839078861802,343.4493299791902,345.4461284093018,2005789
2025-10-23,330.1206970214844,347.1434220564315,328.7728519765655,346.44453041277694,7549897
2025-10-24,342.55078125,344.44773368961785,330.6698365295237,330.6698365295237,13167009
2025-10-27,347.7424621582031,352.33510500759104,345.4960637451172,346.14504766165817,11747860
2025-10-28,341.7520446777344,349.938930561675,340.5040456386414,347.8922243250531,4349254
2025-10-29,350.9373474121094,354.6813447173595,343.24966075783794,343.44935280160917,13944878
2025-10-30,347.7424621582031,351.7360593370225,344.4976644504124,351.4365517361024,3447619
2025-10-31,339.7053527832031,349.33989967801864,338.45735369142056,346.3447018577406,4401680
2025-11-03,341.20294189453125,345.9453383071107,339.0563896120565,341.4525417057196,4056269
2025-11-04,331.867919921875,342.9501582020629,330.3703209777612,340.4541599618732,4146708
2025-11-06,321.7840576171875,333.4653407221919,320.5859968299603,333.41543294849646,4353679
2025-11-07,332.26727294921875,334.81320943087235,316.8919299110373,318.9885745227731,6409393
2025-11-10,337.4090270996094,342.0515773584055,331.5184473525868,332.4669387948975,7221580
2025-11-11,359.1242370605469,364.765186959386,339.05640522326934,339.45575884581285,36648857
2025-11-12,339.15625,359.3238973172696,337.9581586680429,359.3238973172696,17057756
2025-11-13,336.5104675292969,346.9437522669749,334.8631147993288,342.4509554750285,11113848
2025-11-14,334.7133483886719,338.00805372447,331.51845860284027,337.3591003060524,5490018
2025-11-17,338.008056640625,340.3543009908941,331.76806127753025,335.8615043294659,5215839
2025-11-18,330.0208740234375,334.9629627099278,326.97576836811135,334.56360908658263,5032784
2025-11-19,327.225341796875,331.867892039836,326.47654238772884,330.0208474035303,3351769
2025-11-20,326.6263122558594,332.96615365915704,322.63271521047216,329.37191022456307,4587205
2025-11-21,313.6471252441406,326.47656198468496,311.65032669989176,324.4797634404361,5632980
2025-11-24,312.7984619140625,318.8887032201265,308.00615786890864,313.64710734067177,4834709
2025-11-25,319.6874694824219,323.2317748258392,312.24938247654427,314.99498056386795,6351251
2025-11-26,328.5732116699219,330.3204104233655,321.98377027747443,324.2800764516519,8010595
2025-11-27,325.2784729003906,333.7648667716214,323.8308122271233,331.21896079774336,5412607
2025-11-28,326.4765625,331.46855886850153,321.1850585368795,325.3783172051841,4727861
2025-12-01,338.7568664550781,343.3495092766629,330.7197643688509,334.9629613456588,15939026
2025-12-02,338.0579833984375,339.3558902023708,334.66343212999743,338.70693680040415,3919300
2025-12-03,338.65704345703125,345.2963924869368,335.71175343273256,341.4525492163406,9381813
2025-12-04,365.1645202636719,367.4109185428059,341.45253842836854,341.45253842836854,56781515
2025-12-05,371.2547607421875,373.4013129985676,355.7296343937651,362.3190754227793,41882585
2025-12-08,362.9181213378906,377.79426382168197,360.52196927149583,371.4045148217202,22042865
2025-12-09,362.2691650390625,365.41411650540476,348.9405292858988,360.92131999099405,12597995
2025-12-10,358.8246765136719,371.2048208493422,356.8778162999593,362.4189198288604,12937480
2025-12-11,356.47845458984375,363.91654149373653,350.93735071343866,361.1210356670099,9796560
2025-12-12,381.6880187988281,384.0842013594418,361.4205263328471,361.4205263328471,44520103
2025-12-15,379.341796875,389.0761892969061,374.5494623245182,381.38850309416665,14369551
2025-12-16,368.8086853027344,378.04387857673936,367.4109324144684,378.04387857673936,9297078
2025-12-17,367.6106262207031,374.10022152547197,364.41573634471035,369.4077327329941,9659217
2025-12-18,386.8298034667969,389.07620179013776,362.61862153745585,367.8102793812741,29335396
2025-12-19,386.92962646484375,390.2243623503966,379.94083154659745,386.3805190516155,10530081
2025-12-22,402.7542419433594,408.2454376900229,393.5689873392671,393.86849491977637,29309939
2025-12-23,407.147216796875,415.0345955342325,401.8557127665705,405.64961786731016,18799415
2025-12-24,435.8511962890625,438.7964863714246,412.03939768347976,417.3309017138919,47327061
2025-12-26,474.83868408203125,480.0802800858969,442.5404626120852,451.37630196948976,96353483
2025-12-29,486.66973876953125,545.0760963550258,474.8387012674419,544.1775126325745,195443305
2025-12-30,532.4962158203125,537.5381807847434,480.23003943739855,482.1769301631491,153331407
2025-12-31,517.4703369140625,536.9890307364793,514.1756314630526,529.1516207289668,74797791
2026-01-01,521.8134155273438,533.2450386968167,519.4172328461032,520.6652319639458,34632582
2026-01-02,541.0325927734375,544.3272982012165,527.1049106668497,529.1516169979354,42252954
2026-01-05,551.7153930664062,569.0875641360675,549.1195794295388,554.0616678318953,52217841
2026-01-06,564.3451538085938,573.6801620530033,561.1003563740463,567.5899512431412,38368185
2026-01-07,550.3676147460938,574.079598147853,547.122817017432,573.879906100136,35384649
2026-01-08,519.9164428710938,543.0294113698711,517.719952192356,543.0294113698711,41387603
2026-01-09,519.96630859375,532.3963912377046,510.48151587596624,518.4188019693917,34253643
2026-01-12,544.8264770507812,547.1227831135848,522.5621862028104,531.1483952854509,52251830
2026-01-13,538.5864868164062,553.7121988694274,534.1435979728793,549.119586701091,29862998
2026-01-14,571.883056640625,575.0779463076021,544.7765545880764,547.1726761352203,53419763
2026-01-15,571.883056640625,571.883056640625,571.883056640625,571.883056640625,0
2026-01-16,560.55126953125,571.5835690253845,558.0053636383657,570.83476958998,28544988
2026-01-19,546.923095703125,570.0859704372793,544.2274055468414,569.0875711895783,26702316
2026-01-20,531.0985107421875,554.5608938910461,529.1516199529824,548.1212063286554,28225843
2026-01-21,556.4078979492188,558.6043885187316,522.8117992594035,531.6975161514732,37306733
2026-01-22,531.1983032226562,563.4465864730901,524.4591083555977,560.1019733955313,27205079
2026-01-23,535.0421752929688,555.0600678002078,531.6475935133948,543.1291847348108,29167207
2026-01-27,561.2501831054688,562.9973818562975,543.3788115077241,550.8168983773147,27820698
2026-01-28,632.3861083984375,641.9707168094129,563.3467759871091,567.8894803804626,108310220
2026-01-29,758.8333740234375,758.8333740234375,660.9403350722123,661.4395347210584,138633007
2026-01-30,684.8020629882812,735.3210401497234,670.1754897494934,724.8378481312956,113198070
2026-02-02,609.5726318359375,637.527810007514,580.6190544439477,589.2053243019748,70707887
2026-02-03,613.7659301757812,656.946697121861,609.0235338059806,638.8756953298124,45672234
2026-02-04,612.667724609375,640.9723189936942,606.7771446548562,623.7499319179291,35143075
2026-02-05,606.327880859375,619.0075641183223,576.675409552022,587.0587866154412,31154519
2026-02-06,578.9218139648438,600.1877679603705,574.8284011798833,586.45977748495,27714476
2026-02-09,597.0427856445312,609.5227769832547,591.9010048379942,593.2987882429143,24271749
2026-02-10,596.5934448242188,609.0235273653128,594.0475389874772,609.0235273653128,12379419
2026-02-11,602.733642578125,606.4776397852889,592.8494655762304,600.037952401476,10230524
2026-02-12,623.7000122070312,627.6936091336811,601.0862452348953,605.0299343874526,27778672
2026-02-13,591.6500244140625,613.0,585.0,606.0,16167639
2026-02-16,574.4000244140625,585.0,568.2999877929688,585.0,11668799
2026-02-17,549.4500122070312,574.4000244140625,547.0,574.4000244140625,15247235
2026-02-18,569.4000244140625,579.2999877929688,545.0,549.4500122070312,22294257
2026-02-19,563.6500244140625,592.0,560.0,583.0,15951583
2026-02-20,569.0499877929688,573.7999877929688,560.5999755859375,565.0,8034313
2026-02-23,563.3499755859375,584.9500122070312,560.0499877929688,584.0,11737715
2026-02-24,563.4500122070312,569.0499877929688,556.4500122070312,569.0,6939903
2026-02-25,585.9500122070312,589.0,567.1500244140625,568.7999877929688,17518066
2026-02-26,583.75,591.5499877929688,577.75,590.0,7976576
2026-02-27,566.2999877929688,588.7000122070312,560.2999877929688,584.0999755859375,10159245
2026-03-02,576.0,589.7999877929688,555.0,563.5,18272860
2026-03-04,546.7999877929688,574.2999877929688,540.0,570.5499877929688,17693572
2026-03-05,558.0,564.7999877929688,549.5,554.7999877929688,11612411
2026-03-06,558.5999755859375,564.4000244140625,553.4000244140625,558.25,6695386
2026-03-09,540.5499877929688,551.3499755859375,534.6500244140625,549.7999877929688,7172740
2026-03-10,548.9500122070312,555.0,545.5,552.0,4213894
2026-03-11,542.9000244140625,562.0,540.4000244140625,550.0,5402609
2026-03-12,527.3499755859375,540.7999877929688,519.4000244140625,540.7999877929688,8013312
2026-03-13,496.29998779296875,528.3499755859375,493.54998779296875,526.2999877929688,10833935
2026-03-16,477.54998779296875,494.79998779296875,472.5,488.04998779296875,11893736
2026-03-17,493.1499938964844,495.0,461.79998779296875,479.45001220703125,15297877
2026-03-18,489.1499938964844,494.8999938964844,473.20001220703125,494.04998779296875,12516538
2026-03-19,470.5,478.54998779296875,463.0,475.0,12391967
2026-03-20,489.45001220703125,493.0,472.0,472.0,17030835
2026-03-23,449.1499938964844,475.95001220703125,445.70001220703125,475.0,14250496
2026-03-24,463.54998779296875,468.54998779296875,447.0,463.6000061035156,10804356
2026-03-25,480.54998779296875,487.0,471.20001220703125,472.5,9964820
2026-03-27,493.45001220703125,498.0,463.04998779296875,479.0,17474064
2026-03-30,453.5,484.95001220703125,450.1000061035156,484.0,14948476
2026-04-01,496.0,510.8999938964844,471.75,473.70001220703125,30212065
2026-04-02,495.1499938964844,499.45001220703125,468.20001220703125,477.8999938964844,18010973
2026-04-06,503.3500061035156,508.20001220703125,483.0,492.5,13081861
2026-04-07,504.3999938964844,512.0,496.3999938964844,500.95001220703125,8884699
2026-04-08,526.25,533.5999755859375,521.5,530.0,10195213
2026-04-09,522.2999877929688,533.0,519.0999755859375,526.25,6692572
2026-04-10,530.0499877929688,536.0,526.2999877929688,527.8499755859375,4731141
2026-04-13,527.0499877929688,534.4000244140625,512.5,515.0499877929688,6192530
2026-04-15,548.4500122070312,566.0,545.8499755859375,555.0,11578843
2026-04-16,563.75,566.5499877929688,553.2999877929688,559.9500122070312,7656137
2026-04-17,569.5999755859375,572.3499755859375,556.5,564.0,6668615
2026-04-20,556.5999755859375,569.0,553.0499877929688,569.0,3767589
2026-04-21,551.8499755859375,567.3499755859375,550.0,561.0,4614409
2026-04-22,556.9500122070312,560.7999877929688,553.5,554.0,3353905
2026-04-23,549.4500122070312,560.7999877929688,548.0,556.4500122070312,3113464
2026-04-24,541.5,554.9500122070312,537.4500122070312,551.4000244140625,3855030
2026-04-27,559.3499755859375,562.0,546.0,546.7999877929688,5543356
2026-04-28,556.4000244140625,568.4500122070312,554.0,562.0,4598267
2026-04-29,555.25,563.4000244140625,548.25,558.6500244140625,3405363
2026-04-30,534.8499755859375,555.25,532.0499877929688,553.3499755859375,4384552
2026-05-01,534.8499755859375,534.8499755859375,534.8499755859375,534.8499755859375,0
2026-05-04,537.4000244140625,544.5,528.25,540.0,3358966
2026-05-05,532.0499877929688,538.2999877929688,530.25,531.75,2315433
2026-05-06,550.5,553.5,540.7000122070312,544.0,4675606
2026-05-07,568.5999755859375,584.0,556.0,557.0,13960096
2026-05-08,569.2000122070312,575.0,559.0999755859375,570.0,5071226
2026-05-11,572.9000244140625,579.0,564.0999755859375,569.0,5956712
2026-05-12,564.2000122070312,592.2999877929688,560.3499755859375,584.0,13183963
2026-05-13,595.2999877929688,600.0,577.0,580.0,18240644
2026-05-14,606.4500122070312,618.0999755859375,599.1500244140625,601.0,12626611
2026-05-15,570.25,598.0,568.0,598.0,8486416
2026-05-18,581.1500244140625,591.9000244140625,574.4500122070312,580.0,16184564
2026-05-19,569.5,587.0,568.0,586.0499877929688,4782565
2026-05-20,554.5999755859375,561.7000122070312,546.5,561.7000122070312,5454305
2026-05-21,552.1500244140625,566.75,550.0999755859375,563.0,3540089
2026-05-22,545.75,560.0,545.0,557.0,4438011
2026-05-25,545.5499877929688,555.0,542.0999755859375,554.7999877929688,4086314
2026-05-26,556.0,564.8499755859375,541.0,546.0,7625490
2026-05-27,555.3499755859375,564.0,554.2999877929688,558.0,4061276
2026-05-28,555.3499755859375,555.3499755859375,555.3499755859375,555.3499755859375,0
2026-05-29,538.7000122070312,564.6500244140625,528.0,558.0,5365662
2026-06-01,539.9500122070312,550.0,535.0,544.0,3822432
2026-06-02,546.2000122070312,551.6500244140625,541.0,542.5499877929688,3997981
2026-06-03,545.4000244140625,551.5,535.0499877929688,550.0,3349872
2026-06-04,541.4000244140625,545.25,537.5,541.0,2480535
2026-06-05,526.3499755859375,541.0999755859375,522.75,538.0,3321996
2026-06-08,506.1499938964844,521.6500244140625,503.1499938964844,512.0,3561892
2026-06-09,519.5999755859375,522.2000122070312,509.25,509.70001220703125,2628178
2026-06-10,510.70001220703125,521.5,506.0,521.0,3012690
2026-06-11,499.25,509.79998779296875,497.5,503.0,3387916
2026-06-12,510.0,516.8499755859375,507.5,512.9500122070312,3847391
2026-06-15,516.0999755859375,532.2000122070312,514.2999877929688,522.0,4553744
2026-06-16,511.75,518.5,507.0,518.5,2698744
2026-06-17,515.2000122070312,522.5,507.75,513.0,4274520
2026-06-18,509.70001220703125,517.5999755859375,509.0,514.9500122070312,2786510
2026-06-19,511.1499938964844,513.0,500.8999938964844,506.8500061035156,3191552
2026-06-22,510.75,514.7999877929688,507.25,510.0,3635052
2026-06-23,500.25,511.20001220703125,497.5,509.04998779296875,3412492
2026-06-24,502.25,506.0,485.1499938964844,495.0,8300337
2026-06-25,491.3999938964844,500.0,489.20001220703125,495.0,3632389
2026-06-26,491.3999938964844,491.3999938964844,491.3999938964844,491.3999938964844,0
2026-06-29,496.20001220703125,501.0,485.54998779296875,492.1000061035156,5113811
2026-06-30,501.1000061035156,505.0,493.70001220703125,497.04998779296875,2873572
2026-07-01,490.6000061035156,505.0,490.0,501.1000061035156,2667494
2026-07-02,494.95001220703125,500.3999938964844,492.1000061035156,495.0,2039718
2026-07-03,499.20001220703125,512.0,498.0,505.0,4213231
2026-07-06,494.6000061035156,501.45001220703125,493.04998779296875,501.0,1751774
2026-07-07,495.45001220703125,499.6499938964844,492.45001220703125,494.1000061035156,2312201
2026-07-08,487.25,499.8999938964844,483.70001220703125,490.0,3139325
2026-07-09,486.45001220703125,489.75,483.3999938964844,487.5,1571497
2026-07-10,498.6499938964844,511.79998779296875,494.1000061035156,495.0,6969021
2026-07-13,497.95001220703125,500.0,490.0,491.0,1552446
2026-07-14,491.6499938964844,507.6499938964844,489.0,495.0,4759971
2026-07-15,491.1499938964844,498.6000061035156,490.20001220703125,494.0,1756305
2026-07-16,484.3500061035156,495.8500061035156,483.1499938964844,495.0,2629936
2026-07-17,486.1499938964844,486.95001220703125,476.0,483.0,2170849
2026-07-20,482.04998779296875,491.25,480.29998779296875,484.95001220703125,2259935
2026-07-21,492.45001220703125,494.20001220703125,482.0,486.70001220703125,3027060
2026-07-22,489.25,500.79998779296875,488.0,499.70001220703125,2800918
2026-07-23,491.79998779296875,498.6499938964844,487.0,492.8999938964844,4059084
2026-07-24,483.1499938964844,486.0,478.20001220703125,486.0,3002317
2026-07-27,482.3999938964844,489.5,481.0,485.95001220703125,1932275
2026-07-28,473.1499938964844,483.5,471.95001220703125,483.0,2318453
2026-07-29,483.45001220703125,485.3999938964844,469.0,474.95001220703125,2384852
2026-07-30,480.25,489.8500061035156,477.5,481.25,2347659
2026-07-31,491.6000061035156,499.0,482.54998779296875,485.20001220703125,7339280
2026-08-03,495.04998779296875,498.5,491.0,495.0,2755226
2026-08-04,492.3500061035156,504.29998779296875,490.04998779296875,495.04998779296875,4448305
2026-08-05,533.7999877929688,539.5999755859375,495.1000061035156,496.20001220703125,22690214
