Price,Close,High,Low,Open,Volume
Ticker,INFY.NS,INFY.NS,INFY.NS,INFY.NS,INFY.NS
Date,,,,,
2016-08-04,405.06732177734375,410.77408273167157,404.40594112720714,410.58511683163255,4237278
2016-08-05,403.6312561035156,405.6909664379789,400.6078010016166,405.1429836544651,5609968
2016-08-08,407.6752014160156,408.54446340889314,401.57163695058233,404.0092797262782,4643064
2016-08-09,409.451416015625,409.8671318648916,404.95401732893623,407.0326427095327,7192664
2016-08-10,409.0545349121094,411.1520751655742,406.35231291619607,406.6546768545502,5576454
2016-08-11,407.1648864746094,413.8353931341722,406.37123878312207,408.8088808643176,5038552
2016-08-12,401.571533203125,407.7129261866816,400.6077884658466,406.2956816520147,7449928
2016-08-16,397.5087585449219,399.87083272781797,388.513961602749,393.8050077724362,16429408
2016-08-17,390.5169982910156,397.82997034728777,389.4587706593923,396.8095266737384,6599316
2016-08-18,386.7754821777344,392.7089940399659,386.0574024030937,391.7263804119497,8434000
2016-08-19,385.9818420410156,392.67124123564605,384.90474536072554,389.2698541604576,5686016
2016-08-22,383.7709655761719,389.26987029556113,381.3710840889241,384.7346873406614,10253518
2016-08-23,392.9168701171875,393.8050007673058,385.5282837508145,385.5282837508145,7406138
2016-08-24,399.6251525878906,401.3825449399826,395.69465207017925,395.69465207017925,6129966
2016-08-25,391.5940856933594,399.70070521698244,390.0634432858953,398.71809165870354,4796562
2016-08-26,385.58502197265625,395.316768422836,384.3756352761006,391.53744941305746,6881054
2016-08-29,386.5487365722656,389.26985082250957,382.0891448364633,384.5834861100265,5220282
2016-08-30,393.2003173828125,394.9387947164347,387.3801574969814,390.1957314075236,4375438
2016-08-31,391.4807434082031,395.2222783879035,388.4384193402343,391.95315827598694,11139814
2016-09-01,392.12322998046875,393.21919549552365,390.0256896492898,392.293280868181,2877826
2016-09-02,389.9689636230469,393.04911737548525,387.83363947968417,392.69010057773977,3332592
2016-09-06,394.9388122558594,396.41275580596334,391.3862433780929,392.38777208100095,8215044
2016-09-07,398.472412109375,400.2298043297421,394.5608269313038,396.072554237554,7425470
2016-09-08,392.1609802246094,394.9387700020787,387.0022014183049,394.9387700020787,9092774
2016-09-09,391.3484191894531,393.4270443034483,387.96594768492776,391.9153169478155,5053438
2016-09-12,398.3401794433594,399.8519068795771,387.4746384955448,387.4746384955448,6203096
2016-09-14,395.1655578613281,399.7763544004123,393.29481354046663,398.3212797794512,5152418
2016-09-15,393.8804931640625,395.61901630581593,391.2916696288886,395.1654704771731,4701722
2016-09-16,400.66448974609375,402.30848418877736,392.33107338129196,396.45054007893606,9949384
2016-09-19,401.0613098144531,403.9714130959023,393.5593709013485,395.3167634456222,5809154
2016-09-20,396.8851623535156,399.53068544249015,395.2222528993079,398.07565697040644,4214004
2016-09-21,399.0015563964844,401.0801816014862,397.2252951295503,398.3401756494383,4231532
2016-09-22,400.1542663574219,400.9856979843642,397.5843112908116,400.22983427468586,3629514
2016-09-23,394.01287841796875,400.15427113238945,393.0491337229248,399.4739753318572,5205294
2016-09-26,391.4996337890625,394.5608727125663,389.64775839718,394.0884578745484,6371798
2016-09-27,392.95465087890625,396.7906684793297,390.53587775147713,391.17838959312405,6525660
2016-09-28,392.65228271484375,393.91839133784384,390.49808959276373,393.04912961671835,5434708
2016-09-29,388.96746826171875,394.91989530774276,387.00224096054586,394.91989530774276,8902638
2016-09-30,391.5562744140625,394.52302992760906,389.685484253896,389.685484253896,6502354
2016-10-03,392.3310241699219,393.0491038750064,387.7958422021334,391.3484106370857,3656160
2016-10-04,396.5261535644531,397.3576314722726,392.4067325277214,393.0491983405324,5066586
2016-10-05,393.6160583496094,396.7717803634857,391.91536486658174,396.5261154113068,2307574
2016-10-06,388.2872009277344,394.9387924152444,387.739172051961,394.9387924152444,3721882
2016-10-07,382.67498779296875,390.7060647227637,381.74904991067035,389.2509898214064,6288558
2016-10-10,389.2508850097656,389.93118078395463,381.71116316141917,384.3566860744191,5413170
2016-10-13,397.716552734375,399.85187680427373,386.01958103014545,386.01958103014545,9778690
2016-10-14,388.1926574707031,409.18674127332906,376.51455562764744,397.9244013175407,33461690
2016-10-17,386.3975830078125,393.72947107988324,384.4890084629544,391.1406006626907,8014858
2016-10-18,392.69012451171875,393.2381072646782,388.24942507840785,389.26982266469827,6388134
2016-10-19,393.7294616699219,395.2033591343127,391.5374382530237,393.80502959425746,3509836
2016-10-20,391.7831115722656,397.0930270624519,390.7060148890386,394.84435072142946,3535490
2016-10-21,396.615234375,397.64657571803747,390.57984982871596,395.35466461879804,3863620
2016-10-24,392.3369445800781,398.29590369057655,391.7257776560098,396.30959953009284,2902974
2016-10-25,388.5553283691406,396.8444114083977,387.79135801187317,395.9276376538667,5636014
2016-10-26,387.40936279296875,389.5675650076014,385.5376261403622,388.4789166025192,2775216
2016-10-27,383.3221130371094,388.8418033336826,382.4053393153963,388.8227087383395,7227790
2016-10-28,381.0301818847656,385.8049961940985,379.368555830927,383.9714721622193,5840706
2016-11-01,377.95526123046875,384.5826951321555,376.79021103205605,384.5826951321555,6332798
2016-11-02,374.74652099609375,377.21032983870435,374.34544125765086,376.1789652866205,5377194
2016-11-03,369.3222961425781,375.1093799141082,368.65382219670266,374.7464893948716,5225108
2016-11-04,370.9076232910156,374.03990654402,367.0877713518703,369.3796825153575,6005548
2016-11-07,373.5624084472656,376.6373844586938,372.43554751240003,376.255399281758,4537672
2016-11-08,375.3386535644531,377.3058866984104,370.7548310988688,376.98120859957555,5261108
2016-11-09,366.0563659667969,372.282719272445,344.16862145190555,355.24619084380925,12764158
2016-11-10,358.8368835449219,367.66073178187696,357.1561394452519,367.66073178187696,7287330
2016-11-11,352.01837158203125,360.9759270267093,350.92972335013997,359.06600148688545,7096782
2016-11-15,352.7824401855469,359.0470070291041,347.052661968096,352.95433819497583,9235850
2016-11-16,359.4097900390625,365.5024337345357,354.69226006373253,355.24614312182655,12222616
2016-11-17,355.1697998046875,362.50391959533783,353.87106423953037,356.8696384425125,5706730
2016-11-18,351.4263000488281,356.48760273974875,350.4713372769563,355.24615113631535,6040228
2016-11-21,348.0266418457031,354.0620255379419,346.4414175484305,354.0620255379419,7940568
2016-11-22,349.21075439453125,354.73044329898164,348.2366971324561,350.2421187427066,5483126
2016-11-23,351.5218505859375,352.5341206061811,348.54237094069754,352.2285138203929,8251786
2016-11-24,355.3608093261719,359.02788105356825,352.6869130583835,354.55864977164543,16780644
2016-11-25,373.3904724121094,376.25536094724066,355.41807633129037,355.41807633129037,12631380
2016-11-28,374.24993896484375,375.66328863838356,370.75476562624743,374.07804098983496,7365712
2016-11-29,371.5187683105469,376.1408028723646,369.41784986822734,373.88708103570286,6125506
2016-11-30,372.6456604003906,373.1995436080571,367.1068749527787,371.67160279492276,8500918
2016-12-01,372.6646728515625,375.70145921117665,369.3796101532573,372.81747622500427,4611590
2016-12-02,368.4246826171875,370.3727975851548,367.12592376219357,368.5392735009755,4453228
2016-12-05,367.3359680175781,369.99074571900974,365.94171312506217,368.959404636348,3659576
2016-12-06,369.188720703125,374.15452863808684,367.3361016839696,367.3933854791178,3562110
2016-12-07,369.1504821777344,371.67157500509364,366.7821694315493,369.7616491314806,3385980
2016-12-08,376.1217956542969,376.6756556297752,370.5447968685486,370.5447968685486,5941662
2016-12-09,377.9169921875,385.0983315329579,374.9184181384878,376.25536614000055,8648384
2016-12-12,373.3332214355469,375.4150454135894,368.6921152996905,375.4150454135894,5345020
2016-12-13,378.24169921875,379.253945874929,370.9457688838266,374.5364386103882,4854282
2016-12-14,381.88970947265625,383.8760372055869,375.9116316764809,378.5473389221329,5382614
2016-12-15,379.0629577636719,389.2237768358547,377.7833168252098,380.99200144053566,7966416
2016-12-16,383.952392578125,385.690420391764,381.12569307068367,383.4366986238427,6436742
2016-12-19,383.7613830566406,385.13652024497173,379.7314211483058,384.31524286210663,4124134
2016-12-20,386.6262512207031,389.2428399850787,382.4816986511873,382.74909289994986,7636498
2016-12-21,382.5772399902344,390.3888413314446,381.3166935999164,388.0969303255848,7343976
2016-12-22,376.1407470703125,384.65901046436494,370.3345686645499,382.9400774483871,7060054
2016-12-23,377.5732421875,384.506258965209,371.90074848080246,376.21719951041564,7306036
2016-12-26,375.3959655761719,379.69329919380806,372.4737693903685,377.40138793106877,3213828
2016-12-27,381.5841064453125,382.71096740759003,374.3454825033878,375.3959417655147,4912816
2016-12-28,381.41217041015625,385.72859792114724,380.075222391693,383.1120089822499,5476816
2016-12-29,379.0629577636719,385.0410347419732,377.45863877053245,383.41759783953927,6240124
2016-12-30,386.0341491699219,386.56893765849907,379.2157241704298,381.2211460308123,7267768
2017-01-02,382.4053649902344,386.93190348763545,381.73689090667324,386.22521689629815,2335222
2017-01-03,379.6359558105469,383.8569106343826,375.109440824976,383.5513038435978,6778482
2017-01-04,381.12567138671875,383.589480189382,379.0247531280097,380.09430685135703,7073586
2017-01-05,380.5145263671875,385.6140189261367,377.687826858066,382.59632683706167,8207074
2017-01-06,371.3850402832031,381.54583535084583,369.7806980844906,380.03701274854865,14393448
2017-01-09,370.6593322753906,373.18044860302336,368.6157207658672,371.385113486647,10545692
2017-01-10,370.7356872558594,374.7274367856448,369.7425351793827,373.1994961667431,11939854
2017-01-11,370.18182373046875,373.75339910508416,368.21461406812614,372.129962111493,12241574
2017-01-12,382.0043029785156,383.6659526236891,373.4096357899431,373.4096357899431,11855740
2017-01-13,372.7410888671875,397.26453911795,367.7370929406453,393.44468778027743,31276246
2017-01-16,365.044189453125,368.78763999374337,363.82183207070136,368.6157419796556,12351372
2017-01-17,364.9486083984375,368.23367124347277,363.8026529900035,365.27328643835153,5560094
2017-01-18,363.19146728515625,367.0877203850299,362.8094821442769,365.9799541506707,5952962
2017-01-19,365.9798889160156,366.5528665252033,362.1600381880976,363.26780422500127,8876480
2017-01-20,362.3892822265625,364.0891206463533,361.35791775610915,362.8858582117375,9124742
2017-01-23,363.91729736328125,365.9418142195447,359.0660807582172,360.97600671969707,7948580
2017-01-24,361.18603515625,362.88587364834933,359.10421153399454,362.88587364834933,6826010
2017-01-25,357.76739501953125,361.66364944148336,357.0798261955469,361.396255089231,9978090
2017-01-27,359.8873291015625,361.9500349841946,344.22593748578385,356.7168336106515,10635138
2017-01-30,362.6376037597656,363.4588811828354,354.8069079486798,358.1110889216061,11369208
2017-01-31,354.71136474609375,359.6389820037647,345.4482258044142,359.6389820037647,24068534
2017-02-01,350.1849670410156,352.6487764897567,345.75394760470465,351.8465935010001,11531782
2017-02-02,357.49993896484375,360.97599477389343,347.6447026781269,350.2804097435559,11828268
2017-02-03,357.5762634277344,359.4098106652047,351.8273920037454,356.6977023099175,8423958
2017-02-06,357.2516174316406,360.4984912602094,355.45628253411553,358.01558774424507,6727934
2017-02-07,359.92547607421875,362.8094590413069,354.69227531450707,356.3921137460824,9268002
2017-02-08,357.7291259765625,360.63220405857066,356.18209063924866,357.5381333839429,6319962
2017-02-09,361.35797119140625,362.8859118729767,357.74820666829123,357.9201046578728,11907266
2017-02-10,369.876220703125,371.28957043868724,360.3265918338172,361.45345270330023,12252452
2017-02-13,376.0071105957031,376.6755846749053,367.7944290512194,371.61428093237464,13724268
2017-02-14,377.28680419921875,377.78338031934175,371.42331711858935,374.345513359914,9338818
2017-02-15,375.0330505371094,381.5267986919273,370.06724312460153,377.85975023619324,7259486
2017-02-16,386.607177734375,387.29476968577546,378.1844094749629,378.54730004608547,12815858
2017-02-17,382.02325439453125,387.2373598605071,379.1965789006599,387.2373598605071,4851208
2017-02-20,385.9004821777344,393.82667371961804,379.5022311740451,380.648186577691,4650662
2017-02-21,387.18011474609375,391.3437619491556,382.0042209469083,390.4269883200985,7613996
2017-02-22,378.2226257324219,387.71494788942204,376.7901813436678,387.71494788942204,6607838
2017-02-23,385.3657531738281,389.6248974075743,379.4449826740072,381.5650191497574,9542656
2017-02-27,386.7218322753906,390.7708661373175,384.6400082376579,384.77369373408385,5328696
2017-02-28,386.7218322753906,390.6562752383058,385.5185695494504,386.51172176025455,5940132
2017-03-01,391.5921325683594,392.29879585436055,385.84323672335177,386.5690179207526,4282448
2017-03-02,390.88543701171875,392.68077205268577,388.28794240423645,391.30563470593796,2948498
2017-03-03,393.9031066894531,395.0872980739173,382.13799089215047,385.90053566313,5401612
2017-03-06,394.9344787597656,395.7175203851406,389.5102846530439,389.64397013746895,5286386
2017-03-07,389.5484313964844,391.8403654938623,387.60031655686583,390.38880334643596,4644496
2017-03-08,384.96466064453125,388.440739779404,383.6850196143382,388.440739779404,6179176
2017-03-09,386.3970031738281,386.9508862029652,381.603095080713,384.96455912322483,3480630
2017-03-10,390.33148193359375,392.54701426070574,387.1037263510845,387.7148932116194,4550324
2017-03-14,395.27825927734375,397.9903445673466,390.6944140769399,390.6944140769399,7878396
2017-03-15,386.5498962402344,395.3164605273299,384.85005757612475,395.3164605273299,6373978
2017-03-16,393.0054626464844,394.0941111377716,387.0655974652246,387.0655974652246,6702956
2017-03-17,397.3792419433594,398.3723941868635,389.33843443247457,395.50750504460837,9507846
2017-03-20,390.1978759765625,392.1269198593939,387.75316140723766,392.1269198593939,4427388
2017-03-21,394.5333251953125,395.33548462827264,389.16643887693033,389.96862162441215,4869584
2017-03-22,392.5661926269531,397.24551158011315,389.77772849352357,390.5607935329836,3990852
2017-03-23,397.4364318847656,398.4105126718717,392.1459468668498,392.7762316920921,4501662
2017-03-24,393.9794921875,398.7924957413274,392.56611915811527,396.5005848462623,4883896
2017-03-27,393.0054626464844,397.9712702332461,391.3438363567246,392.3751777423541,7684824
2017-03-28,395.4118957519531,396.8825290989368,393.4637810176993,394.01764077531595,4796796
2017-03-29,394.1513366699219,397.8375024030172,391.8594259503654,395.08722819116656,6981186
2017-03-30,391.7257995605469,395.6984547327047,389.7203773784963,394.97267356958116,12157180
2017-03-31,390.4842834472656,393.17729715713955,385.04099556355465,390.86626856191197,14153854
2017-04-03,385.3466491699219,394.3805847878148,384.31528450964504,394.2660172099818,4315600
2017-04-05,380.4381408691406,384.0479054468495,378.5473095841955,383.8951020505716,7398338
2017-04-06,381.83233642578125,384.20064895549234,378.9292586890532,381.2784766246785,5379008
2017-04-07,374.9375,382.3289262603522,373.9634425805954,382.3289262603522,6404508
2017-04-10,364.18463134765625,377.9742851800063,362.92406177022355,376.2171629122547,9528472
2017-04-11,369.43695068359375,371.1749784698209,365.1969014893051,365.1969014893051,8655466
2017-04-12,370.0863037109375,373.161302823872,366.8394299319084,370.52559595979193,6696752
2017-04-13,355.78094482421875,378.16526319886856,353.96651553109285,370.52556091202274,30973188
2017-04-17,353.298095703125,356.04837029609024,352.76330713531246,355.24621075889615,7213434
2017-04-18,352.4386901855469,356.7742133235711,351.082623935103,353.24084986185477,4647518
2017-04-19,351.1206970214844,355.24613130274133,348.6186993617722,352.57223569078525,10071702
2017-04-20,354.2148132324219,355.1315868879503,350.87244328031994,351.9993040985045,4549000
2017-04-21,352.8396911621094,357.07971704268857,351.8465157737006,357.07971704268857,3577466
2017-04-24,353.92828369140625,354.67315928657604,348.7523903377964,350.4713232584098,5556666
2017-04-25,354.9978332519531,356.39208815306506,351.63636913056234,353.6800033460896,4737060
2017-04-26,349.2298889160156,357.3661671450022,347.6828538741237,355.22705984195665,9084496
2017-04-27,353.4317321777344,354.8641763773199,349.89836981875675,349.89836981875675,7797208
2017-04-28,351.02520751953125,354.25298623340484,349.7455434632751,354.04287577965476,5029702
2017-05-02,352.41949462890625,353.87105686932625,349.55460596679876,352.95428317164243,3231126
2017-05-03,356.88873291015625,358.7222570285323,350.5286939388028,353.9092533034797,4659448
2017-05-04,358.1684265136719,358.9323969017439,354.82605606585685,357.9201268117381,5279806
2017-05-05,355.8192138671875,358.05381796179887,351.426384066358,357.53814726751204,4432788
2017-05-08,361.1669921875,362.332042338103,356.010192193284,358.30210330182445,4707098
2017-05-09,361.60626220703125,363.63077889866133,359.86821107180185,363.1150849422824,5649372
2017-05-10,360.4602966308594,362.88589301096545,357.97739315236333,361.7972446577419,3364302
2017-05-11,360.6322326660156,362.82864765537374,358.13023416713054,361.6826920087521,3229482
2017-05-12,368.3291931152344,368.99766714992626,363.4397876958213,364.03186003507216,10979996
2017-05-15,363.4779357910156,368.0426626318657,362.5420675853526,368.0426626318657,7297164
2017-05-16,364.7958679199219,366.76310103608597,361.7208917066435,364.07008671029155,6130168
2017-05-17,363.9554443359375,366.11366974785454,360.536672598579,363.49705749545245,2915508
2017-05-18,367.3742370605469,372.0153661994949,360.154708025411,360.21201512669165,8057848
2017-05-19,365.9226989746094,367.7371285356309,362.0646347614067,367.27874166783636,4257396
2017-05-22,367.2596130371094,369.34143668762573,365.3878765481265,366.0945630372219,5503052
2017-05-23,365.67437744140625,369.3796380391399,364.45202030515594,368.481982267336,4039982
2017-05-24,364.7193908691406,368.806636349172,362.7330635661372,366.7057181721441,5636286
2017-05-25,375.6059875488281,376.8665338615146,367.0877234978899,367.0877234978899,10438514
2017-05-26,380.34259033203125,381.9851216924043,374.574601005763,377.01931511040306,4988004
2017-05-29,376.31268310546875,380.7246069632513,372.7029187438199,378.50909773697975,6308434
2017-05-30,380.53363037109375,381.9851693517254,373.82979531187584,375.1094363033943,3716910
2017-05-31,373.2185974121094,379.5213525773903,372.37822539383376,379.5213525773903,7763900
2017-06-01,376.7479553222656,379.96702403917953,371.76419487225587,375.9334767519401,5508606
2017-06-02,375.99169921875,378.31874049669756,373.95553810054594,377.5236727944431,3917966
2017-06-05,371.8417663574219,376.98064865649445,371.1824333280694,376.2049683094647,5462698
2017-06-06,379.8312683105469,382.9921752254658,374.0330765952751,374.2657712329868,7008686
2017-06-07,372.83074951171875,383.5351523731171,366.50895949501773,382.0225662461296,12455046
2017-06-08,370.94976806640625,373.47072939387573,367.73069910570734,373.47072939387573,6195352
2017-06-09,367.9051513671875,368.81658990930623,357.97645314313047,364.0073626518476,14757662
2017-06-12,373.8197937011719,374.3433922112818,364.6085883006575,365.86906903967525,8591676
2017-06-13,371.4732971191406,373.4706833936426,369.06868341473677,369.8055891807569,4937794
2017-06-14,371.7835693359375,373.0634608063637,368.9135663440395,372.32655503077797,7438110
2017-06-15,369.2626037597656,375.40988444716487,368.29300336792517,372.1908158806315,5528062
2017-06-16,364.6667175292969,369.9413343390841,363.0183968172527,368.09909354327004,10948450
2017-06-19,360.6332092285156,364.6667568748818,359.9157143099073,364.55040954644363,6855860
2017-06-20,365.9466857910156,367.2459649120247,362.2622031880892,362.63065618276016,5184396
2017-06-21,365.8690185546875,368.06032500582626,363.03779001978904,366.50896431033283,3735864
2017-06-22,364.6279296875,375.7007613326851,362.6693179753239,367.55611811129097,9465242
2017-06-23,365.83026123046875,368.1185278328145,363.79410022176484,366.50898156670337,6403018
2017-06-27,359.5472106933594,367.67246666899734,358.26734291717963,366.5089462048549,6904660
2017-06-28,358.6357421875,361.8548102560447,357.20072909519524,361.77723750232104,5905224
2017-06-29,360.76898193359375,367.65314592551596,359.3727429208312,360.76898193359375,15914040
2017-06-30,362.8439025878906,363.7941158337743,360.3035539547722,361.0016615961951,4216700
2017-07-03,369.1850891113281,370.387384240632,362.4754348362659,364.9963960902597,5088924
2017-07-04,373.1604919433594,376.2050283223671,368.21552894221486,369.94139905216167,5167726
2017-07-05,368.7972717285156,371.9387680167317,366.6641505355104,371.9387680167317,4226228
2017-07-06,367.28466796875,371.16306995363647,366.1987201473592,366.5089875717727,3829720
2017-07-07,362.78570556640625,366.683494552129,361.8742669610626,366.062936075151,5776886
2017-07-10,371.1824645996094,372.24902516663144,364.56979381845014,365.8108872126351,1464376
2017-07-11,378.2799072265625,383.7678552007136,371.0273148530521,371.0273148530521,11539708
2017-07-12,377.1163635253906,380.6651103962078,375.7201484425128,378.1247621269218,6275976
2017-07-13,378.93927001953125,381.42145681639136,373.91673459781623,379.01684279541206,5170392
2017-07-14,377.0,390.4968320175973,374.67295918069414,387.62682921025004,22478180
2017-07-17,381.6541442871094,384.7374786131954,377.7563550093269,378.14419520954186,7698250
2017-07-18,382.2552795410156,389.70181587947934,380.50999869630783,382.42981235986366,8260180
2017-07-19,380.025146484375,383.4381586069482,375.8558650367084,380.6457049029716,5890278
2017-07-20,375.99169921875,380.0252232307263,375.0220986862719,379.8119158479587,6809740
2017-07-21,380.1221008300781,381.07231388016953,376.7479106464745,377.3684453839025,5980754
2017-07-24,384.17510986328125,385.5131633032889,381.0917755028865,381.4408411557189,6129176
2017-07-25,385.4549865722656,387.45237313978953,382.4880231432469,383.96181121961126,7145614
2017-07-26,385.53253173828125,387.45234539126386,384.11692926405755,387.1032797554902,6870024
2017-07-27,376.6121826171875,389.3915206230068,374.9638619372594,386.28879934314216,12676852
2017-07-28,386.8124694824219,389.00377639547963,373.21867325701777,378.5320894935076,11098428
2017-07-31,392.1839904785156,396.2563123241579,382.7012934464286,384.6986798204265,19158248
2017-08-01,389.99267578125,394.4334504344813,387.20022184025714,392.10640942896816,7689398
2017-08-02,385.260986328125,392.7850943708546,382.8757837152778,390.16717347527003,4257584
2017-08-03,381.63470458984375,387.35534675722204,380.1803040388154,384.34958561843007,4640348
2017-08-04,381.53778076171875,383.57394172639374,378.55140661248487,383.1861015426461,5349018
2017-08-07,375.5262451171875,381.53776776042673,374.53725741670905,381.44080771779386,6073744
2017-08-08,373.8197937011719,376.30198062522396,370.40680443451697,375.6232602272913,6004648
2017-08-09,375.952880859375,377.7175726714838,374.09125267109795,375.2935714701109,3922410
2017-08-10,380.5681457519531,382.99214668030953,375.95283851560896,376.16616953481156,9140684
2017-08-11,383.0697937011719,386.6767030473765,376.04987144873326,378.53205834928735,6544156
2017-08-14,380.6457214355469,383.65148260976264,378.9780135184234,383.18606969357177,3816470
2017-08-16,378.2217712402344,382.4492152558405,375.8171572438221,380.8590798900241,6178080
2017-08-17,395.9266052246094,399.18447193333384,387.08385459335096,389.7793483536561,25784260
2017-08-18,358.0733947753906,394.78247201071906,342.9282426552001,394.78247201071906,164404960
2017-08-21,338.7396545410156,358.3643600260689,337.4209883362337,358.3643600260689,90407176
2017-08-22,339.5152893066406,347.9120146608437,333.54254130749655,347.19451982562225,49242598
2017-08-23,346.26373291015625,350.49120064540483,338.93356718331387,341.29938298296344,61284190
2017-08-24,353.7684631347656,356.1342789879011,349.9676100735617,352.934597200098,42380524
2017-08-28,364.95758056640625,369.9801152352517,363.7940601182668,366.1017137414535,40712108
2017-08-29,359.7023620605469,365.3454316688253,358.96545628587916,365.1321243146483,13369392
2017-08-30,359.3921203613281,364.1819372234679,358.4031089425411,363.4838296181197,16149664
2017-08-31,354.85443115234375,360.2841944944406,354.0593633973432,360.2260089898766,15022452
2017-09-01,356.7935791015625,359.10123291195987,352.93456456779023,355.2422183781876,8433922
2017-09-04,349.13372802734375,357.239573429659,346.5351941371536,357.20079888116226,10177108
2017-09-05,349.7930908203125,350.99538598864564,347.9896243959252,349.8318653721087,9783392
2017-09-06,347.3496398925781,349.1724933897937,345.177744452418,349.05614607547886,7735910
2017-09-07,347.4078369140625,349.2500777461494,346.0891708497092,349.0561576585613,6241192
2017-09-08,342.967041015625,348.6682959733707,342.1137879484991,348.6682959733707,8604542
2017-09-11,340.7951354980469,345.87583185950183,338.8365475268852,345.3328698670372,13787642
2017-09-12,342.8701477050781,344.3051612783519,340.8339865147528,342.28838736498517,17241354
2017-09-13,342.7538146972656,344.24699016382453,341.68725402918363,343.43253512240875,11478228
2017-09-14,346.10858154296875,347.7374913400094,341.9198887166194,343.0446346925624,13698006
2017-09-15,352.2558288574219,354.19502967689573,346.0309989612879,346.06977350892333,13459460
2017-09-18,352.58551025390625,355.9403373946454,351.4995624470632,352.93457589662466,8475860
2017-09-19,353.80718994140625,355.2615905577727,350.41358850321797,352.15886924285763,6033330
2017-09-20,353.9817810058594,355.6494892527102,351.94561980784766,355.6494892527102,5767830
2017-09-21,352.7599792480469,354.97067268419875,352.2170172788105,354.87371265341915,8204152
2017-09-22,348.39678955078125,353.0314839119058,344.40204088302374,352.2170290947871,17604088
2017-09-25,347.252685546875,349.81244486320566,344.8286844927088,349.44399196859536,9088700
2017-09-26,351.3444519042969,352.31405241880054,346.8454913138674,347.8926646039089,7366478
2017-09-27,348.9786376953125,352.12015779273423,347.1557838617798,351.4220264342699,6000138
2017-09-28,347.5047912597656,350.5687380621717,346.84545823840017,347.5435658078932,17537266
2017-09-29,349.0173645019531,349.9869648881994,347.1169382761567,348.2804587396522,5705832
2017-10-03,350.4329833984375,353.7102375929687,349.6766903271017,352.97333179589583,4947522
2017-10-04,348.9010314941406,351.15052357258486,347.9508419497037,350.21969763171916,4991492
2017-10-05,350.2391052246094,350.97601110986665,348.6683570711803,349.0561972903918,8611300
2017-10-06,356.87115478515625,357.5886496568194,350.588139069824,350.6075263446472,8574308
2017-10-09,358.3255920410156,360.30356771255515,354.4859643587464,356.8130057002699,3504832
2017-10-10,362.80511474609375,364.55039562166456,360.5168481293684,364.55039562166456,7143220
2017-10-11,360.962890625,363.7941194427891,359.91571731653335,362.8051316349715,5982504
2017-10-12,359.6441650390625,362.37843335213825,356.6384038876076,360.69133817459135,10280972
2017-10-13,360.7301940917969,362.0488603631608,359.7412062242186,361.7773674635401,7180728
2017-10-16,364.181884765625,365.3454051642372,361.8548439684006,362.99897709474584,5758750
2017-10-17,360.8852844238281,363.32867280269124,360.49744424712327,363.32867280269124,5625102
2017-10-18,358.5000305175781,360.691336817535,357.9570685147466,360.2647221244614,7231852
2017-10-19,359.50836181640625,361.4669494583875,358.82964168598545,360.69126930933515,1091434
2017-10-23,364.3758850097656,365.34548555529454,359.9544970533985,360.69140293675576,9154096
2017-10-24,359.33392333984375,367.14891236099726,357.4334970072306,366.89680677764943,14529328
2017-10-25,362.74688720703125,366.3925940822312,354.97069694148803,356.42509750257034,13984134
2017-10-26,367.42041015625,369.1463038095395,364.6085686591462,365.3454745202457,33659258
2017-10-27,367.0325622558594,371.43456271045716,366.1211472584518,370.38738944048885,8524956
2017-10-30,366.1599426269531,370.25167588986346,364.97703468905894,370.25167588986346,12968326
2017-10-31,362.5223388671875,365.7273787225421,361.7948262631599,363.761102492851,9954988
2017-11-01,364.56719970703125,365.4913637558338,363.09249282293314,363.76103141086907,5633134
2017-11-02,362.9352722167969,364.1543538652798,361.79482241474886,362.99424610162305,4686138
2017-11-03,364.4099426269531,365.6880220337782,360.59536236610427,360.6150203257307,3699086
2017-11-06,365.21612548828125,367.6936285593791,362.83693622161104,363.03356383046633,5066534
2017-11-07,375.7554016113281,377.5250502845369,364.0953735302274,364.2526852354712,13442820
2017-11-08,374.4969482421875,378.25253086327484,372.60932795119857,377.6233321004099,5369994
2017-11-09,375.36212158203125,378.7047910775234,372.9042763647576,374.77223872988554,4723232
2017-11-10,378.3311462402344,379.23562836600064,373.5924260575615,377.0530668879322,6589428
2017-11-13,374.3592529296875,381.22156024590134,373.33677511616673,378.33112042952985,5021216
2017-11-14,373.238525390625,375.49974294009456,370.9379919195136,374.3593171861464,5733710
2017-11-15,374.30035400390625,374.9688927505585,371.42959538846617,371.6852209100203,7023516
2017-11-16,388.6934509277344,391.64286494023014,373.00255878029975,374.30029614531935,15687502
2017-11-17,381.8311767578125,387.5530356495723,379.55030118612757,387.5530356495723,8057670
2017-11-20,377.7412414550781,381.8507627027693,376.44350421959416,381.06425237794383,5661190
2017-11-21,379.98284912109375,382.0474389869522,377.54466200283935,378.03623101851997,5364656
2017-11-22,380.00250244140625,381.8704646781846,378.82273681817776,380.12047420325047,6084920
2017-11-23,389.814208984375,391.072630398977,381.064280964297,382.047418944081,11894618
2017-11-24,397.01080322265625,400.84504162414754,389.401324303731,389.6766077586758,18619912
2017-11-27,392.76361083984375,395.88999431984814,390.6203653093758,395.88999431984814,6017730
2017-11-28,387.2384033203125,393.21588720833194,385.90132602872126,391.05298359112965,4616868
2017-11-29,386.4518737792969,390.0894842281155,385.50805173756567,388.39849173887274,3838070
2017-11-30,383.8564147949219,389.1063864401704,380.80868680694107,389.1063864401704,17266944
2017-12-01,377.0531005859375,386.64853756635745,376.36490395011543,385.1541725290511,4085000
2017-12-04,387.4939880371094,391.9967647186004,380.88730571086165,385.39008239235267,17811606
2017-12-05,387.1007385253906,394.4349574548956,384.9968328497934,387.49399371726986,9976738
2017-12-06,389.4406433105469,390.93500836043853,386.96314020120093,387.3563954249826,7490094
2017-12-07,393.17657470703125,394.39568032318414,387.592345632691,388.92942301753106,7549544
2017-12-08,393.9827880859375,396.00806235534725,391.288999050219,393.64853070278315,5983244
2017-12-11,395.3394775390625,395.9687003078952,390.8760402838044,391.2692955134269,5139098
2017-12-12,397.3843688964844,398.7607620594113,394.0416997865189,394.0416997865189,9320434
2017-12-13,394.7298889160156,400.7270304412652,392.33104190687243,397.5416730681548,5362398
2017-12-14,398.4068908691406,399.15408545765524,392.97997312842216,395.3198467057221,6023572
2017-12-15,402.2608337402344,403.6372272141687,397.91534371346654,398.3675968844325,10384134
2017-12-18,399.7832336425781,405.3281224576487,395.5360822095035,397.9349533724832,4035448
2017-12-19,394.80853271484375,400.31410509474426,393.07820036591875,400.1174775097478,7118898
2017-12-20,399.4883117675781,400.5697636391768,393.6484812619032,395.2608180876926,4186326
2017-12-21,401.9264831542969,404.639929705738,392.6260118259442,399.0753828777232,11059162
2017-12-22,408.7298278808594,410.8730977615957,399.5473275427205,399.5473275427205,12906940
2017-12-26,407.2550354003906,409.5752504527835,402.30002996946473,405.052816098288,10808906
2017-12-27,406.72418212890625,408.6314602082252,404.0303936659685,404.2663371800973,6970172
2017-12-28,406.3309326171875,408.985405199008,402.6146662021604,405.0528532259406,8433472
2017-12-29,409.7916564941406,412.4461294577436,405.05291148312523,405.0922274075536,6601768
2018-01-01,406.44891357421875,410.7550386259718,405.0528384727151,408.0808841797726,5431340
2018-01-02,404.9349060058594,409.77196471448207,402.30011506997613,407.9040023033556,6112248
2018-01-03,401.6315002441406,405.6820236938922,400.5697064848644,404.46294226808027,6846552
2018-01-04,399.3113098144531,401.513529168781,397.030410623139,401.513529168781,8947614
2018-01-05,397.9742431640625,403.6371273713061,395.61471207810956,399.27198046085834,11025976
2018-01-08,407.4320373535156,408.5921209010333,401.1399306423506,403.0472326148822,5594690
2018-01-09,409.5162658691406,410.91234093883935,404.6202581544522,408.9853809851644,9948236
2018-01-10,413.80279541015625,415.2775024501069,406.2523145675234,411.6595737140092,9468634
2018-01-11,423.06396484375,426.0526947732614,414.9825512535298,414.9825512535298,16775298
2018-01-12,424.1060791015625,427.0358593369181,420.999401221284,426.9965434152921,18016528
2018-01-15,425.16790771484375,429.808290693632,418.85614197939617,424.7156545927917,10649250
2018-01-16,441.5665283203125,446.2659560884546,425.2071239501012,425.2071239501012,22646966
2018-01-17,453.0692443847656,456.8838481061828,441.62552923007127,442.35304164966374,26154088
2018-01-18,453.3051452636719,458.1028863997367,445.204099613485,450.27710012413536,13204970
2018-01-19,449.66754150390625,451.41755556641596,446.7378101025905,450.2771061333329,5988278
2018-01-22,452.2434387207031,454.9765429093203,445.16484576681387,445.22384364238576,9650214
2018-01-23,462.9007263183594,467.1872179697127,454.20979524833183,454.20979524833183,15403796
2018-01-24,466.32208251953125,480.18432972137464,459.1254924298497,461.99627488207653,20604718
2018-01-25,462.2321472167969,465.3781886502891,457.06083200953753,464.8276217984714,13548914
2018-01-29,465.1815185546875,470.4314651161567,458.22087371624605,458.7518065634599,10823002
2018-01-30,460.3642578125,465.26026636459557,457.2378498414016,463.6086135531101,8628312
2018-01-31,452.34185791015625,458.7715717404789,449.1564999396543,455.8418392871637,9213698
2018-02-01,450.11993408203125,455.3502479292239,439.8756639744194,449.1761119135046,13005454
2018-02-02,449.58905029296875,457.3165253111643,444.41773431864317,446.4430083928212,10244486
2018-02-05,447.6030578613281,454.15076666550357,446.6789177248942,448.31093643656345,9860220
2018-02-06,435.62847900390625,443.7295271032243,430.67347272993806,432.56106902227475,10552078
2018-02-07,436.1397705078125,442.3335409267006,433.9768665520103,438.8728753954999,8342056
2018-02-08,446.0496520996094,450.82771175391343,439.089055174421,441.54689985206926,8807244
2018-02-09,436.1790466308594,440.5638520330013,434.9402830591635,439.6593458048326,4382690
2018-02-12,433.681884765625,440.68179902317445,431.71560862505686,438.4009475029886,6291972
2018-02-14,431.6958923339844,439.3840506341715,428.7267963959087,434.940247707936,8345712
2018-02-15,438.2632141113281,444.2603555784437,433.7604615231773,433.7604615231773,7986736
2018-02-16,443.611572265625,448.9598336825004,439.6986540048525,442.4121246369165,9889222
2018-02-19,445.06658935546875,446.73792401838966,440.5638363478672,443.74919398682965,6461840
2018-02-20,447.11151123046875,452.0468835322799,434.0554568932178,434.0554568932178,7188594
2018-02-21,451.2210693359375,452.9907179055797,448.31097097601247,451.2603852587494,13771358
2018-02-22,456.4709777832031,457.7490571954757,448.4878779446324,450.4935178877194,17859974
2018-02-23,454.46533203125,458.5355133074225,450.96535153112075,457.5523754143963,9459828
2018-02-26,447.76031494140625,454.22939111711986,446.08898051377145,452.63668851946164,5083608
2018-02-27,452.3221130371094,453.678872283577,442.66772665438845,450.2575232316365,6616026
2018-02-28,461.1309509277344,467.7769721549346,449.31366319991,451.2995727824016,17268416
2018-03-01,456.4709777832031,459.9512767356652,454.6226975273693,459.9512767356652,6579852
2018-03-05,454.563720703125,460.42323311178416,449.58903254395096,456.4709989288354,8101456
2018-03-06,452.77435302734375,458.2996076441421,449.7266253073895,457.1788399545351,6689734
2018-03-07,449.92327880859375,456.17604628535906,447.5441135769602,454.20977022378423,6370416
2018-03-08,454.8586730957031,458.45696806472984,451.8502609739008,451.8502609739008,6093014
2018-03-09,457.51324462890625,458.5356988504259,454.4261999966107,457.1003073448313,4220964
2018-03-12,466.3023376464844,468.70118468448493,460.79676503248413,462.46809957601994,7676970
2018-03-13,465.5355224609375,470.7264718711363,462.1338553982551,464.1197653447152,8581052
2018-03-14,464.3557434082031,468.2096154329259,459.7546289234109,464.04112005709845,4429710
2018-03-15,465.0242919921875,467.34450736291564,460.895112232426,464.041153954149,6101500
2018-03-16,460.85565185546875,464.9848303209286,459.8135162608507,464.8275186831948,17954826
2018-03-19,450.9654541015625,464.237818676167,449.35311719123536,457.7491071063604,7526620
2018-03-20,457.96539306640625,460.1086148481854,451.692943402996,451.692943402996,8553766
2018-03-21,459.1254577636719,462.27149944427947,457.0411859483548,460.10859578886175,7692994
2018-03-22,456.687255859375,463.03828855863884,454.32772479940365,457.9456532227802,6813168
2018-03-23,459.1647033691406,461.60291410110585,449.2350108353149,451.06365688309404,12008084
2018-03-26,454.3080139160156,458.8894460334152,449.88389346022234,458.8894460334152,8930722
2018-03-27,453.8165588378906,456.68734136694457,452.28285376079043,456.17609033964743,3802088
2018-03-28,445.0863342285156,452.5385024004752,442.9037482759376,452.5385024004752,12558322
2018-04-02,447.1900634765625,452.06643650191836,440.95697950681136,448.70408606786106,8072702
2018-04-03,448.48785400390625,449.7069834743626,443.63116209748256,446.2266367028992,4077168
2018-04-04,442.0975341796875,450.100316945125,440.4458813266292,449.88400735505695,4813302
2018-04-05,451.2799987792969,452.75470569700434,444.0244119413067,448.1339573548543,7763544
2018-04-06,443.1986389160156,450.6704881967648,441.2716787110753,449.490722520857,5937742
2018-04-09,437.0048522949219,442.7267348047249,435.15657200906486,442.41211143467905,7202882
2018-04-10,437.8504638671875,442.2155881285911,434.7044214438627,437.2998968421461,8926058
2018-04-11,442.11712646484375,444.9682264576124,439.06939888636697,439.6592816434915,9025574
2018-04-12,457.1984558105469,461.1900054286431,442.4120708652513,444.16203718809436,17044366
2018-04-13,460.6787109375,466.3612764687923,452.3417212368069,461.68153073854495,21227038
2018-04-16,445.6368408203125,448.3109957865704,433.36729592701806,433.36729592701806,24745084
2018-04-17,442.4906921386719,443.35588230391977,438.4795086604616,443.19857063707644,10397940
2018-04-18,442.7857360839844,446.246401537081,438.0273570895705,441.5666543919135,10430380
2018-04-19,445.4991149902344,448.2322672568533,441.6648770374921,442.01881629562473,8525542
2018-04-20,463.4315490722656,469.42869058542374,447.1114590528516,447.9176513762057,24272692
2018-04-23,467.0691833496094,477.56912602646025,454.3080712702261,459.32207508645234,21830638
2018-04-24,454.01312255859375,470.49052482754985,452.28279009989944,466.0074060042734,8526216
2018-04-25,456.31365966796875,460.50183713010045,450.35583381379143,453.0299883636855,11594178
2018-04-26,462.6450500488281,464.6900058440092,456.1760213616052,461.68159403321073,11302084
2018-04-27,466.0860900878906,468.60293321859444,461.76028245863995,464.0411820468881,7663370
2018-04-30,471.7095642089844,475.03255110758573,464.2967140472565,464.7096031622036,5511678
2018-05-02,470.7461853027344,472.5354677698659,464.43441975278176,471.4736978665038,10295042
2018-05-03,465.0439147949219,473.7544783000102,462.50739017659106,470.82474652127235,5332230
2018-05-04,461.32763671875,466.40063808300386,454.209727644072,466.0073829075544,6023368
2018-05-07,465.22088623046875,467.9736725395247,462.27147232790867,464.5326896532047,4638960
2018-05-08,458.3586120605469,463.21530412129823,456.5889636817867,463.21530412129823,5718556
2018-05-09,460.3838195800781,462.82203049659626,457.35577389891154,459.12542220720485,3783504
2018-05-10,459.3221130371094,465.2209415435791,457.2968389822636,462.46815490722656,3182862
2018-05-11,464.3360595703125,465.2995155714034,458.5552275542003,461.0130724598234,3311706
2018-05-14,467.6985168457031,468.5636592470952,460.1086708511132,465.75187443537953,4432094
2018-05-15,469.7630310058594,475.0522943863089,467.2265060947162,467.2265060947162,5611974
2018-05-16,467.9539794921875,471.1197028745177,465.8107579756813,466.8922097143332,6205004
2018-05-17,465.1815185546875,470.90335208614874,461.5045925662295,470.33315133034347,9519598
2018-05-18,465.2995300292969,466.61697334347343,461.28834622059696,465.220898191787,7139660
2018-05-21,463.8444519042969,467.3444323589605,460.108527959328,463.8641338638137,8475320
2018-05-22,469.4876403808594,471.1196588166137,461.6422195215089,462.0747905755602,5636804
2018-05-23,465.9679870605469,474.91454076736244,464.6309100924197,469.9398540503102,9538442
2018-05-24,480.1645812988281,482.7404219647114,471.1197120360328,471.1197120360328,9740570
2018-05-25,483.03546142578125,491.03819647128984,480.0860469369113,483.7432921002342,8901438
2018-05-28,477.56915283203125,484.72637869500863,474.2657993549694,484.097179938613,5739794
2018-05-29,478.47357177734375,482.34717381324606,474.3443922710709,477.43148392482595,3388934
2018-05-30,476.50726318359375,483.2122829340518,474.1084162833107,478.59153475543525,6323066
2018-05-31,484.4117126464844,488.422895971878,475.937044967766,476.5072457329713,19720340
2018-06-01,480.0860290527344,490.0943559768854,478.6702717469821,483.86126985689395,4998356
2018-06-04,487.4005126953125,488.816221838215,476.6253104327567,480.2039232121115,4270156
2018-06-05,480.1055908203125,488.4229477193894,478.5915679343775,488.4229477193894,4710862
2018-06-06,486.6336669921875,488.24605184508397,479.7910643682783,481.81629040656566,4038184
2018-06-07,492.53253173828125,494.7151176356497,486.8500124268158,486.8500124268158,6676226
2018-06-08,495.52130126953125,496.288129811777,490.01572772169857,490.7825562639443,6459878
2018-06-11,496.4454040527344,499.4341341522152,493.55498775918903,497.68416760847896,5171290
2018-06-12,494.91180419921875,499.92580936691047,491.74607977377644,497.7629051769258,7839820
2018-06-13,501.32177734375,504.9397061924348,498.17573556061956,498.17573556061956,5766928
2018-06-14,499.4683837890625,504.8269012966414,497.2121840106222,504.8269012966414,7598848
2018-06-15,516.2088623046875,520.338533203125,497.57498142149393,498.38077086509145,19957760
2018-06-18,510.628662109375,520.2376891649164,508.5940245624138,517.3167031076497,8214846
2018-06-19,500.23388671875,509.01700798999934,498.8036405085812,508.8558403262077,7545700
2018-06-20,500.85833740234375,504.56494735096993,498.7834207672219,503.0138132696903,5371802
2018-06-21,502.22821044921875,506.2369914651159,497.9776533632179,501.98643437911505,5798790
2018-06-22,502.7518615722656,505.83401414708715,500.072603473069,500.7978332017757,4343118
2018-06-25,512.6632690429688,515.2216893723476,505.2298825488708,506.4990105111857,7731178
2018-06-26,514.8388061523438,517.2763379247311,510.1652390700092,511.2731991153735,4483504
2018-06-27,511.6760559082031,521.1239130159707,509.9033101301816,517.2964149599645,6952142
2018-06-28,519.5728149414062,522.957139083013,514.1941823996112,514.2143468002049,10996818
2018-06-29,526.6637573242188,529.806354613524,517.0144521352127,522.9773113882401,9966600
2018-07-02,537.7433471679688,539.8787079990583,529.4034494856438,529.4034494856438,4830144
2018-07-03,545.4185791015625,547.0906015718523,536.5548976683331,536.6153416962175,8127452
2018-07-04,541.9738159179688,544.9754103057913,539.4154449514084,544.7336833733119,5025722
2018-07-05,517.3165893554688,542.7996690102456,510.9105563332324,542.7392249929536,17019902
2018-07-06,517.4174194335938,524.5083549599866,511.2732764346743,519.8347871708735,11215356
2018-07-09,523.2996215820312,524.9716439450877,515.3223383126212,522.5542764365148,6644998
2018-07-10,524.3271484375,529.9877892047355,521.4666060346161,527.1876908403838,5974488
2018-07-11,532.0020751953125,540.7247518148152,520.2778539280753,530.8337203755259,11899832
2018-07-12,521.4865112304688,534.6813067378172,517.4978456530241,534.2784122185087,13272240
2018-07-13,530.7733764648438,536.4944603341751,523.0982143645385,529.8064195510418,19496158
2018-07-16,536.9979858398438,557.7672193602774,518.8072872502948,530.7732847762649,35344680
2018-07-17,535.003662109375,543.7061742168274,528.8796356771221,535.7288427624767,11161690
2018-07-18,532.8482055664062,541.2485470785587,529.4034374991347,539.7981365381414,6919016
2018-07-19,530.4912109375,536.6152373365366,527.4292223287124,533.0294661632429,5118864
2018-07-20,543.1421508789062,550.8173119813748,532.3446060927276,534.2381908674092,11705738
2018-07-23,546.3048095703125,551.1597082519876,538.3678071284492,544.7738398895999,7675702
2018-07-24,554.8463134765625,556.9615101465777,546.3250827696359,553.7383533160784,6172246
2018-07-25,557.5053100585938,561.5544197879725,550.1323204318468,555.5915610267757,6936922
2018-07-26,553.2749633789062,560.1846150298348,551.6432207121932,555.410324253683,7362218
2018-07-27,553.35546875,559.6204983209943,551.2806012799397,553.2547451181928,6493232
2018-07-30,544.3106079101562,553.1742891640596,543.1019241028058,551.9656053567091,6409970
2018-07-31,549.991455078125,551.965648621167,538.0859481514215,543.323578393812,7943996
2018-08-01,545.5394897460938,551.3411330338007,544.3106414602892,549.4677123621099,4675706
2018-08-02,545.3782348632812,550.656143800566,543.9681038932414,547.775437839763,5940742
2018-08-03,549.5885620117188,550.4346309093004,546.3251253030617,550.4346309093004,3970390
2018-08-06,548.1985473632812,553.9800750373774,542.9004735366299,550.3741880397221,6178930
2018-08-07,551.1396484375,555.9743836378517,548.198547366168,553.5771804402652,7351528
2018-08-08,549.0445556640625,552.9727775813067,545.2372217860884,552.6907710649621,3992358
2018-08-09,555.9744262695312,559.8019252632993,553.4362196036008,553.4362196036008,6409524
2018-08-10,558.190185546875,559.6204807462038,553.1943329112988,558.3312379721441,4779520
2018-08-13,567.5776977539062,568.0208719229582,555.4706968444052,560.0234249355314,9979746
2018-08-14,567.3964233398438,573.9434598800646,565.6639570750765,569.6727382378875,6151320
2018-08-16,575.9580688476562,578.1135453973473,568.5850770510382,570.0757675893168,6626774
2018-08-17,576.2802734375,579.2214236500944,573.319008004061,576.5018851370744,6390408
2018-08-20,557.706787109375,567.2553683791713,553.375670648168,559.2176416888658,16101876
2018-08-21,557.5858154296875,562.4407137561105,553.476311262505,560.0233467915427,8361482
2018-08-23,563.0050048828125,564.6568631441919,558.1501045816898,561.2322585514515,7717182
2018-08-24,555.3095703125,564.8178717256466,554.4231728057932,562.6422313492282,7053000
2018-08-27,570.2569580078125,572.0900987081898,556.5585432573308,557.2031647034137,7012950
2018-08-28,574.0039672851562,579.5236532980914,568.6857777713612,570.9822575201649,6496890
2018-08-29,568.1216430664062,577.5896657904779,566.1273345481783,577.5896657904779,5646496
2018-08-30,570.5792236328125,572.7347487509547,562.5012176747548,569.2094215521677,11507962
2018-08-31,580.611328125,585.9295657117973,572.5534370978501,574.16501530328,10875864
2018-09-03,577.8515014648438,591.4089127473919,576.1391996477089,583.7941960066645,10976328
2018-09-04,593.9876098632812,603.1332988641823,576.9451462748891,581.7798821375279,15370124
2018-09-05,588.1456298828125,599.5475189716453,584.519578031948,597.8553811138323,8658978
2018-09-06,585.9295654296875,592.6578847615327,583.471869322419,590.2807970733752,5598659
2018-09-07,590.4822998046875,592.3759338818768,583.2301972026557,591.7312631942992,6510605
2018-09-10,588.9109497070312,601.9244634693491,587.7425948460037,594.470914222908,5629871
2018-09-11,591.69091796875,600.1114237815681,589.8376129011183,592.9802100194881,6963561
2018-09-12,598.6207275390625,601.5215485560983,593.2622104814835,599.8294111597379,4636617
2018-09-14,591.2073974609375,600.3128032988433,587.4604589489725,597.8148770785048,7896514
2018-09-17,584.9627075195312,596.2840364840489,583.8748625386839,592.2550902915891,5427054
2018-09-18,579.4428100585938,588.225929222303,577.7506729484811,588.225929222303,7729732
2018-09-19,579.9666748046875,585.808645478302,574.688766308266,585.808645478302,4849498
2018-09-21,568.3230590820312,578.0731369872121,557.6060735736288,575.2125462530424,14350769
2018-09-24,578.7581787109375,588.1859235850582,569.2901542071386,569.2901542071386,8637881
2018-09-25,585.1641235351562,593.060847813774,577.7508531011902,578.7580895954392,9602273
2018-09-26,578.4357299804688,589.7167782428395,573.7218830577079,589.1930447966812,6599606
2018-09-27,584.0360107421875,588.8707460118769,578.1134797094061,581.7798107859599,14592616
2018-09-28,588.2662963867188,591.8923471750257,576.3003484578901,580.9739151931935,7490031
2018-10-01,601.6425170898438,608.2902778930211,590.6434749974536,594.2695263446412,8252398
2018-10-03,587.017333984375,605.9130973991623,585.2445882046844,599.3458968453524,7792464
2018-10-04,569.8540649414062,588.0245994244295,566.0668463112871,587.0173630430927,6173037
2018-10-05,583.8746337890625,589.4345970289709,571.5460731064969,574.5275019571513,8543578
2018-10-08,575.6961669921875,587.1786643530546,571.5060528557866,584.2375137775056,7259306
2018-10-09,578.355224609375,582.1021642324112,566.187826808468,577.8314419329602,6777212
2018-10-10,564.4150390625,580.0876483969016,560.3458135535266,580.0876483969016,8866251
2018-10-11,542.578125,558.3313428234537,534.4799535725238,551.9655886251168,10985897
2018-10-12,546.9696044921875,551.1999970602849,533.029463580273,545.0357402556482,8909221
2018-10-15,563.0855102539062,568.0814133709093,549.1453662585457,554.8664501816072,6222176
2018-10-16,560.2249145507812,575.2529020858235,555.5110676284426,572.1103046832861,11588963
2018-10-17,568.3633422851562,581.6185832892453,565.1401857701907,572.1102814063898,20360697
2018-10-19,550.797119140625,554.1411635155058,546.3249995557751,553.5771013197899,10421001
2018-10-22,547.8964233398438,560.0638216301979,542.9407996624791,554.9470794441985,6672840
2018-10-23,529.886962890625,549.5482392154977,526.4220791365574,544.6732243490736,9041701
2018-10-24,523.601806640625,537.0584959708624,521.4664947926832,534.238233801473,7058164
2018-10-25,528.4484252929688,534.6390921610283,518.2663747092892,523.7646820244761,8270469
2018-10-26,516.1077270507812,528.4076731984894,513.093880044633,525.638135730253,5464141
2018-10-29,525.1902465820312,529.9147088064004,514.3972713711559,516.1893224816548,7137446
2018-10-30,537.2864379882812,540.7076170085178,519.2438737585728,522.217002768922,8793411
2018-10-31,559.1167602539062,564.4521446132433,540.0966606574056,540.7890699009641,11947995
2018-11-01,543.06982421875,561.8047960626571,537.2863900367108,561.8047960626571,5860244
2018-11-02,539.445068359375,550.4824018304912,537.6937356798456,542.458965434426,6654067
2018-11-05,542.4996337890625,544.6174803404614,535.1685576567779,540.4632237523168,5799426
2018-11-06,542.8662719726562,549.8307853098378,538.1418099830333,544.0473998993242,6975525
2018-11-07,550.2381591796875,551.8672877042758,547.387184261658,548.2017485239521,758956
2018-11-09,537.2050170898438,553.0890168370036,533.946760731452,553.0890168370036,9694143
2018-11-12,541.033447265625,550.9711385329288,539.4857556972174,542.4996525995123,7118080
2018-11-13,542.25537109375,543.925217677842,534.5984481052125,540.4633199988741,4137808
2018-11-14,532.0732421875,542.2552927126854,521.7282689105028,542.2552927126854,7323026
2018-11-15,534.6798095703125,542.4996037922134,526.7785291212223,532.7248361563177,5513390
2018-11-16,530.1591186523438,539.6488119877047,524.7422962565876,537.5309648388017,8583785
2018-11-19,530.8513793945312,539.2413788194619,528.8556876110811,536.7976867704311,6018930
2018-11-20,522.46142578125,534.3540415758451,521.4024526935144,530.8514259418517,5384830
2018-11-21,504.2966003417969,521.3617277036998,498.59465180101137,521.3210094432462,14359086
2018-11-22,505.64068603515625,511.66848051184326,502.38242950009277,506.862532235805,6632975
2018-11-26,506.2108459472656,511.5462306065202,488.61623238917116,505.84428217619273,15075209
2018-11-27,520.4249877929688,522.1355523991907,509.3468869602012,509.5098097124708,12285851
2018-11-28,542.825439453125,544.6989266060597,521.3209311561197,522.0947768567122,17719890
2018-11-29,538.467529296875,549.7492706746045,536.6347602729121,546.5724511462523,13399070
2018-11-30,543.6809692382812,547.3872269775294,538.386301120195,538.4270193930757,10445773
2018-12-03,546.04296875,553.0889673818134,542.4589169064698,548.323787770569,8260890
2018-12-04,558.1800537109375,560.6237460292634,546.8168744873127,547.8350796199485,7827923
2018-12-05,555.0440673828125,556.8768368381485,547.7944260948841,556.3473502197857,5177288
2018-12-06,544.5360107421875,558.3428798958871,541.3184731362043,550.72667699096,8039771
2018-12-07,556.1843872070312,558.5873613736308,542.1738739962112,547.3871044011372,5553948
2018-12-10,545.1062622070312,556.998877232122,541.8480060667824,545.6764669749834,5121196
2018-12-11,549.4235229492188,555.4513175874463,538.1010612996199,545.1063428679722,7120933
2018-12-12,552.681640625,554.432973006058,546.246565526781,551.5412312070499,6926183
2018-12-13,568.362060546875,570.1948296421534,553.9035487952347,555.5326768799266,7521474
2018-12-14,575.1229858398438,581.3544212322814,565.6333436909283,568.1177543085822,9560576
2018-12-17,565.6334228515625,579.847528932951,564.2893719813133,579.847528932951,4778465
2018-12-18,551.1340942382812,559.1982993598615,549.4642476431806,559.1982993598615,8021298
2018-12-19,541.5628051757812,547.0203934119153,538.5081904597029,547.0203934119153,8295459
2018-12-20,543.3549194335938,547.0204575224874,534.6798424534375,537.6122530377354,11705260
2018-12-21,526.3713989257812,537.20509290293,524.1313473632596,537.20509290293,12802132
2018-12-24,528.6521606445312,536.6348797832724,527.5117508888313,535.1686741809815,8379825
2018-12-26,524.6199951171875,527.0229691393621,519.1624057406502,527.0229691393621,6178552
2018-12-27,535.0057983398438,540.2597477829918,528.6522070277597,531.7068230159787,15333902
2018-12-28,535.1278686523438,540.4632532968692,532.1546899493487,540.3410488011674,4736598
2018-12-31,536.7569580078125,539.2413682656281,534.1910615197321,537.6122402648256,3373319
2019-01-01,541.725830078125,542.7440351755266,532.8471114590108,538.3861372454661,2943390
2019-01-02,544.984130859375,549.0162333175056,539.2821818486591,542.4997201624016,7416655
2019-01-03,545.0655517578125,551.4598596378444,540.1373995014463,547.3870394041824,6827249
2019-01-04,538.467529296875,548.9347066639544,530.2811709332493,547.1833741542399,7889310
2019-01-07,547.1427001953125,548.6903421106242,538.8341366705881,541.6851109386865,8046340
2019-01-08,545.7987670898438,551.8265624412527,544.576920711887,549.7901518113248,8621545
2019-01-09,550.7267456054688,561.8862832625952,540.8705402852809,558.9538725093123,18130292
2019-01-10,553.6591186523438,555.5326057665067,547.8349666082994,555.2067603044621,9572493
2019-01-11,556.7545166015625,558.3836446676972,547.7943122378211,554.0664652358487,12281903
2019-01-14,571.7424926757812,578.5033639464326,566.8958269222942,575.8967491976039,19312937
2019-01-15,591.8621826171875,594.6317201044906,576.0596708446352,576.0596708446352,19671304
2019-01-16,600.1707763671875,600.9853404094114,593.4099047601375,594.5503143060685,9658944
2019-01-17,597.3605346679688,601.9628415026759,593.8986374062822,599.3562265622323,6903771
2019-01-18,595.405517578125,599.681978232181,591.6177753977177,594.631671897317,5902151
2019-01-21,606.8502197265625,611.737604046508,597.8900151399959,601.3111941073665,8129422
2019-01-22,607.1353759765625,610.1085550435013,597.8900926594525,603.7956828117427,6723375
2019-01-23,595.9757690429688,604.8952050477271,593.9800773043954,604.6915640482205,7212099
2019-01-24,599.5385131835938,602.8965640946348,590.5290546521463,596.3442306172184,7429783
2019-01-25,598.1873168945312,604.3711241128384,593.1911805888558,596.2625881514491,5543112
2019-01-28,596.2214965820312,600.0300110106767,588.8910623722355,598.7195641086289,7944693
2019-01-29,596.1805419921875,600.2347588811879,586.8434455422033,594.2148216899769,6760819
2019-01-30,594.5425415039062,601.8319844969104,590.6111003499817,596.1806253212579,5763026
2019-01-31,613.9127807617188,615.3461039340616,594.6243560691161,594.6243560691161,13825233
2019-02-01,620.0556640625,624.5194524419586,609.7766981548041,615.387115206831,6276585
2019-02-04,619.1138305664062,624.5194874452003,613.6262394983253,620.0147567160874,3945391
2019-02-05,618.253662109375,622.4308051442351,611.8242041899947,611.8242041899947,4694366
2019-02-06,625.1744995117188,628.1640216167368,617.8440665343346,618.8269265408019,5880482
2019-02-07,625.7478637695312,630.2116510680492,623.2907386500174,624.9697641502842,3961797
2019-02-08,623.2090454101562,632.5051516309277,618.2947936655327,622.4718876523211,5915169
2019-02-11,624.7650756835938,629.6383843966678,621.6527268384662,628.1231770612493,5500216
2019-02-12,614.64990234375,622.7583858204252,606.9099476689321,622.7583858204252,7310690
2019-02-14,606.1319580078125,616.7385607843115,603.8386506483846,615.1004769575271,4610535
2019-02-15,607.6881103515625,611.4147407694353,600.0300390630551,607.9747550028037,5586389
2019-02-18,606.9510498046875,612.3567568715654,602.8148978001893,608.0157943815352,5346825
2019-02-19,593.2321166992188,606.5415493360142,590.7749906739642,605.3539284257365,9401334
2019-02-20,606.6643676757812,608.5481541171042,594.6653834026342,595.4434832343671,5210675
2019-02-21,600.7262573242188,604.4528877588086,595.5253115613539,604.4528877588086,7202786
2019-02-22,601.9547729492188,604.6166587640241,596.2624225164122,599.9481105676813,3750833
2019-02-25,618.2947387695312,620.8337486160164,602.4462483060341,602.4462483060341,6547552
2019-02-26,608.1385498046875,616.410852169529,606.2138215287165,613.1346848978538,8319610
2019-02-27,602.2005004882812,611.3328368128035,600.1528959303475,610.1861582642224,5936354
2019-02-28,601.4225463867188,608.0568167550541,599.784462343726,605.026351277446,8559921
2019-03-01,607.6472778320312,608.8758408280602,602.4053890528321,602.4053890528321,3998826
2019-03-05,599.9481201171875,608.1385381392652,598.10527606222,606.5004545348496,4826505
2019-03-06,599.9481201171875,602.8966506089977,595.4433902050448,602.8966506089977,6076668
2019-03-07,592.126220703125,601.5861425587723,590.160500581542,601.1766216993042,5951551
2019-03-08,583.4443969726562,592.1262699090526,582.0520659270326,592.1262699090526,7193994
2019-03-11,582.5435791015625,588.4816331591883,581.0283715105853,584.2226050784069,9932198
2019-03-12,579.0216674804688,585.5740025251808,577.9159309474641,580.7006933376064,11997387
2019-03-13,580.2501831054688,588.5634275230623,578.4892232092941,581.519687919054,11348867
2019-03-14,580.1682739257812,585.5330380306991,578.4073639440849,584.795880370228,6415187
2019-03-15,588.5225830078125,592.7816111446774,581.1921475593172,583.1578682349019,14638664
2019-03-18,581.6834716796875,592.7405355105828,577.7110891240125,590.9795757191553,8065544
2019-03-19,591.5529174804688,595.0338449976608,579.3901672106522,583.8129627677025,8917337
2019-03-20,605.2310180664062,607.9747884174195,595.5663337073393,595.6482179006665,13471173
2019-03-22,608.6299438476562,611.2918297075571,599.7843023728237,610.1861432695822,8883260
2019-03-25,602.2005004882812,608.0566695201097,598.3509939212969,608.0566695201097,7644966
2019-03-26,596.0576782226562,602.200491807912,588.97294655819,602.200491807912,9406261
2019-03-27,597.6549072265625,599.784396251655,595.5663602999616,597.9006098078652,7387487
2019-03-28,604.2891235351562,610.1862354056029,597.900606504819,597.900606504819,9277241
2019-04-01,618.4585571289062,622.4718826844606,607.7291275682497,607.7291275682497,6584982
2019-04-02,621.9804077148438,627.2222456181854,618.0489667994027,621.6527709751077,7283600
2019-04-03,616.9843139648438,621.2433422618756,611.6605410911428,619.1957373104522,6897127
2019-04-04,612.5614013671875,617.393718144058,610.2680442632128,615.42804775681,7688525
2019-04-05,621.8983764648438,623.2498153173788,612.6432149009061,615.0184559173798,6276040
2019-04-08,628.409912109375,630.6622773857528,618.7042853691245,624.969926052837,4919911
2019-04-09,622.9631958007812,633.1193344872718,620.9975254033078,630.6622089976705,6730692
2019-04-10,616.4927978515625,627.9593835164342,615.3461192889368,625.7479605687112,7031088
2019-04-11,608.3023681640625,615.7146866181305,606.1318873504478,615.7146866181305,8200995
2019-04-12,612.4385986328125,615.5509479457481,606.582428880437,608.6300336903092,7043212
2019-04-15,595.8529052734375,599.0061961849326,583.6491625438646,593.5595982477735,31574803
2019-04-16,593.0682373046875,596.1806366088639,584.8778180628586,596.1806366088639,12524411
2019-04-18,587.2939453125,591.7577333685049,583.7720753749506,591.7577333685049,13801105
2019-04-22,590.5701904296875,594.4196976082734,585.6149966102865,587.2940226164831,6455426
2019-04-23,596.4262084960938,597.9004736385041,588.3996093960012,592.9043389919077,5516668
2019-04-24,603.1834716796875,604.3710925399192,592.9863891065114,596.4263753949793,8285120
2019-04-25,596.7129516601562,604.1662627621687,595.4843888401887,603.1834025081248,8005235
2019-04-26,604.452880859375,605.9271461804748,597.0815042635289,598.7195879514948,6895168
2019-04-30,615.3870849609375,617.393747527244,604.4528960648468,604.4528960648468,9920046
2019-05-02,598.5558471679688,612.9710154847346,597.4911026308508,611.8243367583901,6351352
2019-05-03,592.65869140625,598.7196213863281,588.2358951959644,592.0854020757248,6348116
2019-05-06,588.399658203125,591.1843703719243,582.0520841550958,585.6148960439806,8858265
2019-05-07,593.436767578125,596.1805877936852,588.6453927101129,590.0377738652862,5747536
2019-05-08,589.1777954101562,594.6244442690927,586.8435458936706,590.5292345978179,6247642
2019-05-09,590.5701904296875,598.1463284977227,586.2702201748567,589.0140407126275,7396525
2019-05-10,587.130126953125,594.6243798356219,585.6149195350821,590.3653522409337,8352335
2019-05-13,589.46435546875,594.9928872624516,583.2396081957108,586.8843539688861,6808993
2019-05-14,584.6730346679688,587.8673180432361,576.2778552741086,586.8435156781311,10513001
2019-05-15,586.5157470703125,593.9690566069046,583.6491010924707,585.5329370130377,6668929
2019-05-16,600.4395751953125,603.6338584860183,588.9729890096893,589.7101466891902,6468556
2019-05-17,592.9044189453125,602.650987027489,589.7920199034324,600.4805561055279,8155948
2019-05-20,591.6758422851562,594.9520096289493,578.2435361794663,589.4644193300267,11213708
2019-05-21,580.9464111328125,591.8806505195186,579.6359640856573,591.8806505195186,8645535
2019-05-22,581.3150024414062,588.2768587580698,579.0626371624857,581.5197629213081,5795713
2019-05-23,574.189208984375,587.0072323712471,571.2406786797671,585.6148513978275,7233736
2019-05-24,580.8644409179688,582.9529874608558,573.6978253362582,576.4415953056902,7016424
2019-05-27,579.9635009765625,584.6320494148865,577.8340122104795,579.3902116867029,10247544
2019-05-28,596.3443603515625,600.7262643120674,581.3559042593108,583.1578063556703,23860490
2019-05-29,596.0986938476562,600.890119029415,592.6996999054012,594.2149074472032,10293077
2019-05-30,600.8082275390625,603.8386928283711,591.7987658624099,595.4435126296721,15089296
2019-05-31,604.248046875,608.5070739435528,600.5214169363941,603.224244694595,8290306
2019-06-03,609.8995361328125,615.0185477165822,597.0815111309138,597.7367346155668,7744761
2019-06-04,602.2413940429688,605.6404373313267,600.480484259276,603.8385354675024,11733702
2019-06-06,602.4871215820312,609.8994897843149,600.8900300815419,603.2242791902138,7563925
2019-06-07,605.353759765625,609.3261423939055,602.6918739799049,602.6918739799049,3218358
2019-06-10,617.1480102539062,617.6394153488794,606.1728298896163,606.1728298896163,4435148
2019-06-11,618.2947387695312,621.652790500734,614.6909344806336,618.3766229618633,5733127
2019-06-12,617.3937377929688,619.9737396218774,610.1861794963166,619.9737396218774,8738342
2019-06-13,616.8538208007812,620.6330940283074,614.6526794403948,614.6526794403948,4808577
2019-06-14,615.0265502929688,619.2211299676636,613.19919409608,617.8506001458661,5556353
2019-06-17,615.1094970703125,618.3904234927539,612.8253148478746,617.1445059168786,3085588
2019-06-18,623.08349609375,624.9938931988295,614.8188980928701,614.8188980928701,6202838
2019-06-19,624.5370483398438,627.4441897126518,621.7959887739784,625.0353951537162,4596253
2019-06-20,627.0288696289062,628.6900932329605,611.2472453903904,612.8253773963293,7148684
2019-06-21,623.1249389648438,627.111865186994,620.5915832911402,627.111865186994,13200318
2019-06-24,619.2210693359375,624.5370048979119,616.8538460899207,624.5370048979119,4758178
2019-06-25,621.380615234375,623.7063686367112,612.4100186853476,617.9751274183376,3677911
2019-06-26,613.98828125,624.1632762731413,612.9915369043468,617.1445960974658,5447130
2019-06-27,606.803466796875,618.5566445577194,604.810028807908,616.3139824606739,11122346
2019-06-28,608.0077514648438,614.2373390823115,605.1006105766921,610.9148923529953,5919494
2019-07-01,607.4263916015625,612.5761948364407,606.2219943673258,610.4996653624189,3224968
2019-07-02,614.6527099609375,616.023239660404,606.4296331571768,609.6690393396326,4837606
2019-07-03,607.4263916015625,617.3106921765145,606.3466064143752,615.4833361000713,5958379
2019-07-04,609.5028686523438,611.66248953749,605.1836775785671,605.5159425444407,3274064
2019-07-05,596.3792724609375,611.6625498611075,592.6415193605555,610.4996730623802,4926289
2019-07-08,596.0470581054688,602.1520857727191,591.6448253302872,595.0918848721274,7177092
2019-07-09,594.3026733398438,597.9158139683353,588.945217717603,596.3792025967964,5022638
2019-07-10,595.7562866210938,600.2831308657792,586.8272101746988,588.9037395808372,7573816
2019-07-11,599.2864990234375,600.9477228599543,589.4021969175512,597.5837547303134,6252688
2019-07-12,603.6470336914062,606.844868355645,597.7081399475192,600.1169340791758,7874441
2019-07-15,647.3372802734375,649.2477279536022,626.4474241078071,633.7567977432616,31064152
2019-07-16,651.9056396484375,654.3559545552573,644.5547456244981,645.3853574100967,9924322
2019-07-17,659.63037109375,660.3363708342729,645.1777057176371,651.1166002748175,6754348
2019-07-18,658.426025390625,663.2435639941708,653.0270483512235,655.3942718514284,6534471
2019-07-19,652.3624267578125,659.9209726861856,648.9153680441567,655.1034351331284,6812754
2019-07-22,651.5319213867188,657.8445508383775,649.5799532232627,652.8193595476663,7107151
2019-07-23,656.2249145507812,667.8119605731658,652.4871610401105,653.6915584217431,10782564
2019-07-24,653.110107421875,659.2981760322863,650.8674452192159,654.5221577492177,5745146
2019-07-25,659.921142578125,664.6556404615401,654.2314714449542,654.7298182973027,9773568
2019-07-26,653.6915893554688,660.336484799997,649.7046622280576,658.093822448163,4941763
2019-07-29,657.3876953125,661.9560600461567,653.0269835212823,655.7679922221724,6244316
2019-07-30,658.426025390625,662.662125558315,654.9789659253205,657.7615460481574,8673253
2019-07-31,659.215087890625,664.3233201399,649.2061749529819,656.8893342491592,7350584
2019-08-01,638.6157836914062,654.85428294357,634.9196021927339,653.2345799932615,10066407
2019-08-02,644.2225341796875,647.7942057118562,633.1338861988615,635.459589252547,10838336
2019-08-05,645.1361694335938,652.7778078277031,638.4497548499427,641.730630771693,9976238
2019-08-06,643.2673950195312,650.9505550816942,639.4050294123737,646.8805364998835,9331718
2019-08-07,644.6378784179688,650.7429063303058,641.5230837779582,646.9636323063985,5130457
2019-08-08,655.1450805664062,658.4675278846511,648.9154918446972,650.1198891368655,8009009
2019-08-09,656.0586547851562,661.7898960018398,651.8640756871715,657.8444902835985,4362520
2019-08-13,635.21044921875,652.8609520574535,631.389654765218,651.3243403242242,7517099
2019-08-14,643.55810546875,646.4237267320203,637.9099545521253,643.8072789054413,5940968
2019-08-16,643.350341796875,647.9187065708069,633.3414800223826,647.877186121257,5128088
2019-08-19,645.9252319335938,650.3689844092521,642.353560938373,644.2224373303536,3881451
2019-08-20,658.467529296875,662.8282414114238,651.0750637193164,652.1964201095427,8435344
2019-08-21,664.0325927734375,667.6042132618487,658.6751366925611,658.6751366925611,5926896
2019-08-22,660.9178466796875,665.5692526730729,658.1352666169197,664.4064265229881,5222488
2019-08-23,666.3168334960938,672.7540753073816,661.0008973991304,661.5408153780414,6895015
2019-08-26,666.6074829101562,670.1375830228723,653.6084387953615,661.0839449164071,5412074
2019-08-27,651.7395629882812,660.2948543081113,648.7908505689361,657.0139275898189,16061642
2019-08-28,666.5660400390625,668.6425697588104,653.1101173157911,654.0238208103959,5881134
2019-08-29,670.2623291015625,672.5465119842023,660.7518120509015,660.7518120509015,7830413
2019-08-30,676.8655395507812,678.9004977936854,666.150627630732,672.7955216719363,8174186
2019-09-03,676.32568359375,683.095190297031,674.4983274256996,676.948642467186,5647088
2019-09-04,682.1815185546875,683.1367424836058,673.0032675323359,673.4185734672525,6199015
2019-09-05,692.7717895507812,695.637410515493,686.6252924011552,689.4908626693439,7926895
2019-09-06,697.8385009765625,703.5281713398414,693.6023505187062,700.4548976421462,6106841
2019-09-09,688.66015625,697.9630176462329,687.3727182242817,695.0558766284423,4377870
2019-09-11,681.1846313476562,688.2033103154458,676.2425323155785,683.0119872174528,7981036
2019-09-12,678.1115112304688,680.9770814569157,673.5015750647467,678.1115112304688,4400017
2019-09-13,688.8262329101562,690.279803301253,679.0250255552061,679.5233722678345,4832021
2019-09-16,687.4974365234375,696.011207962893,681.5585415334028,691.110577782548,4846496
2019-09-17,690.4461059570312,693.5609004199953,681.5585489500689,690.6537589212288,5540901
2019-09-18,689.2831420898438,691.8580689388473,684.4240836194537,689.3247132346565,3199389
2019-09-19,681.68310546875,686.9159496008917,677.114740628599,685.130113975679,6601607
2019-09-20,668.642578125,693.5609350737578,666.1507424301243,683.5105513830363,22462366
2019-09-23,634.8781127929688,670.2206856484727,616.2309183302906,670.2206856484727,17279260
2019-09-24,659.5472412109375,663.3680856282322,635.4179803323901,635.4179803323901,13717998
2019-09-25,658.3846435546875,665.3202337023087,649.2479112566533,654.2731038812651,9313576
2019-09-26,649.9953002929688,661.9976517979965,646.2990673801368,654.3144921002154,18442824
2019-09-27,649.70458984375,659.7134523526664,647.9602745659801,653.7330369795699,5087642
2019-09-30,669.1825561523438,671.1344740097744,651.3243987374797,652.1134395543996,8178091
2019-10-01,659.132080078125,670.7606469775567,657.4708562353491,670.303820560099,5881438
2019-10-03,652.5286254882812,662.7036202828897,651.3242789065454,658.3013877763635,5497672
2019-10-04,659.0490112304688,662.4960201402085,653.733074880293,656.1833900838353,8201713
2019-10-07,655.8096313476562,666.1507598917656,652.944010084128,660.2118643846927,3679845
2019-10-09,650.9089965820312,661.0839917453272,646.8804986913017,660.7102062734932,6335025
2019-10-10,650.4105834960938,660.0872315964925,645.0531270520215,652.3625517149693,10402917
2019-10-11,676.7825927734375,684.2581001693809,645.0532067980163,649.1232255477527,20636344
2019-10-14,652.9440307617188,661.9977212557482,647.8773181674825,653.4839488054703,15150858
2019-10-15,638.1590576171875,644.5132583830244,635.4180487227859,642.1459842541828,13762133
2019-10-16,640.7754516601562,644.5132045758913,632.5523749669317,635.6256486147287,10767032
2019-10-17,639.15576171875,640.0278939443645,635.5010496252461,637.0792322784681,9860495
2019-10-18,637.7853393554688,642.7274903944589,631.2650560941601,634.4213712353252,10037200
2019-10-22,534.5402221679688,574.0358037405917,530.2210306006513,574.0358037405917,90152532
2019-10-23,547.1983642578125,552.2868624850809,517.3404751399141,529.8723984303101,60516887
2019-10-24,534.3720703125,549.3851519067364,531.5545154873773,546.6937263715115,25666433
2019-10-25,536.1382446289062,548.7962944877054,534.9186870408898,544.1704253387669,16549337
2019-10-27,545.7264404296875,548.7963562899278,542.9509288946952,547.6188416582735,2945281
2019-10-29,547.2403564453125,549.8476440514997,544.1704408433197,547.53470941113,16709764
2019-10-30,555.6089477539062,564.6925141887414,551.908283034775,555.4407753889147,22879467
2019-10-31,576.6355590820312,584.9201004709493,560.2347513187437,562.1692466354746,27405901
2019-11-01,578.5701293945312,583.700618620877,574.11243230563,580.3363499256558,9713519
2019-11-04,596.316650390625,616.0817297759278,570.3697475612332,573.4396120692132,29381982
2019-11-05,585.466796875,596.1063163892159,581.5979086887376,596.1063163892159,12897805
2019-11-06,599.0921630859375,606.8299916806073,582.0185089992797,585.2145541285847,21372589
2019-11-07,605.6524047851562,609.2269399991624,598.9238679117328,603.0451172805697,13733737
2019-11-08,595.6016845703125,609.1428442821399,593.3728362320327,607.250443316127,8585630
2019-11-11,592.4476318359375,594.8026092346021,587.0647823521409,587.8217632070882,6951494
2019-11-13,581.4716186523438,588.7468683450401,578.4437981490019,585.8031340033149,9973690
2019-11-14,593.2047119140625,596.9895144800834,585.6771498769315,585.6771498769315,10539902
2019-11-15,592.0271606445312,599.6388077408627,590.6814224645931,596.3586254703425,7362623
2019-11-18,593.1204833984375,597.1575948998428,588.1581673576601,592.9522597244918,7490916
2019-11-19,599.5546875,600.5219352404855,592.952331014765,597.0735805159674,6495885
2019-11-20,599.6807861328125,601.3629201752608,592.9522499630193,599.5125624616362,6142171
2019-11-21,599.89111328125,606.7878738165402,597.5781787400324,601.783514269519,9692973
2019-11-22,583.0277099609375,598.8397607936121,576.2150358140341,598.6294940236704,14415826
2019-11-25,587.14892578125,593.078489942407,583.027727765339,583.1538570303593,7334511
2019-11-26,580.8409423828125,594.8447307020281,576.9720540991038,592.9523296499538,27253106
2019-11-27,585.1725463867188,586.7705947152475,580.4204958318871,583.9109454961977,3861635
2019-11-28,590.3030395507812,591.5646404485899,583.7427251491109,587.9901045714655,4837683
2019-11-29,585.6770629882812,590.6814225723055,581.6399511170558,589.5039594161403,4262379
2019-12-02,582.607177734375,592.1112254902263,580.5885962045213,591.354244582866,9383736
2019-12-03,587.3591918945312,588.4946632864052,579.1167445373522,582.607193554897,5239013
2019-12-04,596.1903686523438,597.5781498438323,583.1538291413242,586.2237444632668,7427886
2019-12-05,601.23681640625,602.1199779590996,591.943034901219,594.1718833260984,4814422
2019-12-06,601.4470825195312,605.5683319793674,596.8212133169111,602.162020378916,5226096
2019-12-09,603.2554321289062,607.5448541936557,600.7322306003085,602.2040981586572,6435865
2019-12-10,600.9844970703125,604.3067224432308,597.1576519619956,599.6808533083139,4457939
2019-12-11,606.4514770507812,607.8392584251918,599.6808965502122,602.7087178502597,6043554
2019-12-12,590.5132446289062,606.1571249269681,588.3685335937956,604.3067668700361,11112042
2019-12-13,598.2510375976562,599.5967758026204,589.0413422834619,589.0413422834619,10302412
2019-12-16,600.5219116210938,605.736537927313,597.3258668962052,599.092087278873,5616324
2019-12-17,613.7267456054688,615.03038949747,601.3630475086372,605.3160736123409,10525565
2019-12-18,616.03955078125,620.1187053057453,607.8811903976023,614.8199933319228,12215295
2019-12-19,614.6940307617188,618.9835048978288,609.4373600076688,616.922879695306,7199210
2019-12-20,615.2825317382812,618.1842230521917,612.5070210037532,614.8199551716356,7794167
2019-12-23,619.0255737304688,620.1189510258289,615.3669512674273,615.7874849452334,4975608
2019-12-24,616.8385620117188,619.82433961259,612.5490894853496,619.82433961259,2890759
2019-12-26,613.0958862304688,617.8058415596886,611.0773046124243,615.6611306746806,3821806
2019-12-27,619.824462890625,620.2870395684547,613.011787994226,613.768768983159,3399094
2019-12-30,616.4180297851562,620.6654079023416,611.6659806631237,619.1094031390497,5368416
2019-12-31,614.9462890625,620.4973119154746,610.1521958705674,613.7267313848213,6927885
2020-01-01,619.7402954101562,622.3896774086668,616.1237170110657,618.1843417505002,2112415
2020-01-02,617.9320068359375,623.0624955971197,614.7359621321849,621.4644989125743,5658200
2020-01-03,627.43603515625,629.11816929876,617.2591441279282,617.2591441279282,7882938
2020-01-06,621.4224243164062,633.9963880928626,619.4459371079719,627.5201609681819,6519403
2020-01-07,612.212890625,624.5765385122552,609.8578611848823,620.7076495772147,7899363
2020-01-08,604.0543823242188,613.1378964491256,595.7277977645024,609.7315850691181,8639443
2020-01-09,611.9183959960938,615.240621512479,600.7742562352731,606.9981736921635,13521186
2020-01-10,620.833740234375,624.8288092157168,614.3995559726637,622.7681844215654,9341405
2020-01-13,650.607421875,653.9296470691644,635.0056379899925,639.2109733409196,36952038
2020-01-14,652.373779296875,653.4671563649406,645.2667513524486,647.5796860995617,11414418
2020-01-15,645.5610961914062,650.8598090964978,641.0193642733277,650.8598090964978,6047430
2020-01-16,645.0985717773438,649.7244415880026,639.4213679188077,648.2105308259938,5740586
2020-01-17,645.8133544921875,650.0607844299849,641.1033992493434,648.2104265364883,3762957
2020-01-20,646.3179931640625,651.3223524429509,641.6921243294809,648.9673236048908,3887680
2020-01-21,641.3136596679688,648.0421964251409,639.8417922523373,646.3180191480478,4448374
2020-01-22,647.7899169921875,654.3502303716543,644.2574247618087,646.3180495074183,9733935
2020-01-23,659.6910400390625,660.658287856233,653.2569067378898,653.5933028182379,12528017
2020-01-24,658.3453369140625,661.4993388475377,650.6495516625163,652.4578666382421,7540490
2020-01-27,654.434326171875,660.0694863204792,651.3224187974897,655.2333502280002,3741610
2020-01-28,654.3502197265625,657.5462645174204,649.3038170037356,656.873421087976,5121009
2020-01-29,664.1907348632812,666.7980224796606,659.6069086547881,661.5833959122372,6832757
2020-01-30,656.6210327148438,664.1906358940819,654.350141494141,664.1906358940819,3859680
2020-01-31,652.6260375976562,660.195641626236,648.9673648497117,656.4949257895097,6092028
2020-02-03,645.4348754882812,665.2419942729217,642.9957605064534,657.7144338993415,6416745
2020-02-04,662.6347045898438,664.3589332396054,647.7057633307895,647.7057633307895,5771311
2020-02-05,659.8593139648438,661.0788717687561,651.322512006801,656.8735354343493,6310409
2020-02-06,648.7571411132812,661.7516391580695,647.6217209675293,659.6910143244213,7341622
2020-02-07,653.761474609375,655.0651184033688,648.4627619189931,652.6260545095304,2853344
2020-02-10,650.3131103515625,654.3502222786368,647.4114185076872,650.985953783631,3827682
2020-02-11,650.607421875,655.275333847597,646.9488006535574,655.1912476744426,4312817
2020-02-12,656.9154052734375,658.7657630394906,651.9110460884273,652.4998032868976,2948825
2020-02-13,666.3353881835938,667.8072555604587,657.8826743719583,660.2376519080102,4387430
2020-02-14,661.457275390625,672.1808816342858,659.9012703505496,668.2278557324347,5321680
2020-02-17,663.98046875,667.3447373343718,658.8078852676626,664.6953552903132,2929629
2020-02-18,670.877197265625,672.0546604125798,659.102257788104,660.2376778467144,5083346
2020-02-19,673.2322998046875,676.9329649548696,669.6157208467954,672.8538092700387,3985192
2020-02-20,670.3305053710938,677.9841957517539,667.6811233668155,675.587174955246,4564569
2020-02-24,669.36328125,682.6100890694331,666.2513738141197,672.9378166933391,6627536
2020-02-25,671.5079956054688,677.9000850547504,668.984794296332,672.0126153334312,6996695
2020-02-26,658.3453369140625,674.073303489259,656.4529357539774,667.7652996223086,8760569
2020-02-27,654.2239990234375,656.6631140571616,649.4720008848509,654.3501796176391,5223386
2020-02-28,615.4088745117188,636.5196404921938,607.2925555769194,630.8003938548435,14123957
2020-03-02,623.2727661132812,644.1733144136376,617.1329865312487,619.866454614692,9821523
2020-03-03,628.2772216796875,638.3700284536584,623.4410851004932,635.0057595290015,7826587
2020-03-04,638.1597290039062,640.472663771301,627.0576318534781,634.080573675277,11013444
2020-03-05,634.6692504882812,650.6074832384764,632.2722296460365,642.3650354401867,7755293
2020-03-06,621.5065307617188,625.7539092606012,613.221989199878,623.2307080135826,9216022
2020-03-09,592.48974609375,610.4885517564255,586.2237857495801,609.353131672268,10308654
2020-03-11,576.971923828125,585.3405501913963,562.7158288543626,580.8829056532408,16165009
2020-03-12,530.881591796875,563.5149867317193,527.769633095752,561.8328524429679,13965574
2020-03-13,540.2593994140625,560.9917227450248,479.4082188375774,497.9116939506067,16903113
2020-03-16,490.4683532714844,523.269973740947,487.8189710843147,523.1437931283513,19140152
2020-03-17,466.7501525878906,497.91167538338203,462.5868605757772,494.6314934745274,16059887
2020-03-18,449.3821105957031,486.1367506243738,444.08339849423766,477.72608019834655,15390183
2020-03-19,458.8442077636719,469.31550483196395,428.3134782001392,428.3134782001392,16583991
2020-03-20,492.1925048828125,519.3169203841148,460.90479673530757,462.16639745629834,21354894
2020-03-23,442.77984619140625,471.79666514742166,433.90659732831216,454.1762967028495,17146150
2020-03-24,496.06134033203125,505.60748223709646,439.0370040906388,439.0370040906388,20027097
2020-03-25,509.8549499511719,534.0776751888671,475.79172814778747,502.11712139803734,18339548
2020-03-26,540.8062744140625,547.4086321914688,514.817274285489,517.2563899916772,14843813
2020-03-27,548.964599609375,567.6363026653427,540.1754366557111,559.3517595234601,13495283
2020-03-30,527.0968627929688,558.0481277342011,522.3868553300534,525.7511243744193,14624804
2020-03-31,539.5446166992188,556.786494551649,532.9843027101059,546.6936880038849,15175521
2020-04-01,506.9952087402344,536.1802457151102,499.59382894866735,533.5308639671249,13083824
2020-04-03,492.613037109375,509.6866898864946,489.62725901146126,507.58402202392654,10221655
2020-04-07,537.4419555664062,541.8575584877266,515.4901215771391,517.2563422117995,15145605
2020-04-08,531.2179565429688,551.4456612406818,526.8023542952592,529.8722697251504,11806896
2020-04-09,535.12890625,549.0485555483924,531.6384574867653,544.0021532890604,11931114
2020-04-13,536.09619140625,548.1234406992095,526.5500489967274,529.0312072148263,8330276
2020-04-15,537.48388671875,549.4690921518867,534.5821951364273,547.8710955615969,11963447
2020-04-16,524.6998901367188,533.9937262079263,507.58418865064016,521.4197579951291,17783287
2020-04-17,528.8208618164062,543.3292671704149,526.5079276295353,541.647133216327,8878320
2020-04-20,549.4691162109375,555.9453430305707,537.4418671657106,538.282934250477,13322913
2020-04-21,532.5635986328125,543.7497787090063,528.0218166062546,528.0218166062546,11660575
2020-04-22,539.8389892578125,542.4883716065032,528.2322715740959,532.5637884083881,8266728
2020-04-23,571.3369140625,574.995587025574,536.6849366494273,544.2124980318446,14451289
2020-04-24,553.4221801757812,567.7203216088942,550.7307550508507,562.2954282688096,7319940
2020-04-27,558.9732055664062,572.7667273161079,555.9874274603991,555.9874274603991,7183306
2020-04-28,555.6929931640625,569.4023753917932,549.2588098949748,566.0381072949435,7296571
2020-04-29,569.02392578125,573.6077516589464,553.4221416298926,560.1506783062439,8639056
2020-04-30,601.7835083007812,605.5683102397799,587.1489202694552,588.7469682886748,16253821
2020-05-04,566.626953125,589.7562999093207,563.8093473522927,580.168113799409,9122740
2020-05-05,566.626953125,576.6356214781432,563.5149943816311,573.3975334622045,6393053
2020-05-06,560.0667114257812,573.1452971092436,558.5107061871496,569.3184513263835,7934250
2020-05-07,559.2676391601562,567.1736399581171,557.1649711817623,559.7722589411038,4779548
2020-05-08,567.047607421875,572.682768832296,562.2535133463026,565.407515851985,8400321
2020-05-11,574.36474609375,587.5274154760135,570.2434967485754,574.0282987181456,7370186
2020-05-12,578.3598022460938,581.1773564504479,568.1408166168994,570.6640178750056,7356039
2020-05-13,583.8267822265625,588.6629183350881,575.0796633398852,584.3734450728143,8287101
2020-05-14,553.54833984375,564.9868320237259,548.8803763082393,554.2632263545,16888262
2020-05-15,548.6280517578125,559.1413903678222,543.9180965943926,559.1413903678222,9255353
2020-05-18,558.3845825195312,563.9776490785782,549.2169287191407,554.9782189995536,10435442
2020-05-19,562.3375244140625,567.552151460352,550.899030722247,558.4686357245373,5902208
2020-05-20,563.1364135742188,566.0381050632426,554.8098808681391,562.253303469209,5794636
2020-05-21,565.365234375,571.4629699816402,559.6459891763926,560.5711423207796,7213225
2020-05-22,582.3128051757812,585.2565401219556,566.4587103566795,567.720311047897,11867731
2020-05-26,572.38818359375,588.2843717331784,571.0845399036119,582.8594788706966,7099606
2020-05-27,593.3308715820312,596.4848736090092,567.7203648560363,577.0141472285978,8774636
2020-05-28,594.9708862304688,597.1576401535042,580.3362981773491,594.634438857081,9440091
2020-05-29,589.0885620117188,597.4432084902894,575.4056904787728,590.3673360247687,28290128
2020-06-01,596.3776245117188,602.430520013001,589.5148803460512,595.6956220416533,12276438
2020-06-02,603.66650390625,606.6929770578658,594.6724713306025,597.1874037086551,7059304
2020-06-03,598.0825805664062,606.9061522562504,593.3511272429256,605.8831226646595,11378568
2020-06-04,603.3681030273438,604.8173904035074,594.6298154172692,598.4661368070581,10782424
2020-06-05,599.7876586914062,606.7356853368517,597.2727259283245,602.7288494809951,7718679
2020-06-08,614.5361328125,618.7560973850326,600.1712591421498,603.2829633303422,10719105
2020-06-09,611.7654418945312,621.99563357861,609.5915365683536,613.8115010447252,10078029
2020-06-10,610.2735595703125,613.3426483993511,604.6043593738111,609.5489417815735,7263049
2020-06-11,600.128662109375,608.1849488973281,596.9743424317145,606.9914056570949,8825715
2020-06-12,589.9837036132812,592.6265345060069,575.8745738320791,576.1303182324207,9795316
2020-06-15,586.1473388671875,600.5122640371706,584.1865625626119,590.793561263612,7857344
2020-06-16,597.7841796875,606.9913413119477,596.0365324401304,598.4661820238586,10131760
2020-06-17,599.8729248046875,605.5421251792208,595.0561884259687,596.6759896949491,7291916
2020-06-18,608.6112670898438,610.9130189424848,601.8763690589473,603.7519148933004,6670195
2020-06-19,601.4925537109375,606.9060606338522,597.6136169604639,604.4337438301982,22438862
2020-06-22,599.9154663085938,604.1780459298948,596.7611469821425,602.8139892310129,7804096
2020-06-23,614.36572265625,617.6478886909858,590.0263473895612,593.0954364416369,12157390
2020-06-24,608.8244018554688,619.6086994461257,604.7749503257483,611.168821162149,10220838
2020-06-25,597.1874389648438,601.5352496128797,591.2198271550594,600.8958626332601,14945284
2020-06-26,637.8524780273438,640.7510011910102,605.2863566034009,605.4568702091336,26030458
2020-06-29,623.8286743164062,634.8687685391511,622.4220018971179,626.9403789852784,8954428
2020-06-30,627.4091186523438,629.9666664813226,617.4346717126376,624.7236726185384,10411290
2020-07-01,623.9564819335938,632.8226171237593,622.1235517180992,628.5174217254794,5477468
2020-07-02,645.0135498046875,652.5583472155681,626.94025321164,628.6026176947248,17263756
2020-07-03,650.2139892578125,651.3222496948442,641.5183153080762,643.6496053921562,7796572
2020-07-06,651.3221435546875,660.6998183964434,649.1908538179248,652.3451730350218,8810958
2020-07-07,677.0256958007812,679.4127305240592,652.6437036103131,655.9259218840929,19362533
2020-07-08,660.4442138671875,669.1398882409582,658.3129236791776,669.1398882409582,8476642
2020-07-09,666.4116821289062,673.487553614625,660.6998152548535,664.9623947081107,6854166
2020-07-10,666.53955078125,673.4023455592946,659.4210636675116,659.4210636675116,5206452
2020-07-13,679.4978637695312,686.573736125106,670.1201878195426,671.7826044173664,10804688
2020-07-14,667.7329711914062,687.4687319129582,666.1131704287658,676.0023844969842,8961822
2020-07-15,708.3980712890625,723.3170989868079,677.579601831487,681.1601788856337,30060599
2020-07-16,776.64208984375,814.5790525199815,762.3624465892135,767.349644464732,90432109
2020-07-17,769.949951171875,784.2295961184561,760.5722738935232,776.6421818707715,31682878
2020-07-20,796.5056762695312,805.6276077373739,773.0188712337183,774.5107742110097,18421053
2020-07-21,798.5943603515625,809.6344529216389,792.1578749795978,805.6276173282375,12877784
2020-07-22,782.5244750976562,800.5125422953873,775.789577730354,800.4699269011028,14354201
2020-07-23,774.0418701171875,780.7340995364518,767.8185140654958,780.6062533635381,13051307
2020-07-24,786.7443237304688,789.2166407991177,770.0350319220125,770.0350319220125,18209580
2020-07-27,808.5687255859375,812.277148982619,783.1637618639511,785.6360267839249,16827870
2020-07-28,820.8450317382812,824.8518674521246,802.3880910647601,806.4801575675039,15818463
2020-07-29,813.4280395507812,818.4152365853474,804.4339554803054,812.6607544531067,11152710
2020-07-30,819.6514892578125,829.1996785226145,817.3496857335426,820.1203626343344,12492320
2020-07-31,823.5304565429688,840.9644191611527,812.7034929291409,826.3011335447954,12704346
2020-08-03,815.7725219726562,823.0189074464298,807.7162359510077,818.415300567361,8479792
2020-08-04,809.7623901367188,827.5373818961489,801.8340008783717,818.7990919427473,11133170
2020-08-05,805.3717651367188,819.2251482364996,799.9156426717367,811.5951206763939,9614176
2020-08-06,827.6651611328125,830.6916346449389,803.4963526644548,812.8740289289736,10976491
2020-08-07,810.6574096679688,826.471569587553,809.0376086055396,826.471569587553,8010948
2020-08-10,811.041015625,815.6872378870407,805.8833046142795,808.9523932066882,5716319
2020-08-11,808.5687255859375,820.120305764603,806.5652819765306,809.8048840626453,6802442
2020-08-12,814.1100463867188,817.3922116967243,803.2404689651308,808.1850506404202,6908726
2020-08-13,810.9132690429688,825.6617861535282,808.3983363139733,813.9823059788431,5097703
2020-08-14,812.959228515625,820.9728996474734,811.6378391357582,814.8773894961097,4663873
2020-08-17,816.2841186523438,829.0292440186709,813.3855432662033,813.3855432662033,9008210
2020-08-18,824.851806640625,826.2584787879165,817.3070612084666,821.7401546068832,6141761
2020-08-19,817.8185424804688,828.2618628941742,816.2414087823889,827.7077587453504,6622744
2020-08-20,814.2806396484375,823.1041590171701,810.9984219838175,817.4775744970283,5656501
2020-08-21,808.8670654296875,821.356444022367,806.9489046786,821.0154168532418,6513773
2020-08-24,807.6737060546875,811.595258971633,800.683064215679,807.3326788299753,5798574
2020-08-25,799.7452392578125,808.7393246898694,795.9089172555522,807.7589104759129,6233918
2020-08-26,810.5721435546875,813.5133339478789,800.0009771421063,802.4306267523615,5153601
2020-08-27,807.375244140625,819.22523701272,805.7981103994258,818.415336429356,6154280
2020-08-28,797.3156127929688,812.0215142318126,795.4400671303105,811.1263828117901,7593610
2020-08-31,791.646240234375,810.3163591706738,779.711017690041,797.31549175631,12808355
2020-09-01,779.3275146484375,797.1024522625171,777.5798152386446,789.6429373349267,6907773
2020-09-02,787.7247314453125,789.7707905221844,778.7733140425248,780.0520879572088,5678118
2020-09-03,797.5713500976562,809.3787281650184,787.7248004981194,789.8560905427571,8827948
2020-09-04,783.5902099609375,792.4137309608367,779.583373803288,780.052247261071,8650342
2020-09-07,788.6198120117188,790.7511017323242,778.3896213528129,783.3768705190938,6700385
2020-09-08,800.768310546875,811.595274723511,789.0462149298075,792.7973063406491,12891964
2020-09-09,790.9216918945312,806.4801083613328,789.4297889456599,797.1024326827127,5528947
2020-09-10,801.40771484375,803.0701315737617,788.4068448793129,797.3582635433515,5171884
2020-09-11,806.2244262695312,813.4281971859399,793.6924301240407,797.0172634803677,6671903
2020-09-14,834.1016845703125,844.885980871222,808.4409214623822,815.8578211522744,21871587
2020-09-15,837.5543212890625,847.4008702906807,828.3471592620098,835.0393887824163,11608203
2020-09-16,854.0079345703125,857.3327679066014,837.1707429478881,840.5808070739487,10059251
2020-09-17,861.8936767578125,870.4188367653081,848.2534207458194,848.2534207458194,15628241
2020-09-18,854.3489379882812,868.5432982973871,851.7487225378605,861.8936838435625,12897633
2020-09-21,860.9558715820312,878.943937164553,852.9422009050778,853.3684588765447,14140637
2020-09-22,858.9097900390625,871.6975288485771,845.0137909394118,860.188563920014,12625762
2020-09-23,869.3532104492188,884.05911177822,859.4213780136444,869.6942376702272,13486204
2020-09-24,831.5440063476562,860.1885189707698,826.940399803416,855.0734237142539,14427432
2020-09-25,862.2772827148438,865.2184731991076,831.2030654016025,831.885067766525,13311078
2020-09-28,861.382080078125,866.2840464684381,851.2371201265356,865.1331187915175,8554526
2020-09-29,860.1885986328125,876.3864017785245,856.0112496397511,867.8612422281498,8708463
2020-09-30,859.5492553710938,872.9337669524186,856.7785783763444,860.188642369882,8048817
2020-10-01,867.5628662109375,875.1076114583554,862.5330013570299,870.0777466044478,5563358
2020-10-05,894.033447265625,899.3191086674569,867.903864263749,867.903864263749,14212509
2020-10-06,900.0437622070312,903.6669551877368,879.2423511044252,899.4043752104361,9090819
2020-10-07,909.2509765625,913.8971471108864,882.7803132773535,890.7939844478612,9284008
2020-10-08,932.3966064453125,958.227880070405,927.878334575502,929.2423392141828,21482613
2020-10-09,943.5645751953125,949.1059281662157,927.9208262470318,933.5900774075617,10567867
2020-10-12,965.13330078125,971.8681977015069,948.0829815233288,957.375426332274,14633537
2020-10-13,987.0430908203125,994.0763479941307,968.0746093515298,968.0746093515298,17523825
2020-10-14,969.310791015625,993.096010658677,964.2809252884425,990.6236931927496,16649573
2020-10-15,944.8008422851562,1011.0839602528268,931.3737154942777,1005.9688643324922,44288251
2020-10-16,961.2117309570312,968.4154490877811,935.1247637728168,949.5748674584532,18365685
2020-10-19,959.8477783203125,971.015717026732,950.8111295985873,967.6056530512211,12902123
2020-10-20,969.7368774414062,975.8749505553797,946.2926891955701,953.8801018412363,10448776
2020-10-21,978.9865112304688,984.1016060989872,967.6054459613897,972.8484390149954,19811433
2020-10-22,962.533203125,987.2134989725573,958.0574942566011,973.5732433736274,11271335
2020-10-23,967.2291870117188,978.0001133704238,965.2042738932478,976.2767651530311,9069862
2020-10-26,958.5693359375,973.3470681820671,950.5558297055002,967.0137844157754,6309368
2020-10-27,939.9572143554688,956.1997508535874,928.1523207142468,952.7530542944182,10172479
2020-10-28,927.6355590820312,951.9347335606204,922.0346758341074,943.9642458616516,7608392
2020-10-29,926.1705322265625,932.3315240555805,913.4608372359711,921.9914332157773,6935616
2020-10-30,913.8915405273438,933.7100450681501,906.7827291159676,923.7146464236655,8800386
2020-11-02,923.973388671875,930.56511288124,905.705830505592,917.6831242439621,7183119
2020-11-03,915.5719604492188,930.0911496372978,911.2204636787559,923.7147395400722,7204782
2020-11-04,942.6283569335938,961.6283132614819,919.2339888367889,920.2679557018483,15702690
2020-11-05,951.2882080078125,967.6600159354832,946.9798375005307,956.3721062433704,9568890
2020-11-06,958.8280029296875,966.0229617394616,940.6897182480938,954.7350503222591,8807127
2020-11-09,979.3359375,987.4787173096352,966.0661326527613,973.0887990178928,10160320
2020-11-10,940.1297607421875,959.7758711207026,928.8848693683806,959.7758711207026,15622869
2020-11-11,967.2291870117188,970.5466112932344,936.6397561529963,944.3948231312639,12514800
2020-11-12,963.1364135742188,984.03201458444,959.6897165003679,972.0547212158386,9180976
2020-11-13,968.694091796875,976.2768668169616,962.4900796421414,965.0751022374202,6363212
2020-11-14,976.6646118164062,982.0070551418073,974.6396984172352,979.723597400256,1136144
2020-11-17,968.2632446289062,986.6169469384652,958.7418079462105,986.4015283910987,12813968
2020-11-18,956.9323120117188,976.0183111371115,949.0909927493254,972.3993216197281,9839468
2020-11-19,945.0411987304688,960.5082088719068,942.4993018609314,947.8416399393806,10092343
2020-11-20,950.7282104492188,955.5966907311198,940.1727014668417,953.0116681231907,8063554
2020-11-23,982.1792602539062,986.4446104134439,949.5217888849451,952.1499371201602,10546363
2020-11-24,982.3515625,995.1474013624497,976.5782831381923,986.616807059209,8515426
2020-11-25,961.3267822265625,985.3243861608058,957.5353949463887,979.7235042106132,8958701
2020-11-26,959.2158813476562,965.0321834345191,946.3770171852848,965.0321834345191,10962256
2020-11-27,947.8416137695312,965.936771850586,940.0865460205079,963.3517492675782,25306145
2020-12-01,980.4561157226562,982.5241551524058,952.1932607989286,952.1932607989286,8933802
2020-12-02,983.0841064453125,988.7280092906063,965.9367689918088,977.1385334850233,6741637
2020-12-03,970.6328125,988.340258507969,967.4015344098475,988.340258507969,16212632
2020-12-04,977.6988525390625,979.7237662872928,960.7669300002916,969.3836737671103,10564055
2020-12-07,985.324462890625,993.5103679168261,978.8619062909926,988.5988669750417,7792141
2020-12-08,993.8118286132812,1005.573701427874,986.6168707240066,986.6168707240066,12308330
2020-12-09,1012.6393432617188,1016.3445839035037,996.9569169786806,1006.4784576979126,10039346
2020-12-10,1006.2200317382812,1009.5805821041114,990.925314921022,997.3017249409595,9488782
2020-12-11,1002.2994384765625,1009.8390881110338,995.4491703111808,999.283578622774,10574009
2020-12-14,1003.462646484375,1010.3990600945316,989.3741903626923,1007.6417449625785,6728187
2020-12-15,994.8890991210938,1002.7303140043028,992.6487670380124,996.0954641457832,6905926
2020-12-16,1004.4534912109375,1007.2109115376816,994.0272552754861,999.5419907441441,7788404
2020-12-17,998.8529052734375,1007.2112099209915,996.2678821177766,1004.6261867653304,6658153
2020-12-18,1025.2198486328125,1029.7005117144608,1012.9840137509185,1019.2311507466757,15995676
2020-12-21,1014.4491577148438,1042.410445635424,992.6918824494629,1023.6690303078187,10858352
2020-12-22,1051.67333984375,1054.559927318439,1013.4149851000539,1018.4988838142667,10901851
2020-12-23,1079.7208251953125,1084.7184721056449,1060.333157009501,1066.752587290426,15878346
2020-12-24,1065.0723876953125,1077.0065537760643,1056.4125203121318,1077.0065537760643,7313885
2020-12-28,1068.7344970703125,1075.3693459932929,1065.0292561279728,1067.1403157348757,4607051
2020-12-29,1077.351318359375,1080.9271822212474,1064.1676607314378,1064.1676607314378,6878105
2020-12-30,1074.3353271484375,1079.9362088880785,1066.8818250271804,1079.6776645800098,5194690
2020-12-31,1082.0904541015625,1084.3307858845285,1067.6142861142157,1071.0609827602664,7430470
2021-01-01,1086.09716796875,1090.448664611065,1082.0904672170202,1083.899961941162,4253550
2021-01-04,1110.0517578125,1111.5596876212885,1086.7004086676557,1093.4645299158258,7208454
2021-01-05,1114.8341064453125,1119.3147701487244,1098.677715421226,1104.6663089535523,8145280
2021-01-06,1104.75244140625,1121.8997785672482,1092.6459823290795,1120.1764302130741,7161715
2021-01-07,1087.56201171875,1118.1514429822316,1081.8318577831321,1116.729659647104,10954918
2021-01-08,1130.6026611328125,1134.6525928560131,1101.435011419496,1101.435011419496,13186251
2021-01-11,1185.8360595703125,1191.997051488517,1154.6434938259667,1156.452988712158,20528626
2021-01-12,1182.0015869140625,1187.3870506780231,1171.8769150378166,1187.3870506780231,8309868
2021-01-13,1195.271484375,1200.1399650362782,1171.8770069132547,1183.8111745128651,14442997
2021-01-14,1180.9244384765625,1192.5570396581995,1136.074256291206,1171.8768597797336,27521697
2021-01-15,1158.9085693359375,1175.7112147298128,1154.6433245021933,1171.8768069574498,15018441
2021-01-18,1130.5596923828125,1154.6434445439536,1125.3465213241816,1152.920096119261,8861765
2021-01-19,1134.5233154296875,1146.8883187154604,1130.5165095076513,1137.4099028583078,5585744
2021-01-20,1154.1693115234375,1161.88135769805,1137.8837554585307,1137.8837554585307,8225838
2021-01-21,1154.384765625,1172.7815920617124,1150.3349393730487,1163.2600510513976,6142421
2021-01-22,1155.375732421875,1168.4301164859517,1143.053855513784,1143.441566797093,9646591
2021-01-25,1141.8045654296875,1161.4507810538796,1131.378327696567,1158.9519046092023,6542611
2021-01-27,1121.0380859375,1143.9155770365226,1107.3374457103669,1137.0652043305388,8133665
2021-01-28,1099.66845703125,1117.117357757531,1096.523430677832,1113.1106572941733,4660690
2021-01-29,1067.6573486328125,1112.550548750536,1060.720829969721,1108.3283245723426,12183519
2021-02-01,1086.485107421875,1101.1765906055678,1069.3377684222917,1077.5667997697462,8880279
2021-02-02,1095.4033203125,1115.351098962238,1088.8114916842712,1102.9429695181907,6892490
2021-02-03,1106.94970703125,1123.6230806340604,1096.911182244754,1100.9179880401161,8182968
2021-02-04,1102.383056640625,1114.4896233101595,1096.0928970079221,1107.2515377462862,5032240
2021-02-05,1096.1357421875,1110.4826388299136,1087.4328536980415,1108.4577254721191,5477481
2021-02-08,1123.2353515625,1128.7931076138423,1099.0653501995846,1107.6820914790796,6921922
2021-02-09,1124.9588623046875,1147.7501042069305,1118.3239074502417,1126.1221015084686,7965949
2021-02-10,1117.16064453125,1123.924766232091,1106.0450258741864,1116.5575146413062,5951207
2021-02-11,1113.8431396484375,1116.7297270881256,1105.5710886329,1110.6980078831743,4673317
2021-02-12,1128.6209716796875,1140.641285360827,1121.5121591363622,1124.484893216906,5797875
2021-02-15,1128.4915771484375,1144.6479675405958,1126.2942659811706,1137.4098836079422,4363513
2021-02-16,1111.904541015625,1137.1946607577725,1108.1131530475434,1132.240033518252,6896421
2021-02-17,1104.06298828125,1115.4370435224996,1098.6343997614424,1111.9042009994464,4575741
2021-02-18,1113.6707763671875,1125.3465038369814,1098.6346036693349,1099.4962778682911,6437551
2021-02-19,1112.6798095703125,1119.7454951301386,1100.185535095986,1116.8157821474692,5389696
2021-02-22,1090.1900634765625,1127.5437210322782,1085.7094000898064,1115.8679945367455,7371303
2021-02-23,1091.180908203125,1112.4211944951671,1083.5982397016564,1095.316985701977,6612942
2021-02-24,1098.0313720703125,1100.0131594333943,1078.8159971399741,1085.7525158728329,4537258
2021-02-25,1098.2467041015625,1119.9608481192715,1096.049393196933,1110.2238892661567,8788221
2021-02-26,1079.936279296875,1098.0314368662373,1072.5689230697005,1093.4645216914641,15132388
2021-03-01,1091.7410888671875,1106.8203856747455,1084.8476960408755,1088.552936758949,5756286
2021-03-02,1124.0540771484375,1128.7932855994275,1102.253676199945,1104.8818247785234,10461434
2021-03-03,1157.702392578125,1160.6751264405077,1127.0698332473528,1136.7205420391444,9056399
2021-03-04,1146.328369140625,1175.194457817251,1142.4939606291623,1150.3351756207683,12041941
2021-03-05,1134.5662841796875,1154.643333469925,1124.527864719399,1144.7340809811906,6486176
2021-03-08,1150.981201171875,1159.899507241126,1134.997104236077,1141.5459116696643,5119392
2021-03-09,1159.42578125,1163.6479007526516,1136.33287023034,1145.5958680350614,6518173
2021-03-10,1178.8995361328125,1183.9403089878242,1167.568499766013,1169.2057017251611,7925984
2021-03-12,1184.6728515625,1199.1920420055471,1180.5368781687152,1183.078775196619,9462061
2021-03-15,1183.595703125,1189.0242928563487,1170.5844432688077,1180.493696929162,6658635
2021-03-16,1192.5572509765625,1211.51408589093,1189.5413908765495,1194.3237253947968,9352771
2021-03-17,1195.14208984375,1206.3438542042177,1190.8337189358776,1199.6658792970159,7626744
2021-03-18,1152.14453125,1200.9583948470276,1131.8090415293782,1200.9583948470276,10961755
2021-03-19,1158.47802734375,1167.741026522775,1135.68678306558,1146.0268751723984,12767112
2021-03-22,1181.1829833984375,1185.663646967112,1151.2828268647472,1163.346265133308,4862758
2021-03-23,1181.8292236328125,1191.9107691234879,1171.5321544195988,1182.6046462206853,7165335
2021-03-24,1166.4913330078125,1180.8812486522415,1160.0287771462733,1170.0241758418215,6134303
2021-03-25,1149.3011474609375,1165.4144137321318,1143.958704043089,1160.4597868345645,8749994
2021-03-26,1151.3690185546875,1169.0333395716661,1147.750029005632,1158.6932492202639,4922071
2021-03-30,1193.67724609375,1206.3438140675257,1151.3259404414841,1160.5889375852169,10546381
2021-03-31,1178.8133544921875,1196.0037115869577,1174.7204023091629,1190.83366672419,8220987
2021-04-01,1193.5909423828125,1199.1056777574358,1181.3552120200663,1189.1102790573973,5675155
2021-04-05,1214.87451171875,1227.885771488431,1195.142150915406,1198.5888478178297,9479572
2021-04-06,1215.865478515625,1228.7474663306377,1211.9016928634576,1226.162443610447,5793571
2021-04-07,1232.366455078125,1236.4594077151494,1212.030964065878,1215.17609607656,5879234
2021-04-08,1240.681640625,1250.8924593912707,1224.4391021437357,1232.1941703487278,5654434
2021-04-09,1241.715576171875,1253.7358884927696,1232.2371605200397,1253.7358884927696,6052712
2021-04-12,1228.5318603515625,1273.1666212515227,1219.2688636839985,1270.107636092024,20384532
2021-04-13,1203.8883056640625,1236.7180764492239,1184.8021983053009,1234.7793092156335,14855206
2021-04-15,1172.523193359375,1177.3916737330917,1137.4099689394636,1148.0086039057906,25342491
2021-04-16,1166.4913330078125,1181.225939335156,1160.3303420495129,1176.1851668001211,10879878
2021-04-19,1174.0743408203125,1188.8519706818274,1148.0517142642886,1154.6435435911633,12508028
2021-04-20,1164.423583984375,1188.2489002289828,1156.7116408102752,1188.2489002289828,8560766
2021-04-22,1164.2081298828125,1176.0131309462072,1159.081209853302,1168.0426436425228,6622446
2021-04-23,1149.3011474609375,1161.8815703725743,1146.8884175064454,1157.2285084231075,7316262
2021-04-26,1157.702392578125,1164.380367507534,1138.271597645071,1147.9654322200197,7088606
2021-04-27,1161.9676513671875,1165.8451852427174,1154.7726928795603,1159.813465880782,3636115
2021-04-28,1168.43017578125,1171.4460353795055,1158.6070691956795,1170.1535241231102,4879234
2021-04-29,1168.7318115234375,1179.6320114831685,1164.4665661928148,1178.7703372600251,5412357
2021-04-30,1167.00830078125,1183.854071574896,1159.7271966822093,1160.0718873604987,8354677
2021-05-03,1165.0264892578125,1172.7384302483372,1152.9199262838172,1155.332655796906,4560337
2021-05-04,1145.5096435546875,1167.5253551205797,1140.9427284558226,1166.706806746648,4887060
2021-05-05,1155.9359130859375,1158.0039521560068,1144.1310188875818,1155.5912223767866,3939788
2021-05-06,1173.2552490234375,1175.926417276419,1152.4027811565113,1158.9514822497335,4810090
2021-05-07,1165.4573974609375,1183.1217172904696,1161.967575128,1176.4437427207686,4991435
2021-05-10,1154.2557373046875,1165.7590670432264,1150.3782033354155,1163.130918612339,7195348
2021-05-11,1146.5867919921875,1155.505098899748,1141.8044581219108,1151.972255726806,6420988
2021-05-12,1143.44140625,1146.0264282686512,1132.6704811722873,1146.0264282686512,5241898
2021-05-14,1134.3082275390625,1143.3126831542281,1129.9137090339811,1143.3126831542281,4824609
2021-05-17,1145.5096435546875,1150.2918720076307,1137.6684297752622,1137.6684297752622,5017129
2021-05-18,1154.6431884765625,1158.6068679373545,1145.5956112534254,1152.9198404340602,5620150
2021-05-19,1152.058349609375,1169.6795440720994,1148.8270715158558,1156.3667204007338,4435878
2021-05-20,1154.0401611328125,1162.4845041794445,1150.334920438742,1161.88137438498,4490092
2021-05-21,1167.1376953125,1169.7227178934802,1160.1150295972031,1161.10597595688,4969733
2021-05-24,1161.5799560546875,1174.461943366911,1159.037954034809,1168.9903331930352,4225371
2021-05-25,1173.2552490234375,1178.7699834331863,1167.0942591403152,1170.153243788207,4099340
2021-05-26,1203.9742431640625,1206.343847149535,1173.6433542239515,1178.6841271197163,6850024
2021-05-27,1208.28271484375,1220.346154321598,1199.1920094490051,1209.9629375542268,15365391
2021-05-28,1210.695556640625,1218.4074998023486,1202.9835082940467,1214.7453839083175,4261312
2021-05-31,1213.9178466796875,1220.667883136561,1204.5548928846692,1220.667883136561,4429904
2021-06-01,1208.213134765625,1220.2325990400163,1200.7663829103165,1219.361626449695,4791325
2021-06-02,1200.766357421875,1212.3502288353206,1188.8775605523726,1202.595378558746,9272276
2021-06-03,1210.346923828125,1218.490495223433,1199.3726918827983,1208.9968739609324,5115645
2021-06-04,1206.86279296875,1216.661231377929,1199.895014544445,1214.0917992920497,4194328
2021-06-07,1210.346923828125,1212.3936878849313,1199.5904350020305,1211.5227154080026,5154576
2021-06-08,1230.6405029296875,1238.3051031560915,1215.4856670818356,1215.8775621634632,7360630
2021-06-09,1232.6875,1241.1358912581513,1223.3680298666877,1231.0326308810106,5394317
2021-06-10,1240.5260009765625,1244.619528626743,1235.9098048434907,1240.2646667351169,3496575
2021-06-11,1260.2100830078125,1264.3036110722962,1245.011549675881,1245.5777030430665,6140828
2021-06-14,1273.187744140625,1286.426484664051,1265.9150381321408,1281.2006492490314,7132294
2021-06-15,1283.726318359375,1285.5553392447312,1274.2326973679144,1275.103669819977,5403104
2021-06-16,1289.5618896484375,1297.2699751733123,1278.1521709198764,1282.6811854881962,7661710
2021-06-17,1302.365234375,1308.7668610479423,1284.7715259128947,1284.7715259128947,7677951
2021-06-18,1309.3330078125,1320.2201641126776,1295.4845237346972,1314.2975085574267,13533974
2021-06-21,1306.72021484375,1311.5105640723955,1292.6974711367075,1300.3620724304985,5454052
2021-06-22,1316.7796630859375,1325.1409772519048,1308.2876817899016,1314.907051074631,6427862
2021-06-23,1309.2025146484375,1328.2332451261002,1305.2831378595408,1328.2332451261002,5529809
2021-06-24,1358.0203857421875,1366.3382162960427,1316.2137024706592,1321.2653858939264,10785137
2021-06-25,1371.0848388671875,1374.3945768272977,1343.9105399521675,1369.1687419344182,9780240
2021-06-28,1368.99462890625,1376.2672280750623,1359.239673036804,1369.9526773998857,5019178
2021-06-29,1361.373779296875,1370.6060676901361,1358.0204496956374,1359.5882429201095,5913567
2021-06-30,1376.8333740234375,1385.7172510180376,1369.2123646290893,1369.2123646290893,6058722
2021-07-01,1359.0654296875,1373.3928839350976,1357.8896381461875,1373.3928839350976,4814317
2021-07-02,1365.5108642578125,1366.9478839702683,1343.5622912761874,1357.8026718078984,5166064
2021-07-05,1375.2218017578125,1380.4912272034776,1359.6314811563325,1366.686336195417,4058338
2021-07-06,1360.6331787109375,1382.0155958269174,1356.1912402845298,1370.6493623265098,4089574
2021-07-07,1362.7236328125,1367.9059832858584,1345.347772938037,1363.9866068041097,4797120
2021-07-08,1359.370361328125,1372.6526922653372,1349.1364342125682,1365.684912101554,3326813
2021-07-09,1361.242919921875,1367.3397273251671,1350.8783260723017,1355.2331885032247,3436594
2021-07-12,1348.134765625,1374.3946078178155,1335.854074613799,1367.9059052074665,4588982
2021-07-13,1345.6090087890625,1355.581708354052,1338.0751812303984,1355.581708354052,4456160
2021-07-14,1373.4364013671875,1378.5751598006777,1339.642629656662,1353.49111210628,5657716
2021-07-15,1376.8333740234375,1390.812418891996,1355.2332134406452,1356.8880824588236,10021355
2021-07-16,1354.7540283203125,1371.4767628250784,1349.6588608514694,1370.6928663714386,6265593
2021-07-19,1342.7784423828125,1352.533399494465,1339.1639910747317,1345.391360236307,5669162
2021-07-20,1350.0509033203125,1356.7137575793088,1339.5556426558176,1339.816976921609,5069939
2021-07-22,1385.0205078125,1387.3286063361954,1359.936562140339,1359.936562140339,7854575
2021-07-23,1385.2381591796875,1392.2495302773834,1380.5349927726625,1383.5833964986373,4179719
2021-07-26,1396.952880859375,1403.7029180573702,1388.4173074229864,1388.4173074229864,4586710
2021-07-27,1395.7769775390625,1401.6560417250942,1391.7269342802642,1397.9108175675212,5892859
2021-07-28,1398.43359375,1400.1755389605307,1380.927065648147,1397.9981074473674,4686788
2021-07-29,1408.3624267578125,1410.9753440616303,1393.6429713489965,1393.6429713489965,4660873
2021-07-30,1402.701171875,1413.9367380735853,1398.9124628703291,1402.2656856372244,6234257
2021-08-02,1421.0352783203125,1423.8223478971256,1410.278682485059,1417.4642058801662,5553389
2021-08-03,1441.6336669921875,1444.638585966481,1424.562626930286,1434.4917348838053,5513668
2021-08-04,1436.4515380859375,1463.14686912244,1427.5676602328276,1453.7403226615859,6740391
2021-08-05,1440.196533203125,1451.0400976473882,1434.5352122939364,1436.6690522625252,5420536
2021-08-06,1437.2786865234375,1446.380412367593,1431.8786998912153,1443.2013416786763,3754855
2021-08-09,1448.6884765625,1452.3029270691816,1433.9690213207793,1446.6851974576966,5018477
2021-08-10,1460.8385009765625,1463.2336751471903,1446.7287902084508,1452.782006038996,6846517
2021-08-11,1461.10009765625,1466.7178282829386,1452.7822669690863,1458.7049230554317,4899639
2021-08-12,1471.5950927734375,1477.6048241977232,1458.0079432401938,1462.4934728122273,5659579
2021-08-13,1491.279052734375,1500.2501118966013,1473.0758127751071,1478.0403134331104,5612790
2021-08-16,1484.4857177734375,1498.0292778847625,1472.030767090066,1487.359863555825,4564109
2021-08-17,1516.9293212890625,1523.2438721030503,1468.9387563667328,1484.0501084300226,9510390
2021-08-18,1509.7872314453125,1528.9922175200145,1504.1695013711565,1505.9114463640587,6686090
2021-08-20,1509.351806640625,1519.8470681780625,1494.6759407419665,1494.6759407419665,6206972
2021-08-23,1514.4034423828125,1526.9454677131089,1508.5243779767254,1511.790524868996,6189051
2021-08-24,1498.8128662109375,1530.2985404267783,1491.7144197309817,1524.201733492807,7602939
2021-08-25,1511.6163330078125,1521.5018494102508,1496.3307234273852,1496.3307234273852,6153253
2021-08-26,1504.779052734375,1520.7178910273901,1498.0726074267532,1510.2662216732501,5302248
2021-08-27,1488.31787109375,1504.7791665153063,1485.1822849945138,1502.427583260766,6698514
2021-08-30,1478.9549560546875,1496.8969690174113,1472.2919948958422,1483.3098187310713,6559667
2021-08-31,1486.2708740234375,1493.7177308949172,1468.3288630679174,1480.7838114569747,12255438
2021-09-01,1461.27392578125,1488.927299134583,1457.26747405545,1488.927299134583,7801974
2021-09-02,1471.15966796875,1475.688788882233,1448.1224872534362,1460.9257408190936,6830050
2021-09-03,1481.2193603515625,1485.835450675509,1467.0660576377923,1477.2129082319484,5339139
2021-09-06,1507.130859375,1508.5243941333167,1480.0871202894011,1485.1388033981718,4876026
2021-09-07,1486.445068359375,1511.0500386698927,1484.1369702344136,1506.7822526440937,3520341
2021-09-08,1474.7742919921875,1481.3936622056285,1465.8032320672012,1481.3936622056285,4584896
2021-09-09,1473.3370361328125,1476.2112878647204,1465.1063886676236,1468.372535490299,3331674
2021-09-13,1473.5985107421875,1481.9598261405356,1459.0532050480786,1465.8468336141766,4662374
2021-09-14,1468.5904541015625,1477.12592169284,1462.0145685181678,1477.12592169284,4945167
2021-09-15,1490.6258544921875,1493.8049254065334,1472.117688719493,1474.7741973936459,4062344
2021-09-16,1482.613037109375,1497.4195705979105,1473.2064909534074,1493.8920892094495,3246568
2021-09-17,1473.0758056640625,1496.3307284738578,1467.1095590889208,1478.0403062981004,7454864
2021-09-20,1470.071044921875,1487.359829336001,1461.4483951332998,1467.588794337864,5660743
2021-09-21,1496.7227783203125,1503.9518932175802,1467.2839690902401,1480.6533768466115,4672222
2021-09-22,1495.3726806640625,1514.5340753328271,1492.0194578610053,1495.4597566485802,4553892
2021-09-23,1517.7132568359375,1519.8470970516926,1499.030831879671,1508.5244539217945,3826090
2021-09-24,1536.2646484375,1557.2986531883305,1526.3355418008482,1531.1694811549692,8280446
2021-09-27,1499.07421875,1540.7502282501684,1496.4177103112731,1540.5324851427279,5045337
2021-09-28,1469.4178466796875,1489.3631404087905,1458.8790995232305,1489.3631404087905,6557197
2021-09-29,1473.9031982421875,1481.872617800693,1441.4594729447897,1445.1611060324121,7792548
2021-09-30,1459.053466796875,1483.2665510865584,1454.611527162125,1483.2665510865584,6914031
2021-10-01,1450.2999267578125,1462.3192838563787,1446.9031126334762,1450.2563356034423,5733906
2021-10-04,1462.14501953125,1470.2015147989575,1450.517558435886,1456.7014416476638,2947154
2021-10-05,1474.3824462890625,1483.2227330420862,1448.4274205190902,1455.3952012552013,4373310
2021-10-06,1457.6162109375,1488.4921465220082,1454.5242157353737,1482.4824144265476,4271698
2021-10-07,1472.814453125,1484.3112472506546,1460.3160193905471,1469.3305632299673,5476108
2021-10-08,1501.42578125,1508.0887415105421,1479.2595757436197,1485.22571554193,4738376
2021-10-11,1472.7708740234375,1506.7823919299244,1449.0368739193389,1464.9757128474757,8840633
2021-10-12,1467.719482421875,1471.072705631953,1447.556445684018,1460.621034543982,7439300
2021-10-13,1488.666259765625,1492.5421514566985,1463.2774946507823,1477.125873324372,7104171
2021-10-14,1494.3712158203125,1553.4666845714335,1479.0856043938277,1527.6859172658185,19655776
2021-10-18,1560.913330078125,1566.8794702210494,1515.4920945995696,1515.4920945995696,13438109
2021-10-19,1587.04248046875,1597.798969026237,1552.3342493938349,1579.9440336950636,10324260
2021-10-20,1569.79736328125,1609.5572816820163,1562.5683548664965,1593.3572134225717,5876115
2021-10-21,1527.3807373046875,1579.943899237507,1521.4580825855512,1579.943899237507,8779629
2021-10-22,1497.898681640625,1535.6988064564907,1486.7501901182247,1524.1149349651396,7369809
2021-10-25,1487.2291259765625,1506.564672832556,1469.5047506520364,1499.8582271507623,5905209
2021-10-26,1497.0263671875,1517.1484199782562,1490.1726392111948,1502.6061429097938,5871709
2021-10-27,1519.2135009765625,1523.7827607577628,1494.785943644436,1501.77149758961,5090259
2021-10-28,1497.202392578125,1515.5230879740864,1486.789920282188,1510.7781326616437,5329972
2021-10-29,1465.4376220703125,1504.8469109760645,1459.5504324355952,1492.8967290645846,5875091
2021-11-01,1493.8194580078125,1500.102016130917,1472.6868855107523,1474.0049226994552,3636806
2021-11-02,1491.9300537109375,1499.4428003412402,1481.7811257877784,1489.3818273621403,3471772
2021-11-03,1495.97216796875,1509.108562016102,1492.896747946494,1501.6836622957965,3530713
2021-11-04,1501.4200439453125,1508.713225915456,1498.1689284716672,1506.955843008158,483407
2021-11-08,1526.7265625,1529.8019829136692,1496.4117041366908,1520.1363758992807,5245903
2021-11-09,1531.1197509765625,1537.7099364183555,1516.621343004618,1524.3098926867096,4016134
2021-11-10,1529.054931640625,1538.544734840755,1513.0626830662195,1516.6214263051052,4780368
2021-11-11,1523.035888671875,1528.703405453859,1501.6836441561402,1522.7282608636551,4731349
2021-11-12,1564.246337890625,1566.5748914793885,1527.20958236198,1531.559061749532,5069009
2021-11-15,1570.3533935546875,1581.6445568553665,1560.116617053724,1565.915958976433,4354074
2021-11-16,1574.8787841796875,1589.5089115274943,1561.4347616165671,1572.857750868686,6034233
2021-11-17,1570.6168212890625,1583.4018234229952,1564.6856546363958,1575.0982330141132,4732492
2021-11-18,1563.5435791015625,1572.3743637688792,1545.6182521663638,1565.4766573762213,4326924
2021-11-22,1545.9696044921875,1568.8155799150782,1538.7204007522319,1567.5853905552658,6621839
2021-11-23,1526.1990966796875,1535.293531113381,1502.5622768372482,1524.6174092729004,8436160
2021-11-24,1490.2606201171875,1529.3623875671963,1483.2310888902196,1528.9230418655106,7333061
2021-11-25,1513.4581298828125,1516.7970929361409,1491.0953687886788,1493.7754205362603,4476260
2021-11-26,1486.4383544921875,1509.8993723813282,1479.716343711144,1496.0161123736239,4494181
2021-11-29,1490.568115234375,1504.319656915026,1466.6677523751573,1485.867137758942,3942776
2021-11-30,1504.8907470703125,1520.0481727071376,1493.819257622796,1497.7733686584895,14808963
2021-12-01,1506.8677978515625,1530.5924639911489,1505.198262855981,1506.9556455329875,5193264
2021-12-02,1536.172119140625,1538.1491746350146,1503.7483875802125,1506.9556323902027,5559574
2021-12-03,1525.0128173828125,1569.913923973845,1522.3767433293804,1556.2502305587047,6754012
2021-12-06,1489.6456298828125,1523.6069679725288,1486.3065595311832,1520.1361797156055,3991449
2021-12-07,1504.01220703125,1515.654868474255,1488.5032818453103,1494.7419695434742,4202122
2021-12-08,1540.653564453125,1546.3211884129332,1522.4207176698017,1522.7722156867264,3029169
2021-12-09,1549.5284423828125,1554.7567210288287,1530.6805531039272,1545.6183082145856,2082171
2021-12-10,1545.8377685546875,1549.7918796579963,1534.1951080838337,1546.4967870719056,1823469
2021-12-13,1533.0089111328125,1556.4699276693766,1527.8685881008832,1552.691619157812,4040584
2021-12-14,1539.59912109375,1549.1329011030184,1502.8697785484514,1520.9269292908916,4768144
2021-12-15,1523.8265380859375,1535.9085444800232,1512.4035502224383,1533.3164478312353,3053149
2021-12-16,1556.6895751953125,1561.9617232986577,1544.7393942801555,1548.8253305126736,4481031
2021-12-17,1599.96533203125,1618.5496779619054,1587.575803831527,1599.2184657386906,18887243
2021-12-20,1580.6781005859375,1607.69786318161,1570.485301026665,1583.138372334925,5773891
2021-12-21,1591.83740234375,1615.0348779738215,1582.5232944672757,1582.5232944672757,5353584
2021-12-22,1603.34814453125,1607.2583855937914,1592.496327262333,1603.6117948544356,4156428
2021-12-23,1632.2572021484375,1635.7719679184652,1605.3692654601534,1609.103704090808,4112933
2021-12-24,1637.4415283203125,1648.2054986567352,1629.0939594879846,1645.7451196749826,3780347
2021-12-27,1639.7701416015625,1647.107194073119,1621.22977265925,1634.3661674985337,2647733
2021-12-28,1658.969482421875,1665.911166433166,1650.5340658280904,1652.554991836044,3340933
2021-12-29,1656.8167724609375,1664.0659772122503,1648.7767239206892,1655.0154120118143,3236635
2021-12-30,1663.2308349609375,1678.1247171147652,1646.975045625466,1655.8937839295143,4584738
2021-12-31,1658.749755859375,1668.0638636147924,1644.6028452130947,1660.7268115874554,4619420
2022-01-03,1668.1517333984375,1681.8594057710459,1658.7497778274603,1658.7497778274603,3329616
2022-01-04,1668.7667236328125,1675.3569088558613,1650.1823798513894,1668.1515753213837,3921999
2022-01-05,1620.8782958984375,1672.062075740944,1616.7923589736022,1669.5138489401327,6995719
2022-01-06,1597.2852783203125,1606.2478877431283,1581.6445284122708,1606.2478877431283,6449205
2022-01-07,1594.209716796875,1613.277275679743,1587.6195318472028,1595.2201260127915,4834389
2022-01-10,1626.2381591796875,1643.065121465988,1593.0675577969869,1594.8249406516995,7857560
2022-01-11,1630.499755859375,1643.1529335918676,1625.7109305887875,1629.9725624667992,5142287
2022-01-12,1649.6990966796875,1659.848025074008,1634.3659749272922,1642.1863497006073,5362535
2022-01-13,1666.7017822265625,1680.4971934061439,1639.9455664762318,1673.907008333963,14277630
2022-01-14,1695.3033447265625,1698.5105900038816,1652.8186341424216,1653.697325601296,7688506
2022-01-17,1704.2218017578125,1716.8749781188799,1696.3135799399108,1703.3870879152166,5262464
2022-01-18,1687.74658203125,1709.0548494342218,1679.574708740925,1688.9327940218743,3690315
2022-01-19,1640.560791015625,1683.5726913474412,1636.8702228464153,1683.5726913474412,5747770
2022-01-20,1602.469482421875,1623.8217266018507,1595.2642557606387,1620.3069609598556,5533463
2022-01-21,1569.0791015625,1588.6739615819963,1560.5558383681557,1577.2509740263736,8252758
2022-01-24,1526.111328125,1554.0976288940496,1518.378800587523,1550.890383701955,7116712
2022-01-25,1513.2384033203125,1528.923023226851,1494.214713216816,1517.1485371127924,9137653
2022-01-27,1474.97119140625,1502.2984693222904,1463.0210112055836,1495.5325892323744,11231734
2022-01-28,1481.6494140625,1517.9833897106614,1475.7622245146904,1477.0802616309584,10998502
2022-01-31,1525.583984375,1537.2706230423364,1507.2632899140617,1509.591843604878,8788872
2022-02-01,1557.0853271484375,1564.070881720928,1524.2661135677781,1551.8570483269698,5119935
2022-02-02,1570.3094482421875,1575.3180537987653,1557.0412289736769,1571.9789834277135,4253717
2022-02-03,1527.6490478515625,1563.1920737397209,1523.6509588896436,1563.1920737397209,3832922
2022-02-04,1529.8896484375,1541.1808120164233,1502.6941912084785,1521.8935777665583,4700077
2022-02-07,1506.9556884765625,1521.8934416567965,1489.7333592035418,1513.2822233892216,4310209
2022-02-08,1508.9769287109375,1515.7428102343724,1490.2607571927513,1502.562437971465,6053401
2022-02-09,1526.5504150390625,1531.5589124675853,1515.7424693095722,1524.529382175135,3867244
2022-02-10,1554.9322509765625,1558.7106668309207,1536.611557080806,1542.6745490801131,4334630
2022-02-11,1512.5352783203125,1534.1510632840202,1505.1982272697005,1528.9228928483824,7551371
2022-02-14,1478.134765625,1510.0752867515978,1474.6639771818056,1484.9886020779093,7459637
2022-02-15,1527.385498046875,1534.8543757879354,1485.384001492288,1492.8968567131544,4669915
2022-02-16,1523.035888671875,1542.4988179107663,1517.3682646277543,1527.3853683173847,5350642
2022-02-17,1515.5670166015625,1536.8313062358195,1511.6129051790003,1532.4378490996394,3937950
2022-02-18,1499.8822021484375,1513.5458959572875,1496.850759804493,1502.5622537515017,5602215
2022-02-21,1520.751220703125,1526.5506699725988,1486.3065594227182,1494.6541280390445,5120890
2022-02-22,1523.9583740234375,1538.5886069583632,1485.911101612414,1493.687498875911,8878515
2022-02-23,1531.4273681640625,1544.9592379110045,1523.1237768881938,1537.7100334675147,5478811
2022-02-24,1474.575927734375,1506.9117054360172,1467.8539173756792,1485.0762465850694,13592379
2022-02-25,1489.0302734375,1518.5104098119332,1473.5653278239133,1506.9555976255285,9737281
2022-02-28,1507.48291015625,1518.4226821951142,1463.0211477782968,1478.134596610253,15076542
2022-03-02,1496.235595703125,1506.428393379465,1485.8669954086708,1502.5621301885437,6771489
2022-03-03,1512.095947265625,1523.5629119775879,1498.6520343318016,1511.5247764511598,7344147
2022-03-04,1514.248779296875,1525.4081160427997,1477.0800939331489,1489.6014451161038,9074499
2022-03-07,1528.791259765625,1538.5886906416126,1490.260662094903,1491.139353523025,9742588
2022-03-08,1562.489013671875,1581.644529208251,1509.9872022162124,1509.9872022162124,10984500
2022-03-09,1593.3751220703125,1609.411241059636,1573.7363895823908,1573.7363895823908,10193515
2022-03-10,1604.4024658203125,1620.9657753697693,1590.6069480556373,1620.9657753697693,6547182
2022-03-11,1600.975830078125,1609.2355512027455,1591.310224078751,1593.9462984422166,4758657
2022-03-14,1661.3416748046875,1665.1200904742025,1609.3671678167375,1609.3671678167375,10289724
2022-03-15,1616.177001953125,1659.2767472197927,1608.0051297006162,1659.2767472197927,7140443
2022-03-16,1660.199462890625,1664.1974441872826,1624.7003107966714,1638.7593724368805,5233979
2022-03-17,1629.6209716796875,1689.9871323532464,1610.6852372652634,1689.9871323532464,17731459
2022-03-21,1628.2591552734375,1658.0028379594185,1617.7587285984619,1635.2447090569246,8362085
2022-03-22,1658.4422607421875,1660.7268370550205,1615.9135731979802,1625.57917912793,5709382
2022-03-23,1645.26171875,1669.5135787574188,1631.7298503960667,1666.8775046856965,6192824
2022-03-24,1657.8271484375,1664.7688324815458,1630.9831884689734,1630.9831884689734,3784303
2022-03-25,1648.9083251953125,1664.2414466217965,1632.6085574568626,1662.4840638904113,3438588
2022-03-28,1646.5797119140625,1652.7305512508635,1627.9075210702022,1639.6380289243905,4008555
2022-03-29,1657.2119140625,1660.1994861553353,1634.849261732521,1646.5797700005269,3917785
2022-03-30,1672.9842529296875,1686.20859986159,1665.1200087221018,1678.300378184282,7795839
2022-03-31,1675.53271484375,1680.9366885358509,1664.417246914596,1669.5137000617442,5399145
2022-04-01,1672.633056640625,1678.5642235880214,1650.4460988003643,1657.9588459097863,6171518
2022-04-04,1654.531982421875,1663.362874183329,1645.7890456129824,1660.5071270406477,7364074
2022-04-05,1635.33251953125,1660.3752240705198,1631.8617314560988,1655.278878381211,5472024
2022-04-06,1606.9945068359375,1632.1690331605275,1601.1073182349028,1629.972304986691,5407453
2022-04-07,1591.3101806640625,1606.3797601498356,1588.2787381336382,1600.1410724456011,5797544
2022-04-08,1594.4732666015625,1615.034665184189,1588.6739252736745,1601.8542952289317,5131446
2022-04-11,1552.25244140625,1593.9463082740529,1548.737675566616,1593.9463082740529,8248407
2022-04-12,1531.0758056640625,1544.300154299906,1518.1590848316712,1544.300154299906,6456184
2022-04-13,1536.4359130859375,1544.3001583273306,1521.8935272961232,1542.0594523193558,6257693
2022-04-18,1424.710205078125,1449.8407567425704,1397.1192746792042,1410.738990878907,30523965
2022-04-19,1372.515869140625,1438.1101989357824,1361.9715730908893,1438.1101989357824,17044923
2022-04-20,1395.098388671875,1402.6552210404843,1373.3947525064125,1383.9390500304542,10678747
2022-04-21,1422.4256591796875,1429.8065810155888,1396.4602858072528,1401.5127612789481,7766514
2022-04-22,1393.1212158203125,1415.3081733294175,1390.4412714487692,1409.728504477574,8134245
2022-04-25,1371.7252197265625,1382.0059741881291,1365.5743794932316,1382.0059741881291,7000570
2022-04-26,1389.2110595703125,1398.8766646653621,1376.5140121457584,1385.8719894508067,5345435
2022-04-27,1364.4322509765625,1381.9621040988989,1362.2793923703186,1381.9621040988989,8819356
2022-04-28,1390.6170654296875,1407.4880056040677,1368.517954039761,1379.545574627146,9245177
2022-04-29,1377.392822265625,1403.533892844543,1371.4616549914167,1397.1194023690618,9831395
2022-05-02,1354.0634765625,1364.3881007348616,1345.276562373256,1362.7625430622788,7072627
2022-05-04,1349.274658203125,1379.545534836563,1344.5297030639988,1359.5553049527848,6220959
2022-05-05,1392.857666015625,1396.5921043901596,1368.5178503702025,1370.8025337737408,6144870
2022-05-06,1355.6890869140625,1372.384224522361,1348.8353579374136,1361.9717522559292,6171472
2022-05-09,1379.8529052734375,1394.3074419742286,1337.5000261747937,1353.1846449249074,6832202
2022-05-10,1364.607666015625,1378.7985527649935,1358.5008040403675,1369.0011227639045,6212545
2022-05-11,1341.5421142578125,1361.9277121263535,1328.2299179037932,1361.9277121263535,7846080
2022-05-12,1325.7696533203125,1342.201139918884,1321.8155419424827,1330.3388057853947,7034979
2022-05-13,1321.9033203125,1343.7387794348365,1316.3675217689756,1334.9958431960715,6723761
2022-05-16,1308.4593505859375,1328.4495800627174,1299.2770683025562,1326.8240224148346,6145331
2022-05-17,1334.2489013671875,1340.0043728900273,1301.2541039526504,1313.555783441477,6516378
2022-05-18,1326.1209716796875,1361.70797213733,1322.694161149026,1337.3682641118933,6594126
2022-05-19,1254.0244140625,1304.5930382065774,1245.676846021442,1301.3419230322806,16561140
2022-05-20,1278.6278076171875,1288.8206063685275,1271.2028009563014,1276.7385996614764,10488908
2022-05-23,1290.2705078125,1307.4928382619098,1274.1465416425442,1278.5838689742561,5887569
2022-05-24,1266.1943359375,1291.2810188777573,1261.1418602736273,1290.446197671662,5693167
2022-05-25,1239.350341796875,1267.5124463343247,1229.50904023106,1260.9222603048568,9630092
2022-05-26,1251.212646484375,1256.5287726581694,1236.3628467990359,1245.9844752652336,13040065
2022-05-27,1284.0755615234375,1289.0401890208304,1263.030946945637,1268.7863108351823,8284860
2022-05-30,1341.5860595703125,1344.3978291185176,1304.8567164973847,1306.6140992805463,10904213
2022-05-31,1335.1923828125,1347.9795623962705,1321.4728713370666,1341.4971403772934,16033857
2022-06-01,1312.9481201171875,1345.0935709100895,1307.2204739379727,1343.5395760270444,8738508
2022-06-02,1339.0997314453125,1344.2944932066457,1310.3286014773466,1317.78779937987,7205840
2022-06-03,1351.26513671875,1380.835483354974,1347.9795908249841,1354.1067924628962,9395707
2022-06-06,1358.6800537109375,1364.496369880414,1325.779716646575,1346.2036506605543,6624883
2022-06-07,1337.9451904296875,1349.622374002398,1334.304423990545,1349.622374002398,4904592
2022-06-08,1331.9957275390625,1349.9332266440192,1324.891750325521,1349.9332266440192,4697608
2022-06-09,1345.315673828125,1347.0472249005495,1315.5677694893513,1318.675759494895,4361061
2022-06-10,1311.39404296875,1326.62310514879,1308.5523874648798,1319.6523502188877,6516436
2022-06-13,1264.9520263671875,1281.9127514082513,1253.5856187134593,1281.9127514082513,6987685
2022-06-14,1279.204345703125,1286.6191002718645,1245.9932304081092,1252.0759892436106,6090247
2022-06-15,1262.909423828125,1284.3990185434857,1259.9346552426048,1278.8933715213977,4651958
2022-06-16,1240.7095947265625,1282.0459060881565,1236.0920528309707,1276.9399223929138,6641772
2022-06-17,1231.91845703125,1240.487542584052,1214.0252932515164,1235.2484462558373,9692047
2022-06-20,1255.76123046875,1263.0427639663321,1227.2120995273342,1234.3605201667415,4595194
2022-06-21,1287.507080078125,1292.9238409740165,1263.3979359517734,1264.507932381181,6270787
2022-06-22,1276.2738037109375,1296.1205167768,1274.2758102801847,1275.2082505737685,6253366
2022-06-23,1289.7713623046875,1294.6997896368189,1272.4998618309749,1278.5382855533985,6254281
2022-06-24,1279.6925048828125,1303.1356482758742,1268.8589844199196,1294.699676447172,6114340
2022-06-27,1309.4405517578125,1317.7877464947417,1301.049022203048,1303.6242355705597,4511097
2022-06-28,1314.3690185546875,1321.5617738738115,1290.2598739718783,1304.4678285372947,4412178
2022-06-29,1299.36181640625,1311.5717770934775,1293.8118342756918,1300.649368901304,5060038
2022-06-30,1298.1632080078125,1316.0119311432934,1292.0360052722617,1300.9604210390532,9165177
2022-07-01,1313.702880859375,1318.6756427483724,1280.8025462113708,1291.147733707834,4651635
2022-07-04,1321.33984375,1325.1138318789901,1298.2519163726479,1314.4578653971353,4800224
2022-07-05,1310.63916015625,1340.8310588787854,1307.131615281538,1330.9299788102953,7379669
2022-07-06,1324.580810546875,1331.9955641744978,1305.3556528910078,1316.1891734537298,5209162
2022-07-07,1330.8411865234375,1344.3831420553722,1328.1771952712536,1334.7040605575694,3323472
2022-07-08,1344.8272705078125,1347.0472634324174,1331.9513115451052,1345.3157123104625,3652582
2022-07-11,1308.153076171875,1331.9070008962192,1302.1590951666665,1327.5557930054122,4702638
2022-07-12,1277.4725341796875,1304.1124456740424,1275.1637635297923,1298.0741307741685,4710356
2022-07-13,1282.6673583984375,1296.475756562151,1277.4725970808702,1287.5957856267937,5264025
2022-07-14,1268.814697265625,1290.215406752036,1255.6279613595361,1288.4838556808252,6157606
2022-07-15,1270.146728515625,1284.0439058847987,1252.6532276522264,1284.0439058847987,5620018
2022-07-18,1323.02685546875,1326.3124012665216,1285.8641997914458,1287.5957507176618,5835171
2022-07-19,1317.9210205078125,1320.3185695057068,1305.4446169198009,1306.7322778541525,3418540
2022-07-20,1345.58203125,1354.9060006770792,1331.9956324398804,1333.105628800247,5079392
2022-07-21,1361.2108154296875,1363.475143060979,1334.7484577291702,1347.0916394538826,5008061
2022-07-22,1337.590087890625,1367.5155470877928,1325.0249071257533,1362.1875644368015,7020642
2022-07-25,1335.1923828125,1347.2247865607108,1314.3244515105814,1314.3244515105814,7859626
2022-07-26,1288.6170654296875,1329.0209351127858,1283.1558613643324,1329.0209351127858,7268273
2022-07-27,1306.2882080078125,1308.019759034265,1283.1558396500427,1288.483822375233,4517285
2022-07-28,1347.447021484375,1353.7073369309664,1322.982654384117,1328.7990796128186,6636841
2022-07-29,1376.1290283203125,1381.4570107879367,1356.8595350883038,1361.1219644216355,7009465
2022-08-01,1377.3280029296875,1388.8275224964943,1365.6508188965988,1388.8275224964943,2983249
2022-08-02,1370.712158203125,1373.7313697062698,1357.1702038475848,1373.3318144123843,4374635
2022-08-03,1390.6922607421875,1394.1554711718493,1367.4267796780443,1375.5075317485316,6011955
2022-08-04,1420.70654296875,1424.2140880582285,1398.5509508931095,1409.6953575514096,7402209
2022-08-05,1435.5806884765625,1443.6169980608536,1422.8379503946153,1428.2547116101568,5361971
2022-08-08,1438.0225830078125,1440.3313538806547,1417.2434283560572,1435.8913682028474,3763409
2022-08-10,1422.970947265625,1439.6208933320956,1410.2282102223699,1439.6208933320956,4423829
2022-08-11,1438.510986328125,1448.6341758452916,1435.0034408313697,1447.4354013336217,3462090
2022-08-12,1415.5562744140625,1433.2274398690179,1412.0487289334715,1432.6058852060069,3562286
2022-08-16,1417.6429443359375,1428.7873514369574,1412.8921814722432,1428.7873514369574,3004430
2022-08-17,1426.34521484375,1431.4511977140078,1407.4752781493191,1417.6428006795595,4067324
2022-08-18,1405.6549072265625,1419.1968624345182,1397.707376873584,1415.5560961565852,4635706
2022-08-19,1418.2200927734375,1425.1465132491517,1407.5641279788495,1407.7417924309402,4739884
2022-08-22,1399.172607421875,1419.9073173622771,1397.707390574249,1408.3633554325027,3950555
2022-08-23,1369.646728515625,1380.3914715875098,1361.2995342191398,1374.619490522654,5551574
2022-08-24,1365.29541015625,1372.843384781504,1359.5234295604673,1363.0754176194105,2888426
2022-08-25,1348.1129150390625,1375.2411633369209,1344.205705841227,1374.6196086818957,4331088
2022-08-26,1351.132080078125,1371.911126256518,1347.4912051170422,1363.2088193983936,3079136
2022-08-29,1298.02978515625,1304.068208908207,1287.5958190364718,1304.068208908207,8079050
2022-08-30,1325.7353515625,1328.5325643697543,1301.8038708297447,1308.108629152098,6725875
2022-09-01,1300.2054443359375,1303.6686550621423,1288.5283679870784,1296.520342709969,8140604
2022-09-02,1290.259765625,1312.4596927692705,1285.819780196146,1312.4596927692705,5175653
2022-09-05,1297.6302490234375,1302.6917893036236,1284.3546268952266,1288.4838352280558,3669352
2022-09-06,1292.12451171875,1305.355689709022,1283.5553183345817,1297.6301585781393,3428442
2022-09-07,1294.3890380859375,1301.5817931585523,1276.984316019413,1278.7158670634933,3600574
2022-09-08,1310.5947265625,1315.2122673657448,1299.6723206651209,1309.7955076239975,4061475
2022-09-09,1342.3409423828125,1349.7556970653623,1314.2358103004844,1321.33978765346,4816910
2022-09-12,1364.14111328125,1372.7547502634757,1350.7768218512558,1354.9060300810474,5494819
2022-09-13,1371.9112548828125,1379.0596758276358,1368.6701517643487,1378.0829005700948,4947158
2022-09-14,1310.1510009765625,1331.0632685678052,1307.1317890233854,1329.33171750544,14332197
2022-09-15,1272.3221435546875,1309.973129594667,1268.9921548083635,1309.7955735540913,12784100
2022-09-16,1222.8165283203125,1265.3959486362396,1215.0908880161,1265.3959486362396,20464045
2022-09-19,1234.582275390625,1248.5237849644993,1225.96863943133,1236.0918269349809,6595241
2022-09-20,1233.0286865234375,1255.2286188838889,1229.9650308188309,1250.2557473166619,7219797
2022-09-21,1222.9940185546875,1233.250428524418,1215.1352658184694,1225.3472325735095,7917054
2022-09-22,1214.735595703125,1228.9435493746757,1207.6760620818068,1213.3148220155867,9168498
2022-09-23,1212.515625,1238.5784272088517,1209.4520782930736,1214.3360624565184,10426200
2022-09-26,1225.657958984375,1242.7074594125004,1203.2360329098556,1207.6760182711466,9414587
2022-09-27,1237.4683837890625,1248.967902705002,1223.6599857287542,1237.3794973619085,8561254
2022-09-28,1238.4896240234375,1248.390814263547,1222.7721172911329,1224.5481116517592,7022098
2022-09-29,1241.9970703125,1251.9425937102772,1236.9798654027875,1247.5470517617227,6119965
2022-09-30,1255.139404296875,1260.3342738295787,1221.8839576743449,1233.3834762714234,8120130
2022-10-03,1237.64599609375,1253.8519436659194,1230.7640183576234,1253.8519436659194,4943169
2022-10-04,1269.3031005859375,1271.8338706895042,1255.6279233059583,1260.689463513092,6631341
2022-10-06,1292.1689453125,1296.2981533267844,1282.3565344267981,1283.155753461511,6180672
2022-10-07,1288.6612548828125,1294.5664568499894,1278.8489526769124,1284.3544909391683,3994466
2022-10-10,1298.8291015625,1300.915873263201,1266.5947604561948,1266.5947604561948,5274677
2022-10-11,1264.3304443359375,1313.925065790571,1261.0447896892608,1298.829113538426,12824774
2022-10-12,1268.6812744140625,1279.692458927294,1255.2282065414472,1276.051692895793,5481467
2022-10-13,1260.8671875,1276.8954711779975,1256.515979742123,1270.7239342833766,4821514
2022-10-14,1309.1298828125,1326.6678276560115,1302.913902361635,1318.6758527906138,14990688
2022-10-17,1323.0711669921875,1327.5555954732513,1310.2396529236003,1311.4828704785755,4286396
2022-10-18,1335.28125,1341.7192292357881,1329.5537118322238,1340.875675315851,4692004
2022-10-19,1319.075439453125,1336.391385405423,1315.390337674064,1335.547831397756,3553171
2022-10-20,1332.7947998046875,1335.5475689920102,1309.0852134280171,1309.7956544303293,4583939
2022-10-21,1332.439697265625,1337.3236814941895,1324.314501823941,1332.2621411983666,3594485
2022-10-24,1347.846435546875,1351.3540892842454,1341.7636768252662,1348.423655366755,982837
2022-10-25,1355.3499755859375,1361.2107345868535,1350.6879909536958,1356.9483052781436,3914341
2022-10-27,1368.052490234375,1377.8823898027329,1357.7738493894442,1374.201834673,6760137
2022-10-28,1358.4468994140625,1371.6430686464905,1352.836264607297,1369.892594419864,3053981
2022-10-31,1380.35107421875,1388.2059642832278,1373.70805956196,1373.70805956196,4542336
2022-11-01,1412.084716796875,1413.8801201240165,1388.8342217938466,1394.1756124417263,4542692
2022-11-02,1394.400146484375,1411.8604013679294,1386.949178263202,1411.1871250678016,2938906
2022-11-03,1374.1568603515625,1385.9616594777258,1365.9877968987141,1381.3384738631173,3174027
2022-11-04,1359.1202392578125,1364.9103708165444,1347.5847954712758,1364.9103708165444,4509682
2022-11-07,1353.2403564453125,1371.598421588422,1338.5629558638961,1365.7633606565107,4898592
2022-11-09,1356.6065673828125,1372.5856991457824,1347.5398034514983,1372.5856991457824,3334755
2022-11-10,1348.3031005859375,1357.3250470132657,1333.0870997451718,1333.0870997451718,3435763
2022-11-11,1409.4813232421875,1412.5335307351531,1388.430263614367,1388.430263614367,7214098
2022-11-14,1423.1265869140625,1428.602545514008,1408.000225198226,1414.0148924987643,4908813
2022-11-15,1430.9365234375,1434.392653098893,1411.8603621306952,1416.4386189277827,3497614
2022-11-16,1438.8363037109375,1444.4020103215976,1430.4876342122222,1433.7642672771042,4497697
2022-11-17,1425.0115966796875,1438.8362237690626,1421.0167586560885,1433.8090069491304,3469515
2022-11-18,1430.39794921875,1434.527355233414,1414.3290664394517,1428.8717905380126,3126064
2022-11-21,1407.77587890625,1425.4157406913268,1404.0505042083475,1420.2539554880675,3071764
2022-11-22,1422.9022216796875,1425.550398044472,1402.210152232661,1408.4940645666102,3399329
2022-11-23,1421.1964111328125,1429.1410489418556,1417.7402816433105,1426.3581957002846,3245067
2022-11-24,1463.07421875,1468.639925244856,1422.6327148727294,1426.4479469523692,5282215
2022-11-25,1468.325927734375,1475.8217156265148,1448.7111659000468,1464.5106951970195,4563255
2022-11-28,1457.3291015625,1484.3499034092538,1454.2768935730214,1461.458507862271,3825766
2022-11-29,1462.4010009765625,1471.1086636498967,1449.8331771528563,1455.3539549520883,3131710
2022-11-30,1467.6973876953125,1477.3926101335646,1448.12755589009,1454.2318618548122,11868134
2022-12-01,1487.5814208984375,1501.49579683449,1483.272518616262,1486.7734674759286,5407928
2022-12-02,1470.345703125,1491.800796645968,1466.799715499316,1486.5940827164045,4283343
2022-12-05,1472.00634765625,1476.5846043633042,1457.2391986740056,1470.4353696971718,3824966
2022-12-06,1447.903076171875,1459.6629463817758,1443.100394052047,1458.765244692734,4822398
2022-12-07,1441.260009765625,1457.6879939155688,1433.3601913539392,1443.5042639072717,4898087
2022-12-08,1454.4114990234375,1457.7778805554876,1434.976234395189,1441.260146588349,4206837
2022-12-09,1408.76318359375,1461.4582243868986,1401.4019646254637,1461.4582243868986,8880658
2022-12-12,1388.924072265625,1405.7559796963715,1373.5285752684867,1391.4376809417088,8037679
2022-12-13,1411.3216552734375,1416.1243371309986,1383.4929044328283,1388.9239336053154,6135067
2022-12-14,1417.830078125,1425.9991416279158,1412.0847653639985,1420.164080614015,4976020
2022-12-15,1382.9093017578125,1409.3914987080593,1378.19636840226,1408.7631514270713,6443866
2022-12-16,1366.4814453125,1390.9887448634156,1357.369860981026,1368.9950538345975,9630453
2022-12-19,1353.1507568359375,1361.7238526722738,1342.1090906861166,1353.6893559876567,6222740
2022-12-20,1353.10595703125,1360.9159188007711,1330.797979798965,1347.4503918997082,7396259
2022-12-21,1355.1256103515625,1365.4042507201466,1348.662092527513,1360.0180406581342,6236361
2022-12-22,1366.3470458984375,1373.4388023348172,1357.1006736784477,1365.853266083518,6302640
2022-12-23,1343.94921875,1355.4398445619386,1340.2686636264464,1354.362536751784,6283822
2022-12-26,1348.7069091796875,1355.4396711967759,1343.2757706528168,1347.0012542188153,4115459
2022-12-27,1359.88330078125,1365.808109659706,1344.3081993200292,1355.4845408502367,4860076
2022-12-28,1355.664306640625,1368.9502266632046,1345.206059437163,1351.1308690136332,5029860
2022-12-29,1362.3072509765625,1365.673632332556,1347.4502440923538,1350.1433491771486,4624745
2022-12-30,1353.9136962890625,1373.8427403112848,1350.1883218006867,1371.688234257162,5060544
2023-01-02,1368.0972900390625,1370.341544123772,1350.1881862761663,1359.1202737002234,3801140
2023-01-03,1366.7957763671875,1375.862541681665,1360.1078329075388,1364.3719160112378,4551130
2023-01-04,1341.8846435546875,1365.4043859891246,1338.563081271082,1365.4043859891246,7059590
2023-01-05,1324.2894287109375,1351.8489350836053,1318.948147732721,1351.8489350836053,9868404
2023-01-06,1300.321044921875,1324.1101423954199,1298.525641338966,1319.6216334381472,6443714
2023-01-09,1332.5931396484375,1336.9918995481128,1300.051455589557,1300.051455589557,11498717
2023-01-10,1319.39697265625,1332.0994726561996,1305.3031008773605,1330.3938176401173,7158624
2023-01-11,1320.7435302734375,1341.166242466281,1314.2351934207732,1319.6214032298747,6173092
2023-01-12,1329.1370849609375,1333.0869942679058,1306.1559438786553,1330.348960311909,6591385
2023-01-13,1349.8291015625,1363.9679024832087,1317.8260159746374,1331.7403914839063,11610426
2023-01-16,1369.4439697265625,1371.6882240197885,1348.617333718516,1355.5295931085607,6073063
2023-01-17,1382.01171875,1384.435469422026,1368.097342887301,1370.7904478929847,5922644
2023-01-18,1387.30810546875,1393.0982370846807,1382.1013922396473,1386.7245774992048,5843098
2023-01-19,1381.47314453125,1391.0336893900567,1370.0274480510775,1382.3708462159693,6165284
2023-01-20,1369.4888916015625,1386.9491460799632,1368.0974101138277,1380.6652340912512,6496429
2023-01-23,1389.642333984375,1394.4001971780099,1371.7780469216464,1377.972211024558,4855020
2023-01-24,1393.1431884765625,1408.3143680159328,1391.213108045872,1400.4145497993616,5200802
2023-01-25,1385.15380859375,1396.8239314140474,1381.3385761332681,1388.7446156153799,4158617
2023-01-27,1363.743408203125,1392.2902533470308,1353.195414398124,1387.8466742580101,6209955
2023-01-30,1381.3834228515625,1386.051427868807,1364.5065870211054,1372.406405831687,6964719
2023-01-31,1376.849853515625,1390.4500549143277,1358.2225449839548,1390.4500549143277,9448126
2023-02-01,1392.4251708984375,1395.9711585819437,1371.733211185899,1384.43560335875,6194199
2023-02-02,1421.735107421875,1424.6077091096986,1393.233077644041,1393.233077644041,6916834
2023-02-03,1435.7841796875,1440.4971138054802,1412.084831920539,1434.0785244711133,7040194
2023-02-06,1409.2569580078125,1434.5272821728975,1401.8509191605494,1434.5272821728975,4570612
2023-02-07,1402.569091796875,1414.822741340062,1396.0158258630909,1408.4939008206854,4336238
2023-02-08,1427.7945556640625,1439.0158269283195,1405.3520131355485,1405.3520131355485,7983338
2023-02-09,1451.58349609375,1454.0521755088755,1423.7996752366064,1432.9112588662606,6904911
2023-02-10,1443.998046875,1450.955234729636,1433.1357691390035,1447.9478465069383,4786762
2023-02-13,1407.1024169921875,1433.6295447624907,1405.8007934239577,1433.6295447624907,4001199
2023-02-14,1430.26318359375,1432.731863182567,1416.7079103135172,1422.5877904936112,5043736
2023-02-15,1433.6744384765625,1435.424912829853,1414.7777752469344,1421.9593883192538,3465747
2023-02-16,1437.9385986328125,1449.2944372484508,1434.3926112378667,1436.3226917714796,4290289
2023-02-17,1421.780029296875,1431.8342447371726,1414.3290611808247,1430.9365430163343,2857734
2023-02-20,1429.5450439453125,1439.0158408168427,1420.6129557658476,1422.8122811217777,2417716
2023-02-21,1417.919677734375,1437.8037900984118,1414.777722133191,1435.155504627785,2723288
2023-02-22,1402.0306396484375,1413.880258937871,1396.1955782623447,1403.107837917392,3656244
2023-02-23,1392.0660400390625,1409.257050222941,1389.7769663588479,1409.257050222941,4766854
2023-02-24,1392.0211181640625,1408.4939219116857,1386.9490818059621,1400.4146068720393,2790986
2023-02-27,1354.9012451171875,1382.4606439922532,1348.3479787508859,1382.4606439922532,4920268
2023-02-28,1335.376220703125,1368.0974041544362,1329.7655850233577,1360.5566878842833,9679811
2023-03-01,1343.0067138671875,1347.3156164114991,1329.94510989306,1339.7300806437838,5125043
2023-03-02,1321.551513671875,1336.3186620674148,1317.197682560526,1333.0869580251103,4644499
2023-03-03,1327.969970703125,1337.3958371481567,1322.3144070030216,1334.6578035381822,4615015
2023-03-06,1353.2403564453125,1364.8656589746784,1340.4032881447426,1341.6600924158531,6561742
2023-03-08,1339.9993896484375,1342.9618493256326,1329.5860710220854,1338.069418507106,4137080
2023-03-09,1328.95751953125,1345.0712200119858,1323.7508062262864,1342.0639414577045,5104656
2023-03-10,1321.012939453125,1323.481619051477,1308.5348642940003,1310.6444413069564,3699580
2023-03-13,1288.291748046875,1327.072529051493,1281.9180875951263,1314.4148468229184,8798403
2023-03-14,1274.7364501953125,1300.1862721963982,1266.6571346659055,1293.5881864305952,7402784
2023-03-15,1274.4222412109375,1295.2488768323813,1271.9086326160925,1290.8950455008883,7556182
2023-03-16,1260.462890625,1272.7614692311392,1255.615279699322,1272.7614692311392,7323117
2023-03-17,1275.3648681640625,1295.2939133226835,1267.0163074045372,1283.713538506324,9090018
2023-03-20,1260.05908203125,1274.4671293545564,1243.1822453152042,1274.4671293545564,8221829
2023-03-21,1248.4337158203125,1261.2708940195814,1247.8053684606537,1255.8846837960104,8536755
2023-03-22,1247.132080078125,1263.2907105920037,1240.7584199586402,1259.475478387338,8356487
2023-03-23,1233.9359130859375,1242.3742213827816,1229.851326526063,1242.3742213827816,7607718
2023-03-24,1239.4117431640625,1255.8396167899662,1236.583961191075,1246.0098280458892,7559127
2023-03-27,1246.86279296875,1252.967208658463,1233.5319439925304,1244.4390420940674,4170193
2023-03-28,1236.673828125,1254.9869645456447,1235.1028501650894,1249.6905026499728,6633366
2023-03-29,1242.0150146484375,1247.715397534525,1224.9586853177364,1237.9304287914233,8813966
2023-03-31,1281.873046875,1283.6684502024389,1251.3063709749888,1260.37313586201,8711975
2023-04-03,1266.5224609375,1288.201979583624,1261.405604921375,1288.201979583624,5242764
2023-04-05,1277.9232177734375,1281.469095430332,1256.7823002469104,1256.7823002469104,7506334
2023-04-06,1276.4420166015625,1282.277077411361,1266.073518560293,1271.1455548730469,6948465
2023-04-10,1281.5587158203125,1287.3040276790762,1270.247698163105,1278.2820832335972,4993788
2023-04-11,1262.30322265625,1286.7206641982061,1246.907617130072,1282.7259356078043,6942255
2023-04-12,1282.1873779296875,1285.059979527605,1256.7823760661174,1268.4974270475386,5831169
2023-04-13,1247.087158203125,1266.7020280205386,1241.5214514944475,1265.534971977077,11267238
2023-04-17,1129.578125,1132.1365530010617,1064.0458990402255,1122.396511196189,53171705
2023-04-18,1130.5205078125,1140.0361230223534,1124.9098727143887,1140.0361230223534,12430884
2023-04-19,1106.14794921875,1126.0320630409092,1103.6344503031144,1126.0320630409092,11307230
2023-04-20,1098.2484130859375,1111.220160369727,1096.4530094711436,1104.801570530291,8621249
2023-04-21,1101.7943115234375,1107.0907742004015,1095.1962250350616,1102.467587891287,8691352
2023-04-24,1100.8515625,1104.1730147274745,1093.4005950715969,1102.3776114514949,8313774
2023-04-25,1099.5947265625,1109.110341734084,1090.7074586862907,1100.537247505562,6808576
2023-04-26,1101.9736328125,1106.8660626545704,1095.6897216700977,1102.3775546957118,5680192
2023-04-27,1118.7607421875,1120.1522236538028,1100.043683683095,1104.1730895812436,8020704
2023-04-28,1124.595703125,1130.2063382433646,1117.5935866641942,1127.2438790677813,10118277
2023-05-02,1146.7689208984375,1148.833678512012,1126.2116409241175,1126.2116409241175,8886401
2023-05-03,1139.3179931640625,1142.3252715695298,1132.9891531309258,1136.4902112432417,5549783
2023-05-04,1143.26806640625,1145.2878952710685,1133.3484185926052,1139.13855083866,4505401
2023-05-05,1130.296142578125,1148.1604275980321,1125.9423114267645,1148.1604275980321,5373791
2023-05-08,1136.13134765625,1140.350611760026,1126.7952272539592,1133.3035651406553,5260842
2023-05-09,1140.7095947265625,1141.876650860064,1131.7325770311218,1136.4904402427994,4969897
2023-05-10,1134.0216064453125,1145.8264050289897,1130.3410516063245,1145.8264050289897,6515734
2023-05-11,1127.6029052734375,1145.3774399578563,1124.8649812707113,1140.3054042377769,6888461
2023-05-12,1117.818115234375,1127.5133374467855,1112.2973374345554,1125.1344060204995,8292212
2023-05-15,1129.6229248046875,1139.0937216777986,1118.2221569213568,1122.0373891886634,5534710
2023-05-16,1134.9642333984375,1143.6269666049225,1133.5727520158546,1135.5925807167341,5236469
2023-05-17,1119.3443603515625,1131.9570044864442,1115.349521720346,1131.6428307830922,10465667
2023-05-18,1118.5362548828125,1130.7899043107132,1115.3493701951222,1129.8472737459822,6948732
2023-05-19,1139.0938720703125,1143.0437820321574,1124.6408945483902,1127.5584254909388,11094136
2023-05-22,1160.5487060546875,1163.0622048581356,1140.3054905530537,1142.7292411104354,7625947
2023-05-23,1167.0570068359375,1179.7145774568664,1164.3639020407309,1166.293872811124,7436031
2023-05-24,1165.80029296875,1171.500676643536,1159.202207626038,1163.6907159656682,4824077
2023-05-25,1170.9171142578125,1173.2960455245018,1157.361841386736,1162.0747750049484,4334121
2023-05-26,1182.677001953125,1188.063211884976,1172.398361832931,1172.398361832931,5521606
2023-05-29,1179.939208984375,1196.3670853553535,1175.8546221650074,1196.3670853553535,4419365
2023-05-30,1188.42236328125,1190.7115464294097,1175.2261922392356,1180.477725221967,6274719
2023-05-31,1183.440185546875,1194.9307014660071,1179.7147016049091,1184.8315574211917,17800782
2023-06-01,1184.517333984375,1193.4943505359809,1183.2605297506059,1187.2553678657034,4277841
2023-06-02,1181.7880859375,1194.4338775054596,1179.104315999841,1190.8857617337856,10909311
2023-06-05,1186.7916259765625,1191.2949303842083,1180.2413448280602,1186.3367422563722,5002553
2023-06-06,1163.5928955078125,1172.3266432707878,1158.1342892739995,1172.3266432707878,10008100
2023-06-07,1172.6446533203125,1177.2390231419827,1166.7766979749558,1174.054837221583,5397578
2023-06-08,1167.0499267578125,1175.4197442918237,1165.5032551977433,1170.1430477667195,5034942
2023-06-09,1151.7203369140625,1166.777036268273,1149.9463343805824,1166.777036268273,5339073
2023-06-12,1175.3741455078125,1178.785773831074,1158.1340948031748,1158.5889785796096,4785588
2023-06-13,1187.1102294921875,1188.611368241848,1180.0141088524708,1182.6069242988215,4846587
2023-06-14,1183.061767578125,1188.7932366228665,1176.5113744554915,1188.474840185205,3457981
2023-06-15,1170.68896484375,1177.1937141878004,1166.9134071805377,1177.1937141878004,6161155
2023-06-16,1175.1011962890625,1184.0623838210365,1165.457683142132,1170.8707552652124,8536287
2023-06-19,1177.2393798828125,1182.2431021311552,1170.9165389185205,1177.2393798828125,4451787
2023-06-20,1185.7911376953125,1187.2467436756685,1174.6009515510648,1177.2392998592454,4009180
2023-06-21,1182.1065673828125,1186.1551000366512,1178.1491003379751,1182.6524057587176,4041529
2023-06-22,1165.9127197265625,1173.0543732215287,1158.5890460770524,1173.0543732215287,6676607
2023-06-23,1150.8558349609375,1163.9109757788215,1149.3546964433472,1161.272627938147,7239467
2023-06-26,1155.7232666015625,1159.0439406048426,1148.3541711369407,1155.6323120512568,3403244
2023-06-27,1163.729248046875,1166.322063496411,1159.2258317923613,1164.5025282959484,3240024
2023-06-28,1176.64794921875,1179.695648586696,1165.7762703962558,1173.600249850804,5662358
2023-06-30,1214.99462890625,1218.0878609550978,1186.7463005247835,1190.1579290222737,12821692
2023-07-03,1213.35693359375,1224.5471188494619,1208.5806539697087,1209.9908380904787,7732412
2023-07-04,1223.77392578125,1224.5472060405089,1211.2646211133026,1223.0006455219911,5797775
2023-07-05,1225.7298583984375,1235.4187939129251,1219.9982784398992,1235.3278393695025,5414936
2023-07-06,1222.63671875,1225.8663271465525,1216.4957873550766,1221.4085546821386,5963897
2023-07-07,1210.1728515625,1224.365315371182,1205.7605007879629,1213.6300129632032,6295647
2023-07-10,1209.217529296875,1220.8170652524432,1200.256341377616,1215.9498311998555,3940315
2023-07-11,1226.91259765625,1229.0051076173486,1207.2616391546826,1213.129595917475,6126128
2023-07-12,1212.9931640625,1229.9148189122855,1207.26158386156,1229.0960058756348,8102770
2023-07-13,1241.9237060546875,1252.5680534152623,1210.7641663190607,1214.4487694545699,9977644
2023-07-14,1297.2830810546875,1300.9676843031073,1256.0706748916025,1256.0706748916025,12833381
2023-07-17,1294.5537109375,1327.3053432456984,1286.68431035238,1297.2830136298498,11569884
2023-07-18,1342.089111328125,1344.5909722136412,1300.0578928736984,1304.6067308473641,16743977
2023-07-19,1341.8616943359375,1363.559740717556,1328.8975058703597,1351.9146708665796,13687062
2023-07-20,1318.708251953125,1338.2682570700565,1310.7022519481309,1338.2682570700565,8347221
2023-07-21,1211.446533203125,1228.1862795203028,1187.2467368696261,1201.0751601871634,45548305
2023-07-24,1215.9952392578125,1228.0951916387085,1213.857307807066,1219.998238537962,8859789
2023-07-25,1214.1756591796875,1221.6812409056533,1204.7595879527776,1216.3591233474524,6801982
2023-07-26,1227.139892578125,1228.186147433356,1218.5426339683336,1221.817774817035,5528885
2023-07-27,1231.0521240234375,1240.7411717559758,1225.5025635415454,1236.0103133187197,9191861
2023-07-28,1219.54345703125,1240.7865080925476,1215.4495028674003,1231.6888321728816,6122735
2023-07-31,1233.3719482421875,1235.0095744205735,1212.9477090948283,1227.0491075504592,7902180
2023-08-01,1242.0145263671875,1245.4716872331724,1234.5544774108216,1239.1033148368012,6064652
2023-08-02,1234.41796875,1248.1554353279967,1226.7758997952656,1245.7446403783597,7419145
2023-08-03,1241.1959228515625,1243.2428998554956,1227.2764348025732,1228.186202359877,6503741
2023-08-04,1253.978271484375,1260.847061956178,1239.1035919855417,1245.381011248576,5712345
2023-08-07,1267.30615234375,1269.1256873794193,1252.7498720583947,1262.666360213914,3729093
2023-08-08,1264.7587890625,1267.8065991644844,1259.482203966465,1267.1696952534337,4161877
2023-08-09,1268.5799560546875,1270.0355619948482,1257.7536994683937,1259.1183508602219,4090828
2023-08-10,1263.758056640625,1269.8535657391153,1260.5738702782457,1266.0324754708959,3873025
2023-08-11,1248.0645751953125,1270.8087636526227,1243.6977576448737,1266.396413303026,5783517
2023-08-14,1267.806640625,1269.1257591782453,1242.378570429603,1248.0646177377491,4304135
2023-08-16,1290.50537109375,1291.824489722674,1278.5874374632606,1283.5002048304689,7735313
2023-08-17,1284.1824951171875,1291.8699868845008,1279.1332405349353,1291.8699868845008,5618346
2023-08-18,1263.4853515625,1281.589638878783,1261.0744450887594,1277.0408006474313,5134103
2023-08-21,1278.5872802734375,1280.042886077757,1261.9840232223223,1264.3493965362918,3032722
2023-08-22,1277.086181640625,1279.1786914005518,1270.626854331071,1277.9504163795991,2890714
2023-08-23,1280.9072265625,1288.7767383819312,1278.8148277508842,1288.2309000421885,2559125
2023-08-24,1295.1451416015625,1296.4643712635414,1286.8207457961107,1293.2346518402169,5171963
2023-08-25,1291.9609375,1294.14440193583,1284.0460038576823,1285.5016097963642,4307172
2023-08-28,1287.9124755859375,1296.236871016697,1284.0459634347399,1291.9608968278883,3133464
2023-08-29,1289.73193359375,1295.8728642902074,1287.5940021549932,1295.508935074852,3074444
2023-08-30,1305.65283203125,1307.0174832626406,1295.5089023334597,1298.238204796241,3070887
2023-08-31,1305.9259033203125,1314.5232740786394,1299.7395500542452,1305.653039664003,9792735
2023-09-01,1313.5679931640625,1315.524015813637,1299.3301072963106,1301.8319683222358,3582133
2023-09-04,1332.900390625,1337.358273748617,1305.2434354057439,1312.7945503532342,4609014
2023-09-05,1345.455322265625,1346.5015772139598,1325.0765058688094,1332.8095304482017,5496840
2023-09-06,1344.1361083984375,1349.094408496813,1331.2629855860807,1348.184640888555,5075786
2023-09-07,1333.9013671875,1340.451761309344,1330.1259200490667,1337.9043673082444,4411743
2023-09-08,1336.994384765625,1341.679709913553,1328.442547485381,1331.4448248574233,3125838
2023-09-11,1343.2264404296875,1344.6821575553772,1332.3547611267988,1336.9945540619674,4182226
2023-09-12,1365.6522216796875,1368.2905701230975,1343.8177976883615,1348.7305652975347,6793161
2023-09-13,1363.1502685546875,1369.2002453382354,1354.3255672096375,1369.2002453382354,4804686
2023-09-14,1370.97412109375,1376.068908054887,1363.878001064633,1369.200118850372,6444213
2023-09-15,1375.2047119140625,1381.3911761511094,1372.839338313645,1381.0272468920564,8657816
2023-09-18,1357.19140625,1369.1093400919283,1353.7342448047293,1369.1093400919283,3991916
2023-09-20,1355.7811279296875,1360.193478454991,1342.9988490854248,1342.9988490854248,4169337
2023-09-21,1366.2435302734375,1368.7909240446215,1342.8170139394665,1352.4151068014573,6779195
2023-09-22,1361.1488037109375,1370.9742270619945,1351.1867819544711,1357.282291448548,5455613
2023-09-25,1341.1339111328125,1355.417217832278,1338.7685376167728,1355.417217832278,4217863
2023-09-26,1328.8519287109375,1346.3649531864253,1327.3507901162034,1345.6826275575102,3996528
2023-09-27,1334.6290283203125,1336.994401796738,1319.2085123948889,1324.6215850268404,3863586
2023-09-28,1309.56494140625,1339.7237598799838,1305.51651996519,1335.4478965364908,5814602
2023-09-29,1305.9259033203125,1316.251854791077,1288.2309672949007,1302.8782039633304,6068968
2023-10-03,1304.6065673828125,1307.3358698250358,1292.1427973188988,1306.471635140572,4181867
2023-10-04,1314.02294921875,1319.117626104109,1290.232501762434,1296.41896651613,4510406
2023-10-05,1331.3992919921875,1342.4985228636597,1319.3448718155562,1320.982497846701,7384621
2023-10-06,1345.2734375,1350.5501345192267,1331.2631039318392,1336.9036191822188,3598672
2023-10-09,1342.3165283203125,1356.4634585781648,1330.2621079137662,1332.7185470073355,3567552
2023-10-10,1360.239013671875,1361.9220614766054,1336.5395238912695,1350.0041284403374,5688951
2023-10-11,1359.556640625,1381.254574348816,1347.7750842911132,1361.9220140294271,7220129
2023-10-12,1333.2645263671875,1368.6545111001026,1320.9826627670805,1357.2824151740776,11081662
2023-10-13,1302.013916015625,1308.2458018313064,1273.6746332154582,1278.2234711912276,17973439
2023-10-16,1304.7431640625,1313.340423053773,1300.9676064898863,1302.8780961484347,4850745
2023-10-17,1312.2943115234375,1322.2108011891066,1308.291422679862,1310.2928671016498,3923764
2023-10-18,1310.565673828125,1322.8020028156968,1308.5641186072812,1311.8847923385383,4264837
2023-10-19,1304.2882080078125,1309.7468130472434,1297.4194189109537,1297.4194189109537,6795691
2023-10-20,1298.4658203125,1308.700705916645,1296.6462850939854,1300.9676812379575,3928622
2023-10-23,1281.5440673828125,1303.1055136577397,1278.4508355358098,1296.964582762976,2636516
2023-10-25,1262.560302734375,1292.5104566531788,1254.4967997562355,1289.2389333048216,6940777
2023-10-26,1252.7918701171875,1266.2003688015045,1246.9400932403355,1248.7371699932087,6357656
2023-10-27,1272.052001953125,1276.3371998881837,1256.6622771033196,1256.6622771033196,4634358
2023-10-30,1269.0111083984375,1272.0521334622172,1256.155513264206,1272.0521334622172,2667696
2023-10-31,1261.039794921875,1272.7894712580314,1256.0634389161826,1271.6835518717269,3451595
2023-11-01,1247.90771484375,1269.379603358429,1245.6038569027073,1265.3249033766447,3090672
2023-11-02,1262.652587890625,1268.32010174213,1254.8194697606157,1262.514333895597,3758060
2023-11-03,1280.0697021484375,1282.788209750896,1269.6562183795236,1271.775812861255,3349045
2023-11-06,1293.2017822265625,1296.8418333328405,1281.6824907597581,1284.5392525449095,2736381
2023-11-07,1294.1231689453125,1295.5976155760281,1285.4145181543718,1290.1604881630135,2272209
2023-11-08,1281.8665771484375,1294.7681818070128,1277.6735106371746,1294.7681818070128,3550635
2023-11-09,1266.937744140625,1287.8567315630594,1262.5604135682283,1286.3822848162356,5498051
2023-11-10,1261.4544677734375,1265.4171487849635,1254.2203756878132,1262.4681428598753,2943649
2023-11-13,1265.7857666015625,1273.9874114709824,1263.2975323492624,1271.5914215374528,3462092
2023-11-15,1299.836669921875,1303.062071087934,1283.7096640915788,1289.2389232333946,8551860
2023-11-16,1331.537841796875,1339.3709592887674,1299.9288638617754,1304.9973516506468,6673907
2023-11-17,1324.7645263671875,1337.1592379171582,1322.4606682729127,1327.9899276991723,4901251
2023-11-20,1323.8887939453125,1338.0805801730312,1321.1702867996207,1328.865149180104,3584210
2023-11-21,1326.1007080078125,1336.2376835381015,1324.0272357402534,1328.8653376978914,3793135
2023-11-22,1343.42578125,1344.4854659823166,1323.520357257011,1323.520357257011,3108786
2023-11-23,1335.546630859375,1352.7334359458998,1334.1181937435772,1352.7334359458998,3186928
2023-11-24,1324.6260986328125,1338.6796311644991,1321.3545755708367,1332.1366975336039,2973195
2023-11-28,1329.5103759765625,1331.6299704076575,1315.088314388403,1330.7084271755414,3755373
2023-11-29,1345.0843505859375,1346.0980255458026,1336.0532952698873,1337.2512338613426,3875778
2023-11-30,1340.983642578125,1346.0521303013406,1335.8230230312827,1339.2326879569457,10120867
2023-12-01,1338.357177734375,1345.3608832594507,1332.6896647955414,1345.3608832594507,3489187
2023-12-04,1349.4617919921875,1356.4194883018783,1335.592634024112,1345.8677509348179,5511948
2023-12-05,1339.8778076171875,1351.8118605948976,1328.8654104130064,1350.7981854850148,5123039
2023-12-06,1358.63134765625,1361.1194695973477,1337.2054656873006,1342.4582175598755,5269178
2023-12-07,1350.89013671875,1357.2948166644478,1347.1118322726165,1357.2948166644478,4424453
2023-12-08,1374.1591796875,1377.4305905862009,1351.2127312666094,1355.0371580856024,6323433
2023-12-11,1371.7171630859375,1380.4718241872586,1365.7271318060862,1373.0994779966725,3862018
2023-12-12,1360.2440185546875,1373.0995024562922,1352.5030324180634,1361.5802113283032,6103494
2023-12-13,1335.3160400390625,1360.2438275366712,1320.7096034385588,1360.1977053814053,8549258
2023-12-14,1383.6510009765625,1392.4517835867966,1346.697140932601,1348.5863495012065,12489858
2023-12-15,1454.56396484375,1463.917651822094,1401.6673570114986,1403.5565657706456,18395389
2023-12-18,1441.6160888671875,1468.0183241638513,1437.88390638634,1444.9336219034078,6467243
2023-12-19,1436.0408935546875,1450.4629554436433,1422.1716226248461,1446.915036424613,4221721
2023-12-20,1415.8590087890625,1459.2636714338232,1409.9611097529205,1442.2612442252062,6592367
2023-12-21,1415.4903564453125,1425.3048140325604,1401.897594233354,1401.897594233354,5319038
2023-12-22,1440.2799072265625,1443.1366686825568,1403.5103106025122,1414.522706978693,6741060
2023-12-26,1422.816650390625,1426.5489455360587,1403.5103643743007,1414.5688833319446,6878067
2023-12-27,1444.1502685546875,1446.8227662265847,1422.862643983342,1422.862643983342,4225849
2023-12-28,1440.049560546875,1445.8552154390939,1432.9997322913293,1445.8552154390939,5702253
2023-12-29,1421.8489990234375,1437.1004712006081,1419.1765012951132,1420.144166634131,4388990
2024-01-01,1429.6361083984375,1434.8428502960069,1414.7992844681723,1418.255071679868,2808451
2024-01-02,1414.015869140625,1427.6086309615123,1403.5102544550214,1424.7057474638627,5396313
2024-01-03,1373.099365234375,1400.6995390215577,1371.2562788380874,1400.6995390215577,7550363
2024-01-04,1394.018310546875,1400.5152349032498,1375.7718232468026,1386.8763509676678,7056038
2024-01-05,1412.3111572265625,1418.9001014903272,1388.0745246781073,1388.5352963045564,8895403
2024-01-08,1403.3260498046875,1415.4903752195028,1394.52526712299,1408.9934505703893,4440136
2024-01-09,1409.3160400390625,1431.1565685607613,1406.1366485499625,1420.9274616897512,4412074
2024-01-10,1400.653564453125,1414.983494047482,1386.9225479581153,1405.3072902245185,4096845
2024-01-11,1376.9698486328125,1405.3534251009314,1369.9661425866611,1405.261293276588,11296088
2024-01-12,1486.2188720703125,1491.056974118596,1433.3683893367258,1439.450552270239,26754401
2024-01-15,1522.4815673828125,1534.3233755421343,1507.6447436874366,1515.8925107048797,13228305
2024-01-16,1503.5439453125,1519.1640585147397,1497.5077919845023,1515.7543934625273,6500917
2024-01-17,1511.5150146484375,1518.2423245739706,1493.130273985418,1493.130273985418,9209876
2024-01-18,1513.7269287109375,1519.6248280436816,1500.5028054955274,1513.7730508709333,6375464
2024-01-19,1529.0244140625,1534.830181149936,1515.1552565650597,1522.0207083253042,4522736
2024-01-23,1513.312255859375,1543.3084208611072,1509.2113209406687,1520.6384796288353,9401255
2024-01-24,1543.9534912109375,1548.1925674088009,1515.938555587784,1529.6695716902016,8999681
2024-01-25,1538.147705078125,1548.6994420250173,1527.9185982399085,1541.6956238359799,8865304
2024-01-29,1526.6285400390625,1547.5936491768944,1518.3346507098104,1534.5077798990815,4253785
2024-01-30,1521.8824462890625,1557.4079810311105,1518.9335530973535,1532.0194213135253,4995943
2024-01-31,1530.591064453125,1536.442841049227,1509.5798353047996,1518.93352092331,6763779
2024-02-01,1527.0430908203125,1545.4278312937574,1520.8686843443536,1529.346948648717,5760011
2024-02-02,1560.495361328125,1583.672198367883,1534.36963065611,1535.3372961411437,7858483
2024-02-05,1554.8277587890625,1567.3147150838886,1549.8975247974827,1561.785455468717,3634135
2024-02-06,1593.7628173828125,1597.034340689009,1542.6171705805966,1554.4129683538292,7694265
2024-02-07,1560.86376953125,1593.3481668011993,1554.5050990563916,1593.3481668011993,4613877
2024-02-08,1559.3431396484375,1572.4751295193644,1550.7728558600897,1564.7802667251876,5919715
2024-02-09,1538.378173828125,1560.080561966992,1529.577503446997,1552.5238399589869,4600004
2024-02-12,1548.2847900390625,1560.126598289278,1539.2997433619348,1539.2997433619348,3555808
2024-02-13,1552.3856201171875,1556.5785741207376,1532.9870910403704,1550.9571831806093,2696481
2024-02-14,1535.475341796875,1538.470357405494,1507.1840085834583,1529.9460822117326,3768579
2024-02-15,1544.828857421875,1555.3344719693396,1531.2360957797196,1545.4278829759044,4834391
2024-02-16,1568.1439208984375,1574.9172405402414,1555.5187122701257,1556.4863775731233,4880654
2024-02-19,1566.39306640625,1577.2211990906292,1555.2884257624896,1571.2311682439513,3690993
2024-02-20,1553.03076171875,1561.324650966914,1537.8252980971156,1552.800375906301,3706389
2024-02-21,1525.6610107421875,1542.663439133254,1516.2151921931338,1542.663439133254,4300508
2024-02-22,1549.4365234375,1552.4315386183323,1515.3855496864917,1534.3693157186938,5841277
2024-02-23,1545.2896728515625,1565.194983220865,1540.728079066558,1563.8587905950133,5373072
2024-02-26,1529.900146484375,1543.5389199577103,1515.9387428585212,1543.5389199577103,2782438
2024-02-27,1533.0792236328125,1539.9907975363865,1523.1266247075048,1530.683233844853,5159088
2024-02-28,1540.129150390625,1555.380736114235,1531.6509975218291,1538.9772213327412,3188916
2024-02-29,1542.5711669921875,1550.2660301238518,1523.5873997921522,1534.369410109207,7814722
2024-03-01,1524.87744140625,1540.774061120071,1521.467776667757,1538.05555376044,6387291
2024-03-04,1508.75048828125,1533.8625405850848,1505.479077403563,1527.7803779385492,4445156
2024-03-05,1480.4591064453125,1508.8886908149464,1476.3121621695554,1505.8015436860508,4596579
2024-03-06,1490.6422119140625,1493.0382016771937,1452.352047887815,1477.049450044554,6420684
2024-03-07,1489.6285400390625,1500.6870590284748,1478.3396352373709,1489.7667940250446,6348359
2024-03-11,1475.0220947265625,1487.186533050453,1463.4106723438592,1481.9797912201366,6752895
2024-03-12,1486.4031982421875,1497.5078398363585,1472.3036534614205,1474.46925768503,4614222
2024-03-13,1484.974609375,1497.0468017752844,1473.1328027552288,1486.3569240580796,5688997
2024-03-14,1523.5875244140625,1527.6883469444472,1481.8415695289827,1487.7394689212454,8803799
2024-03-15,1505.801513671875,1516.6757678865583,1491.3793408128192,1512.3444475668186,11809997
2024-03-18,1476.9112548828125,1504.5575513115562,1473.4093456712776,1502.11543929507,4958904
2024-03-19,1438.943603515625,1473.5475961267095,1435.764324431153,1467.4193112677192,6870411
2024-03-20,1432.95361328125,1451.3844780457566,1430.5576233604784,1440.3720813461923,4759059
2024-03-21,1432.7232666015625,1453.2276042120811,1422.309895221054,1441.2936639483573,11062497
2024-03-22,1390.470458984375,1408.9474454626866,1380.6560012352104,1401.6672315575609,14673890
2024-03-26,1375.54150390625,1389.1802760076575,1371.164173630106,1374.9424783172167,8351081
2024-03-27,1367.4320068359375,1381.3934103666109,1365.312524736159,1378.6287804592728,6857402
2024-03-28,1380.5177001953125,1393.188917951044,1370.472857803067,1370.472857803067,12499530
2024-04-01,1378.1217041015625,1409.9149438246613,1375.6797046680076,1405.3533500790074,6580002
2024-04-02,1366.5103759765625,1376.0023163808078,1364.6672894897633,1368.353462463362,7279400
2024-04-03,1364.4830322265625,1377.799287158803,1359.2762903783632,1362.9624633692197,8736248
2024-04-04,1370.0582275390625,1378.3061066574217,1352.8254147328123,1373.6062588459959,11186915
2024-04-05,1363.0545654296875,1370.0582714607572,1360.24392608138,1363.93009899174,5072482
2024-04-08,1360.8426513671875,1373.9746405479236,1358.4466618047518,1366.6484178969451,6610887
2024-04-09,1377.56884765625,1395.0321590156452,1370.6112639030227,1373.0993855776476,9423230
2024-04-10,1388.5814208984375,1391.3920603288602,1368.0770834855082,1382.6373994109804,6744595
2024-04-12,1368.26123046875,1388.581302495331,1363.4231287950938,1386.0009366054892,12275616
2024-04-15,1352.9637451171875,1374.8964069734686,1346.420810540168,1363.884010132131,8531224
2024-04-16,1303.476806640625,1340.983684459676,1302.1867360834249,1337.159257468646,16173541
2024-04-18,1307.900146484375,1331.3533752077963,1297.072014216493,1309.6049788534715,22107945
2024-04-19,1300.52783203125,1314.903883353496,1270.5776782377934,1276.3373231980736,20603621
2024-04-22,1320.3409423828125,1324.1192467826613,1302.1865874045059,1308.4991354557612,5859087
2024-04-23,1329.23388671875,1333.334708815105,1320.5713584494295,1329.7867901203954,4856174
2024-04-24,1318.498046875,1330.985003306902,1315.0883817387778,1330.985003306902,4268213
2024-04-25,1325.59375,1331.5377710414832,1308.5913232271268,1308.5913232271268,9089398
2024-04-26,1318.037109375,1331.9985107982977,1315.042094094127,1326.745647271391,8062444
2024-04-29,1322.18408203125,1326.8379201034072,1316.1940513407444,1317.7606297548816,5055957
2024-04-30,1309.0982666015625,1323.8429581264434,1306.3336369406475,1322.1380131744238,6936588
2024-05-02,1303.476806640625,1312.2775896866656,1301.08081668616,1302.1406139236367,10076354
2024-05-03,1305.1817626953125,1313.0148803966708,1293.109456008172,1310.5266461015717,8842345
2024-05-06,1314.0284423828125,1332.2749298443393,1305.9188174045357,1308.5913151241766,6445422
2024-05-07,1327.8974609375,1330.1091868361195,1304.5363662735126,1313.1527716041048,6080661
2024-05-08,1315.318603515625,1326.791770914921,1313.751912640343,1322.6448266752147,6234983
2024-05-09,1326.6075439453125,1336.1915031252968,1313.0607915586831,1315.5490256671164,6088406
2024-05-10,1313.1068115234375,1323.289795482951,1302.1404259190676,1322.4604966710783,8777481
2024-05-13,1311.7706298828125,1313.1990668474873,1300.481725623948,1313.1990668474873,3735954
2024-05-14,1312.922607421875,1321.2626187308836,1306.7944348778417,1314.489298423798,3463230
2024-05-15,1308.545166015625,1319.4655424641765,1307.255095585117,1314.120547134986,4327544
2024-05-16,1339.3248291015625,1341.5365553493355,1315.0421875208667,1321.4468679639122,9249145
2024-05-17,1330.9849853515625,1342.6885398437046,1326.33114685659,1342.6885398437046,7542860
2024-05-21,1321.6312255859375,1331.3534390178734,1316.332352094495,1317.8067987413262,6752663
2024-05-22,1340.6611328125,1345.406990441256,1315.963729310014,1316.6548867308702,7173285
2024-05-23,1356.8802490234375,1362.17912249703,1336.2376585581328,1340.5688666610595,8641428
2024-05-24,1350.15283203125,1359.7369031866842,1345.4529845154584,1353.0557154211108,5277938
2024-05-27,1355.9124755859375,1363.5152064855856,1345.6833692377497,1356.3732471556132,5821844
2024-05-28,1351.9498291015625,1360.1975947227484,1345.7294132720376,1359.7368231798207,6186922
2024-05-29,1337.1129150390625,1350.5214121321715,1336.2374940918792,1350.429280320845,7401634
2024-05-30,1315.4566650390625,1336.09925316506,1310.0196506941504,1329.6024417469166,9663150
2024-05-31,1322.4598388671875,1350.5182603744363,1315.9739443356261,1325.1858078435043,37113815
2024-06-03,1321.519775390625,1353.5731158092904,1319.7337879140582,1353.5731158092904,10589244
2024-06-04,1310.0050048828125,1330.0735833506835,1276.8236180013437,1324.4336953647442,13736134
2024-06-05,1344.267333984375,1351.6932097544602,1316.1149378567663,1316.1149378567663,9233424
2024-06-06,1383.8875732421875,1385.8145809499692,1351.2232206049546,1358.2260359203012,12660930
2024-06-07,1441.555419921875,1447.289283385155,1388.5874921626576,1392.1124223339962,24075302
2024-06-10,1409.73681640625,1437.9832975983243,1407.4339083446464,1433.7533821631996,6810606
2024-06-11,1405.9771728515625,1416.0349278896924,1404.2851604414927,1410.0191387512723,4853054
2024-06-12,1396.060302734375,1418.1969101793593,1393.7573942458623,1416.5519427607585,9564320
2024-06-13,1404.2850341796875,1414.6718735675256,1399.9611430962834,1405.27206045412,7307565
2024-06-14,1399.5382080078125,1413.4498626747718,1396.8592841989566,1413.4498626747718,4237727
2024-06-18,1408.2799072265625,1416.5517883847267,1405.6480284899164,1407.151975588544,5420939
2024-06-19,1420.640869140625,1424.682835067257,1406.8701186508476,1414.6720101859473,5493456
2024-06-20,1424.44775390625,1426.4216917830183,1409.1260120772156,1425.2937600659554,7927010
2024-06-21,1440.709228515625,1464.2558049305671,1432.2493971920012,1452.2710438887668,17301941
2024-06-24,1435.4925537109375,1437.325471461373,1424.4477727552649,1433.0486251290843,5564989
2024-06-25,1449.4041748046875,1451.237207255743,1429.1006009006553,1434.4115183965616,4551525
2024-06-26,1448.229248046875,1455.89011914625,1442.8714001458156,1448.5112883548547,4851004
2024-06-27,1478.9195556640625,1483.6665071274144,1440.0983968135813,1446.1141853395814,14757754
2024-06-28,1472.7156982421875,1493.1602914681441,1470.3657449978248,1478.1676356666337,8197544
2024-07-01,1495.3223876953125,1503.8761950899986,1465.900925341744,1465.900925341744,6801771
2024-07-02,1523.7568359375,1535.7415983279318,1491.2804339153117,1500.3982072481522,10493173
2024-07-03,1529.7255859375,1537.809402144264,1509.609963229638,1527.4696078755678,7269965
2024-07-04,1551.580322265625,1560.3691254148293,1530.2897205875556,1530.4776709701966,8008311
2024-07-05,1548.572265625,1565.8679458210338,1535.3185512266714,1552.332191113537,7065022
2024-07-08,1561.919921875,1566.008817507365,1541.5693041489067,1544.4832231774994,5880533
2024-07-09,1557.690185546875,1566.7139839546214,1551.909277041596,1560.275134372959,5191182
2024-07-10,1549.3240966796875,1573.5286138885465,1539.266343193334,1557.5489326244456,9852770
2024-07-11,1553.507080078125,1565.0688961998292,1543.4963708254108,1556.6090643284788,8857679
2024-07-12,1609.0130615234375,1616.5329122564228,1566.6199259649964,1579.1686539269024,17078316
2024-07-15,1604.59521484375,1624.2877782953476,1600.4592739409936,1622.5957659620963,6942230
2024-07-16,1622.454833984375,1633.593589888385,1597.9682742375035,1615.4519041715741,6886281
2024-07-18,1652.5343017578125,1659.4431419133819,1615.827983176718,1615.827983176718,11248896
2024-07-19,1685.3394775390625,1733.3255702708213,1679.2295989019908,1733.3255702708213,29819116
2024-07-22,1702.1650390625,1713.5858343024156,1685.33935158603,1692.1072854937383,8462126
2024-07-23,1726.6517333984375,1729.5186076175692,1676.2217119382558,1701.3662125939957,7113056
2024-07-24,1723.8787841796875,1731.7746506207213,1710.3900744958235,1727.2157639340674,6002845
2024-07-25,1715.324951171875,1721.0118842620095,1703.246213719811,1710.7660645530111,5815599
2024-07-26,1766.1309814453125,1769.9848820315087,1715.7949342558115,1715.7949342558115,11369047
2024-07-29,1758.7991943359375,1788.784624281326,1752.12534926978,1779.9487760733678,4635931
2024-07-30,1764.4859619140625,1767.1178407699306,1748.365259289592,1758.7990290172347,2721265
2024-07-31,1756.1199951171875,1772.0057014153294,1753.1121009722237,1764.344831170861,5004209
2024-08-01,1741.409423828125,1755.7911843622094,1734.3595637121655,1744.699358548906,7475014
2024-08-02,1711.89404296875,1747.8953757120823,1707.1472058471231,1732.3856829456133,7400938
2024-08-05,1646.7532958984375,1689.6164211011132,1615.4049418548652,1677.8196096487513,10736703
2024-08-06,1646.0013427734375,1689.0994653436978,1640.126459251215,1654.5551502330297,7690163
2024-08-07,1684.1175537109375,1689.9924369566963,1656.341059827465,1688.206449501223,5094329
2024-08-08,1638.5284423828125,1673.1196857214622,1623.4416964698462,1673.1196857214622,6227910
2024-08-09,1664.471923828125,1673.8717370362467,1650.6071993461458,1664.9419144885312,4258524
2024-08-12,1689.5225830078125,1695.2564465708763,1661.9810822256,1666.634058979033,4315329
2024-08-13,1689.5693359375,1701.366147109179,1681.673584839887,1701.366147109179,4176918
2024-08-14,1713.821044921875,1715.4660123309595,1689.5694795075585,1693.8464406687062,7450718
2024-08-16,1747.378173828125,1750.1041425189478,1719.6957707243737,1738.9653871768742,7335657
2024-08-19,1752.8773193359375,1755.46226812506,1738.2135180462226,1748.3653628246682,2585989
2024-08-20,1759.8330078125,1772.5227558229078,1756.0730824760828,1767.1649081160394,3870333
2024-08-21,1760.3028564453125,1766.2247842698705,1755.0389843478197,1762.5588344138969,1966902
2024-08-22,1767.39990234375,1779.9956751616294,1757.4830533776285,1770.9248323444356,4300287
2024-08-23,1750.3392333984375,1769.6088509029312,1745.5453515046195,1765.4729100507645,5015935
2024-08-26,1763.5460205078125,1775.3897624868237,1752.125224235838,1757.7651122966831,3728589
2024-08-27,1786.05859375,1788.5495673509674,1761.431127538951,1763.5460856398784,3830679
2024-08-28,1822.7177734375,1833.903574209478,1783.5205978872887,1792.450420519267,6514531
2024-08-29,1817.3128662109375,1833.4335688344042,1805.610144647818,1816.9838956969513,7228284
2024-08-30,1827.041748046875,1832.9636765918535,1812.284086394407,1821.6839001205192,13466759
2024-09-02,1846.59326171875,1857.1680513315453,1826.1957134298164,1826.7126342979332,5573739
2024-09-03,1824.73876953125,1848.9432889467964,1820.2268132183985,1848.9432889467964,4694322
2024-09-04,1807.0670166015625,1811.5319278069883,1786.0115271331308,1805.7980647866775,4778310
2024-09-05,1817.1248779296875,1823.5637269032381,1794.9882723576418,1810.638983993486,4081810
2024-09-06,1787.7034912109375,1820.2738676395406,1783.00358450389,1806.6441381891027,5848106
2024-09-09,1780.9356689453125,1805.5631341580754,1775.6247514250556,1776.564732765143,4772612
2024-09-10,1797.5263671875,1818.8638977650467,1782.2046254069915,1790.5704823041315,6909600
2024-09-11,1795.5052490234375,1810.4039292305977,1790.6643225255912,1799.7820949632378,5312946
2024-09-12,1833.3865966796875,1838.9795546148218,1796.1164275717779,1809.464116978717,8555092
2024-09-13,1827.417724609375,1841.0474542218399,1819.4749280775688,1833.3865832495185,3843127
2024-09-16,1833.1986083984375,1834.8435757434945,1817.0309752474043,1828.9686923682912,1570181
2024-09-17,1835.360595703125,1840.9063937669002,1825.584766901514,1830.8486394119768,2793127
2024-09-18,1778.585693359375,1822.388800311061,1768.3869188956942,1822.388800311061,6385468
2024-09-19,1780.5125732421875,1809.370068657787,1766.036952686509,1795.9282898631557,7976570
2024-09-20,1791.369384765625,1800.0642118988178,1755.3211244108263,1790.6643987818527,15242974
2024-09-23,1782.6275634765625,1803.73021337189,1765.7078993837924,1794.4243751721033,3636672
2024-09-24,1784.6484375,1796.2102531560402,1759.0809925494216,1774.6846588682515,7277616
2024-09-25,1781.5467529296875,1787.4685667691454,1764.1570974239128,1773.1338507441149,4268341
2024-09-26,1786.199462890625,1802.8370859804254,1779.3845984749128,1783.896554606288,8952803
2024-09-27,1792.3094482421875,1856.0871602157958,1789.0665584656958,1816.137952637302,14908931
2024-09-30,1763.029052734375,1787.1395980713203,1758.2351706468926,1767.1649937536263,6986955
2024-10-01,1790.0533447265625,1794.3772357071236,1762.464916843665,1762.464916843665,4029072
2024-10-03,1779.7607421875,1797.1033525009973,1768.104950294741,1776.0947919095763,7503887
2024-10-04,1803.025146484375,1836.8174281895435,1772.8047248589348,1776.141704358394,10001483
2024-10-07,1818.2059326171875,1825.4437429610623,1801.0512733437376,1807.772048058558,6112575
2024-10-08,1831.6005859375,1840.4363182559603,1791.933306709296,1821.5897622643915,5637391
2024-10-09,1835.5484619140625,1858.3430081700687,1828.3575821051584,1835.3605115538048,4857163
2024-10-10,1803.82421875,1846.1233796899428,1799.2182871655539,1840.3895163779584,4782119
2024-10-11,1818.9578857421875,1830.1436867455332,1795.4583520140732,1802.8842276209207,4709431
2024-10-14,1841.3294677734375,1851.2932470173037,1815.1979406537325,1816.1849669571325,3751378
2024-10-15,1841.7054443359375,1871.925751948734,1834.6085394794932,1842.3633853617557,5353705
2024-10-16,1804.858154296875,1841.9404871358424,1801.3332242595482,1837.6635261263593,3111512
2024-10-17,1849.9771728515625,1859.2830106666543,1814.304928428157,1819.0517651449982,8162822
2024-10-18,1766.7889404296875,1820.6028732629586,1757.0601563072833,1780.1367445813487,10526196
2024-10-21,1741.5504150390625,1784.8366013292746,1727.6856903747387,1777.5986762175419,4654601
2024-10-22,1740.4693603515625,1765.0969393741664,1736.098424337156,1746.6732140121014,4125240
2024-10-23,1760.9610595703125,1772.804801466981,1733.3255853155424,1734.500561986716,4311910
2024-10-24,1751.5140380859375,1770.924673834423,1748.3651238492712,1749.6811205471658,2906475
2024-10-25,1750.292236328125,1763.7339001545147,1735.581505943881,1751.60811836117,4689120
2024-10-28,1753.3941650390625,1768.9509020729429,1745.5453438193326,1748.0832475331754,7018940
2024-10-29,1748.5933837890625,1760.2867290719619,1738.8012907344037,1754.9629211020826,4621252
2024-10-30,1713.2276611328125,1748.3079249245552,1707.76122797984,1741.653136738328,5919715
2024-10-31,1670.5897216796875,1699.7282140714156,1660.369867072741,1699.7282140714156,7395236
2024-11-01,1674.011962890625,1678.9080088899161,1665.6460129974564,1677.4819828348002,371966
2024-11-04,1676.674072265625,1679.8588408591163,1633.2753189564019,1639.454765739415,7336722
2024-11-05,1667.68994140625,1681.2371893406507,1658.9436944231081,1673.2039554066878,3160880
2024-11-06,1733.762451171875,1737.0898453384439,1675.723259696614,1677.0066599508023,10421494
2024-11-07,1714.1309814453125,1735.6638830746192,1698.8724555004114,1723.5426610222241,4550965
2024-11-08,1739.704345703125,1749.829154713953,1723.7329222391422,1728.3437169759088,4210960
2024-11-11,1768.367431640625,1775.8778590726738,1732.669314114394,1738.8011800020988,3804234
2024-11-12,1776.638427734375,1788.2367269114475,1769.223045604574,1778.8249314544848,5012450
2024-11-13,1776.258056640625,1780.821270333326,1764.7548031409274,1769.3180168336285,4257495
2024-11-14,1772.5980224609375,1783.4833086013102,1764.469627272938,1773.5961711004963,4311431
2024-11-18,1722.11669921875,1758.005024675079,1706.477991896976,1758.005024675079,4839244
2024-11-19,1734.7607421875,1767.987103735295,1730.7679155470983,1735.4737552340218,4669769
2024-11-21,1743.6021728515625,1774.9271666789355,1730.8154024223286,1751.16006482196,5436504
2024-11-22,1808.4388427734375,1819.6569616576032,1743.554652462339,1762.6633798054363,6301486
2024-11-25,1796.507568359375,1824.647908539123,1789.187347735094,1821.5106048142616,12764638
2024-11-26,1829.2587890625,1842.9961275482167,1803.7329448177684,1811.00558516297,6850495
2024-11-27,1829.591552734375,1845.6581372544963,1817.4703304442407,1834.9153604909611,4447143
2024-11-28,1765.087646484375,1820.4649949645564,1760.3342260139732,1820.4649949645564,8468790
2024-11-29,1766.2283935546875,1784.4340168837268,1754.0121263454853,1759.811276019277,5244346
2024-12-02,1787.095947265625,1789.9479994533772,1744.6953452341356,1767.3216723437565,2868263
2024-12-03,1798.789306640625,1806.0620629902432,1778.8725217831325,1793.9408410909798,4715792
2024-12-04,1796.0799560546875,1819.56180716774,1782.5327074778559,1791.0888644737497,4705573
2024-12-05,1839.4310302734375,1853.7388717964993,1795.7946087095554,1806.2997139926326,9050038
2024-12-06,1827.594970703125,1842.3780374823932,1818.0881305684336,1837.4821076532628,3573331
2024-12-09,1828.783447265625,1835.0103583375276,1803.6377838079438,1829.3062538776032,4274645
2024-12-10,1852.45556640625,1868.664660829215,1836.721697987323,1843.3764867481466,6174921
2024-12-11,1876.79296875,1880.4530791874988,1855.7352935156714,1858.5873457085745,5025612
2024-12-12,1889.0091552734375,1900.227273174294,1873.370449502188,1877.791037372581,6462130
2024-12-13,1901.0830078125,1907.5001256882165,1857.4466990978751,1872.6100645470372,5362693
2024-12-16,1882.4019775390625,1900.9877808683423,1880.072732013709,1897.0424188970678,3119221
2024-12-17,1879.1221923828125,1884.2559097971648,1861.439491111427,1870.9463322304846,5811050
2024-12-18,1881.5465087890625,1887.060407082662,1864.861955978867,1869.8055830579622,3064095
2024-12-19,1850.2213134765625,1863.1031292043601,1825.3134369549032,1838.623014099366,5323592
2024-12-20,1827.3575439453125,1882.3070176382269,1816.9950636033855,1877.7438033938301,11056720
2024-12-23,1829.4014892578125,1844.3271834459897,1814.855975875461,1834.867922920088,2781793
2024-12-24,1814.903564453125,1846.2285597653754,1749.2587795923225,1832.0158786013108,2360544
2024-12-26,1813.3348388671875,1825.0757640546135,1808.4863732653307,1814.9034908105154,3623321
2024-12-27,1822.2237548828125,1829.25884045684,1810.007487366256,1815.236249934069,3937500
2024-12-30,1812.0037841796875,1821.5106246003575,1793.4654453593812,1821.2253729676181,7789055
2024-12-31,1787.2861328125,1803.4477627368683,1754.0597694763478,1798.9795938249597,3613063
2025-01-01,1789.662841796875,1799.597444352464,1781.5820268405544,1781.5820268405544,1838368
2025-01-02,1861.296875,1865.8602051810894,1792.3248119514092,1793.9409285299619,7083645
2025-01-03,1843.138916015625,1856.638584673474,1827.2149563285784,1856.638584673474,6218003
2025-01-06,1842.283203125,1875.6997732327457,1832.9189877307317,1855.7354066651392,7164403
2025-01-07,1835.6282958984375,1861.9623140172655,1828.7834170796311,1849.08049857111,4294832
2025-01-08,1837.81494140625,1842.9961231909604,1795.6045452981161,1834.8202633622047,5482050
2025-01-09,1822.74658203125,1855.5926464465324,1816.3294646707038,1838.6705399259386,6833503
2025-01-10,1869.9478759765625,1880.262890374542,1836.9591870921913,1841.4749361612496,8036913
2025-01-13,1865.432373046875,1885.0165591706927,1852.8833888192748,1859.5381777991286,5804152
2025-01-14,1844.374755859375,1874.5589763818855,1835.8660634362316,1871.7543886244132,5792162
2025-01-15,1853.501220703125,1861.4869901029845,1841.5700892018165,1850.981884706997,2985439
2025-01-16,1833.3466796875,1869.948017007702,1822.3187674971882,1868.9973329214629,7533579
2025-01-17,1725.9193115234375,1766.3709642563163,1722.6394979722525,1759.7161759087412,16409953
2025-01-20,1723.87548828125,1737.8029172097529,1704.7191808636662,1733.0494968108637,4333011
2025-01-21,1711.896728515625,1741.3204695981628,1704.6240883474466,1729.3418737355341,7169109
2025-01-22,1764.8974609375,1773.7864501626696,1716.1274359637641,1718.2664752007781,8373913
2025-01-23,1773.45361328125,1786.8583519719805,1761.3323909696403,1766.3710631349807,5907471
2025-01-24,1782.96044921875,1801.4513245969808,1772.312833717117,1773.501188842313,4887027
2025-01-27,1732.1463623046875,1771.1244088768565,1722.6395216773292,1757.577160982871,7652371
2025-01-28,1739.5142822265625,1771.5998715284597,1734.9034874184256,1739.7519532584283,6999495
2025-01-29,1788.4744873046875,1795.509572949861,1749.7341097059282,1754.0121882137666,5145155
2025-01-30,1768.224853515625,1794.1309953598945,1753.0614884709362,1780.7739533235829,7336056
2025-01-31,1787.095947265625,1803.875428129993,1778.729881094765,1778.729881094765,5820470
2025-02-01,1760.049072265625,1797.3634250338325,1754.9629352894476,1787.5714479503238,1701402
2025-02-03,1771.40966796875,1784.0062318529979,1742.0335070965566,1745.4559465267448,4823228
2025-02-04,1805.158935546875,1816.947325024505,1782.5326085489075,1795.8421853594061,7334787
2025-02-05,1803.4952392578125,1825.0281403385413,1800.88085809743,1812.0038151596648,4996744
2025-02-06,1821.1781005859375,1829.1162899648602,1806.2998705474192,1822.4615009681065,4765255
2025-02-07,1809.769775390625,1828.8309215990796,1796.2699917999128,1824.648004479721,4126260
2025-02-10,1787.5712890625,1811.0531389851265,1785.9550565261386,1811.0531389851265,3828734
2025-02-11,1783.150634765625,1809.1518213900456,1777.7792464526458,1790.2331848086437,4411601
2025-02-12,1771.26708984375,1801.1660581275596,1755.9135185424811,1792.0395140512057,5633947
2025-02-13,1752.348388671875,1781.1065814060805,1745.1232130462338,1776.353161119435,5237744
2025-02-14,1764.849853515625,1767.606860408019,1738.1831200991312,1762.5681886374266,5292961
2025-02-17,1751.4453125,1761.3799146336082,1732.2890052365772,1747.880247229523,4428956
2025-02-18,1760.619384765625,1769.8410902296603,1746.977091046225,1751.445375977347,4365260
2025-02-19,1721.498779296875,1758.004955145868,1716.840404092615,1756.2937934312417,4611411
2025-02-20,1735.14111328125,1740.7025920720746,1716.5077280780874,1716.5077280780874,2218020
2025-02-21,1725.4915771484375,1739.6092122968646,1717.1255109603246,1731.956275207461,3379879
2025-02-24,1677.1016845703125,1718.8367369576058,1663.9347338827708,1711.2788452920981,7594720
2025-02-25,1680.524169921875,1690.744023588038,1659.0863139546623,1659.0863139546623,5092963
2025-02-27,1677.2918701171875,1688.2722009652173,1664.7427713690586,1668.640552657757,5757079
2025-02-28,1604.469482421875,1668.5456129045258,1599.478390980019,1668.4981483304996,12182167
2025-03-03,1624.3388671875,1643.3525496222132,1608.8427856333933,1608.8427856333933,7504969
2025-03-04,1605.0399169921875,1615.212189837081,1587.642352576766,1611.4094536632444,6759673
2025-03-05,1627.0958251953125,1647.4879525703643,1608.9852468032536,1608.9852468032536,8180782
2025-03-06,1631.231201171875,1637.3631829139892,1607.7017709749155,1630.4231429408271,10610547
2025-03-07,1602.853271484375,1620.9162680194895,1592.8710891886537,1619.109945155919,8019331
2025-03-10,1617.5413818359375,1634.225933863566,1593.5366088108908,1602.8533592169706,7558981
2025-03-11,1579.6566162109375,1597.1492261839649,1556.3173920894415,1597.1492261839649,12671234
2025-03-12,1512.395751953125,1556.174800445261,1486.6798171088662,1556.174800445261,14870008
2025-03-13,1501.938232421875,1526.8462251444753,1492.8592690164621,1520.381526929375,7822888
2025-03-17,1511.63525390625,1515.3904095675546,1468.949515897204,1468.949515897204,7526032
2025-03-18,1511.63525390625,1511.63525390625,1511.63525390625,1511.63525390625,0
2025-03-19,1508.3079833984375,1523.9466912333276,1495.2360763463737,1523.9466912333276,7387068
2025-03-20,1535.8778076171875,1551.4214700841842,1513.4891497172634,1513.4891497172634,7186750
2025-03-21,1514.0118408203125,1524.8020809404113,1486.537050188091,1500.1317616699203,10074677
2025-03-24,1514.2021484375,1527.844442496362,1495.140885206093,1519.1456594946171,8857726
2025-03-25,1548.1414794921875,1555.46181670782,1525.84798372026,1525.84798372026,9890140
2025-03-26,1520.571533203125,1556.9827781599724,1516.3410356679321,1545.8122407498795,6651302
2025-03-27,1524.469482421875,1540.0606082841557,1507.7849306219216,1516.8640098840594,9426573
2025-03-28,1493.19189453125,1519.620840928022,1483.0670864043914,1511.5876072967835,6799047
2025-04-01,1451.21923828125,1471.0885586286036,1442.9957978349414,1463.3404602190724,12680733
2025-04-02,1473.703125,1478.931888061539,1459.4903266843542,1459.4903266843542,6193478
2025-04-03,1422.69873046875,1458.9673514518697,1411.8134441365378,1458.9673514518697,10459504
2025-04-04,1380.060546875,1399.4069443976105,1376.5905268259103,1388.4740776445042,9590254
2025-04-07,1327.8680419921875,1336.5668248830998,1242.5441423903983,1285.3249277060586,21715252
2025-04-08,1358.3375244140625,1384.671428260199,1345.218037067066,1360.4289830692378,12805001
2025-04-09,1334.4752197265625,1339.9416532809853,1313.7503760547593,1335.758736096975,8546854
2025-04-11,1339.941650390625,1367.844321400648,1328.1532604606723,1341.652928180614,12567440
2025-04-15,1355.675537109375,1376.3053358191778,1339.513907284088,1374.3089224037624,10178530
2025-04-16,1343.41162109375,1357.10149475882,1327.915540556106,1354.724784610381,12022740
2025-04-17,1349.49609375,1359.2881865002564,1310.327954849587,1329.0563853909828,14264227
2025-04-21,1379.442626953125,1399.2169026224717,1340.4645789137878,1340.4645789137878,15648970
2025-04-22,1352.6334228515625,1368.985143422317,1349.3060284057444,1368.985143422317,9399738
2025-04-23,1402.1639404296875,1414.4277879886072,1368.6047467603623,1374.6891479419496,11136642
2025-04-24,1398.836669921875,1409.7695375562273,1389.4248737048488,1397.4106437086987,7114292
2025-04-25,1407.20263671875,1427.6423460063365,1391.3262577852609,1402.7344676201928,8329979
2025-04-28,1409.0087890625,1416.1389193452367,1393.0373668593481,1407.2024661808139,5886253
2025-04-29,1423.6494140625,1435.3428747016321,1401.4033833138335,1408.9138107783806,8056743
2025-04-30,1426.1212158203125,1434.3922372400868,1409.4842438297574,1422.9840278751349,7704183
2025-05-02,1432.5859375,1448.082019175758,1422.4135476873855,1425.740942139582,7402310
2025-05-05,1434.2020263671875,1447.8919007730015,1428.6881281546378,1440.2864278864722,4282493
2025-05-06,1436.958984375,1440.856765886036,1425.170478593818,1431.7302219442606,4270530
2025-05-07,1433.916748046875,1443.8989302169214,1422.7936754272177,1426.0260242923393,5691799
2025-05-08,1436.864013671875,1441.7124795125974,1427.1669659401214,1433.631664427957,8424409
2025-05-09,1433.2513427734375,1436.8639888159648,1420.4171072727893,1426.6915991963783,4478653
2025-05-12,1546.6678466796875,1551.5163119444549,1456.4479104772702,1461.2013305506293,11372857
2025-05-13,1491.2430419921875,1532.6928451513845,1487.4403056280353,1529.6507024801845,12846210
2025-05-14,1513.8692626953125,1516.3410179471107,1492.0985753404327,1496.3766534474935,4870057
2025-05-15,1533.4534912109375,1538.7772990924948,1493.524758023796,1511.3976659657826,11151167
2025-05-16,1511.49267578125,1533.0731584594146,1503.5069061207216,1533.0731584594146,4576751
2025-05-19,1482.8770751953125,1506.8342676039738,1478.9791776249906,1498.7534529196623,8855798
2025-05-20,1483.637451171875,1505.4081383338412,1481.1656959419795,1492.573904126385,7143998
2025-05-21,1491.1480712890625,1493.5247816353951,1475.5568282070587,1490.5776840160047,4157309
2025-05-22,1471.18359375,1483.8277382618005,1464.0534632471729,1478.789066286349,6158990
2025-05-23,1487.6304931640625,1508.9257236923431,1473.5603223754533,1473.5603223754533,5038421
2025-05-26,1502.55615234375,1505.693456152503,1485.6339297061554,1489.3416207391451,3170102
2025-05-27,1492.6690673828125,1504.8378701621398,1479.6447417622219,1501.985817890451,7775714
2025-05-28,1494.2852783203125,1509.4010623010483,1492.5740005619675,1503.0315254066693,3623370
2025-05-29,1507.4046630859375,1529.555648703017,1498.8485063145804,1510.6370121874,8609500
2025-05-30,1506.5369873046875,1515.5027951891782,1499.2101525439637,1514.5387348868949,13148092
2025-06-02,1497.9569091796875,1503.9340358386107,1483.6887699715526,1503.9340358386107,4374509
2025-06-03,1487.5450439453125,1510.9717563250315,1480.410974183671,1502.9700087561519,6853403
2025-06-04,1495.4503173828125,1501.3311794658816,1486.0025968815146,1487.545069852834,4548307
2025-06-05,1498.43896484375,1511.3572786610305,1486.195328477135,1492.2689554139665,6948539
2025-06-06,1507.5975341796875,1512.5142181403369,1487.641415492617,1498.8244913615613,3960020
2025-06-09,1516.3704833984375,1530.9277705261318,1514.5387452749073,1521.2871674371763,2903202
2025-06-10,1538.6402587890625,1549.726952383094,1520.8051430073597,1527.0715350387688,8591925
2025-06-11,1572.4786376953125,1575.8528485433976,1532.9521677606,1532.9521677606,10597410
2025-06-12,1550.7874755859375,1569.4902701551284,1540.6648417796544,1558.8856061675938,10483574
2025-06-13,1544.4246826171875,1551.1731050755648,1513.7675163758718,1519.3591134860721,6968315
2025-06-16,1565.441162109375,1576.0458254086714,1539.7006814911979,1542.4964798976407,5591842
2025-06-17,1580.962646484375,1588.193099360836,1557.535932091381,1562.452616510744,7622083
2025-06-18,1574.214111328125,1585.589952431105,1562.7417700471647,1562.7417700471647,5629707
2025-06-19,1560.2352294921875,1571.4183055533617,1553.5831898154863,1565.5375611980423,5147760
2025-06-20,1564.573486328125,1572.0930860674746,1551.076642111549,1560.8136276168789,9202821
2025-06-23,1527.071533203125,1543.4605584963404,1518.7806380620095,1543.4605584963404,7943676
2025-06-24,1524.7576904296875,1551.172965207259,1519.9373891083474,1543.4604830931148,8083992
2025-06-25,1556.8609619140625,1561.6812632899293,1528.1319186406413,1532.8558375256184,7813533
2025-06-26,1557.9215087890625,1565.6339915058402,1548.8593180602195,1550.9803214172216,6519233
2025-06-27,1550.208984375,1571.0326636135578,1544.8102701550988,1560.8136478253264,8912268
2025-06-30,1544.2318115234375,1556.9573602116636,1536.8084767193552,1556.9573602116636,6294505
2025-07-01,1549.0521240234375,1559.5602870581276,1542.978497111504,1551.1730095922587,4178937
2025-07-02,1552.619140625,1589.735462831807,1545.7743359105034,1559.8495930029494,8653641
2025-07-03,1560.5244140625,1573.7321112354073,1556.9574379034102,1560.331649069145,5259695
2025-07-04,1581.7337646484375,1584.3367981958825,1554.3545449332526,1566.5980642699803,4411273
2025-07-07,1568.526123046875,1584.91514830305,1564.669881810128,1581.058907066303,3294523
2025-07-08,1579.8056640625,1587.0361167588558,1563.2238729521173,1569.4902652889589,4590681
2025-07-09,1574.9852294921875,1579.1307357618878,1565.248244218562,1578.937970779495,4580828
2025-07-10,1557.7286376953125,1579.998406486553,1549.341242702206,1579.998406486553,5330179
2025-07-11,1537.579833984375,1549.3413228616234,1506.8262861181436,1522.3476337948875,11391755
2025-07-14,1513.8638916015625,1534.5911874414394,1503.7412587495296,1534.5911874414394,9173426
2025-07-15,1528.614013671875,1545.967099361679,1507.790334380739,1508.8507771918205,7614807
2025-07-16,1550.112548828125,1554.0651724422496,1521.7691530397587,1522.2511831800944,6223491
2025-07-17,1526.5894775390625,1552.1370753633664,1523.3116489985612,1540.5683518202854,7374814
2025-07-18,1529.0960693359375,1541.8217363306167,1523.2153248462614,1534.8804313290245,5161833
2025-07-21,1527.36083984375,1531.8918763569468,1510.4897839367352,1523.2153333190533,3682661
2025-07-22,1514.4423828125,1528.806905141675,1508.7544033781517,1508.7544033781517,8473741
2025-07-23,1517.9129638671875,1534.6876368616054,1494.2934861823694,1519.648319505044,8035026
2025-07-24,1496.70361328125,1525.14339208434,1492.558106924831,1523.21527148752,14169664
2025-07-25,1461.2261962890625,1493.8114825426642,1456.9844249801497,1487.930738061539,10851259
2025-07-28,1461.515380859375,1464.6968268487494,1429.2193615593824,1459.4908778130184,6439855
2025-07-29,1459.2979736328125,1462.6721845547067,1442.3305365336291,1458.5267960319763,7070448
2025-07-30,1464.40771484375,1467.0106307922656,1451.8749299240865,1465.2753927209724,5719051
2025-07-31,1454.76708984375,1472.21655890233,1443.198365471235,1455.4418850255533,6851407
2025-08-01,1416.782958984375,1444.8370894973941,1412.83033538686,1440.2096707795008,8702978
2025-08-04,1427.291259765625,1429.5086455065348,1398.8514812022438,1408.9741142502269,8610216
2025-08-05,1407.8173828125,1425.5559991895734,1402.7078158601623,1425.5559991895734,10213323
2025-08-06,1385.0654296875,1403.768223634903,1378.895537719122,1399.8155998166778,10566934
2025-08-07,1385.25830078125,1390.1749848888187,1363.3740608530718,1378.6062610201184,9892020
2025-08-08,1371.9542236328125,1381.6912093691872,1366.169861688454,1373.785961785155,10048009
2025-08-11,1376.8709716796875,1381.8841562074572,1363.1813615156616,1368.8693412283471,6625368
2025-08-12,1372.918212890625,1389.2108550605094,1369.9296495773656,1376.8708364780418,9899184
2025-08-13,1375.328369140625,1382.4624387348806,1371.279363046038,1373.7858962323605,10318063
2025-08-14,1395.6700439453125,1417.1686356270611,1374.9427475738962,1374.9427475738962,12902347
2025-08-18,1384.1978759765625,1412.05912550974,1378.2206312900619,1412.05912550974,7254561
2025-08-19,1388.246826171875,1397.3090164904586,1381.2091389381637,1381.2091389381637,3986094
2025-08-20,1442.427001953125,1445.1264179190935,1388.921654258322,1388.921654258322,10413061
2025-08-21,1442.619873046875,1453.802949118853,1430.9547668193538,1453.802949118853,6565539
2025-08-22,1434.0396728515625,1450.2359327005538,1432.6899649169563,1444.258688328196,5543397
2025-08-25,1477.0367431640625,1483.6887826854402,1452.549588321255,1452.549588321255,10694531
2025-08-26,1474.6265869140625,1483.1103644867733,1464.021923789744,1468.2638125760993,15994798
2025-08-28,1446.1868896484375,1474.6266696224122,1444.162386475055,1474.6266696224122,5443364
2025-08-29,1416.782958984375,1447.922152992462,1414.951220922169,1447.922152992462,8169075
2025-09-01,1445.511962890625,1449.3682038919694,1423.145694472945,1423.6277245981132,4546057
2025-09-02,1444.837158203125,1458.4305028963795,1432.8829043510907,1445.5120710387366,5218763
2025-09-03,1425.941650390625,1447.9222736017668,1420.0609057500144,1446.09053538698,4623483
2025-09-04,1410.420166015625,1430.6654315565193,1407.6243677138264,1430.6654315565193,5787724
2025-09-05,1392.6815185546875,1419.771590084351,1381.4984423486478,1417.1686742864704,5466487
2025-09-08,1381.4019775390625,1405.5998666589085,1376.9673238557784,1398.8514448025214,3811567
2025-09-09,1450.2359619140625,1453.0316426482493,1419.5787971834648,1427.7733097648295,13072640
2025-09-10,1477.518798828125,1479.7361846012639,1455.056264347903,1455.8274419814547,7281071
2025-09-11,1455.4417724609375,1472.6020926929066,1452.3568266067848,1469.1314991861996,8003662
2025-09-12,1470.7703857421875,1487.4486761823323,1466.4321143461764,1481.7606968153777,12856963
2025-09-15,1454.1885986328125,1472.6021270614033,1447.2472937742573,1470.7703889313757,6167414
2025-09-16,1456.9844970703125,1459.5874130189484,1449.4647790449067,1454.18869843609,8923112
2025-09-17,1467.685546875,1471.830935901443,1459.58741614181,1462.3832147820146,4795698
2025-09-18,1485.2313232421875,1499.1138155530703,1483.2068200825713,1494.2935138953433,9331945
2025-09-19,1484.845703125,1495.546867150236,1465.4681136380061,1489.0875921991392,12988129
2025-09-22,1445.6083984375,1460.2620677071914,1428.7373434373958,1429.4121385641438,15655204
2025-09-23,1443.6802978515625,1458.6232324870878,1439.3420265057648,1439.3420265057648,9832164
2025-09-24,1440.884521484375,1442.909024606748,1429.4121802134027,1433.7504516255494,4937004
2025-09-25,1431.4368896484375,1448.6934761875953,1423.4351414751138,1435.4858961438838,9491867
2025-09-26,1396.8270263671875,1425.555953399892,1389.4036912657584,1421.9889772759154,8597058
2025-09-29,1389.982177734375,1412.3483294621576,1384.872611107433,1407.5280279964163,10513117
2025-09-30,1389.982177734375,1400.0083106366037,1386.4150840398418,1391.1390030128964,7556305
2025-10-01,1393.8385009765625,1397.405477197979,1376.0997670015454,1394.0312659732858,6250692
2025-10-03,1394.609619140625,1396.2485922754322,1381.6911874663804,1387.282784330546,6877533
2025-10-06,1422.9530029296875,1425.6524188431904,1390.4642178899833,1394.6096065704758,4630590
2025-10-07,1406.0819091796875,1429.6050033943986,1401.743637948074,1424.5918193613172,5570320
2025-10-08,1441.2701416015625,1444.1623224877194,1402.707729786136,1404.6358503769075,4657192
2025-10-09,1455.0562744140625,1459.5873108023447,1433.557682406266,1448.0185870707542,7028753
2025-10-10,1460.4549560546875,1467.0104954131987,1444.933608930849,1455.7310370996563,3738353
2025-10-13,1439.5347900390625,1450.6214834671307,1430.087069727637,1443.1982662450723,5859355
2025-10-14,1436.353515625,1459.9729938155936,1433.075686951717,1445.1264411305913,5600789
2025-10-15,1421.4105224609375,1435.1001315764527,1414.75848288892,1430.5690952632847,6986098
2025-10-16,1418.61474609375,1421.5069270236047,1408.0100826842827,1420.9285143742625,8005748
2025-10-17,1389.3072509765625,1405.9855409539045,1382.462446500531,1402.6113299617484,16959378
2025-10-20,1408.395751953125,1414.276496397426,1397.8874708768014,1401.4544470050912,6994246
2025-10-21,1419.482421875,1432.5936185349226,1417.1686535978035,1424.881136066363,1698704
2025-10-23,1473.566162109375,1490.4372172856354,1451.8748054541832,1455.7310466373283,20358624
2025-10-24,1470.57763671875,1487.5450748262833,1463.4435668090073,1484.1708637038648,8652257
2025-10-27,1472.633056640625,1483.2043487095048,1466.3685916918344,1478.0165606695539,7273211
2025-10-28,1468.4241943359375,1474.5908017388306,1458.9296979699484,1467.9347848431598,8211019
2025-10-29,1478.408203125,1488.0005573851865,1465.1941469679696,1468.4241778932897,4884976
2025-10-30,1462.1597900390625,1476.2546872805226,1457.5592692997866,1475.0801523386458,5608867
2025-10-31,1450.9034423828125,1465.3898918009988,1449.3372364048548,1458.4403008415877,4819814
2025-11-03,1454.0355224609375,1459.8105780526128,1442.974820743242,1450.9033496746388,5470600
2025-11-04,1436.808349609375,1450.511814804534,1431.9142548968182,1448.3583414401685,8691330
2025-11-06,1435.6336669921875,1451.58846323567,1430.9354078512456,1447.2816360762577,7944752
2025-11-07,1445.5198974609375,1449.533031326473,1418.4065403991735,1438.8638806951196,8765759
2025-11-10,1481.4425048828125,1487.8048281611332,1458.4402591842686,1458.5381171839108,9787975
2025-11-11,1497.88671875,1500.9210336624128,1479.0933228205395,1492.6989304110698,13692989
2025-11-12,1518.8333740234375,1526.1745164244364,1505.5214596999074,1507.3812396717751,14635417
2025-11-13,1509.14306640625,1524.5104757353395,1497.8866487683968,1524.1189242683809,19655689
2025-11-14,1470.9691162109375,1497.59294295853,1457.2656513734084,1487.8047537888665,9739549
2025-11-17,1475.66748046875,1478.212385937251,1460.8873376663598,1464.3132041198487,7910354
2025-11-18,1454.91650390625,1474.1013313334302,1451.784211591062,1474.1013313334302,7525119
2025-11-19,1508.4578857421875,1510.317665675936,1458.9296699222182,1458.9296699222182,10981126
2025-11-20,1503.955322265625,1522.0634729079381,1501.5082748815287,1522.0634729079381,7387584
2025-11-21,1512.2752685546875,1518.6375916910017,1493.9714020948772,1498.5718033380108,9186302
2025-11-24,1515.2117919921875,1551.4280945139647,1508.3600590826622,1530.4813442936104,19270381
2025-11-25,1498.1802978515625,1517.7566773334454,1493.5798964672151,1516.1905908718425,8107952
2025-11-26,1524.902099609375,1527.251289037942,1499.6485223505715,1499.6485223505715,7575038
2025-11-27,1533.2220458984375,1540.954739594805,1519.3227449478784,1530.8728564928056,7552252
2025-11-28,1527.055419921875,1535.179665000364,1524.0211050739736,1531.8516566735827,4453221
2025-12-01,1530.872802734375,1540.6609920101703,1523.042251313739,1529.4045743430058,5341800
2025-12-02,1527.9364013671875,1546.4361036663386,1523.1401645511503,1533.8093151456649,6335969
2025-12-03,1545.261474609375,1552.406900951154,1521.182551618934,1522.1613705980963,12895312
2025-12-04,1563.7611083984375,1565.1314788059085,1534.7880917871573,1534.7880917871573,12609619
2025-12-05,1581.9671630859375,1597.2368345243183,1566.1103436503722,1575.8985332981872,10344725
2025-12-08,1576.681640625,1595.4749170068917,1566.306063981828,1582.8481284293375,7550413
2025-12-09,1565.1314697265625,1572.8641631737528,1548.883099378693,1567.2848235795727,6957599
2025-12-10,1551.2322998046875,1573.9408513587562,1549.2746619298632,1573.9408513587562,5116140
2025-12-11,1564.1527099609375,1573.3536321517727,1547.023378030827,1564.1527099609375,5159319
2025-12-12,1564.348388671875,1567.8722324584342,1549.0788370408115,1567.4806809838458,4633912
2025-12-15,1572.766357421875,1576.6816332735752,1551.4280562362142,1551.4280562362142,4190558
2025-12-16,1559.1607666015625,1569.0468143358012,1552.0153403019585,1566.1103574156468,5499258
2025-12-17,1568.0679931640625,1572.8642300238714,1552.4068896118622,1553.5814245843821,4817628
2025-12-18,1592.3427734375,1595.4749463972676,1572.6684162407605,1576.3879761796316,6577293
2025-12-19,1603.9906005859375,1619.847539612933,1595.2792073285575,1615.0513027562847,13149023
2025-12-22,1653.8125,1657.3362243784013,1628.7547583833573,1628.7547583833573,23098923
2025-12-23,1632.9637451171875,1643.4370603643276,1621.3157754082474,1643.4370603643276,6593060
2025-12-24,1628.16748046875,1632.2784723030877,1617.4983299175808,1625.8182910699556,4271167
2025-12-26,1621.0220947265625,1633.453167508233,1616.7152673020842,1628.167521100225,2006491
2025-12-29,1609.863525390625,1637.6620082639456,1602.4245250544589,1622.8818655924697,4062817
2025-12-30,1587.2528076171875,1612.9957941560388,1582.554548282334,1612.1148331917736,9395937
2025-12-31,1581.1842041015625,1594.1045668429529,1575.1154547350545,1586.6655664923117,6538656
2026-01-01,1595.2791748046875,1604.8715288376811,1579.9116455766828,1581.184158007412,3658165
2026-01-02,1605.6546630859375,1608.6889779975038,1593.0278744696911,1601.2499777187402,2524526
2026-01-05,1572.374755859375,1602.3265912739637,1549.568226955718,1602.3265912739637,5917885
2026-01-06,1578.0518798828125,1585.5888575673962,1565.1315174017209,1566.2081943610224,4466729
2026-01-07,1604.2843017578125,1607.2207586859843,1580.7926463324388,1580.7926463324388,4508079
2026-01-08,1579.128662109375,1609.472049603195,1574.5281413468902,1604.186403368615,3942131
2026-01-09,1579.91162109375,1596.747378487979,1572.9620305433675,1575.898487352098,6816681
2026-01-12,1562.09716796875,1579.1286413969012,1558.867017677559,1575.996349102621,6985362
2026-01-13,1565.1314697265625,1583.7290294043642,1552.7983751003353,1583.7290294043642,8080618
2026-01-14,1565.91455078125,1582.7501883551427,1549.5682031809922,1554.3644397699236,7557157
2026-01-15,1565.91455078125,1565.91455078125,1565.91455078125,1565.91455078125,0
2026-01-16,1654.00830078125,1658.119292555676,1618.3792672921977,1628.461030733189,19335957
2026-01-19,1645.59033203125,1649.309891747184,1631.201741600405,1649.309891747184,5104958
2026-01-20,1623.7628173828125,1644.6115898062917,1617.889903547792,1637.5641409981627,6406503
2026-01-21,1619.358154296875,1621.9030597634667,1596.6494821313709,1616.0301458476063,6224582
2026-01-22,1628.265380859375,1635.8022392467942,1618.7708845027832,1630.712428320841,6228892
2026-01-23,1635.4107666015625,1640.2068839190629,1626.9928279555104,1631.8869227568262,5869137
2026-01-27,1647.05859375,1653.6167523834592,1625.9161283991023,1650.0930280724322,10673087
2026-01-28,1631.2017822265625,1653.029492632909,1615.05126953125,1644.4158380681818,8588664
2026-01-29,1624.35009765625,1631.2018305177105,1607.318623503672,1622.8818691859371,4749582
2026-01-30,1606.241943359375,1619.9454090553113,1583.8269648597889,1619.9454090553113,9207926
2026-02-02,1594.8875732421875,1626.7970461591942,1583.7290136495644,1626.7970461591942,6784887
2026-02-03,1620.9241943359375,1691.3991593070652,1617.9877374621406,1690.616056346825,8805868
2026-02-04,1503.2701416015625,1551.3301265638145,1478.1144237257668,1540.66097646391,28828622
2026-02-05,1488.00048828125,1518.1481590925844,1483.5958031001303,1501.5082372972433,10628127
2026-02-06,1475.177978515625,1492.6988611765453,1448.6520095352703,1489.86026239605,13900866
2026-02-09,1465.4876708984375,1495.6353420798034,1461.376679139494,1489.8602864300617,8294615
2026-02-10,1466.0750732421875,1483.7916723660803,1459.4190565785855,1468.2284271414342,8657000
2026-02-11,1440.7236328125,1474.003477029586,1437.885033967625,1469.4029562852068,7934411
2026-02-12,1356.64306640625,1405.2903204885395,1351.259562174479,1398.6344233110094,26048896
2026-02-13,1340.1009521484375,1348.1273389393946,1254.3564391221673,1266.493817560756,45785709
2026-02-16,1336.6751708984375,1346.854912154694,1309.953484521095,1344.6035807140283,14621891
2026-02-17,1361.73291015625,1400.6899531531467,1338.0455387563604,1340.9819956812096,25347684
2026-02-18,1344.603515625,1371.3253201935424,1316.805153615715,1361.4392729027982,20241373
2026-02-19,1341.471435546875,1372.3042339560152,1334.326009074035,1355.6643110050506,14574228
2026-02-20,1324.5377197265625,1336.0878308198503,1309.8554358713993,1330.4106332686276,12633552
2026-02-23,1299.3822021484375,1323.3632672728343,1290.0834217940796,1323.3632672728343,12887826
2026-02-24,1248.4835205078125,1275.988307999553,1237.3249610296912,1273.4434027288626,27839061
2026-02-25,1262.7742919921875,1295.564726518415,1258.9568742250233,1258.9568742250233,16669618
2026-02-26,1261.7955322265625,1286.168148899459,1259.054910753846,1277.848187510079,11493914
2026-02-27,1272.5625,1306.723305439908,1266.7874442662774,1298.207628321947,23141724
2026-03-02,1261.5997314453125,1271.290062662244,1246.0364867011174,1263.6552272829085,9700361
2026-03-04,1279.7078857421875,1289.104523520103,1264.6340504084835,1264.6340504084835,15154950
2026-03-05,1278.141845703125,1292.0410271405913,1262.7743163409898,1292.0410271405913,10362147
2026-03-06,1280.686767578125,1299.0884925711757,1275.4011212294208,1275.4011212294208,8724291
2026-03-09,1287.14697265625,1290.0834296280893,1255.3353554613236,1262.676497890922,10068514
2026-03-10,1268.1578369140625,1293.0198627132945,1256.9014187299574,1292.0410437407636,9600171
2026-03-11,1249.2667236328125,1271.975276386956,1244.3726286871142,1260.7188580118502,7868891
2026-03-12,1238.9891357421875,1251.5179472285731,1231.3542997621664,1245.5471752363726,7599940
2026-03-13,1221.8597412109375,1242.7085131232232,1216.280401513626,1224.5025045780033,7366098
2026-03-16,1223.3280029296875,1227.7326883178384,1198.2701415781937,1213.931245180508,12314450
2026-03-17,1206.785888671875,1218.6295738865974,1189.3628638376754,1218.6295738865974,11223276
2026-03-18,1240.261474609375,1263.459555545422,1208.7435520363658,1211.7778669014497,12365381
2026-03-19,1194.9422607421875,1228.4178221249233,1189.3629208552388,1217.846529327881,9156461
2026-03-20,1229.2987060546875,1238.0102183433878,1203.1641691885866,1215.6930991638783,27299975
2026-03-23,1230.1796875,1234.3885372371806,1201.4023868626336,1211.9735596886824,12420293
2026-03-24,1251.224365234375,1269.5282325903943,1224.5025589595862,1242.1213008151199,13613495
2026-03-25,1252.00732421875,1263.263742406015,1230.4733068170258,1243.100095463166,10824030
2026-03-27,1242.806396484375,1267.3748481809973,1236.444073189259,1257.9780904958054,13092541
2026-03-30,1224.1109619140625,1238.6953882487069,1216.6719617488286,1223.5236944376795,14108486
2026-04-01,1248.6793212890625,1275.4011271577126,1242.610691424955,1262.6764804554484,8137156
2026-04-02,1273.247802734375,1277.7503462365091,1233.116223742555,1233.3119397486187,12873492
2026-04-06,1278.5333251953125,1292.041075138383,1271.4858762157266,1273.8350657038357,10208682
2026-04-07,1311.0301513671875,1316.609371698259,1266.1023367797188,1274.4222980187042,15355792
2026-04-08,1317.68603515625,1347.7358488962445,1302.8080347694565,1320.4267760360608,16030133
2026-04-09,1303.395263671875,1309.170319257509,1286.1680743957882,1301.7313192842819,14894607
2026-04-10,1265.12353515625,1290.9643801968148,1256.1184483091881,1290.0834192154255,19233369
2026-04-13,1249.756103515625,1261.6976471062894,1238.8911174058185,1245.0577246851824,10366082
2026-04-15,1277.6524658203125,1294.4881045276459,1272.9540869097948,1278.631284802942,12098912
2026-04-16,1291.2579345703125,1302.808046184627,1281.2740288923192,1294.0965334739733,18527029
2026-04-17,1290.7685546875,1300.165312581974,1278.4354593069281,1285.1893342368037,12064048
2026-04-20,1284.7977294921875,1296.8372503675125,1280.3930442184933,1292.0410136169874,7172300
2026-04-21,1285.385009765625,1296.9351212811175,1271.7795218169556,1282.2528368892558,10057440
2026-04-22,1241.729736328125,1270.2133447995752,1229.2987830540255,1267.5705813427946,20088378
2026-04-23,1214.32275390625,1238.891085420282,1200.0320212693207,1227.438951608261,14792854
2026-04-24,1130.144287109375,1197.9764852174349,1127.7950978335834,1174.5826894228176,42078914
2026-04-27,1145.5118408203125,1154.9084786451926,1130.04645394258,1130.1443119385692,19579883
2026-04-28,1127.697265625,1144.6308809119316,1125.4460537763027,1138.0727223885278,12720276
2026-04-29,1142.7711181640625,1153.2444330805374,1132.2978032475876,1133.961747660014,8303109
2026-04-30,1156.768310546875,1164.5988623339997,1135.0384576467616,1142.7711514334947,12205669
2026-05-01,1156.768310546875,1156.768310546875,1156.768310546875,1156.768310546875,0
2026-05-04,1143.652099609375,1169.6886601132755,1140.5198072387318,1169.6886601132755,7735811
2026-05-05,1153.1466064453125,1160.0961972461241,1135.5278649580357,1144.728787187228,8164108
2026-05-06,1142.4774169921875,1166.2627649868193,1139.443102180398,1161.8580797644604,9856963
2026-05-07,1138.07275390625,1150.5038263553197,1134.6468875555572,1148.1546369607545,12013987
2026-05-08,1154.2232666015625,1158.4322359116547,1134.2554554613432,1136.4088093734103,7582770
2026-05-11,1152.0699462890625,1161.8581361470833,1147.2737093616843,1151.0911273032605,7336288
2026-05-12,1116.1473388671875,1137.3876630949442,1099.2137225952,1137.3876630949442,16891948
2026-05-13,1099.3115234375,1118.398492694932,1097.2560275682617,1112.5255790772605,6664111
2026-05-14,1071.8067626953125,1098.137016652994,1065.933848927119,1096.0815207310736,16914842
2026-05-15,1095.2984619140625,1109.1976439317652,1078.266987402901,1078.658538900176,17482450
2026-05-18,1118.3006591796875,1121.8243835304838,1094.319594715878,1095.2984136735845,12096377
2026-05-19,1171.5484619140625,1173.0166903851343,1137.3876555901809,1137.3876555901809,32175705
2026-05-20,1168.4161376953125,1181.3366195800531,1159.802602590221,1161.8580984968487,15121010
2026-05-21,1156.180908203125,1176.3446743746752,1152.0699163634372,1170.7653346096859,10021033
2026-05-22,1149.622802734375,1166.5564175672662,1147.6651649263981,1157.4533539662823,8803066
2026-05-25,1143.75,1159.900513478819,1141.4008105061328,1157.9428754813864,5856136
2026-05-26,1142.966796875,1155.6914427435413,1138.2685377836078,1141.5965459846338,8005767
2026-05-27,1135.3321533203125,1142.5754376343073,1130.5359164445094,1136.4088302961693,6371871
2026-05-28,1135.3321533203125,1135.3321533203125,1135.3321533203125,1135.3321533203125,0
2026-05-29,1136.3109130859375,1184.370898370815,1129.1654871448488,1156.96396849116,69085430
2026-06-01,1177.02978515625,1191.222659904496,1148.8397516554953,1150.1122640819906,19439331
2026-06-02,1243.8831787109375,1251.811588367994,1206.3943648530496,1206.3943648530496,36032600
2026-06-03,1196.7039794921875,1223.425783618914,1190.2437985614154,1215.7909483013548,18534303
2026-06-04,1175.855224609375,1189.4607121046952,1170.8631524946943,1182.4132636253246,12755957
2026-06-05,1172.1357421875,1197.8787294549086,1169.0035692089534,1194.159169493737,8692290
2026-06-08,1162.4453125,1175.26781631171,1151.5804465064052,1152.559265415463,8631711
2026-06-09,1155.300048828125,1168.3182691086097,1142.5754025403635,1168.3182691086097,10984054
2026-06-10,1145.300048828125,1171.4000244140625,1143.300048828125,1160.0999755859375,8887626
2026-06-11,1114.5999755859375,1133.699951171875,1109.0,1129.699951171875,9372176
2026-06-12,1116.4000244140625,1123.300048828125,1111.5,1120.0,8075333
2026-06-15,1134.9000244140625,1151.0,1123.0,1130.0,7856192
2026-06-16,1143.5999755859375,1153.800048828125,1123.199951171875,1136.9000244140625,10456090
2026-06-17,1157.699951171875,1162.5,1148.0,1149.0,5995119
2026-06-18,1127.5,1142.9000244140625,1125.300048828125,1142.9000244140625,16781447
2026-06-19,1051.4000244140625,1066.0,1030.0,1062.300048828125,45665442
2026-06-22,1065.4000244140625,1080.300048828125,1055.0,1055.0,10178505
2026-06-23,1029.300048828125,1055.300048828125,1026.0,1053.800048828125,19323064
2026-06-24,1056.5999755859375,1065.5,1037.699951171875,1040.9000244140625,12346266
2026-06-25,1041.199951171875,1068.0,1039.0999755859375,1065.0,15866779
2026-06-26,1041.199951171875,1041.199951171875,1041.199951171875,1041.199951171875,0
2026-06-29,1036.699951171875,1046.5999755859375,1029.0999755859375,1037.0999755859375,15080892
2026-06-30,1000.4000244140625,1030.4000244140625,996.0,1030.0,24128263
2026-07-01,985.2999877929688,1014.0,982.4000244140625,1006.0,13037982
2026-07-02,1040.9000244140625,1045.0,1006.0,1006.4000244140625,18741111
2026-07-03,1047.199951171875,1068.699951171875,1042.0,1063.0,11653534
2026-07-06,1042.199951171875,1053.0,1033.0,1050.0999755859375,5559747
2026-07-07,1071.800048828125,1087.5,1040.5999755859375,1040.5999755859375,18866296
2026-07-08,1069.300048828125,1079.699951171875,1064.4000244140625,1071.9000244140625,13022221
2026-07-09,1050.800048828125,1062.699951171875,1040.4000244140625,1062.699951171875,9003333
2026-07-10,1068.0,1091.300048828125,1064.699951171875,1075.0,9747266
2026-07-13,1102.5999755859375,1114.9000244140625,1057.0999755859375,1057.0999755859375,20994760
2026-07-14,1092.9000244140625,1113.5,1090.0,1107.800048828125,14819413
2026-07-15,1076.300048828125,1088.0999755859375,1073.0,1079.0,8501933
2026-07-16,1082.4000244140625,1097.300048828125,1077.9000244140625,1082.5,8592146
2026-07-17,1096.5,1116.800048828125,1092.0,1105.0,12547728
2026-07-20,1087.0999755859375,1103.800048828125,1083.199951171875,1102.0,6372645
2026-07-21,1073.5,1094.5,1067.199951171875,1080.0,9485229
2026-07-22,1052.0999755859375,1069.300048828125,1046.199951171875,1064.0,7517203
2026-07-23,1047.4000244140625,1058.5,1032.0,1046.9000244140625,13794578
2026-07-24,1040.9000244140625,1043.4000244140625,1013.9000244140625,1028.0,29036900
2026-07-27,1079.199951171875,1082.0,1057.4000244140625,1065.0,15956349
2026-07-28,1105.699951171875,1118.5,1097.0,1097.0,28100895
2026-07-29,1155.5999755859375,1164.5,1128.4000244140625,1147.0,34400369
2026-07-30,1155.0999755859375,1187.699951171875,1151.300048828125,1168.0,22630218
2026-07-31,1130.0999755859375,1139.300048828125,1107.199951171875,1118.9000244140625,14367075
2026-08-03,1180.0,1180.0,1138.0999755859375,1145.0999755859375,8582270
2026-08-04,,,,,9191165
