Price,Close,High,Low,Open,Volume
Ticker,ITC.NS,ITC.NS,ITC.NS,ITC.NS,ITC.NS
Date,,,,,
2016-08-08,167.7248992919922,170.9458621570812,167.4229396724392,169.77155111769912,8739307
2016-08-09,166.18148803710938,167.75841513818318,165.14138265831508,167.75841513818318,9718838
2016-08-10,165.4098358154297,166.6847929666448,164.94011140177017,166.41638205412627,5457692
2016-08-11,168.8656463623047,169.6373303278604,165.44337030450626,165.74532989676604,11158153
2016-08-12,170.5096893310547,171.44913817844957,167.9597643406289,168.1275185061618,8603626
2016-08-16,171.18072509765625,173.1267201806735,170.07352209871584,170.61034392844297,10689714
2016-08-17,170.2412872314453,172.2879391977863,169.23474091909907,170.8116684374105,8649054
2016-08-18,169.20114135742188,171.38200890494295,168.7649763547196,170.7109711005515,6939437
2016-08-19,168.3959503173828,169.36894793046292,167.590706880056,169.10053699585566,5531361
2016-08-22,170.5096893310547,170.94586504834643,168.76500772889656,168.86566448161807,4345966
2016-08-23,168.6978759765625,171.11359516839573,167.959740738336,170.71097884759115,6694732
2016-08-24,167.9262237548828,169.10053487091434,167.15452903570286,168.56370237494068,5590189
2016-08-25,170.07350158691406,171.11359641494528,167.92619325997424,169.16760156662573,9884849
2016-08-26,170.3083953857422,171.04653076638303,169.1340842649477,170.00642511175005,4936367
2016-08-29,169.63734436035156,170.40903902324555,168.46303332997212,169.77154981618006,4437169
2016-08-30,172.656982421875,173.059609396564,169.805087429676,170.24126310775463,7989072
2016-08-31,174.50234985351562,175.4753474236034,172.0530709413079,173.32803877461498,13265582
2016-09-01,175.1398468017578,176.48191218959948,173.86487883488007,175.1398468017578,8695602
2016-09-02,176.4147491455078,176.95157084755414,174.63650864885128,175.81081941395482,9506919
2016-09-06,176.21348571777344,178.42789181764053,175.20693942392563,176.4818966449989,9519864
2016-09-07,176.34767150878906,177.7903933735629,175.81084971422374,177.15291483414066,6656556
2016-09-08,177.75686645507812,178.19304219174643,176.28059570559296,176.81741756594943,8645619
2016-09-09,173.32801818847656,177.45487019446236,172.48922617938564,176.4818727399373,10131678
2016-09-12,169.2682647705078,172.25436519440453,168.93274583782775,171.75109211213615,7627126
2016-09-14,168.99984741210938,169.83863939496703,167.45646888763096,168.42946631172546,13020551
2016-09-15,171.717529296875,173.05960500040834,169.43601548777275,169.43601548777275,8077776
2016-09-16,174.70364379882812,175.94506286171264,171.38203487422805,171.78465123776937,14578809
2016-09-19,173.6970977783203,176.21347397880902,173.2944814143036,175.47533866135964,6724348
2016-09-20,172.42213439941406,173.96551311770315,171.28138268889867,173.93196441155678,6944197
2016-09-21,170.20773315429688,173.66355835571656,169.7715574281695,172.2543850560786,9139238
2016-09-22,171.28138732910156,172.58990387280662,170.2748304159029,171.41559279082713,7988449
2016-09-23,170.07350158691406,172.45567209440992,168.96628808800546,171.11359641494528,5143011
2016-09-26,166.4499053955078,169.9392892605391,166.0808377886588,169.77152449065156,10060086
2016-09-27,164.97364807128906,167.25516192824995,164.40326694867298,166.85254558884628,6900812
2016-09-28,165.71177673339844,167.3558119956807,164.7387793101914,165.27561170815218,7646466
2016-09-29,164.87298583984375,167.28870506285915,161.71913136907398,166.48347241085605,18104875
2016-09-30,161.95399475097656,165.71177905534412,161.38361364312073,164.83943835912547,9912734
2016-10-03,162.59149169921875,163.86645950248916,162.0882185725477,163.86645950248916,6714964
2016-10-04,161.85337829589844,163.69871688826518,161.2829970460739,163.0612382169941,8002732
2016-10-05,161.18231201171875,163.22896377648823,160.5112847474113,162.25596626811455,6470467
2016-10-06,159.30343627929688,162.39018317993313,158.1291251920145,162.39018317993313,8986109
2016-10-07,160.34353637695312,161.21588786014598,158.8672656107883,159.63894970214582,4164582
2016-10-10,161.11520385742188,162.79278785656984,160.74613622828957,162.39016089133227,5241260
2016-10-13,160.34353637695312,162.0211206597786,159.00147107739375,161.11523110181565,11089281
2016-10-14,160.98098754882812,161.38360385338973,159.7395686678005,160.3770577752345,9579094
2016-10-17,161.45074462890625,162.22242869418494,160.0415713269142,160.9810201949089,6379993
2016-10-18,165.04075622558594,165.44337256526848,161.24941248460436,161.719136864319,12234489
2016-10-19,160.6790313720703,164.83944274974132,159.97444480245238,164.83944274974132,8734555
2016-10-20,160.61195373535156,161.95401899974647,159.77316161591668,161.71915678096448,4572220
2016-10-21,161.1487579345703,161.81979581001087,160.20930916235494,160.37707394796686,10999941
2016-10-24,161.95399475097656,162.3901597823343,160.846791871141,161.71913256735965,9944640
2016-10-25,160.20933532714844,162.99413339487646,159.80671891623243,162.99413339487646,6177333
2016-10-26,160.20933532714844,162.72571182076047,156.68641248949373,160.94747073058048,24852951
2016-10-27,163.12831115722656,164.26906277781367,160.81323794554376,161.85334345562595,15943817
2016-10-28,163.12831115722656,163.9335438422868,160.71258120153536,163.9335438422868,9674418
2016-11-01,161.0145721435547,162.92701862518632,160.47773965096263,162.92701862518632,5730426
2016-11-02,159.236328125,160.34353116362456,157.7600574068339,159.03501461488474,4867894
2016-11-03,161.24940490722656,162.59146994327253,158.36396135800175,159.06854789446402,9210542
2016-11-04,167.12095642089844,172.05305176918597,165.7788913232051,168.7649917481621,36621117
2016-11-07,172.1201629638672,174.23392270909125,165.7453350243512,170.3083734537481,25202734
2016-11-08,171.5162353515625,172.72409504064,169.2347214240268,172.12016519610125,10317962
2016-11-09,166.51705932617188,171.11363664517222,160.07513283080235,160.47774924919838,23914156
2016-11-10,168.46302795410156,169.77154439855306,164.77234081932818,169.67088765151775,12012673
2016-11-11,163.0276641845703,167.05385975169918,161.7191477010398,166.4163811794422,13232720
2016-11-15,159.37049865722656,165.67821780113232,158.2297471614418,162.3565987797695,22012736
2016-11-16,154.94171142578125,160.44418856747498,153.02926497246693,159.67250449808714,31846924
2016-11-17,155.34432983398438,157.0219139760294,153.2641186924059,153.29766739786567,9640577
2016-11-18,152.89505004882812,155.27722079123686,152.39177693615113,154.337771976371,8575440
2016-11-21,150.44578552246094,153.39833770139705,150.04316912085807,153.12992676699517,7878052
2016-11-22,151.72073364257812,153.06279877322748,149.97605216278504,150.98259835239617,9570300
2016-11-23,150.74774169921875,152.86150153531824,149.9760576766133,152.4924338766586,10720504
2016-11-24,149.97604370117188,151.15034397829652,149.0365949726697,150.98258983399387,18697423
2016-11-25,153.53253173828125,154.6397453688922,149.67409028461884,150.64708782451603,7890103
2016-11-28,156.82058715820312,157.15610608481887,152.52597041792947,153.26410567638217,9472016
2016-11-29,155.04234313964844,158.12910018565302,154.50551074171145,156.38440818423646,8945347
2016-11-30,156.01535034179688,157.29031806249665,153.76738513694607,155.67983140124392,11507955
2016-12-01,156.68637084960938,157.69291692615937,155.04233566664212,156.21664651161873,5358757
2016-12-02,153.33123779296875,156.35088733968456,152.99571881366592,156.35088733968456,8693600
2016-12-05,156.04891967773438,156.48509542147235,152.62665367873043,153.59965129152587,5320355
2016-12-06,154.4720001220703,156.35089802780345,153.7674134074204,156.35089802780345,5100487
2016-12-07,152.45889282226562,155.34434766052726,151.98916835790945,155.34434766052726,8419775
2016-12-08,156.55218505859375,157.8942502068922,153.19701687109566,153.7002899725196,7648947
2016-12-09,158.46463012695312,160.7796927557259,156.0489001184685,157.05545694704637,8648965
2016-12-12,155.8811492919922,157.49162536519665,155.64628709032652,157.1561170486777,3155645
2016-12-13,158.1291046142578,158.96789661980463,155.81403144816636,157.55872349844518,7727181
2016-12-14,156.45150756835938,158.69947250797577,155.67981303278845,158.36395360701025,6556449
2016-12-15,154.136474609375,157.29034033699975,153.3312417982201,155.67985344767962,5538310
2016-12-16,151.88851928710938,154.8746201954436,151.6536570594818,154.8746201954436,13422991
2016-12-19,152.3246612548828,153.66672636590081,151.21745833580573,151.21745833580573,5665425
2016-12-20,154.30421447753906,154.87459560170296,152.66017914521512,153.33121701287894,6145411
2016-12-21,151.85491943359375,154.2035410833121,151.31809770423087,153.66670872044693,13379223
2016-12-22,152.69374084472656,153.26412201743716,150.47933483326804,151.15036212454137,6668113
2016-12-23,150.7812957763672,152.66019347539483,150.17736589218038,152.66019347539483,11177602
2016-12-26,150.98260498046875,151.5529861419229,148.9695018793685,150.9154969359136,9071721
2016-12-27,157.0554656982422,157.62584686953448,150.54643187129787,151.6536455077783,16206836
2016-12-28,157.994873046875,158.6323514629703,156.1495245596758,156.1495245596758,14711711
2016-12-29,158.36399841308594,159.035025771369,155.88117060367512,157.8942739455351,14593942
2016-12-30,162.15533447265625,162.65861829021233,158.5653034972876,159.33699826186992,10821396
2017-01-02,161.68557739257812,162.55791805387625,160.10863957513175,162.39015328172098,5075736
2017-01-03,163.2960662841797,164.87299359372656,160.54482801002231,161.65203093372497,7798116
2017-01-04,164.7052459716797,165.7453408957105,161.11521552811215,162.96055380744426,9668664
2017-01-05,165.57760620117188,166.31574159967468,163.79936512286685,164.0677760616851,9532162
2017-01-06,162.8599090576172,167.08742900928524,162.52440071556825,165.74535310707043,8404984
2017-01-09,164.97364807128906,165.47692115391948,162.4572720246335,162.96054510726393,5041639
2017-01-10,167.05386352539062,167.6578040392821,164.87300621474296,165.07431971937345,12438618
2017-01-11,166.1144256591797,168.09396946929488,165.47693643769819,167.62424504652088,7931415
2017-01-12,164.1683807373047,166.21503210509798,163.83287248697937,166.21503210509798,5816779
2017-01-13,167.5235595703125,168.4294595541946,162.72567004620223,165.07429175737616,4553691
2017-01-16,166.95323181152344,168.32884585584327,165.81246936486332,167.25519146101828,4813933
2017-01-17,169.06698608398438,169.3018483218528,166.9532365766743,166.9532365766743,4996927
2017-01-18,168.328857421875,170.643920549925,167.62427067996717,168.8321306279503,7534139
2017-01-19,170.54324340820312,170.9458597731605,167.45648604301778,167.59069149800357,9538148
2017-01-20,171.38204956054688,171.98597947436372,170.24128714916785,170.6103548390834,11261533
2017-01-23,174.23391723632812,174.56942553123483,171.14716010856148,171.1807088113515,11101905
2017-01-24,174.36813354492188,174.97206340028612,172.69054943185407,174.20036875351275,8341113
2017-01-25,178.15948486328125,178.76342541326323,174.20038638115332,174.4352486060891,18123606
2017-01-27,172.72410583496094,179.13248296192012,171.851765034667,176.81740955192222,25440485
2017-01-30,171.85174560546875,175.13980556314596,171.44911864046526,173.39512415980806,9253765
2017-01-31,173.19386291503906,174.43527162005228,170.84524035581796,171.91889486381814,10380649
2017-02-01,180.9778289794922,181.24623990887216,173.4622485223193,174.46879482424657,35144107
2017-02-02,184.06455993652344,187.8223549381663,180.8435867159705,181.85015413927243,30867395
2017-02-03,183.22579956054688,184.8698245240868,181.51465591252835,183.86327819402132,9356904
2017-02-06,185.7421417236328,187.21841223741708,183.930341650439,184.467184692093,8538188
2017-02-07,185.94349670410156,196.04254100318008,184.93695033524807,186.95004307295505,25251605
2017-02-08,184.40008544921875,187.21843196358205,182.52118777297656,184.8698098682793,11114871
2017-02-09,186.31251525878906,186.81577767693105,182.95734740315396,185.20531241847016,5070408
2017-02-10,183.42710876464844,187.2855398169609,182.21924894358398,187.0171288863921,7975779
2017-02-13,181.58172607421875,185.44017790515377,180.23967159124658,184.80269936736613,9312915
2017-02-14,181.71597290039062,183.52777334269888,180.60876978948417,181.17915101637732,6911954
2017-02-15,183.4606170654297,184.86979017247975,181.98434655337903,181.98434655337903,7827599
2017-02-16,178.93113708496094,182.18564811920717,178.29364797813258,181.21264010881168,10982700
2017-02-17,179.93771362304688,180.4409973803476,177.15292645566944,179.40089179326512,9700816
2017-02-20,178.52853393554688,179.467982737312,178.19302562077695,178.49499586427456,5934404
2017-02-21,176.58251953125,178.6627304020093,175.00559234438586,178.49497626304606,10251239
2017-02-22,176.7838592529297,178.6627569291017,175.5759994992489,177.42133783584336,8815003
2017-02-23,178.26011657714844,179.97125996134878,175.54242701806845,177.1529136580801,12837302
2017-02-27,177.55551147460938,178.49497077784287,173.02603289326447,178.1930005767854,5270544
2017-02-28,175.94509887695312,177.55557529428043,175.07275792729695,176.4819208048935,8558167
2017-03-01,180.17257690429688,180.97780960623848,176.0792628186604,176.0792628186604,15139871
2017-03-02,177.65618896484375,181.34687604134663,176.8173969307978,180.17257570048523,10453722
2017-03-03,175.5089111328125,176.75033036526696,173.22739682742989,175.81088142184373,10371862
2017-03-06,177.2200164794922,177.85749499590835,175.50887314568584,176.28056773940318,9927375
2017-03-07,177.3206787109375,177.82396246282235,175.240478192662,177.35423805006593,7183529
2017-03-08,177.2535858154297,178.1594753248927,176.81741009718547,177.4548886878079,5993605
2017-03-09,177.79037475585938,178.6962640977021,176.01213413894274,178.56206929661687,9847115
2017-03-10,176.7838592529297,177.85751354881307,176.24702678823584,177.79040550316225,5880374
2017-03-14,179.23312377929688,182.28632162562423,177.95815608183403,178.6291833172065,18508020
2017-03-15,179.97128295898438,181.64886722048965,177.95817971847708,177.95817971847708,14475482
2017-03-16,180.1390380859375,182.01793587149754,179.5015594659103,181.34689790993897,9020039
2017-03-17,188.72825622558594,193.86166533935727,185.74215563827457,185.74215563827457,54015422
2017-03-20,189.16441345214844,190.70780268967604,186.41318581474013,189.835451326421,16509511
2017-03-21,193.19061279296875,193.66033716211965,189.90254220891248,190.0367582859583,13734401
2017-03-22,187.78880310058594,193.1570636598664,186.9500110590104,191.24462801323776,12874461
2017-03-23,186.2789764404297,189.56704725585385,184.60139232784707,186.21187903068858,17547913
2017-03-24,188.56048583984375,189.9025402615079,187.0506560068412,187.11775341117288,7398317
2017-03-27,188.96310424804688,189.83545563108314,185.40662257406274,188.19143087879186,12623097
2017-03-28,188.2249755859375,189.36573791158753,187.92302660197817,188.96311091029733,6532115
2017-03-29,190.03675842285156,190.3722667151983,188.02364486775198,188.02364486775198,8828112
2017-03-30,189.73483276367188,191.00979009445385,187.923053532246,190.57362495855713,14948411
2017-03-31,188.09078979492188,189.90256885370593,187.05068416965247,188.56051422997874,9929324
2017-04-03,188.92958068847656,190.3051946440323,186.98358554639572,189.76837279801188,7507187
2017-04-05,187.18487548828125,190.23809489239906,186.34608338905295,190.03678138586284,10685034
2017-04-06,183.9303741455078,187.31910207229635,183.32645485908606,186.6816234439028,16243974
2017-04-07,182.95738220214844,183.96392849688573,181.78306046911365,183.19223378854966,9480161
2017-04-10,183.561279296875,184.53428740001516,182.5882924607418,184.53428740001516,5687364
2017-04-11,189.26504516601562,189.63411275800468,182.38695571512682,183.2593069630119,11355730
2017-04-12,189.16441345214844,191.11040840063393,187.58748614446182,189.03021863749817,7507416
2017-04-13,187.319091796875,189.23154884415763,186.2118887766625,189.1644301638958,4085766
2017-04-17,187.28550720214844,189.5670316151821,184.90334731631023,185.57438515937932,5017073
2017-04-18,187.251953125,190.5735614537627,186.61447467203584,188.02362637490174,4497780
2017-04-19,187.01708984375,188.89598723249313,186.4467087602383,188.66113569240292,5143709
2017-04-20,187.55397033691406,188.89604639694318,186.78229680605875,187.6881864497218,4400814
2017-04-21,184.09814453125,189.23155402636755,182.9909202137066,189.23155402636755,9041742
2017-04-24,185.7086181640625,186.2454613091385,181.95084375059318,185.47376656753775,7392939
2017-04-25,188.76181030273438,189.23153469439873,183.79615548614075,186.5473831608839,13211107
2017-04-26,195.20370483398438,196.54578053472855,189.23152538658977,190.10385545176783,19671557
2017-04-27,191.78147888183594,195.8747829637381,190.9091486372733,195.5392746030618,14075606
2017-04-28,186.5474090576172,192.25119995763222,186.11124394302539,191.78147550076014,12851433
2017-05-02,187.35263061523438,188.76180374124363,185.540830519792,188.22496069299726,7298698
2017-05-03,186.0441131591797,187.5539217518377,184.8697915941044,187.5539217518377,6271881
2017-05-04,188.6947021484375,189.3657400692309,185.30599573899494,186.48029615012697,8070845
2017-05-05,185.97698974609375,188.52692502779595,185.47372731703808,188.52692502779595,4192254
2017-05-08,183.15869140625,186.8829274960834,182.89025921809184,186.24544889997816,11038927
2017-05-09,182.1856689453125,185.64149384344364,181.85016063689503,183.52774471299722,7008749
2017-05-10,183.82968139648438,185.004002931468,182.52116505390637,182.65538112850672,4754549
2017-05-11,185.64146423339844,187.31904804192393,183.8632236950011,184.8697697267156,9778012
2017-05-12,184.50071716308594,186.07764437014598,183.89679800168278,186.07764437014598,4672675
2017-05-15,186.5138397216797,187.15131824908778,184.86979376467275,185.13820465689685,5673245
2017-05-16,190.20452880859375,190.77490996788717,186.54739028154026,186.88291986954073,11635819
2017-05-17,188.99664306640625,190.84198111189463,187.38615655988676,190.64066764020401,8617269
2017-05-18,186.4803009033203,188.59405020403875,185.90991971945792,186.54739831700735,8229448
2017-05-19,192.04986572265625,198.3911345729278,189.19798121377028,189.39929471171666,37099971
2017-05-22,203.72586059570312,204.53109333390046,195.4721559114033,196.24382931038093,37323445
2017-05-23,201.4107666015625,203.92714244321905,200.13580964723144,202.58506682086684,20546707
2017-05-24,201.2430419921875,202.61865588337727,199.90096617292403,201.31013940304823,9822098
2017-05-25,201.3437042236328,204.46399975120966,198.1898280891991,201.3101448837847,23646915
2017-05-26,207.4165496826172,210.57040435696447,201.00816232054174,202.65220833330267,22579834
2017-05-29,211.94598388671875,214.6301137324241,203.6587215570888,203.99422981267546,20422509
2017-05-30,208.99349975585938,211.50987615493253,208.05405086551127,209.96648672064217,8876322
2017-05-31,209.2283477783203,210.30201274913432,206.0073953998971,208.99349619324158,12782086
2017-06-01,210.8387908935547,212.54993411715398,208.55726659542225,209.3625204733537,8570891
2017-06-02,214.1940155029297,214.66373996734876,211.50988482068237,212.11380412235798,11500232
2017-06-05,216.36334228515625,216.90861195580206,213.53484362203992,214.69351197102543,9847609
2017-06-06,212.00135803222656,217.4197963872928,210.808603455318,216.39745075053477,10220219
2017-06-07,212.81919860839844,214.5231149501645,211.5242291009205,212.1717138546595,11978598
2017-06-08,212.37620544433594,213.5007877340303,210.87674079058243,213.33037880461154,8081100
2017-06-09,208.55943298339844,213.05776230142692,207.67338860219806,211.79687874455263,10453119
2017-06-12,207.46893310546875,209.5817967198692,206.17396332932924,209.24102202114733,6507632
2017-06-13,208.04823303222656,208.55941659676054,205.96945587116625,207.91193181556864,5303687
2017-06-14,204.36778259277344,208.5594231512035,203.89068511782347,207.84376613836483,15135338
2017-06-15,205.7649688720703,206.4806258152096,204.12922477511688,206.4806258152096,7713717
2017-06-16,209.10467529296875,211.01306522978885,206.17393977594585,206.17393977594585,12798297
2017-06-19,211.8991241455078,212.54660900409587,209.99073407756663,210.6041328275024,7251573
2017-06-20,210.399658203125,212.78514577473942,209.99073290572622,212.64884454254957,8579082
2017-06-21,210.57005310058594,211.96725944190553,209.37729859391519,210.87674165297307,8598645
2017-06-22,212.17172241210938,214.14826285617804,210.0588591508378,210.36556928892432,9289243
2017-06-23,211.96726989746094,213.26223958491826,210.3315039337899,211.28569894586226,7453263
2017-06-27,212.8874053955078,215.71590467719042,211.96729637636562,212.4784584532973,10061814
2017-06-28,210.16111755371094,212.3762177562927,209.30915926053777,212.3762177562927,8224059
2017-06-29,212.37620544433594,213.5007877340303,210.3314926987599,210.67228895676973,10311615
2017-06-30,220.58908081054688,221.30471624095372,211.4560779412601,211.4560779412601,24090343
2017-07-03,233.43666076660156,241.81994409240738,231.93721733618636,235.82214876991353,48892799
2017-07-04,229.85838317871094,234.08408831886277,229.17681225911798,233.64107694149988,11664585
2017-07-05,225.63265991210938,230.26731155185269,225.08739025974316,229.85836471278455,12439637
2017-07-06,229.7561492919922,230.88073160280618,225.80306815079857,227.84775933394616,13946670
2017-07-07,227.8477325439453,230.50584372999722,226.99577438433448,230.36954252092178,10301830
2017-07-10,227.1661834716797,228.32485186401567,225.5985898120933,226.5868708763393,1316454
2017-07-11,225.1896514892578,228.35894663547208,224.91702743380313,228.32486052822958,8657755
2017-07-12,224.13323974609375,227.37068579444946,223.1449801571114,223.82655115689633,10643992
2017-07-13,230.8807373046875,231.39192091351273,225.59860028375067,226.2801712285748,18165609
2017-07-14,229.79026794433594,231.69865817267112,228.1885879171613,231.69865817267112,5801768
2017-07-17,221.61143493652344,228.32486452190315,218.57846256540046,228.32486452190315,21102802
2017-07-18,193.9398193359375,199.46051585874446,188.38505830673148,199.46051585874446,155236591
2017-07-19,198.64260864257812,199.63086796868635,195.0643672457168,196.15488487546418,40641441
2017-07-20,197.31356811523438,200.99402489403525,196.5638250372909,200.38060463048865,15896377
2017-07-21,196.9046630859375,198.84711779799974,195.30298308099222,198.67673044444126,13681787
2017-07-24,199.86947631835938,201.30074730587927,196.35940626615556,197.654376017164,18479650
2017-07-25,198.60858154296875,201.16445667097028,198.23372072156175,201.06221993778374,9927828
2017-07-26,200.14208984375,200.55101513256196,198.67671122309,199.01750749806683,9564282
2017-07-27,196.6660919189453,201.3348304160949,195.4392728044688,200.85773289375237,19620418
2017-07-28,198.71080017089844,200.89181427877296,195.71189227205284,200.58510410715877,19206912
2017-07-31,194.4169158935547,197.85883507707786,193.90575389258262,197.313586969043,22065527
2017-08-01,196.18894958496094,196.6660469983293,194.2464954310626,194.45096883690974,14063559
2017-08-02,194.55319213867188,197.58616371456358,193.76938467052284,197.51799151676062,10247374
2017-08-03,191.79287719726562,194.51913914956006,191.2816936308487,194.24651511441328,10592033
2017-08-04,191.349853515625,193.83757765807513,190.60013198241992,191.11131557361787,11717562
2017-08-07,190.73646545410156,192.88339345532066,190.46384139052049,191.92919843237237,8776750
2017-08-08,186.8515167236328,191.7928787013837,186.4085053631484,190.9068343795879,13231816
2017-08-09,185.9654998779297,187.70350267333757,184.29566930253554,186.7493076014466,10291858
2017-08-10,186.13587951660156,187.19228955050158,184.5341782117783,185.82916937732733,10380837
2017-08-11,185.0453643798828,187.05599096452426,184.09116944482676,184.70458973200297,14964550
2017-08-14,184.875,187.02192806990877,184.36381636391232,187.02192806990877,10066349
2017-08-16,190.29344177246094,192.03142276575304,184.9431327675203,185.38614414215118,19412233
2017-08-17,190.8386993408203,192.81523997301935,189.40740682767714,192.09960451686212,14231781
2017-08-18,192.09959411621094,193.5649510569398,188.65767504946925,190.32750542398068,15442589
2017-08-21,191.92918395996094,194.24652072690495,191.48617259015057,192.44036754114782,13592218
2017-08-22,192.81524658203125,194.24653914423396,191.07724384203593,192.20184782727551,12417415
2017-08-23,192.57669067382812,194.65546790596355,191.9291842696707,193.22417547715804,9084531
2017-08-24,191.8269805908203,193.22420875534874,191.58844261201742,192.20186301607836,11235986
2017-08-28,192.5084991455078,192.88335986775942,190.36157151814194,192.26996123172287,10358573
2017-08-29,191.00909423828125,192.81524760486855,190.4297599885429,192.44038680807662,6377756
2017-08-30,192.20187377929688,192.81527261687668,191.24767860898837,191.62253945440725,6785885
2017-08-31,192.37222290039062,192.98562161602277,191.11131776155221,192.88338489661274,11654017
2017-09-01,193.2923583984375,193.8035420658984,191.31581755230718,192.33816328639787,7526993
2017-09-04,192.95155334472656,193.46271533097354,192.2018318175689,193.1900912848096,8807199
2017-09-05,192.7811279296875,193.49678489039337,191.9291697579691,192.644826718675,8121365
2017-09-06,187.90797424316406,191.52028103604187,187.6012640586752,191.1794847418887,14710804
2017-09-07,184.295654296875,189.16886598873538,183.7163200789094,188.79398361167372,19958290
2017-09-08,185.62469482421875,186.272179602649,184.02301512994603,184.8068227252795,10090288
2017-09-11,186.47666931152344,187.02191742509632,185.0453768127732,185.6587971411641,9672742
2017-09-12,189.2370147705078,189.64594004918564,187.15823746773236,187.77163618616325,11906324
2017-09-13,185.0453643798828,189.13476815857626,184.67050362688414,189.0666175491657,12593161
2017-09-14,185.3861541748047,185.7269504513565,184.29565793182815,185.59062762057,7312288
2017-09-15,183.54595947265625,185.8973611933366,182.79623781101418,185.38617751456627,13653947
2017-09-18,181.97830200195312,185.1816829828862,181.4671400417727,184.70458552622182,10543289
2017-09-19,182.55763244628906,184.02301089072824,180.00176869546496,182.65986915640462,35187337
2017-09-20,185.07945251464844,185.38614106077273,182.48949171954717,183.6140739908757,9974675
2017-09-21,183.71629333496094,185.65876914782004,182.0464631386077,185.38612353131415,8058682
2017-09-22,182.9665985107422,184.67051505726127,182.01240351662526,183.6822339559157,7142399
2017-09-25,178.7408905029297,183.78447895564045,177.82078157459355,183.00069286153123,18260404
2017-09-26,178.877197265625,179.76324165991664,177.9230022566428,179.45653149256623,9950366
2017-09-27,176.18499755859375,180.95596145599774,175.0263291890056,180.68333741624062,18208892
2017-09-28,178.2637939453125,179.52469916559812,176.59395262138585,177.4799970465635,22436773
2017-09-29,176.04869079589844,179.18389974797,175.46935659380424,179.1157383357885,12640792
2017-10-03,178.1615447998047,179.08166446937463,176.18500423603396,178.91126633775812,11940746
2017-10-04,182.25094604492188,183.00066752730655,179.35427522586616,180.00177079735462,11194466
2017-10-05,180.7855987548828,183.614097853545,180.20626449118137,182.25097746909762,7204474
2017-10-06,181.39898681640625,182.31909561211555,180.37663050955763,181.16042729110308,8158755
2017-10-09,182.65988159179688,183.4436892224355,181.56938541075846,182.65988159179688,6323114
2017-10-10,181.43307495117188,182.59174342310143,180.71742868328855,182.0464952954272,5683301
2017-10-11,180.88784790039062,182.48952796257822,180.24035217281366,181.63756956350687,7959877
2017-10-12,181.97830200195312,183.47776658063154,179.9336109595782,180.9900425851083,9518815
2017-10-13,181.2626953125,182.387277723918,180.06995148201955,181.46716876927238,12504487
2017-10-16,182.31910705566406,183.98893743429068,180.9559652276395,181.29676148505945,9504724
2017-10-17,182.14869689941406,183.13695624017387,181.26265266215964,182.65985882024071,11038203
2017-10-18,184.26153564453125,184.5341596517462,182.04645748560063,182.6598561016281,7508323
2017-10-19,183.78448486328125,184.90906727869208,183.34147343925488,184.7046154220238,1283342
2017-10-23,182.0123748779297,185.89730485675287,181.1604167387213,184.02300127065945,10144269
2017-10-24,181.97830200195312,182.96658301962452,181.3649033295713,182.96658301962452,8723712
2017-10-25,183.51185607910156,185.0453853701681,182.79622059704627,182.93252183132847,6169387
2017-10-26,182.9324951171875,184.568260895505,182.0805369244343,184.568260895505,9616793
2017-10-27,183.5800018310547,188.11243896699574,182.2850321355452,184.43196012564331,23852749
2017-10-30,180.7174072265625,184.43193935645377,179.55874969261586,183.3414432305808,18266520
2017-10-31,181.09226989746094,181.94423890559068,179.86545094238247,181.33081862763805,8452918
2017-11-01,183.9208221435547,184.84093117371512,181.50124817427678,181.97834574562512,7516426
2017-11-02,181.05819702148438,183.98893243130038,180.81964828810803,183.81854510763736,10056813
2017-11-03,180.88784790039062,182.59176469853332,180.54706238067894,181.97834428280277,6210456
2017-11-06,180.54702758789062,182.59172951171536,180.13809152329117,181.46714723375658,9368140
2017-11-07,180.81967163085938,182.45542687059674,179.69508922851398,181.09229570407976,9872847
2017-11-08,180.88784790039062,181.63756956350687,180.41075033287743,180.8537725885442,6186540
2017-11-09,177.24143981933594,181.63754322503425,176.73026701409924,181.56939261122363,21026098
2017-11-10,178.3660430908203,180.75153086252953,176.79843838375646,177.58224613749613,17438746
2017-11-13,176.04869079589844,179.45652379586826,175.84421735976778,179.2520503597376,7681031
2017-11-14,174.85594177246094,177.78667719934532,174.4810810178883,176.18499746609615,8656529
2017-11-15,172.640869140625,175.40121750812293,170.664328462858,175.1626687504328,17666898
2017-11-16,173.86767578125,174.20846123930968,172.02744726822428,173.59505173496777,10343428
2017-11-17,175.84423828125,176.52580928250106,174.4811070791631,174.82189257978865,10383570
2017-11-20,176.66209411621094,177.68443966022824,175.33303842874034,176.25315805868675,8221147
2017-11-21,174.34474182128906,176.8665407956554,173.93580582561287,176.8665407956554,17266541
2017-11-22,175.9464874267578,176.2872729514301,174.2084952914698,174.48111939104126,8941555
2017-11-23,175.9464874267578,177.68447956204582,174.75374349061272,176.08279947654356,7814131
2017-11-24,177.71852111816406,178.19561857300678,175.878292706805,176.1849920418249,7630740
2017-11-27,176.69618225097656,177.54814053299032,175.36712646700198,177.20735506010195,5022804
2017-11-28,175.16265869140625,176.6621017676848,174.48108776559928,176.5939403549385,18183221
2017-11-29,175.87828063964844,176.32129195988327,175.16263450648546,175.8441945377746,9032800
2017-11-30,174.51516723632812,175.9805350414095,173.56097223759343,175.77607239911939,22967997
2017-12-01,173.93582153320312,176.9347073731389,173.56095000279828,175.12855432840695,6847473
2017-12-04,173.86767578125,174.6855587205105,172.8112441013891,174.48108528559192,6347174
2017-12-05,173.01573181152344,174.03807746964057,172.09561207888623,173.79952870935796,9337698
2017-12-06,171.48219299316406,172.6067861150871,170.97102019251585,172.6067861150871,8562019
2017-12-07,172.67494201660156,173.18611483290488,170.39169119664373,170.39169119664373,5635445
2017-12-08,178.70681762695312,179.3883778052909,172.7090232550917,172.94757201761362,13638732
2017-12-11,181.46717834472656,182.3191367256799,179.45655138147717,180.37667118508963,17842707
2017-12-12,178.2637939453125,180.75151827693594,177.54814766362966,180.27442075581405,9599026
2017-12-13,176.52578735351562,178.84311334931715,175.57159239046547,176.9347234232169,8986735
2017-12-14,180.10400390625,181.39899510098232,175.5375134217612,177.82076406421243,8353203
2017-12-15,180.34255981445312,182.01240103135714,179.55876296593885,181.29676559595518,12742052
2017-12-18,179.38836669921875,180.95597121296626,176.55986783329814,180.95597121296626,9650962
2017-12-19,180.10400390625,180.88781152400546,179.3202070889082,179.52468051969893,6107682
2017-12-20,179.45654296875,180.41073803875264,179.04760685321247,180.41073803875264,7728106
2017-12-21,179.28610229492188,181.22855636628444,178.2978214089282,181.22855636628444,7032195
2017-12-22,179.32022094726562,180.06994251755404,178.6727361002737,179.59284500911332,6652053
2017-12-26,180.03585815429688,180.61519235689414,179.01350177316982,179.4224486457862,9917650
2017-12-27,178.6727294921875,180.13809727094142,178.33194402727435,180.06993585779315,6325599
2017-12-28,178.46823120117188,179.96767407749306,177.92297237315617,179.52466275516866,16501935
2017-12-29,179.42245483398438,179.93362764197104,178.74088388972592,178.9112712255834,6818477
2018-01-01,178.7749786376953,181.50124111036783,178.05933230852528,179.422474345277,10863895
2018-01-02,177.71852111816406,180.0699222881651,177.51404769454197,178.97941536286936,5907460
2018-01-03,177.99118041992188,179.01352613979273,177.6163196026082,178.09341715199204,11443370
2018-01-04,178.2637939453125,179.0816769530093,177.61630908111053,177.85485784167147,9729737
2018-01-05,179.18389892578125,179.5928349957522,178.50232800874912,178.50232800874912,9566733
2018-01-08,181.02413940429688,181.84202239870265,179.4224595238792,179.93363234522735,14989106
2018-01-09,184.3979034423828,185.38616300957324,180.44481117154652,180.95598400990585,26728897
2018-01-10,183.61410522460938,186.74931463594436,183.37556724806643,186.37445381506905,17074502
2018-01-11,183.88671875,184.70461256735257,182.72805024263704,183.68224529566186,11722150
2018-01-12,182.35321044921875,184.94317183446597,181.399036887109,184.19345014941612,8494789
2018-01-15,182.38726806640625,184.7727556010542,181.9783211745155,182.65989212739046,10944192
2018-01-16,178.3660430908203,183.13700783382328,177.75263349244014,182.79623312393522,13433905
2018-01-17,181.33084106445312,181.97832592630127,176.90066215632908,178.57050347418524,17006334
2018-01-18,186.34034729003906,187.60125245886422,181.73978121048944,182.65989010623363,27461089
2018-01-19,187.12416076660156,189.13478755746593,184.77275929290528,188.11244190814094,26700710
2018-01-22,186.51075744628906,187.7716410225285,185.1817016544906,187.4308663480484,8660321
2018-01-23,188.5213623046875,188.96439530184261,186.4425849514833,186.74929511855328,18947034
2018-01-24,191.8269805908203,192.20186301607836,188.14652296894826,188.55546990498888,17971710
2018-01-25,191.69064331054688,193.01969900200163,189.8844901503436,191.52025598617107,13629982
2018-01-29,187.87387084960938,193.08785710292744,187.43085946887908,191.62250013545062,9938281
2018-01-30,187.56715393066406,188.41911215570707,185.3520755060485,187.4308527111204,13560150
2018-01-31,184.9772491455078,188.11245858872243,183.92081729389045,186.68116591241807,19675610
2018-02-01,187.6353302001953,197.85882912186665,182.25095669354775,185.3861440207986,61648368
2018-02-02,187.66941833496094,194.68955860121727,184.5682951224552,187.02193344452903,36356576
2018-02-05,190.32752990722656,191.99738209737106,185.2839520289931,186.44259896809356,20465290
2018-02-06,186.40853881835938,188.99847843780137,182.76214576349062,183.988964951866,16432103
2018-02-07,187.53311157226562,189.9867498220773,186.74930386443336,189.47556618635411,13455081
2018-02-08,186.81744384765625,188.72583384461444,185.8291843426212,187.90796167484459,10156564
2018-02-09,184.94314575195312,185.72695343972208,182.5235936734001,184.70460779527474,14751166
2018-02-12,183.9208221435547,186.64708472233156,183.54596130898327,185.69288957963488,6972242
2018-02-14,181.63754272460938,184.70460114840805,180.68334773057552,184.02303020969407,11738542
2018-02-15,182.72805786132812,183.95489863850904,180.47889297149106,181.6375615271637,12188244
2018-02-16,181.6034393310547,184.5341746478106,181.02411596874762,183.92077598193563,6401588
2018-02-19,180.0017852783203,182.52358475864676,178.91126747023108,181.29676572506398,6303342
2018-02-20,179.42245483398438,181.1604467013048,178.67273327554867,179.93362764197104,9659227
2018-02-21,182.79620361328125,183.3073655955912,179.55875798867478,179.93361874936642,10961665
2018-02-22,182.0465087890625,183.34147858848172,180.92191554165194,182.11465940986596,19855003
2018-02-23,183.37554931640625,184.02303416180004,181.36492256430947,182.2850314708781,6780714
2018-02-26,181.67161560058594,183.68222056224027,181.29675485171884,183.03473577790865,8701511
2018-02-27,181.5693817138672,182.79620069297022,180.95596142390207,182.65987787270225,7716072
2018-02-28,180.6492919921875,181.50123955724393,179.28616076751567,180.61521668168493,13969189
2018-03-01,179.93362426757812,181.36491674343046,179.14981661633865,180.06993629379062,8081243
2018-03-05,177.37774658203125,179.45652384859045,177.20734845173433,179.45652384859045,6878708
2018-03-06,174.8218536376953,178.84309572833627,174.14028278826623,177.92297616164828,8495423
2018-03-07,177.13922119140625,177.54815731728195,172.8112679574565,174.8218948772799,15736814
2018-03-08,176.42352294921875,178.50229987802794,175.6738015388826,177.41179306288115,6259151
2018-03-09,176.69618225097656,177.82077539154957,176.01462210561414,176.52579491473952,6345666
2018-03-12,184.09117126464844,184.60235484234855,179.21797062707867,179.93361683544518,20666810
2018-03-13,183.6481475830078,185.38612842899022,182.11461855356828,183.7844487940364,8647577
2018-03-14,182.6939697265625,183.37554064769407,180.81965509365762,182.6939697265625,8211627
2018-03-15,180.99005126953125,183.95487286397952,180.75150252975283,181.9783107337956,5771710
2018-03-16,177.5481414794922,181.56939496043196,176.4235591333384,181.56939496043196,21477001
2018-03-19,176.62802124023438,178.7067984619569,176.0486870504655,177.5822161879917,13423983
2018-03-20,176.66209411621094,177.1732668882196,175.50342575260538,175.94644791523342,7769207
2018-03-21,176.5598907470703,178.3319689318461,176.3213419683585,177.24146177208,13418488
2018-03-22,176.04869079589844,178.19562947402844,175.74198064170247,177.20734839967295,8319663
2018-03-23,174.48110961914062,176.38949981009245,173.6291512553822,174.48110961914062,11616470
2018-03-26,175.91238403320312,177.2073536996572,172.09560404681832,172.36823890328455,12981125
2018-03-27,176.4575958251953,177.54810262535946,175.09446502509314,176.3894452254168,9107151
2018-03-28,174.14031982421875,176.49173219455568,173.35652290104983,175.8442365097656,12743051
2018-04-02,176.01461791992188,176.49171541053715,174.1062279574607,175.162659658168,7299774
2018-04-03,176.18499755859375,177.20734310788976,175.50342665878736,175.84421210869056,5294559
2018-04-04,176.25315856933594,177.07103068675394,175.2308022219431,176.86656805760623,8716184
2018-04-05,176.96881103515625,177.20734897753462,174.14030142764312,174.14030142764312,9464602
2018-04-06,177.78671264648438,178.57052041716727,177.24146445854473,177.54816386415683,6333848
2018-04-09,181.16043090820312,181.70567897574512,177.82075949347507,177.99114681447858,9572467
2018-04-10,181.77383422851562,183.13695427021557,180.68331659433102,181.53527472070272,15248015
2018-04-11,180.7174072265625,182.35316221578523,179.52467438878563,181.91015086475264,5433736
2018-04-12,178.53640747070312,180.71742149548209,178.16154669773306,180.68334618896137,6360898
2018-04-13,177.71852111816406,179.5928248333224,177.20733755910885,179.25203939409,5183544
2018-04-16,180.24034118652344,180.54705137569363,177.20736860666668,177.54815410560627,5412918
2018-04-17,182.38726806640625,182.93251618837468,179.04759631831354,180.88782493057863,13716437
2018-04-18,187.66941833496094,190.08899214753646,182.6599049606577,183.13700250110708,24733011
2018-04-19,189.03253173828125,190.8386848966753,187.60123933346932,188.96438112876461,13317329
2018-04-20,188.24876403808594,190.32754167611205,186.40854598518763,188.11246279015432,11206130
2018-04-23,187.77162170410156,188.9302900394532,187.43084706468122,188.11241794434844,12198602
2018-04-24,188.11244201660156,190.05489659135608,187.19231149093218,188.11244201660156,8774762
2018-04-25,186.81744384765625,188.31688695931527,185.86324884917713,187.77163884613535,5118640
2018-04-26,189.64588928222656,190.22522333950013,186.06766984689904,187.12410126893778,21064135
2018-04-27,190.4297637939453,191.4861955880597,189.74819280411378,190.56608663224364,10107682
2018-04-30,191.8269805908203,193.46274673415164,190.56609687274704,190.56609687274704,6146923
2018-05-02,195.78005981445312,196.76831932051067,191.00908481712113,192.26998998087927,16690653
2018-05-03,194.24652099609375,197.4498805070977,192.91746528399344,195.95043746797478,9727173
2018-05-04,188.89620971679688,195.60966040613226,188.01018698685454,195.60966040613226,11324148
2018-05-07,192.37222290039062,193.1560089480968,188.72583031003143,189.68002529063975,6725168
2018-05-08,192.6789093017578,194.89400939641806,192.20183341762012,192.9856194565559,6842664
2018-05-09,192.40626525878906,193.56493354484533,191.86101721858338,191.86101721858338,4376684
2018-05-10,190.94094848632812,193.53088802076553,188.99847223466992,192.84933862801685,5890656
2018-05-11,193.32643127441406,193.5649692356777,190.66831958725854,192.13367666560706,4042002
2018-05-14,194.11021423339844,195.8141308462505,192.2018457717007,192.88339513617814,6728839
2018-05-15,192.09959411621094,194.92809288160498,191.31578648698707,194.14428525238114,8077078
2018-05-16,194.82586669921875,196.83649343902763,190.5319891600923,190.804613219601,18758524
2018-05-17,190.12303161621094,196.76831019693367,189.78225696112875,196.2912127193221,11169294
2018-05-18,192.40626525878906,194.62136512325986,188.11240994113732,189.8503907693961,16016090
2018-05-21,192.44036865234375,193.56495093662107,189.81634332236328,192.40628254645864,8909610
2018-05-22,189.9867401123047,192.9515618463145,189.50964261028966,192.2018402861235,4913188
2018-05-23,186.37440490722656,190.42972225091955,186.03363028706718,190.157098234627,8195839
2018-05-24,187.32861328125,188.6576689570893,185.21575000149858,186.74927910451729,6524303
2018-05-25,189.27371215820312,191.1504715024468,186.80614360600492,189.34323726578748,9600297
2018-05-28,191.35902404785156,192.88822411274612,189.34325832326294,190.45539581427562,7266559
2018-05-29,190.4901580810547,193.06199254722247,189.37799856223606,191.01146426810678,9171106
2018-05-30,188.99569702148438,190.24686270161888,188.12683135390478,189.41275959136388,8313920
2018-05-31,188.8218994140625,189.5517367702209,187.39696522425277,189.2041993681456,13721531
2018-06-01,187.6402587890625,188.85668389658176,187.04942751332516,188.474383898105,6862252
2018-06-04,186.91041564941406,189.03044685442046,185.9372844048699,187.84878433897362,8291604
2018-06-05,185.93728637695312,187.57075197701226,185.48546127537102,186.97992071302238,6011246
2018-06-06,187.95303344726562,188.4743615786807,186.14579930752768,186.28480545623796,7577818
2018-06-07,188.4048309326172,189.2736964397496,187.74449667191652,188.0225309906589,7059595
2018-06-08,186.21530151367188,188.7176324737962,185.58970775889054,188.4395981481713,7030323
2018-06-11,187.15370178222656,188.99569877696499,186.38910175001485,186.63239559453905,8903144
2018-06-12,187.84878540039062,190.8724447865593,187.15368850328832,187.18845105846935,8774931
2018-06-13,186.18057250976562,188.92619776798347,185.7287694029024,188.71766647881444,8118945
2018-06-14,185.76348876953125,186.91038856379356,184.89462328634775,185.24216066782142,9522749
2018-06-15,183.85202026367188,186.1110688351061,183.2264374128939,185.93730010451583,11231098
2018-06-18,183.8867645263672,184.5470988941687,183.15691606023046,183.81725042803197,6522996
2018-06-19,184.92938232421875,185.6939822636215,182.5660684139053,184.1300308461388,7618626
2018-06-20,183.33070373535156,185.58974130039056,182.84413807019627,185.20744127987598,9907628
2018-06-21,181.31494140625,184.0605558697504,181.00215546218192,183.78252147174473,7412366
2018-06-22,184.30380249023438,185.45071343235958,180.7240745216866,181.10638551222897,17468481
2018-06-25,182.53134155273438,184.47760421779617,180.55032734429713,184.30382447141434,14142177
2018-06-26,184.06051635742188,184.99890703244085,182.21853060498918,182.42705085135378,10475574
2018-06-27,182.63560485839844,184.19956748204203,181.7667391818747,184.1300533814292,10423520
2018-06-28,181.07164001464844,183.50446828498704,180.02900562150447,182.1142854225444,15200725
2018-06-29,185.03366088867188,185.9720296018024,180.9326155513292,181.97526091728167,11327082
2018-07-02,182.8441162109375,185.65924422067627,180.75883661167734,185.5897191128913,18794988
2018-07-03,184.51235961914062,185.41597686906206,181.52346247230219,183.1569282368822,10784961
2018-07-04,183.78250122070312,185.10316997308175,182.25330118542183,185.10316997308175,8184810
2018-07-05,189.4127655029297,190.31637172653143,183.15692589226072,183.9215259412336,16069118
2018-07-06,189.51699829101562,190.97669504857103,187.77926720290216,189.58650136627992,13434995
2018-07-09,190.73341369628906,191.84557312064905,189.20421376360858,191.15047623411184,10158808
2018-07-10,192.57540893554688,192.8882058363203,189.82980599631887,191.49801207477304,11928591
2018-07-11,191.67176818847656,194.83445548367914,190.28159654781126,192.43639012771837,11800272
2018-07-12,192.6796875,193.34002187072468,189.96882490370652,191.67179365081248,10284221
2018-07-13,187.95303344726562,193.44426097033522,187.1189304665021,193.2357297177692,19306087
2018-07-16,188.78717041015625,189.9688330343987,187.46650161218207,187.88356419238636,10676970
2018-07-17,187.57078552246094,189.7603202227364,187.1884854632143,188.40488873458807,10419746
2018-07-18,186.66712951660156,188.57862952948352,186.00679515119717,188.43962336282127,7321779
2018-07-19,189.96884155273438,190.87246984052817,185.06844413361495,186.91044123944093,9301711
2018-07-20,190.45538330078125,191.0114520097522,188.1268207987748,189.93405511768177,6825663
2018-07-23,197.5105743408203,199.24830558246515,192.64491805241354,194.2783836571995,27059765
2018-07-24,198.55322265625,199.49161345403445,197.09352566697856,197.75388209006908,12577993
2018-07-25,198.90078735351562,199.4568561174601,196.85025900327727,197.5800965022663,13814116
2018-07-26,199.63058471679688,202.37620948471073,197.5453162564956,199.49157856851042,21495638
2018-07-27,210.30029296875,213.49772118989398,205.05233653575766,208.52779912010936,78783846
2018-07-30,209.25765991210938,211.0301539584681,208.52782238096515,209.91801638158054,17738557
2018-07-31,206.9291229248047,209.46619507995499,205.43466324509396,209.0491544956804,15124149
2018-08-01,209.6399383544922,210.57832912148422,205.81693829101826,207.17236959161423,15187911
2018-08-02,207.97174072265625,210.9606378124628,206.65104989494785,208.87534694058328,10226827
2018-08-03,211.2734375,212.28130937612613,207.241883906981,208.52781219325038,12950643
2018-08-06,209.77896118164062,213.32392678879214,208.52779555385166,212.00325807876575,7979881
2018-08-07,209.2924041748047,211.44719807852124,208.3540354226556,210.57833241147478,7465742
2018-08-08,209.18812561035156,210.19601941484726,208.5277912689073,208.70155998568168,6690368
2018-08-09,210.26551818847656,211.72521503258506,208.56254955176775,209.7441900193299,9576528
2018-08-10,211.86422729492188,213.3239241810826,209.32715554399044,209.91798680954378,15347074
2018-08-13,212.66355895996094,213.9494869412116,210.71729672763547,211.30812790741282,10341087
2018-08-14,214.01904296875,215.61776821067247,213.28920546578894,213.3934711132841,12790249
2018-08-16,213.70626831054688,214.43612791911934,212.07280236879927,214.01906528564936,19393491
2018-08-17,218.08529663085938,219.1626934352174,213.9495001466471,213.9495001466471,26392504
2018-08-20,217.77255249023438,218.95421520891855,216.38238049428796,218.39814641054,19958265
2018-08-21,217.4945068359375,220.34439783178487,216.86893497751086,218.60666640464788,14143291
2018-08-23,216.8689422607422,219.92734262577363,213.63675112355637,218.2591142314356,11745180
2018-08-24,215.75677490234375,216.8689344684435,213.3934716223276,216.1738374933193,5655583
2018-08-27,217.84205627441406,218.84992811906534,215.82626852610323,216.31283418440168,5482067
2018-08-28,216.6256103515625,219.5102414673189,216.17380729412534,218.25907589868356,6864300
2018-08-29,217.42501831054688,219.2670155090521,215.47875545706918,216.66041819375303,10748094
2018-08-30,222.32537841796875,222.8467066047613,217.91154721130255,217.91154721130255,25934792
2018-08-31,222.32537841796875,224.23687838703654,220.48338153063898,223.81983786710543,18781195
2018-09-03,217.70298767089844,224.4801430717681,216.20855044529642,224.4801430717681,9463966
2018-09-04,215.20066833496094,217.00790252924673,213.39343414067514,216.8688963763408,11615187
2018-09-05,215.65248107910156,218.57187477549456,214.9573841947934,215.7567467132229,10529696
2018-09-06,216.03477478027344,216.69510909084255,214.12327492612562,216.45183730463356,7902786
2018-09-07,215.79148864746094,217.70298837452532,214.1580232416514,216.5908510895061,7465327
2018-09-10,213.08065795898438,216.0000518077226,212.38556103840335,215.61775180582856,10006954
2018-09-11,206.58154296875,213.21967142409537,205.43464292380844,213.15016833850913,27008217
2018-09-12,213.2544403076172,213.81050906781056,205.33038337159454,206.96384912310313,20171661
2018-09-14,213.4977264404297,214.54036083547595,212.03802947556332,213.39346079797465,13317349
2018-09-17,209.91802978515625,212.76789903002847,209.57047024805726,212.00329888972092,6049990
2018-09-18,210.78684997558594,211.93374993789195,208.04122495345766,210.05699052625326,8515415
2018-09-19,208.28451538085938,212.45505261955086,207.13759340776681,211.65571213218624,6387203
2018-09-21,211.2734375,213.1154345475462,208.80584657388877,208.80584657388877,16966413
2018-09-24,207.10289001464844,212.94165641336082,203.31463004844755,212.0032875693636,15009283
2018-09-25,209.32716369628906,210.16126679393545,203.21034155837108,206.373007253472,13785151
2018-09-26,203.76641845703125,210.61307832611388,201.4031152375608,210.61307832611388,20657879
2018-09-27,203.87063598632812,205.1218014024067,201.22929901321743,204.009664156781,12550275
2018-09-28,206.96385192871094,208.52781461377268,202.8280546707623,205.0523517711933,25554548
2018-10-01,206.51202392578125,210.57831760518803,203.94016763327474,209.11862074364439,9373133
2018-10-03,205.19137573242188,208.52781029928423,204.80905367932357,206.44254144868333,7861709
2018-10-04,199.5611114501953,205.5389054274023,198.2056801396947,204.25297720142626,8417940
2018-10-05,192.19309997558594,198.79648699014803,191.21996879387152,198.4489275512494,18301682
2018-10-08,189.89932250976562,194.2088882282343,187.08419426265561,193.93085386215603,17063274
2018-10-09,186.63238525390625,191.49801955025657,186.11105706559945,191.49801955025657,10946626
2018-10-10,187.74453735351562,188.47439687417713,185.72877158372032,187.60553117877373,11921765
2018-10-11,184.33856201171875,187.188441521032,183.26116518052999,184.19954484233162,11018554
2018-10-12,191.28945922851562,192.99244969872456,185.79823194001457,185.9372601122866,13942941
2018-10-15,196.36366271972656,197.12826265834624,191.84556616529164,193.89607216640724,18623988
2018-10-16,196.4679412841797,197.23254127313413,192.08885059602906,196.71121308543655,12325066
2018-10-17,199.10928344726562,202.72377423282478,195.70334597127155,197.33681162574922,15896854
2018-10-19,201.19456481933594,202.654261682072,197.9276336629991,198.10140237843146,8341467
2018-10-22,200.53421020507812,203.7316379578203,199.70008520814525,202.96703806363197,12965700
2018-10-23,198.7965087890625,202.41097754934336,197.09351801957123,198.7965087890625,11261603
2018-10-24,200.012939453125,201.33360837108526,199.03980803057328,200.67327391210515,9024700
2018-10-25,199.87388610839844,201.2293172679009,197.75385501579214,198.7964892855245,9953333
2018-10-26,195.25152587890625,201.43785120890502,191.84558831526957,201.36834812359717,22302628
2018-10-29,197.05877685546875,198.2751799473128,193.89608916356798,195.94661737393685,11779416
2018-10-30,193.89608764648438,197.30204711830362,193.23575328582115,196.8850065918077,7110853
2018-10-31,194.6954345703125,195.32102835408267,189.65600986478034,194.31313460117565,14021856
2018-11-01,192.81874084472656,195.87714128885617,191.0114841918259,194.62597546812074,9816770
2018-11-02,196.88497924804688,198.76171643039194,193.44425769791388,193.44425769791388,12093152
2018-11-05,194.34791564941406,198.27518134514384,193.51379052500872,198.27518134514384,7665505
2018-11-06,192.74920654296875,195.911894520175,191.91510337870312,195.39056627406808,10142476
2018-11-07,194.6607208251953,195.3210552236804,193.7918551367666,195.3210552236804,994001
2018-11-09,192.7144317626953,194.41740034814183,191.7760410864785,193.93083474808546,15613827
2018-11-12,190.35113525390625,193.37479493628456,189.9340726688872,193.09676055610683,7318920
2018-11-13,192.4364471435547,193.16628471745557,189.86459029469765,190.42065911571805,6958821
2018-11-14,192.1583709716797,193.51380235217593,190.9072052381066,193.30529308783454,7182329
2018-11-15,190.8029022216797,194.10459565875212,190.10782741766496,192.43638969371605,12621945
2018-11-16,192.22789001464844,193.44429315097224,191.3242617797051,191.70656179650723,13122152
2018-11-19,197.75387573242188,198.10141318224012,192.19312232880438,192.78395361709832,17364041
2018-11-20,197.3020477294922,199.24831029084646,195.87711336475186,198.10141028779913,8096904
2018-11-21,195.84231567382812,197.96234657721325,194.62591280595936,197.75383736547815,5867663
2018-11-22,194.97348022460938,197.75386783006408,194.347908434034,196.01613659140628,6937634
2018-11-26,198.55322265625,199.0397883193405,195.11252248622014,195.49482250511235,9292657
2018-11-27,197.99716186523438,199.10929940871176,196.57222737658947,198.86602758214056,7146777
2018-11-28,196.15516662597656,200.15195777309836,195.18203525153828,198.37946376333466,9197861
2018-11-29,199.87388610839844,201.09028908483594,197.02399560632853,197.1630237893935,14183469
2018-11-30,198.65745544433594,201.57684894003802,197.96235860781152,201.22931153652618,8972623
2018-12-03,196.6764678955078,201.22932719509555,196.39843354516307,199.66536469859176,8895477
2018-12-04,195.911865234375,196.91973698684652,195.28627143256332,195.32103398694247,6548740
2018-12-05,191.39376831054688,195.87712497874506,190.59442773434859,195.3210562223885,11894383
2018-12-06,189.79505920410156,191.08098743885176,188.7176622538518,190.80293103984852,10055005
2018-12-07,190.4901580810547,191.984595586009,189.96882986449845,191.11572991141801,8415885
2018-12-10,187.98780822753906,189.27371431950834,187.08418008414003,189.06518305337764,6940479
2018-12-11,190.94195556640625,191.880324299104,186.42385859732053,186.56286476464427,10633126
2018-12-12,191.88031005859375,193.0272099866628,189.4822445699492,191.63703826907997,10473073
2018-12-13,191.35902404785156,194.20889289069973,190.1078583557102,193.93085851794655,16430755
2018-12-14,191.67176818847656,192.71442445585143,190.38586217454875,190.69865905476118,8925774
2018-12-17,194.5216827392578,195.59907966289222,191.7760576103345,192.54065761494536,12703296
2018-12-18,193.3400115966797,195.0430022827927,192.54064907114707,193.9656054069667,9172963
2018-12-19,197.0240478515625,197.4063479194896,193.5833472402183,193.9308847457858,13639278
2018-12-20,196.4679412841797,197.68434434947002,195.32104130074802,195.32104130074802,5155693
2018-12-21,192.36691284179688,197.40633861196463,191.88034713923918,196.7112416040956,7079146
2018-12-24,191.8455810546875,195.1125123240683,191.32425286084876,193.82658413226824,8869498
2018-12-26,192.29737854003906,193.79183796588234,191.01145038566253,192.08884726857232,8821251
2018-12-27,195.14724731445312,195.7728411293119,192.74918174983296,193.9308442693423,11881735
2018-12-28,196.18991088867188,197.4063139785236,194.0351170420167,194.0351170420167,13702437
2018-12-31,195.7728271484375,197.3020269917718,195.3905271876039,196.57218962272628,5662393
2019-01-01,196.502685546875,197.09351682766595,194.4869198986194,196.15514810147013,2586466
2019-01-02,195.04299926757812,196.8849960856108,192.92296810355023,196.18989920587168,10316782
2019-01-03,193.82656860351562,196.32889967445652,193.06196866681157,195.04299361518227,6350450
2019-01-04,195.2863006591797,196.67649462937223,194.03513489780855,194.03513489780855,8105747
2019-01-07,195.7728271484375,198.27515817016658,195.32102411186173,197.61482387686323,10133320
2019-01-08,197.580078125,198.4489437489129,195.5643125210624,196.01613762555908,7768619
2019-01-09,201.85491943359375,202.7585476859219,197.82338790075363,198.5184848618134,12651287
2019-01-10,201.29885864257812,204.1487276573454,200.81229295353182,202.0982212809054,10684824
2019-01-11,205.2955780029297,205.7474030521849,202.61947837672676,202.89751269884525,17419014
2019-01-14,204.56578063964844,204.91331810284123,201.5768835558751,204.70480884262827,6646635
2019-01-15,206.12973022460938,206.72056149821128,204.35723640380363,205.22610203624708,7490965
2019-01-16,204.3920135498047,206.12974493873577,202.75854780656982,205.74744491435112,8083821
2019-01-17,204.32247924804688,205.46937914598828,201.6811200097719,204.42672284831306,11009380
2019-01-18,202.584716796875,205.12178798354827,202.0286261809417,203.83588213110363,11418250
2019-01-21,201.50735473632812,203.80115457128952,200.67322968397733,203.55786075451996,8519267
2019-01-22,201.40310668945312,202.27197234184547,198.20567844510887,201.47260977338348,10727385
2019-01-23,192.74920654296875,204.63529228865755,191.15050330408326,202.61952645288653,41735950
2019-01-24,193.861328125,196.95449037674723,193.13146872351408,194.1393624585895,29105831
2019-01-25,194.0698699951172,196.5026760544366,193.58330437735285,194.62593869270435,9240591
2019-01-28,190.97669982910156,194.24363083181257,190.5943998613269,193.8613308640379,9338450
2019-01-29,193.54856872558594,193.9308687620039,190.9767341196383,191.35903415605628,7267917
2019-01-30,191.49803161621094,194.76496305676906,190.59442540554852,194.6954599704499,10852162
2019-01-31,193.68759155273438,194.34792595824575,190.17736620351013,192.19313197857298,15937442
2019-02-01,195.21676635742188,198.2404036134251,194.00034132061433,195.0777381708289,19060690
2019-02-04,192.6101837158203,195.9466181140106,191.8803242343545,195.9466181140106,6289877
2019-02-05,190.55963134765625,193.09672488871425,189.41273148020557,192.7839280077275,10205529
2019-02-06,193.02720642089844,193.51377202043963,190.83767223771375,191.15046912945482,8409442
2019-02-07,194.83448791503906,195.32105357763885,192.54066577449476,193.16625963905346,6177040
2019-02-08,191.49803161621094,195.46006000847396,190.87245978032962,194.2783973935261,4575570
2019-02-11,192.6101837158203,193.3747837243536,186.59762725826013,191.7065555105067,10335615
2019-02-12,191.35902404785156,194.973492923147,190.87245838815747,192.57542718233472,7624089
2019-02-14,193.16622924804688,194.76493215677553,192.54063548191334,192.54063548191334,10378675
2019-02-15,194.6954345703125,195.28626580070605,191.42850355596104,193.93083463203882,38998388
2019-02-18,190.94195556640625,196.32891818452785,190.38588683810417,193.7918463505857,42232590
2019-02-19,191.7760467529297,194.0698686664009,190.45537809782667,190.45537809782667,35777932
2019-02-20,191.74130249023438,192.88820240986144,190.62914309485248,192.71443370013037,6208106
2019-02-21,191.18521118164062,192.36687365132994,190.59440197629763,191.77604241648527,7264425
2019-02-22,190.66390991210938,191.8108098573827,189.82980686904756,191.56753806421966,9100951
2019-02-25,192.33216857910156,192.6449435014942,189.760311902834,190.80294637965605,31204722
2019-02-26,191.49803161621094,192.54066602901608,190.49015976131759,191.1157315971989,12233273
2019-02-27,191.21998596191406,193.8613454107847,190.38588288677218,191.8455797903978,13634026
2019-02-28,191.88031005859375,192.74917564314623,190.62914449801826,192.74917564314623,44873000
2019-03-01,193.37477111816406,193.93083981002815,192.01933991330654,192.15834607152152,9170950
2019-03-05,196.3984375,197.40630928660718,191.88031863478585,194.6259436976697,14103324
2019-03-06,198.62274169921875,201.0208073834501,197.92764476898412,198.10141349416685,20817638
2019-03-07,201.64637756347656,202.27197140446162,198.69224317083433,199.28307445526346,14837761
2019-03-08,202.9670867919922,203.66216175030962,200.46473322992847,201.78542411564374,13169854
2019-03-11,203.62741088867188,204.9828422358293,202.3414826279187,203.6621514171218,15287916
2019-03-12,204.70477294921875,205.50411338030486,203.76638231002968,204.35721351746332,14686757
2019-03-13,204.9828338623047,206.44253079419227,204.46150566180788,205.05233694586977,11496644
2019-03-14,205.39987182617188,205.74743129866056,201.8896687517078,205.33036874347542,10503481
2019-03-15,202.1329345703125,206.12972519380793,201.12506279779797,205.7126626509729,22219476
2019-03-18,204.04441833496094,204.49624339705116,202.48047798230502,202.96704356720932,9519926
2019-03-19,208.14549255371094,208.5277925447547,203.90543009686093,204.77429571555155,16363247
2019-03-20,207.76316833496094,209.88319931616462,206.16444344647937,208.52776822788684,16221492
2019-03-22,207.27664184570312,208.52780754544153,206.12974179006827,208.52780754544153,8378083
2019-03-25,205.08706665039062,206.4424977250582,203.80113864815473,206.4424977250582,8324586
2019-03-26,203.94015502929688,205.99068301970235,202.30668955341483,205.0523143915257,11178168
2019-03-27,203.73167419433594,206.2340055712086,202.68901776271886,204.35724602380202,8757278
2019-03-28,208.5277862548828,209.91798001465617,203.66213012517812,204.42673008420286,18436077
2019-04-01,206.61630249023438,207.9717338015218,206.12973683927214,206.4425337640701,6442182
2019-04-02,207.06809997558594,208.52779688893582,204.80904050812708,206.72056253267067,10228747
2019-04-03,205.8516845703125,207.83268752942084,205.15658769659836,207.1375906557067,9413878
2019-04-04,204.9132843017578,206.65101539008666,204.1834469376401,205.7474093230362,7233298
2019-04-05,204.7395477294922,206.02547598610212,203.41887894454425,205.0871072194025,8107661
2019-04-08,203.48837280273438,205.05233536264586,202.75853535717746,204.80904152779132,5492542
2019-04-09,205.95594787597656,206.23398221642063,203.1408198884155,203.31458859750532,6413515
2019-04-10,204.84381103515625,206.12973927708688,204.00970792200084,205.78217979114407,5540095
2019-04-11,206.02548217773438,206.75531967832228,203.6621568815354,204.73955388247876,11179559
2019-04-12,212.52456665039062,213.6714665341974,205.46937661374494,206.19921398362163,22658578
2019-04-15,212.35079956054688,215.478724704296,211.5514590258472,214.0190277725133,13098155
2019-04-16,213.5324249267578,215.44392461291295,212.8025876027712,213.2543906114534,10121522
2019-04-18,211.58619689941406,214.2623189222067,210.99536562280412,214.2623189222067,9178504
2019-04-22,209.77896118164062,212.35079551945594,209.25763299110227,211.20389552977466,6929432
2019-04-23,210.89112854003906,211.86423781630225,209.60520030823884,210.022262876283,7784732
2019-04-24,213.01113891601562,213.53244504526523,207.48514855125842,210.8911077862631,11888770
2019-04-25,211.41238403320312,215.33967087185258,209.917946905185,213.56717741213475,24135743
2019-04-26,211.6904754638672,212.9764037343892,210.30030357769905,211.7252380220856,4834044
2019-04-30,209.46617126464844,213.775759038388,208.18026506753594,211.69046823607744,11593138
2019-05-02,212.00326538085938,213.04589976834475,208.94486530303456,209.29240275569506,7781859
2019-05-03,211.48193359375,213.7062305298486,210.82159922716662,211.48193359375,6112578
2019-05-06,213.39340209960938,213.74093945919262,209.04907495732894,211.308111853616,6997113
2019-05-07,209.8484344482422,215.13115259677593,209.11859711468819,214.26228708899734,8989234
2019-05-08,208.97958374023438,210.8911056163197,207.58941204703774,208.52778069363316,8179360
2019-05-09,208.42352294921875,209.4314167407365,205.9906948571952,208.11072604535093,10617358
2019-05-10,206.96385192871094,208.84061155668604,206.37302060193184,208.52781461377268,7170576
2019-05-13,201.09031677246094,210.96063621454985,199.97817927281932,205.1218482529183,37262425
2019-05-14,204.6005859375,207.3114492110999,200.7775628962521,202.27202276507398,21959611
2019-05-15,206.47726440429688,208.04122692389154,202.96706140355408,206.82482386948612,18583184
2019-05-16,204.87855529785156,206.44251777117904,203.83592099213394,206.44251777117904,7637614
2019-05-17,209.50091552734375,210.1612498467531,205.12182505144213,205.12182505144213,11626049
2019-05-20,213.39340209960938,213.77570200695013,209.9874434518021,213.2891364858348,11437612
2019-05-21,212.6288604736328,215.47872928471412,212.21179790439984,213.39346049755724,10923996
2019-05-22,212.5022735595703,214.66451380712056,210.41092017328845,214.20371550672354,14266773
2019-05-23,204.3140869140625,216.64950026542533,203.463377274282,216.2241342114855,32589058
2019-05-24,205.9091796875,206.7598892964566,203.67603045332902,206.65354778682473,11298665
2019-05-27,206.19277954101562,208.10688205653497,204.91670370796885,206.47634945190362,9371741
2019-05-28,204.8103790283203,207.00807410358752,204.24323915989766,206.86627790243008,16199349
2019-05-29,204.24322509765625,206.7953767979449,203.88874585322054,204.7394780653847,7534947
2019-05-30,204.63314819335938,206.33456777838498,204.38501046131194,204.88126345730356,8989691
2019-05-31,197.47291564941406,206.6535844909035,196.6930927523403,205.12939336229655,27294002
2019-06-03,197.47291564941406,199.56426908615842,195.16890162373332,199.49338222317965,20323304
2019-06-04,197.96917724609375,200.02507610681184,197.65017511474858,197.96917724609372,14384170
2019-06-06,195.48788452148438,198.78442664527515,195.16888243539185,198.78442664527515,11071548
2019-06-07,195.13345336914062,196.2323008878742,194.38908511315182,196.2323008878742,7995725
2019-06-10,198.07553100585938,198.89080865429577,196.30320196810487,197.29570802669576,8947150
2019-06-11,198.39453125,199.49337871329877,197.9337329465916,199.1388994684368,8787243
2019-06-12,198.46542358398438,199.49338421389533,197.26023456080674,199.49338421389533,8565517
2019-06-13,198.9262237548828,199.4579088795881,197.47289715724767,197.72103485659036,7475823
2019-06-14,197.11846923828125,198.85534351531675,196.48042003359254,198.85534351531675,8212601
2019-06-17,194.95620727539062,197.68558725707095,194.56629584943627,197.68558725707095,10398919
2019-06-18,195.027099609375,196.97665679387774,194.2472767355739,195.7714902867953,14378973
2019-06-19,196.515869140625,197.7210581810896,195.38158943296625,195.4524762976692,9394923
2019-06-20,196.37405395507812,197.04755774299304,195.2043196941218,196.37405395507812,10973042
2019-06-21,194.4244842529297,196.12592600773323,193.7155483160866,196.12592600773323,19311989
2019-06-24,195.8423614501953,196.72852577831293,194.42448953796713,194.42448953796713,9279182
2019-06-25,197.43748474121094,198.50087756524601,194.42451219365861,194.991652037397,12856683
2019-06-26,196.65768432617188,197.5792810606025,195.91329353655703,197.40205264768161,7707084
2019-06-27,193.89283752441406,197.22481237209354,193.39658451722113,197.04758396983257,24205884
2019-06-28,194.14097595214844,195.27527830451106,193.183924491294,194.31820437555018,8775151
2019-07-01,194.92076110839844,195.84238018632752,194.35362127648918,194.53084966544807,5236646
2019-07-02,194.14097595214844,195.41705205598987,193.68017755768267,195.20436896066522,10360661
2019-07-03,196.16140747070312,196.7640019759496,192.93575188754815,194.45996548342495,18818695
2019-07-04,196.8348846435547,197.2602282802317,195.0979880277755,196.69308845259442,10071080
2019-07-05,198.11093139648438,199.81237309763517,189.99365674158236,196.8348557376459,38474130
2019-07-08,196.69309997558594,200.55678240540425,195.52336558701862,198.6072250911254,12637923
2019-07-09,193.60923767089844,196.76398362884922,192.93573389740985,196.33861755466702,8003290
2019-07-10,193.64468383789062,195.1334427368529,191.9432418864906,193.92825375177364,8477115
2019-07-11,195.41700744628906,196.30317182911094,193.9637032508055,194.24727315713633,8727346
2019-07-12,194.99163818359375,195.98414407367142,193.60924333823658,195.23977589016363,10872126
2019-07-15,192.08505249023438,195.38159511416563,191.8014825550742,194.95622897737357,8865479
2019-07-16,192.79397583007812,193.36111566294457,191.83690208550112,192.12049447003642,6602372
2019-07-17,193.46742248535156,193.6446508428178,191.90777699069167,193.1483979610535,6536611
2019-07-18,193.53834533691406,195.02710425914748,193.04209236283626,193.5029131396885,9447100
2019-07-19,190.2063446044922,194.4244830711349,189.99366157792213,194.31814155784986,8294444
2019-07-22,187.44151306152344,190.13546065910674,187.15794317779353,189.99366448319205,14037538
2019-07-23,191.87234497070312,192.61673561522824,187.86688925335602,188.22134601011035,14951457
2019-07-24,192.01414489746094,193.78647365198452,189.9227915747788,191.62423347018978,12537555
2019-07-25,189.8873291015625,193.1838712340861,189.2138477974384,192.12047851872694,18350433
2019-07-26,191.6951141357422,192.12048021287688,189.21384946595717,190.5253798917222,4972441
2019-07-29,189.8164520263672,192.2268299422785,188.93028763988826,191.4115524156495,5738104
2019-07-30,190.63172912597656,191.4824388465742,188.96574188057616,189.9936799844523,13743007
2019-07-31,191.5533447265625,192.19139393144184,188.57584917476947,190.4190649864706,14175457
2019-08-01,189.6746826171875,191.90783246470352,188.9303143134185,191.73060405600657,6153824
2019-08-02,187.512451171875,189.42656514667226,186.5199451329315,189.42656514667226,9233326
2019-08-05,184.18043518066406,187.5124208052417,182.65623293456642,187.44152271363353,12001827
2019-08-06,183.54237365722656,185.38560022712903,183.01067735780913,183.4360321505333,9770895
2019-08-07,179.82052612304688,183.8614368224412,179.4306146725835,183.64875376435162,8816780
2019-08-08,182.72714233398438,183.400623692713,179.3597130722392,180.77757388569205,6616227
2019-08-09,180.21041870117188,183.50694958607835,179.71416577363325,183.50694958607835,10309668
2019-08-13,174.60987854003906,180.06865000141352,172.97933466445173,179.92686504276043,21801393
2019-08-14,176.34674072265625,179.78506786397995,173.01476633565738,174.60986667167404,14340858
2019-08-16,179.35971069335938,179.64328060547868,175.38969822153618,176.34674948345162,10735480
2019-08-19,178.33175659179688,182.40811048072442,177.90640173493463,179.7141739191624,13006987
2019-08-20,174.75164794921875,178.61531862236535,174.00726855698682,178.36719215828805,15577976
2019-08-21,171.17153930664062,175.03522128996235,170.7461844601489,174.89343634113177,15303762
2019-08-22,170.1790313720703,174.39718129346542,169.43466320822722,171.70324483017328,10917955
2019-08-23,167.3787841796875,169.75370775735593,166.35083469846958,169.4346943761756,17073495
2019-08-26,171.91592407226562,172.5894166427669,166.56349434235915,170.6398482589641,13352257
2019-08-27,174.042724609375,174.60987566871214,172.05771275277138,172.9438771553193,15089362
2019-08-28,174.36172485351562,175.56690243108528,172.34126984830974,174.50350979005034,9237042
2019-08-29,170.99432373046875,174.00728501231967,170.24994426784312,172.94388096540405,11532941
2019-08-30,174.14906311035156,175.2479105453215,169.47011469680467,172.0931644283213,12225631
2019-09-03,171.24244689941406,173.2983456226037,170.60440897725002,173.2983456226037,9913882
2019-09-04,172.44761657714844,173.369235603623,171.065199271487,171.27788231360427,7303230
2019-09-05,173.15655517578125,175.0352254520464,171.5614548039201,171.5614548039201,8777107
2019-09-06,172.90841674804688,174.29083397901553,172.44760725970738,173.1919866328482,9039911
2019-09-09,174.042724609375,174.7516606250337,172.41218076060073,173.4401301194702,9435127
2019-09-11,172.8020782470703,174.00726712957376,172.27038189528056,173.40467268832205,9314093
2019-09-12,170.67530822753906,173.68826966970488,170.1436117928161,173.1920166682163,8395088
2019-09-13,170.07272338867188,171.88049574400608,169.15110426049614,170.85254631708852,14572355
2019-09-16,169.71824645996094,170.7461958329886,168.93842357242622,169.78913332207262,7357494
2019-09-17,168.15858459472656,170.2144831440644,167.87500347126104,170.00180010997772,11083300
2019-09-18,169.6119384765625,171.77417917745854,165.9254951302143,168.51309079005514,20724917
2019-09-19,167.80410766601562,170.10813255421823,167.3787416205294,170.10813255421823,8810026
2019-09-20,168.76121520996094,176.169556481946,166.10272147324818,168.016835615595,66016326
2019-09-23,180.67124938964844,184.67670547361476,177.16203505736925,177.23292192158826,54044544
2019-09-24,181.4864959716797,182.90435667624394,179.926850320064,180.77756000237247,17828419
2019-09-25,175.49603271484375,181.6637286095241,172.05770554048235,180.8484623363366,21390350
2019-09-26,177.5164794921875,178.22540421043234,174.57440540080935,175.31878478050382,18534981
2019-09-27,179.32423400878906,182.904334379038,177.23288101811718,177.23288101811718,18211017
2019-09-30,184.2158660888672,184.889347319073,176.8075276204077,180.60031103218313,21381205
2019-10-01,181.4156036376953,186.05910854568697,180.77756573869308,183.6841853306034,16035574
2019-10-03,185.49197387695312,185.84644188267197,181.52195018738317,182.6916957296605,12832216
2019-10-04,182.3726806640625,187.08707280720643,180.91937636909915,186.44903485726252,18781574
2019-10-07,178.57986450195312,182.9043444163307,177.72914364261757,182.54987645543676,22082491
2019-10-09,175.177001953125,178.79255737902685,174.60986217167766,178.1545195078736,22332047
2019-10-10,172.41217041015625,175.5669163925616,172.02225899516685,175.1061068866422,25230638
2019-10-11,172.94387817382812,174.53897860142868,170.92342287475785,172.41218177597824,26037798
2019-10-14,173.05020141601562,174.68074510211207,172.2703786170238,174.00726381826453,15280471
2019-10-15,175.531494140625,176.66578509399667,173.7237217953941,173.7237217953941,10373904
2019-10-16,172.73118591308594,175.5314637621413,171.66778200918478,175.38967882176442,16681940
2019-10-17,174.2908477783203,174.89344225677027,172.87298700800622,172.97932853173864,14175284
2019-10-18,174.75164794921875,175.67325571548443,173.75914209290949,174.39717996710115,13327812
2019-10-22,176.45306396484375,178.01272071056025,173.65278623523687,173.68822966030683,18979485
2019-10-23,177.97731018066406,178.61534816036942,176.55944925176902,177.51651183835304,13325639
2019-10-24,176.55941772460938,180.0686316033955,175.77959491466802,179.07612576017922,17438024
2019-10-25,175.60235595703125,182.33721385112707,175.10610303359158,182.1245308170672,33846376
2019-10-27,177.5164794921875,178.01273241198385,177.02022657239118,177.1974549434399,3252338
2019-10-29,179.5369415283203,180.84846073323106,176.91389188444847,177.90639776234863,12397313
2019-10-30,183.89688110351562,187.157968917046,180.28132526954917,181.48651429222176,35611812
2019-10-31,182.65625,186.34269272488908,181.62830059696807,184.32223735091557,17296427
2019-11-01,185.24383544921875,186.44901311007501,183.43605210685917,183.86141817990853,13055757
2019-11-04,184.85391235351562,187.8314185063999,184.35765945569332,186.41355789864312,8199342
2019-11-05,186.37814331054688,187.1579662037703,183.32973860028193,185.0311693460375,10674212
2019-11-06,185.27928161621094,187.0161668940547,184.32221917175204,186.41357243769355,9198544
2019-11-07,188.46949768066406,188.78851105120856,185.74011737802613,186.378155353167,15351749
2019-11-08,184.67669677734375,188.18591094437699,184.3222287707862,187.76055607693846,12357632
2019-11-11,183.9322967529297,185.98820646729982,183.47149850661106,184.74757420019273,7524183
2019-11-13,179.96229553222656,183.7905228427132,179.46604259560235,183.54239637440108,10664859
2019-11-14,179.9977569580078,181.41561781839252,179.53695863796233,180.13954192064114,9222757
2019-11-15,177.69371032714844,181.30926575950517,177.23290082836226,180.24586181631787,17386229
2019-11-18,177.7646026611328,178.82799533583844,176.34673078279243,178.26084433769233,8167820
2019-11-19,176.73666381835938,178.50899264923513,176.38220703942508,178.47354921815193,12621028
2019-11-20,177.7291717529297,178.1545378668997,174.89345008536864,176.73666579906796,10362358
2019-11-21,174.1844940185547,178.22540423221878,173.72369576015168,178.22540423221878,10793493
2019-11-22,175.56689453125,179.11155148726968,174.85796988047534,175.21242658883824,17000856
2019-11-25,175.6378173828125,176.09861566228827,174.57441340560993,175.6378173828125,10994413
2019-11-26,176.6303253173828,177.51648969164205,175.6023647572776,176.275857320869,20539741
2019-11-27,175.07069396972656,177.26838912892032,174.82256745930314,177.0557060531139,9182137
2019-11-28,174.8934783935547,175.77964296235814,174.14909880767343,175.31883334232128,11416080
2019-11-29,174.68077087402344,175.3897069235467,173.68826489831147,174.92889736795144,10185713
2019-12-02,173.65281677246094,175.0352341678305,173.36924685393672,174.3971962341254,10356741
2019-12-03,173.01475524902344,174.25538751597662,172.02224943546088,173.65279309573512,8442322
2019-12-04,172.3767547607422,173.01479274573296,171.56147713688887,172.62488126790817,12406762
2019-12-05,175.07069396972656,175.4606054526702,172.3413135891211,172.37675702373812,11699738
2019-12-06,172.51853942871094,175.21247633460624,171.91594487892914,175.10613479828567,10773814
2019-12-09,171.17153930664062,172.48306974291145,170.8525259802844,172.27038670264042,6981671
2019-12-10,167.0242919921875,171.34878360298015,166.59893713406638,171.2778855096013,15972570
2019-12-11,168.44215393066406,169.29286359611544,167.02428202014522,167.02428202014522,14331297
2019-12-12,169.11566162109375,170.28539601920727,168.44218022231053,168.76119358813617,10704007
2019-12-13,171.27789306640625,171.91593099876357,169.5764623248037,170.14360216065418,8521473
2019-12-16,167.94590759277344,172.55395778045917,167.55599617231005,172.2703878808586,12476974
2019-12-17,170.88800048828125,171.3488100813255,168.37129191221308,168.37129191221308,16534369
2019-12-18,173.79457092285156,175.35421643230487,169.96634399925756,170.56893839483692,17794641
2019-12-19,173.22744750976562,175.74415560429435,172.44761344750518,174.43262518044054,9699414
2019-12-20,170.9588623046875,173.75914023559923,170.2499263480301,173.22744388513118,14495913
2019-12-23,169.36378479003906,172.12861966506244,169.1865563940715,171.5614685766736,19817033
2019-12-24,169.25743103027344,170.28538036753093,168.86751960007408,169.4346706474872,8200254
2019-12-26,167.875,169.7182267111875,167.55598668951643,169.36375873972264,15017235
2019-12-27,167.94590759277344,169.04475499628865,167.62688303018498,168.3712624421743,9048085
2019-12-30,168.8675079345703,170.78162152351615,168.37125501513435,168.7257229910243,13680470
2019-12-31,168.51303100585938,169.39919528147885,168.30035921886423,169.11562540945246,7417112
2020-01-01,168.79664611816406,169.15110291258225,168.0877100612246,169.15110291258225,4370931
2020-01-02,170.0372772216797,170.81711142313102,168.79665590120953,168.867542770581,8726602
2020-01-03,169.0802001953125,170.85252893744607,168.7257322000757,170.85252893744607,9642051
2020-01-06,166.66983032226562,168.93841196691403,166.59893223097336,168.3712609387268,7930726
2020-01-07,166.84707641601562,168.65484874434767,166.31537999404168,167.34332940560506,8740894
2020-01-08,166.03176879882812,167.16605945966293,165.35827634661302,165.88998387047985,7314466
2020-01-09,167.1660919189453,167.7332317424621,166.63438429183475,167.02429572901525,9816703
2020-01-10,168.7257537841797,169.25745022802647,167.87503273359363,168.44218384533497,10357864
2020-01-13,169.6119384765625,170.49810306657082,168.90300231093454,169.08024196936816,12715178
2020-01-14,172.44761657714844,172.8375392323802,168.93841378651592,170.32083109217734,12299570
2020-01-15,171.84503173828125,172.2703865844812,170.92341272043922,171.9513732583438,5687654
2020-01-16,170.67530822753906,172.90844673423763,170.21450989333664,171.9159407312605,9730522
2020-01-17,170.10813903808594,171.6323412130597,169.71822763756123,170.67527880828555,7677106
2020-01-20,171.49058532714844,172.4476366600315,170.17905472675443,170.17905472675443,8329721
2020-01-21,169.0447540283203,171.17153949719685,168.72572946755864,171.17153949719685,9939680
2020-01-22,168.76121520996094,169.86006288269922,168.0877337248907,169.86006288269922,7949731
2020-01-23,168.6548309326172,169.25742538977138,167.94590618953902,168.79662711528312,6356150
2020-01-24,168.83206176757812,169.5055430470056,168.01678431285566,168.30036542939592,7063834
2020-01-27,166.31536865234375,168.3003804753357,166.10268560443726,168.01679933344346,7100949
2020-01-28,163.5860137939453,167.23701368042427,163.40878537062338,166.42174720546885,15144538
2020-01-29,167.7686767578125,168.47761277795658,163.86956234917295,164.1176888328183,21258057
2020-01-30,165.92543029785156,168.0167720714095,165.18105098501093,167.98132864719295,10794458
2020-01-31,166.7052764892578,169.0093016003741,165.92545364248465,167.1306313418476,19166671
2020-02-03,147.17420959472656,153.767283004754,145.33099395093242,152.42030908501926,82836335
2020-02-04,152.88108825683594,154.26349409816487,148.2730275942282,149.4427616629173,37145337
2020-02-05,153.44825744628906,154.19263687867561,149.93904333190986,153.34191592251233,22072147
2020-02-06,151.39234924316406,155.89405775015317,150.15171693389738,154.54709515784933,28443398
2020-02-07,151.28604125976562,152.9165853370742,150.8252316615961,151.56961121215343,17793265
2020-02-10,149.2655487060547,151.746813259799,148.91108073636983,151.71135859899573,9987781
2020-02-11,150.71890258789062,153.80276258586488,150.15176263620316,153.48373793750062,30951617
2020-02-12,151.03787231445312,152.27850455020598,150.15170803663673,151.2859987616037,10310789
2020-02-13,150.22262573242188,151.3214732574321,149.72638397027868,151.03790332647839,9505645
2020-02-14,147.24508666992188,150.93152866532404,146.6070488482955,150.47071920313036,14260540
2020-02-17,145.18922424316406,147.91860456534084,144.62207313117221,147.45780622302763,16161290
2020-02-18,144.5157012939453,145.04740886059213,142.14077827642146,145.01195420011595,21741128
2020-02-19,146.53616333007812,146.85518788527335,144.51570818265876,145.50821404231039,9403278
2020-02-20,147.06787109375,147.84770521113435,145.6500102845938,146.74885774786407,16193373
2020-02-24,143.9131317138672,147.06787806158314,143.06242192849885,146.7488647005829,17233132
2020-02-25,143.0624237060547,145.61457556197334,142.84974064004425,144.48028460000376,15903285
2020-02-26,140.79380798339844,143.16873087022296,139.1632644148644,142.2471119614544,18557438
2020-02-27,140.0494384765625,141.18372924570133,138.87970428046458,140.65203290511587,17936226
2020-02-28,140.0494384765625,141.71542558628678,136.15031325551965,138.2416664249521,33885063
2020-03-02,138.45436096191406,144.23215727153953,137.28462657368704,141.43187893273011,19274852
2020-03-03,137.42642211914062,139.97857415686886,136.5048141575282,139.65956076917905,18638624
2020-03-04,132.9246826171875,138.63157997854913,132.25119009019735,138.20621391222906,28729502
2020-03-05,133.31460571289062,135.54773282070403,132.2512016878858,132.96013770455568,20797182
2020-03-06,128.84832763671875,131.0460225242147,127.43046685275249,131.0460225242147,27795285
2020-03-09,125.62269592285156,126.89877176491795,123.70858215975197,126.89877176491795,22633662
2020-03-11,124.52385711669922,125.3036800483416,122.18437708772043,123.35412271923568,29032759
2020-03-12,110.45155334472656,119.91578010348621,106.72965631910172,119.80944981765431,54043896
2020-03-13,115.02415466308594,116.26478694673652,95.4221982835561,106.33973991158167,63962722
2020-03-16,104.39018249511719,112.08208015443715,102.97231061438475,112.01119330083036,34535653
2020-03-17,105.73716735839844,110.45157101159819,103.53948345416207,104.92190096564929,49492914
2020-03-18,106.83599853515625,109.63627656274977,104.4610753558129,107.82850441512365,52178352
2020-03-19,114.7406005859375,115.94577837461496,102.6178684311954,106.83600754264344,93204936
2020-03-20,124.4175033569336,125.12643935278756,117.04461842987477,117.04461842987477,64384067
2020-03-23,109.38814544677734,114.84691632070037,105.77259007103618,112.01119498470526,53330913
2020-03-24,106.1270523071289,116.05209891445871,104.4965086951951,115.52040259697033,54576761
2020-03-25,104.46109008789062,107.75762152037547,98.54150863614359,107.04869667331266,64913270
2020-03-26,110.8769302368164,113.00372735519845,101.55447533883559,106.33976604668206,60694283
2020-03-27,115.69764709472656,117.68265893985641,109.88440774888983,114.84692612766364,33893412
2020-03-30,112.8619384765625,116.90284949156711,110.62879989435929,110.62879989435929,29203338
2020-03-31,121.72358703613281,123.24778957004223,114.52792929440265,116.26481490924674,44272500
2020-04-01,117.96625518798828,122.4679762749468,116.65473563124687,121.72359666683303,18840671
2020-04-03,126.11893463134766,129.55725033015068,118.39157112312691,119.02960897203829,65288649
2020-04-07,128.70652770996094,131.64859046041482,123.10597208605,131.64859046041482,37509626
2020-04-08,126.65068054199219,130.4434656934985,125.2328193487491,128.21032673115417,39007671
2020-04-09,131.32957458496094,132.03849926356747,127.607677894592,130.44341031116585,44268652
2020-04-13,128.7419891357422,132.32210146105575,128.3520776918448,130.797899116534,18427550
2020-04-15,134.23622131347656,137.35552423961815,129.52182910862115,130.47888042903912,50983406
2020-04-16,132.1094207763672,135.54773697098562,131.47138283544885,134.44890071576867,28122965
2020-04-17,133.35003662109375,135.68950503512178,132.53475915507804,135.01602374636522,27694463
2020-04-20,128.10397338867188,134.66159344235595,127.25326349143347,134.66159344235595,37141676
2020-04-21,127.3241195678711,130.65610517861165,124.80741145401238,126.18982874520309,24232310
2020-04-22,129.20278930664062,130.1243970859263,124.7719675526996,126.89876424140134,26132520
2020-04-23,127.99761199951172,130.44343346854174,127.35957405847155,129.69905399831967,34237726
2020-04-24,127.64315795898438,129.5927152557359,127.1114503016417,128.31663934621645,18744844
2020-04-27,127.5013656616211,129.23823979553677,127.11144299064624,127.78493557319293,13589672
2020-04-28,127.2177734375,128.1748358482747,126.22526759937803,127.60768484046936,18488267
2020-04-29,129.1319122314453,129.66361991569232,127.35958324142742,127.962177794206,22287597
2020-04-30,129.06100463867188,131.0814598122155,127.92671381783947,131.0814598122155,31326446
2020-05-04,123.38957214355469,128.84834416415708,120.97920513141787,128.84834416415708,31461042
2020-05-05,123.2832260131836,125.79993446997649,121.93626320113373,124.06304895364441,18389548
2020-05-06,116.19390106201172,121.51088749260028,113.78353432950695,121.51088749260028,68112675
2020-05-07,114.13800048828125,117.57631652688166,113.78353248517743,116.26479727285337,25183509
2020-05-08,112.18844604492188,116.37114204016899,111.37317964700642,116.229357068099,26281664
2020-05-11,112.33021545410156,115.91032763055442,112.01120211965512,113.42906287796835,18792383
2020-05-12,117.00917053222656,117.61176504014203,111.65674052639514,112.33022189756464,22211224
2020-05-13,117.25731658935547,123.07055711264357,116.61927854333864,122.9287721284235,20785966
2020-05-14,116.12301635742188,119.27776290208679,114.81149693089633,116.61926938022663,15525762
2020-05-15,116.72557830810547,117.32817270088195,114.24432512133909,114.98869321353465,15526021
2020-05-18,116.79649353027344,118.60426573982153,115.66220266203625,117.68265792001966,21602419
2020-05-19,121.05007934570312,121.68812850937877,117.04462337852407,118.03712932106257,20917906
2020-05-20,124.59473419189453,125.48089850723275,121.22730529998934,121.90078658475046,26295911
2020-05-21,133.95265197753906,135.0160448347266,122.39705934357302,124.48841285917388,60630670
2020-05-22,132.1094207763672,136.04398995103895,130.86878832623393,133.27915512904232,40516307
2020-05-26,135.90219116210938,138.20621620132133,133.137356621435,134.6970135003578,55283582
2020-05-27,136.22120666503906,137.4618276724467,132.49930994066813,136.46933311333046,25491463
2020-05-28,135.15782165527344,136.75292207898326,133.98808733604673,136.32755597450014,25524647
2020-05-29,139.90765380859375,140.36845206211345,133.9880734944968,135.01602275072116,37214719
2020-06-01,142.17626953125,145.5082445582467,141.07742192275003,142.4952829192985,29606349
2020-06-02,139.8367919921875,143.13332364620507,139.44688049158722,143.13332364620507,23502975
2020-06-03,139.44688415527344,142.42440249341578,138.66706113358464,141.78636445439284,19710133
2020-06-04,141.8927001953125,143.55868771605,138.2417005303503,140.1912580048192,22843181
2020-06-05,141.7863311767578,143.20419190469383,140.82926872582206,143.06240695530525,15193091
2020-06-08,140.12033081054688,144.37392416968675,139.65953253990767,143.84222780830683,20304292
2020-06-09,140.72291564941406,146.18168630583824,140.12032123845862,140.54568728574455,41451482
2020-06-10,141.11282348632812,144.01944272210392,140.58112717464763,141.39640458873365,28247205
2020-06-11,137.70999145507812,142.6725217662899,137.2491930933602,141.7863572441524,20611505
2020-06-12,137.4618377685547,138.38345677792645,133.17280098110203,133.95263504304359,23431727
2020-06-15,132.71200561523438,137.49729544045718,132.07396772080804,137.46184077728597,25404661
2020-06-16,131.15235900878906,135.370509363712,128.95467525155496,135.2641678339335,28700454
2020-06-17,128.45840454101562,131.15234090941135,128.10393656868862,130.44341619880709,24952658
2020-06-18,132.2866668701172,132.92471613046368,128.10397064573527,128.45843871235465,30000032
2020-06-19,130.47885131835938,133.24368559880602,130.15983802741118,132.64109120762168,31707306
2020-06-22,131.15235900878906,132.92469911501183,129.84083968764068,132.21576307252272,32605144
2020-06-23,131.75494384765625,132.9246893552822,130.97512099860597,131.435930515795,27569189
2020-06-24,136.008544921875,138.02900025006082,131.96763426550334,132.85379868604008,56757828
2020-06-25,143.27508544921875,144.26759137531073,135.8667569021193,136.29211177013693,78484846
2020-06-26,138.38348388671875,148.45030699871847,137.03650977118923,146.03993995212255,74727243
2020-06-29,139.8367919921875,143.91314664740563,139.09241242720898,143.55868981708005,95027403
2020-06-30,137.99356079101562,141.36097894555812,137.5327512348134,141.36097894555812,42797633
2020-07-01,143.84225463867188,144.51573607310513,137.9935711044588,137.9935711044588,46004000
2020-07-02,145.93357849121094,146.57161636044793,143.59409881464202,144.941072642609,40835235
2020-07-03,147.13873291015625,147.81221410078655,146.0398857178241,147.45775741143265,39352660
2020-07-06,149.2231903076172,150.8289444877225,148.5883542320786,149.63396380705404,36046969
2020-07-07,145.078125,149.74601750201802,144.89141403397014,149.37259556995832,32467210
2020-07-08,146.60916137695312,147.84148183329327,145.0780868842775,145.0780868842775,22093693
2020-07-09,145.97434997558594,147.13199099469085,145.00343174011545,147.05729951421188,19492371
2020-07-10,145.15280151367188,146.75855589531298,144.8913990871198,145.75028601143325,16815128
2020-07-13,147.54275512695312,148.43899365983398,145.71293824089958,146.31043454119524,21079233
2020-07-14,146.3104248046875,148.99912838927986,143.95780325060693,147.43071401989283,19185879
2020-07-15,148.4016571044922,149.3725872118755,145.26483967292154,146.6465315155611,24692471
2020-07-16,144.7793731689453,148.51368692420033,143.39768134014645,148.40165561792247,22997164
2020-07-17,144.92872619628906,145.9369959917233,144.14451898542353,144.36858156999222,15455455
2020-07-20,143.9204559326172,145.8996437001123,143.6590535513419,145.63824131883703,19643434
2020-07-21,143.58436584472656,145.0407488878113,143.02422125164568,143.47233455908554,29089491
2020-07-22,146.79591369628906,147.80418370365544,143.77112734444475,144.14454928371705,33826583
2020-07-23,149.89537048339844,150.49285492324094,146.98260425135427,147.61742850990575,32700809
2020-07-24,149.07382202148438,150.6422365381304,147.35603638446145,150.11943169924837,62500933
2020-07-27,146.68386840820312,149.7460061303951,145.75028997869492,149.7460061303951,23517850
2020-07-28,145.93699645996094,148.36429773845182,145.6755940555004,147.1319771896199,20029937
2020-07-29,146.90792846679688,148.02822966382334,144.44328713656557,144.48062695926197,15402845
2020-07-30,144.40594482421875,148.17761037930032,143.771120456792,148.17761037930032,16943579
2020-07-31,145.00341796875,147.09463720204022,144.51795297955763,144.51795297955763,17294202
2020-08-03,143.84576416015625,144.89137368303585,143.32295939871645,144.89137368303585,13776301
2020-08-04,144.6300048828125,146.23575935574107,143.8457975585739,143.8457975585739,17849565
2020-08-05,143.99514770507812,145.33949954066262,143.1736006761237,145.26481990264398,50646546
2020-08-06,145.899658203125,146.08636913611406,144.21921246572316,145.04075950707517,18574935
2020-08-07,146.42245483398438,147.13198243431208,145.0034233035797,146.01168130306456,21717194
2020-08-10,148.51365661621094,149.11115284938316,146.68383993572124,146.68383993572124,17108987
2020-08-11,151.65048217773438,155.12339271850897,149.37255224427597,149.37255224427597,57266693
2020-08-12,152.5093994140625,153.03220427391895,149.67132434278903,151.23973892235836,22106836
2020-08-13,150.45553588867188,152.50940372826065,147.20667533407055,151.98659885361508,23573090
2020-08-14,146.68386840820312,151.8745654230789,146.01169241236227,150.5675650898684,29858596
2020-08-17,148.43899536132812,148.99914001262738,147.01995198759462,147.9161905307487,12192938
2020-08-18,148.28961181640625,149.29786973722614,147.31868187805262,149.29786973722614,12969115
2020-08-19,148.21495056152344,150.64225223199364,147.9535481148496,148.3269818722589,16070316
2020-08-20,146.23573303222656,147.28134260966056,145.30215474310685,147.13197150361634,17561721
2020-08-21,146.98260498046875,148.77507014401266,146.60917128615236,147.87883164467829,17897538
2020-08-24,146.90792846679688,148.62571416746994,146.64652603767,147.31870202183543,15304895
2020-08-25,145.93699645996094,148.10289533399128,145.71293387467335,147.3186881206096,15784633
2020-08-26,145.60089111328125,146.7958717488135,144.62997304538754,146.75853193258175,23502769
2020-08-27,145.078125,148.5510483832235,144.8167225464819,148.2522942683977,49030500
2020-08-28,146.0490264892578,146.60917111250654,144.92872540763554,145.33949892035957,35979788
2020-08-31,142.72549438476562,148.6257068248524,141.90394731527576,148.6257068248524,100730476
2020-09-01,142.05332946777344,143.65908391062814,140.59694615505327,142.72550547094224,41311165
2020-09-02,142.91217041015625,144.14449071333047,141.6425102952526,142.87483059842683,21378178
2020-09-03,143.0989227294922,144.33125522453568,141.90395372723958,142.9495516042106,16295787
2020-09-04,139.43930053710938,141.90395369144875,138.69243307576386,141.90395369144875,42983034
2020-09-07,141.23175048828125,142.27736008619775,135.03279620795442,139.85005885396285,33918419
2020-09-08,140.52223205566406,142.31470899903638,137.8708682934723,141.60518145118613,26574542
2020-09-09,137.27337646484375,139.10318129213783,136.15307547688175,138.54303671571876,28901363
2020-09-10,138.0949249267578,138.69240932541734,136.82525282692032,137.4974286929743,18469229
2020-09-11,137.3854217529297,139.2899182409583,136.4891832382177,138.0949374997173,19997552
2020-09-14,136.93728637695312,138.8044429063542,136.675883989432,138.76710308960097,32185628
2020-09-15,135.7796630859375,137.57214021344282,135.03280747874837,137.422769092005,31956903
2020-09-16,134.9207763671875,137.0493355621172,134.47266300224862,135.81701493219097,52591750
2020-09-17,133.38970947265625,135.55560842392052,132.79221316895814,135.03280359635667,35240133
2020-09-18,133.7631378173828,134.32329432766832,132.19473509396113,134.0992317235541,30929813
2020-09-21,131.26113891601562,134.8834207380241,130.73833413396036,134.43529559047712,24811451
2020-09-22,130.10353088378906,132.00802773590243,129.7674369383487,131.26117202680274,19242719
2020-09-23,128.83380126953125,132.6054653089432,128.23631696732068,130.66361765651473,64164525
2020-09-24,124.3899917602539,128.2736758061116,124.09124956483188,128.23633599046482,32698988
2020-09-25,127.52681732177734,127.86291119126585,124.72608241653826,126.14512569583759,27650738
2020-09-28,129.43133544921875,130.55162476269913,127.34011610658813,127.7135498227901,24087933
2020-09-29,126.5185775756836,130.51429375510753,126.21983531659848,130.51429375510753,26602326
2020-09-30,128.2363739013672,128.53511618510728,125.99578310306184,126.9667014427808,19193371
2020-10-01,127.60152435302734,130.40225959978645,127.04137967070074,130.32757995421014,20517295
2020-10-05,126.4065170288086,129.0578805938976,126.03308337377342,127.78820853380275,25234767
2020-10-06,126.89200592041016,128.16166638508662,125.54765397657586,126.59325183890466,22728054
2020-10-07,126.5932388305664,127.63884842057736,126.21981697852645,126.96667251773098,16913783
2020-10-08,124.8381118774414,127.26541305939612,124.65140095387738,127.04136231814418,26484289
2020-10-09,125.3609390258789,126.14514634794891,124.24064961442265,125.0995365851889,23234939
2020-10-12,128.6097869873047,130.8503655900958,126.96668102076569,127.34011473293934,68801924
2020-10-13,127.07872009277344,130.58897116469166,126.59325505373376,129.0952480597345,37058708
2020-10-14,125.3235855102539,127.71354703971495,124.76344086572011,127.37745315191951,39688050
2020-10-15,123.26969146728516,125.32357070137917,122.8962696384716,125.24887923454213,28161148
2020-10-16,123.75519561767578,124.57674283751747,122.33615197923164,123.60582447180707,21006060
2020-10-19,125.65969848632812,126.14516360979158,124.09129546269268,124.57674875102795,19748904
2020-10-20,125.06221008300781,125.69704634018426,124.50206531761063,125.47298369997425,16770677
2020-10-21,125.21155548095703,126.14513384299913,124.42734823662661,125.58498919279894,17113482
2020-10-22,125.88371276855469,126.29448624015447,124.72607198397876,125.1368572907022,22893091
2020-10-23,127.52681732177734,127.7135400832014,125.28623886568579,126.18246551407255,20921450
2020-10-26,125.88371276855469,128.1616426874712,125.65965020763711,128.08696305724777,16699886
2020-10-27,124.87547302246094,126.44387567094199,124.5393791323487,125.84639120202071,47652264
2020-10-28,123.60579681396484,125.84638717089963,123.23236311528821,125.84638717089963,17468592
2020-10-29,122.37348175048828,123.94189625422534,122.07472767706776,123.2323686443678,21816186
2020-10-30,123.4190673828125,124.5766962895297,122.00002427459275,122.48548919361816,16976909
2020-11-02,124.53938293457031,124.8754768349436,122.8215972812891,124.57672275623655,14924105
2020-11-03,127.04135131835938,127.52680441164304,124.80076125396859,124.87545271800177,23473408
2020-11-04,126.81729888916016,128.31102177300332,125.62231821506076,127.0040216465933,19533203
2020-11-05,130.51431274414062,130.70102372445254,127.11608058846491,127.90028800900546,28037401
2020-11-06,129.91677856445312,132.34409161416744,129.50600505898987,131.8212868190097,35571152
2020-11-09,129.05787658691406,132.41875570763494,128.34836094896278,129.91676331521703,36645472
2020-11-10,133.20298767089844,134.09922621541625,128.34838490541728,130.7009948114791,59672371
2020-11-11,138.39370727539062,138.84183253951457,133.3897325619834,134.13658827697762,65757234
2020-11-12,140.41021728515625,140.97037379280965,137.31073984006144,138.31900971871173,48153554
2020-11-13,139.738037109375,141.00770937504433,138.58040797699326,139.81272858652488,29284742
2020-11-14,140.8583526611328,141.90396243741014,140.44757908261337,141.19443475486383,8066280
2020-11-17,139.9247283935547,141.45579089685745,139.21520094325473,141.15704872574318,21757459
2020-11-18,137.46009826660156,140.746298189078,136.48918013489538,139.51397765632115,27620283
2020-11-19,140.33551025390625,143.24827618476374,136.45182629113748,136.52650592083336,50871154
2020-11-20,143.17361450195312,143.39767710789584,138.95383582241234,141.00771542826007,47052232
2020-11-23,142.5387420654297,143.77107424935735,140.8956482670235,143.39764061286786,24073204
2020-11-24,146.0490264892578,146.72120240418124,142.35205303961652,142.35205303961652,47160760
2020-11-25,144.7793731689453,147.84151092165948,143.77111508269724,146.38512761029992,43263598
2020-11-26,145.48887634277344,146.27308358339363,143.8084424001233,145.7129389358436,25155854
2020-11-27,144.6300048828125,146.1984195312897,144.29392279249686,145.2275012496676,32594141
2020-12-01,145.19012451171875,146.64650760015735,143.6964016052784,145.63824966823805,16505446
2020-12-02,146.34776306152344,148.43898219840088,144.5552861341644,145.6382473551362,29520716
2020-12-03,146.53448486328125,147.28135227765344,145.30216428117984,147.28135227765344,29087754
2020-12-04,148.02822875976562,148.88711568729363,146.75855644458184,147.01995887211226,23005484
2020-12-07,151.7251739501953,152.17329911075228,147.5800872257913,148.02821238634826,37068111
2020-12-08,151.20236206054688,152.88280766356192,149.03646333653236,152.28532325767824,32042241
2020-12-09,153.40562438964844,155.1980895820926,152.84547975670495,153.1068821634286,41212760
2020-12-10,158.8577423095703,159.5672581406335,151.72519683446262,154.33922121489508,67739601
2020-12-11,161.54641723632812,162.77873772148268,159.3431786569722,160.16472564707524,62645643
2020-12-14,161.24769592285156,163.2642238421704,160.57551994974528,162.77875881460025,28029531
2020-12-15,159.4925537109375,161.62111270852063,158.03617061600562,160.76221404477897,24151252
2020-12-16,159.8286590576172,160.9863001058097,159.45522531609123,159.64194810441737,20304621
2020-12-17,159.119140625,160.6502035544947,157.77478864564452,159.97802756481695,23248344
2020-12-18,160.2020721435547,161.28502156976185,156.6544698091564,159.15646253614784,24690701
2020-12-21,151.5758056640625,160.35144425516827,148.73773087989687,160.20207314390953,43445980
2020-12-22,151.91189575195312,154.04045474577086,147.0572814990598,151.68783317309087,42564860
2020-12-23,155.16075134277344,155.53418504691388,150.8662933329714,151.6131489061271,24608258
2020-12-24,155.79559326171875,157.32665612008387,153.55500278851008,156.8412029382245,23645158
2020-12-28,156.46778869628906,156.99059359961737,155.23546792492675,156.09435493175067,16347233
2020-12-29,157.99884033203125,159.45521167972097,156.91587902368136,157.2146330924289,27568853
2020-12-30,157.70008850097656,159.45521394231827,156.50510771440608,158.85772946659577,19654130
2020-12-31,156.09434509277344,157.81213083327245,155.75826301046186,157.25198613933557,18947950
2021-01-01,159.71661376953125,159.97801618220277,156.31839423992702,156.76650758945306,20279389
2021-01-04,159.38052368164062,161.3223599334888,158.40960555571652,159.8286370085768,27927482
2021-01-05,157.9241485595703,159.26850044347174,157.28931243797095,158.67101597734901,18718244
2021-01-06,153.40562438964844,157.9614847624388,152.73344846309126,157.92414494294258,50957586
2021-01-07,151.46376037597656,155.04870222029766,150.94095561731783,153.928413071814,36298522
2021-01-08,150.49285888671875,153.8537385371591,149.55928054853393,152.62141797118514,58600546
2021-01-11,151.23971557617188,153.92841910603286,150.30613730412992,152.36000476857254,44625924
2021-01-12,154.1898193359375,154.52590135490064,150.56753758477032,151.6131352933077,36989137
2021-01-13,157.77476501464844,159.08177697524127,153.29358453122282,154.93667851875418,66387977
2021-01-14,159.940673828125,161.69579921320437,158.03617732890325,158.33491955718802,50164605
2021-01-15,162.70407104492188,163.18953604824767,157.7374370563878,160.5008204549724,60567280
2021-01-18,164.12310791015625,165.8035417749933,160.27676336122676,163.11483812315416,70211602
2021-01-19,163.45094299316406,165.57950232071144,162.44268490045167,165.05670927994018,33009228
2021-01-20,162.55470275878906,163.56296076808513,161.09831955858323,163.18953888916093,46392916
2021-01-21,159.60458374023438,163.93638133753066,158.48428268791238,163.56294765342332,30116008
2021-01-22,157.36402893066406,160.38881523274347,156.20638779960925,159.82867049792335,25663922
2021-01-25,155.19810485839844,158.70836778493802,154.48858904250667,158.33493404784323,25929487
2021-01-27,157.32664489746094,158.8203796631308,154.67529290918387,155.34746881968542,50338134
2021-01-28,154.30184936523438,157.58803723557793,153.66701331387293,156.28103715175894,22984352
2021-01-29,151.79986572265625,155.94495245527017,151.12768981561413,155.75824152808474,24679902
2021-02-01,161.2850341796875,162.77875723485778,150.7169296580851,152.3600238352598,59968324
2021-02-02,162.9654541015625,166.92382962822342,162.06921567691546,164.30980582097115,50324035
2021-02-03,161.88255310058594,165.8035781471483,161.098345724248,165.43014437244537,55709225
2021-02-04,171.74111938476562,172.82406889657946,161.32237414102494,161.39706561965468,109894300
2021-02-05,175.02731323242188,178.3882050087993,169.72459680739257,173.3842190022826,130323308
2021-02-08,174.0937042236328,177.79067742698098,172.89873541904453,177.37990394162276,43093963
2021-02-09,171.03158569335938,178.64959549781003,170.4341012260203,175.2140243052343,73377134
2021-02-10,169.94863891601562,172.60000291092584,166.6250989671229,171.03158840659154,49104142
2021-02-11,169.1270751953125,171.2556341459263,167.67069213251756,171.0315715716119,45311749
2021-02-12,162.4053192138672,168.60427341930617,161.1729868682818,168.60427341930617,114826417
2021-02-15,163.26422119140625,165.05669831400414,162.44267410818455,163.15218989185317,33000365
2021-02-16,163.00279235839844,165.65415595607575,162.25593687427198,163.60028858082333,30271502
2021-02-17,162.62936401367188,163.11482897056237,161.7331374034305,162.51733272861065,20615018
2021-02-18,163.45094299316406,164.75795518290832,162.74142716235707,162.96548977634936,24997592
2021-02-19,161.2850341796875,163.4882848582861,159.8286509462369,163.45093320144068,29208388
2021-02-22,158.44786071777344,162.2359189757715,157.64433247354873,162.2359189757715,53531490
2021-02-23,159.55747985839844,161.12627644748522,158.40958937991644,159.17485778338033,27703323
2021-02-24,159.82533264160156,160.55234130864272,158.02696511971078,160.01665581786065,13667471
2021-02-25,160.05491638183594,161.6237130772557,159.7870736351406,160.3227591285313,26953713
2021-02-26,155.9990234375,159.1748767767887,155.34854642960948,158.60091934234688,45101885
2021-03-01,158.33306884765625,158.98354582377254,156.15206708345988,157.22343807313032,16850430
2021-03-02,160.6288604736328,161.31759722766054,158.02696472211525,158.40959894695615,26590262
2021-03-03,160.6671142578125,162.2358986379356,159.78705442729836,162.2358986379356,21648963
2021-03-04,160.47581481933594,161.70023710560426,158.8687582948497,159.78707804122968,25858155
2021-03-05,159.5957489013672,160.70537957776418,158.56263778791418,159.1748549250343,17990773
2021-03-08,159.1748809814453,161.31761099533963,158.94529800160407,160.4758229048759,23874105
2021-03-09,159.02182006835938,160.51408520727452,156.68776682579283,159.71055689195745,23463213
2021-03-10,158.0269775390625,160.09318796872793,157.49129200618083,160.0166683935823,20358192
2021-03-12,157.03211975097656,159.1748616311007,155.7311658589829,159.1748616311007,31973696
2021-03-15,157.2234649658203,157.6443590513674,154.27720636699092,157.52957967716827,42699297
2021-03-16,159.0601043701172,159.8636327480085,156.8408303197292,157.95047340828157,50641203
2021-03-17,161.16453552246094,163.68991154143941,159.59575106697173,162.3889576866021,81604999
2021-03-18,166.55966186523438,167.66929263672276,162.15938643731684,163.00118658883548,95536034
2021-03-19,170.61553955078125,173.06438389532923,164.95259458321027,167.59274996569854,139352860
2021-03-22,172.94961547851562,173.25571800925047,169.50591956424753,170.88339307926893,47823778
2021-03-23,170.04161071777344,174.55666563993816,169.35287393733188,172.1843527576872,43165463
2021-03-24,165.2587127685547,170.50077637518305,164.72302725945815,169.12330281656764,28672557
2021-03-25,161.9298095703125,165.25870176077854,159.97839084670926,164.6464967207125,42248040
2021-03-26,161.39413452148438,164.11082184735753,160.97324049757452,163.9577705774553,27083832
2021-03-30,164.1873321533203,164.53170658620238,161.01149119696362,163.19249289174041,28862387
2021-03-31,167.2101593017578,167.82236443954616,162.7716235459279,163.80473487434085,37890481
2021-04-01,168.39630126953125,168.81719531214873,166.29183105644387,168.35804148203388,30182056
2021-04-05,162.65679931640625,168.35801611659792,161.08801487150276,166.52137681942236,32586507
2021-04-06,162.7333526611328,164.49346050234212,160.82019354591165,163.6134005183798,26663018
2021-04-07,163.6134033203125,164.68477438345838,162.5803041713615,162.77161523547375,15790468
2021-04-08,163.19252014160156,165.37352220056175,162.88641756795855,164.41694256289003,14660557
2021-04-09,163.07774353027344,165.2587457883119,162.65684942141667,163.5751693528848,16994483
2021-04-12,157.10867309570312,161.47067735995546,156.87910222112762,160.70542090017585,35840817
2021-04-13,159.71055603027344,160.47582455312724,157.64434557062702,158.40961409348083,21027436
2021-04-15,158.18002319335938,161.0497618203388,157.64433767951934,159.9401310064459,18205903
2021-04-16,159.13658142089844,160.13143274290226,158.0269507556297,159.17485332870024,13824608
2021-04-19,157.3382568359375,157.72089113098272,155.92252328365868,156.87910295791332,16400507
2021-04-20,155.7694549560547,158.40961068772106,154.96592666234852,157.79739345725733,22187707
2021-04-22,157.5678253173828,157.87392787452288,153.47366420380845,154.58329506847798,24030915
2021-04-23,157.14691162109375,158.4095936064564,156.30512363085197,156.30512363085197,20381213
2021-04-26,157.10867309570312,158.21831618413785,156.64951921983538,157.4913073889513,20652091
2021-04-27,157.1851806640625,158.3713431529424,156.91733791259657,157.10864896648013,11885588
2021-04-28,157.26171875,158.0269751233358,157.10865534861748,157.6443408733102,13197445
2021-04-29,156.3433837890625,158.83048798257397,156.15206061927597,158.4861256797009,13601150
2021-04-30,155.04244995117188,157.41477510181664,154.58329611236115,156.03730145866874,17130954
2021-05-03,153.77976989746094,154.4685067284315,153.05277327774644,153.97108096789657,21405441
2021-05-04,152.7466583251953,154.85114072995088,152.36403618498147,153.9710807033409,18962501
2021-05-05,154.1241455078125,154.58329935625846,152.67014013099293,154.16240529683733,14396547
2021-05-06,155.1572265625,157.606071054737,154.65980085645623,154.8128642480963,14872429
2021-05-07,157.14691162109375,157.98869961133553,155.31027225446243,155.31027225446243,20213092
2021-05-10,157.2999725341797,158.75396565138877,156.8790785132281,158.52439481150648,16922951
2021-05-11,156.11380004882812,158.0269589767616,155.9224890067204,156.0372804826707,14277000
2021-05-12,155.5398712158203,157.0703960943987,155.2337686654477,156.03729695521233,17174525
2021-05-14,162.42723083496094,163.15423951290225,156.11380845804487,156.87907692112583,64021335
2021-05-17,162.69508361816406,166.06224808598063,161.96808702210188,165.90919680926837,39465392
2021-05-18,160.74365234375,164.22560803352087,160.43754981382045,163.84297380775166,31653409
2021-05-19,158.98355102539062,161.77677007223627,158.83049975424655,160.74365883361997,25345241
2021-05-20,158.4095916748047,160.16969932689932,158.25654041723743,159.51922238720292,21688686
2021-05-21,159.97840881347656,160.5906139222978,158.71571455478053,158.86876583198583,23509878
2021-05-24,161.85330200195312,162.27419606141333,158.9835631637884,160.3227770469418,29977506
2021-05-25,161.39413452148438,163.30729358533463,160.8967087992659,163.0011910455302,26310600
2021-05-26,161.16453552246094,162.58028084998548,160.93496470380018,162.08285517724528,18253046
2021-05-27,161.58544921875,163.8812425724524,160.9349843386851,161.4706577320576,49385674
2021-05-28,162.9246826171875,163.3838364924735,161.8915833661148,162.61858003366348,26583388
2021-05-31,165.75611877441406,166.7509579758039,164.07253074893097,164.5316966316598,75852502
2021-06-01,164.7230224609375,167.89887563712747,163.95776613217427,166.8275046501443,40247686
2021-06-02,159.9401397705078,162.5803076981655,159.63403721060183,161.088042560229,100377464
2021-06-03,159.97840881347656,161.27935073307944,159.7105539199728,161.27935073307944,48454441
2021-06-04,159.74880981445312,160.4758063399529,159.17486455081044,160.3227550780958,31286264
2021-06-07,161.81503295898438,162.54202954252787,160.85845340096802,161.0115046750448,32643869
2021-06-08,163.4986114501953,163.95777740573968,161.62372422077416,162.3889806021556,22080199
2021-06-09,162.6185760498047,164.34041213498296,161.85330748302562,163.76646677325687,25846432
2021-06-10,164.80076599121094,166.4542880114318,163.38346496740442,164.32832399838225,31902690
2021-06-11,163.69842529296875,165.70626642019633,163.58031478948354,165.58816839405145,22249404
2021-06-14,163.22598266601562,164.13147565788321,161.57246070451205,163.73777817028625,18358717
2021-06-15,163.02914428710938,164.09212636414568,162.98977827754229,163.4228418148021,15426377
2021-06-16,163.6590576171875,164.84013768532822,163.02913909746297,163.02913909746297,20878518
2021-06-17,161.92678833007812,163.7771653725626,161.41499279855987,162.95040434779463,22304032
2021-06-18,161.0606689453125,162.5567145579304,159.4465253041258,162.20238304020225,24475206
2021-06-21,160.98191833496094,162.202364307951,159.36776240284755,159.91893638187756,19809308
2021-06-22,161.4937286376953,162.39923417655115,160.9031885995469,162.2811236734534,18737552
2021-06-23,160.58822631835938,162.08427180911744,160.31263931946552,161.92678282917274,13059519
2021-06-24,160.0370635986328,161.13941167189247,159.485889562003,160.9819351581897,23299321
2021-06-25,161.4543914794922,161.88745508334145,160.43078773197053,160.62763028741384,14411660
2021-06-28,160.31263732910156,162.1236358025854,160.11578234528454,162.1236358025854,15190488
2021-06-29,160.07643127441406,161.65120890517827,159.95832076857215,160.3126522860979,13839294
2021-06-30,159.60397338867188,160.94252977007454,159.48586290380197,160.8637977650535,16556397
2021-07-01,159.8402099609375,160.4701284984582,159.17093789133125,159.76147794208526,10583793
2021-07-02,159.36778259277344,160.3913861932189,159.24967208554114,160.07643315882655,13187847
2021-07-05,160.35198974609375,160.70632120053335,159.60397331206127,159.84018180434933,10642939
2021-07-06,159.44651794433594,160.47012148606845,159.24966295112662,160.03705796928392,11515716
2021-07-07,160.43077087402344,161.57248502577758,159.2890567222693,159.4465332455449,18568033
2021-07-08,159.05284118652344,161.02131651139925,158.89536465781435,160.23392139051228,21730892
2021-07-09,158.54100036621094,159.3283953244746,158.18668136912962,159.0528083368162,12289809
2021-07-12,158.34417724609375,159.4858913411806,158.226066740164,159.0528278043318,13589278
2021-07-13,158.93472290039062,159.21030993149353,158.54102535919486,159.05283341048343,11247522
2021-07-14,160.70635986328125,161.53312097853757,158.81661660631212,158.93472711954036,21269167
2021-07-15,162.39923095703125,164.1708510363546,159.76147136460884,160.9425514174911,29963443
2021-07-16,163.69842529296875,165.07636037139565,163.147251261598,163.5409487807686,30137464
2021-07-19,163.58033752441406,164.95827279435093,162.4779893084646,162.8323208681664,17099088
2021-07-20,162.83230590820312,164.8007811194503,162.5173528689654,163.9346540228761,24567907
2021-07-22,162.98976135253906,163.9739988308965,162.08426836247955,162.98976135253906,19016769
2021-07-23,167.24166870117188,168.18654019911614,162.59606817917705,162.98976567643214,46241640
2021-07-26,166.25741577148438,169.5644594687948,165.9818287967085,168.5014775725626,49084040
2021-07-27,164.28895568847656,167.71411017911274,163.73778168946245,166.92671518699555,25378089
2021-07-28,164.643310546875,165.35196114942738,163.34410737774454,164.01339196830548,15304399
2021-07-29,162.24172973632812,165.50939486527673,161.92676428983935,164.64326796144343,16204679
2021-07-30,161.3756103515625,163.06851084452896,161.10003582741226,162.28111584674642,15515733
2021-08-02,163.22598266601562,163.38345916558654,161.76930320964087,162.55669818483474,10046707
2021-08-03,165.27320861816406,166.06060368378436,162.5567168532533,163.3834779289524,19179805
2021-08-04,164.24960327148438,166.21807843730218,163.8559057428527,166.06060192131764,11421835
2021-08-05,169.4857177734375,170.66681017504877,162.91100875088466,164.2495776439097,48995450
2021-08-06,168.69834899902344,170.07627152998805,167.39914600414244,169.6038420174293,24489836
2021-08-09,168.3440399169922,170.98179978727154,167.4779127899969,169.2889115452331,21142199
2021-08-10,165.23379516601562,168.8557914641731,164.2101918564797,168.50146004317767,18855165
2021-08-11,164.28895568847656,165.82436718896733,163.34408419340386,165.23382718354924,16012451
2021-08-12,164.48580932617188,168.65896781361658,164.052745827261,165.54877883173876,28758718
2021-08-13,166.49365234375,167.1629368419656,164.7220198431415,165.2338278377781,19576945
2021-08-16,166.0605926513672,167.91095720756906,165.7456396369796,166.4542901580216,11621038
2021-08-17,164.7220458984375,166.5330446920648,164.407092841461,165.9818706036851,8161139
2021-08-18,164.52520751953125,166.5330489052304,164.05277792211436,165.03701560807264,11149120
2021-08-20,164.48580932617188,165.90311031848736,162.7535428531889,162.98976384435466,20168965
2021-08-23,162.4385986328125,165.50942177464665,162.20237762887444,164.9582477503513,10319044
2021-08-24,162.00552368164062,162.9897611588283,161.17876270352227,162.9897611588283,12971124
2021-08-25,162.51734924316406,163.69842935262582,162.20238373361238,162.51734924316406,10994627
2021-08-26,161.10003662109375,162.8716566588231,160.90318163200843,162.51733764221314,15407558
2021-08-27,162.12364196777344,162.871658493641,161.33624695724134,161.41499144923048,10879860
2021-08-30,163.77716064453125,163.93463714793995,162.2023706557649,162.2023706557649,12550267
2021-08-31,166.3755340576172,166.6117550405965,163.18660069675235,163.81651915891754,26802390
2021-09-01,164.95826721191406,167.1629635692028,164.80079068315655,166.13934741626636,16867486
2021-09-02,165.15509033203125,166.53302539329775,164.56455029929995,164.56455029929995,14872714
2021-09-03,165.8243865966797,166.33619464919067,165.1551020227825,165.1551020227825,10622796
2021-09-06,164.80076599121094,166.29681150626882,164.60392347909217,166.13932252376608,11041632
2021-09-07,166.72988891601562,168.77709613116127,165.47006429233338,166.06060435526612,38933378
2021-09-08,166.336181640625,167.71411669166727,165.1157230986533,167.12356418597767,17897021
2021-09-09,167.43853759765625,168.42277518388516,165.78501545822996,166.17871298818963,19784972
2021-09-13,168.61959838867188,169.40699335836646,166.76923393496278,167.9896923947876,16661794
2021-09-14,170.15504455566406,171.06055020326244,168.65899879899905,169.2101728947524,20377545
2021-09-15,170.07627868652344,171.0211502287393,169.5251171373494,170.94241821200308,21028598
2021-09-16,181.69029235839844,183.97373302871077,170.31250492577715,170.82431295965313,154986538
2021-09-17,182.0052490234375,186.8476921958144,180.39109298108522,183.4619160804491,82563658
2021-09-20,184.0524444580078,188.46183631236283,181.2965745490359,181.88712701334362,73101936
2021-09-21,190.15472412109375,190.90274060554,182.4383008590669,184.9973157855812,58854434
2021-09-22,191.72952270507812,193.54052134670755,189.52482653660044,191.72952270507812,54648494
2021-09-23,190.94212341308594,193.38304053896022,190.3122173659831,192.9105985262928,22630330
2021-09-24,187.7532196044922,192.1232337623867,187.1626670339593,192.1232337623867,25779310
2021-09-27,187.95004272460938,190.43032583256678,185.4303936084641,188.81616976878303,23772123
2021-09-28,187.2020263671875,190.23347102478863,186.06029983255104,188.85553596345167,16319138
2021-09-29,187.47763061523438,190.07601198920358,185.5878873638556,185.82410838961326,16045073
2021-09-30,185.94219970703125,189.2885973473177,185.23354918025598,188.89491231481816,16987893
2021-10-01,185.3123016357422,186.61149233190739,183.3831923588857,185.19419112202874,16570661
2021-10-04,186.29652404785156,187.67445913294048,185.35165249274198,185.82409450896697,11098123
2021-10-05,184.80047607421875,186.9658061735164,184.64299956328915,186.13904513313076,9578825
2021-10-06,182.083984375,186.13904508167212,181.57217635661507,184.8792205172433,18179336
2021-10-07,183.4225311279297,184.99730852262542,182.9107231717846,183.46189713152893,10770973
2021-10-08,182.43832397460938,184.87922871762098,182.0446264412615,184.8398627074884,10114327
2021-10-11,187.43824768066406,188.5799618158465,182.4383275878769,182.67453613069122,22000303
2021-10-12,189.99725341796875,191.33582249501308,187.39887223642205,187.87130177561045,30347455
2021-10-13,196.2176513671875,197.55620801503875,189.09176715007376,190.98151032948132,52091422
2021-10-14,202.0049591064453,206.17813037151106,197.12313729423073,199.40657792601294,88696178
2021-10-18,206.7292938232422,208.89461136276043,202.63486726293698,205.50883531332843,62614961
2021-10-19,193.6586151123047,206.7292895233663,192.94996461617106,205.82378404215478,61336411
2021-10-20,194.17041015625,195.66645563441728,190.82400019137077,193.65861464642552,49663940
2021-10-21,192.67437744140625,195.5483454293724,191.41455295195846,195.27275843238885,23385990
2021-10-22,186.29652404785156,193.54051850812448,184.01309589389874,192.67439144816584,36905793
2021-10-25,183.77688598632812,186.3359013118691,181.49345769445102,184.32806005365586,23194065
2021-10-26,186.37525939941406,188.18625792563452,183.14695984873234,184.32803987667015,19663381
2021-10-27,187.7532196044922,189.99726946315127,185.9815868475765,189.17052081908815,26909428
2021-10-28,177.2415313720703,185.78471584012243,176.4935023898005,185.11543134763772,48064941
2021-10-29,175.74546813964844,179.72178373216175,175.03681771249418,177.16276899395692,27668175
2021-11-01,178.61949157714844,179.17066568993081,175.19434885686556,176.49353963242024,24090945
2021-11-02,177.6352081298828,180.50918847465022,176.76908116921504,179.52495102346612,14896284
2021-11-03,175.15496826171875,178.61947670813132,174.56441570622468,177.95020460747324,18530527
2021-11-04,178.3832550048828,178.97379503947474,176.375401418994,177.04468594762358,7295341
2021-11-08,180.94229125976562,181.65094187945968,177.713991219528,180.86354675653666,21051238
2021-11-09,180.11550903320312,181.8083971196507,179.4068584964888,180.98163608059394,11964518
2021-11-10,181.76904296875,183.34382065558341,178.89506214873856,179.09191715793088,13948380
2021-11-11,181.0997314453125,182.2808238926723,179.95801748033549,181.41468444033944,8448263
2021-11-12,183.38316345214844,184.20992444047866,180.43045098411454,182.04460695485625,12312123
2021-11-15,187.47763061523438,188.1862812151661,183.54066758775213,184.209952175838,40247848
2021-11-16,185.39102172851562,188.6980532903774,185.036690234027,188.22562377506563,15241184
2021-11-17,188.5799560546875,193.10745892352983,185.54851128289675,185.82409830554505,48496295
2021-11-18,187.00518798828125,191.3358360755786,186.06031636549935,188.97366325729448,21005037
2021-11-22,181.8084259033203,189.56421702673038,180.74545616863097,187.320154558968,23443628
2021-11-23,182.35958862304688,183.2257157534474,180.4304793470285,180.4304793470285,13950744
2021-11-24,179.28875732421875,183.22570772802808,178.69821725911552,183.02886519877396,14684422
2021-11-25,182.12335205078125,182.8320025949266,177.75333828232814,178.73757584238228,24825493
2021-11-26,176.37539672851562,181.13910784159535,175.6667462103829,180.23361480961353,28067913
2021-11-29,174.40695190429688,176.0998402397219,173.3833481956855,174.80064947756034,22985358
2021-11-30,174.13133239746094,177.3202659260209,173.2258393773218,174.80061689953843,24408641
2021-12-01,174.72189331054688,175.82422889511213,173.6982772660115,174.8006253279171,13496307
2021-12-02,177.51712036132812,178.06828188664724,174.24944235203955,174.7218843413698,16517389
2021-12-03,174.52503967285156,178.10767090197103,174.28883114155934,177.162799344781,14325920
2021-12-06,171.57232666015625,174.95810288343574,171.2573736341164,174.52503935329582,13644352
2021-12-07,173.73765563964844,174.76125920618134,171.729802037902,172.35972056315785,9246755
2021-12-08,177.12339782714844,177.67457175190154,174.0132092388062,174.0132092388062,10241656
2021-12-09,185.3516387939453,186.17839978389517,175.58800837054878,175.58800837054878,39714672
2021-12-10,185.90283203125,188.14689424274292,184.0524673524883,185.98157652873255,36517117
2021-12-13,184.72171020507812,187.98937528204638,184.3673787624166,187.39883535494843,22903720
2021-12-14,179.9973907470703,186.69021078676872,179.17062974376594,185.03668878015998,38953007
2021-12-15,176.41477966308594,182.83200049545155,175.90297164589242,181.09974640239682,35987634
2021-12-16,175.50926208496094,178.0682770406119,173.85574012198424,177.950179023833,25131188
2021-12-17,171.6116943359375,175.46991261309196,170.66683524864052,175.4305466037897,30827201
2021-12-20,167.24166870117188,170.27312570496238,165.19446167918886,170.27312570496238,38778895
2021-12-21,167.32041931152344,169.6432134188103,166.17870526186178,168.5014993691486,20142586
2021-12-22,166.92672729492188,168.65898143042014,166.2180767415507,168.50150491604217,17903428
2021-12-23,171.09988403320312,172.0053770331392,167.87158456988493,168.4227585619641,23065082
2021-12-24,171.6510772705078,173.5801739817325,170.43061865444832,171.6510772705078,17220191
2021-12-27,171.29672241210938,172.00537288808533,169.80068945023746,171.96600688312532,8467106
2021-12-28,173.2652130126953,173.69827653843848,171.65106941262357,171.65106941262357,12014352
2021-12-29,170.66685485839844,173.46209138684307,170.3125233019437,173.2258703492066,11923119
2021-12-30,170.07627868652344,171.5723242552535,169.68259364816203,170.54872069630147,10116360
2021-12-31,171.6904296875,172.28096970494306,170.1943841629497,170.7849366577326,7875890
2022-01-03,172.5172119140625,173.10775200411322,170.90305569209312,171.69045079705498,8064567
2022-01-04,173.4226837158203,174.56439774339023,172.4778246789389,172.83214369843446,9398805
2022-01-05,173.6588897705078,174.40690622967438,172.16284437483594,172.9502393151556,11663111
2022-01-06,172.20223999023438,173.5407965491586,171.80854248090134,172.43844851396216,9295303
2022-01-07,171.9660186767578,173.73765122686788,171.25736815218178,173.06836670995165,9196075
2022-01-10,175.82423400878906,176.92658210275536,172.35972568757003,173.14710827087404,16451394
2022-01-11,174.76124572753906,176.57224419163154,174.17070573382918,175.8635937037118,8329596
2022-01-12,175.39117431640625,176.09982489559673,174.48568120640655,175.19433178559703,13665682
2022-01-13,176.3360595703125,177.79273932953672,175.39118789910518,176.29669355657026,11944029
2022-01-14,175.27308654785156,177.00534084789984,175.03686551517526,176.3360562402115,10976796
2022-01-17,176.8478546142578,177.635237217736,174.28883931760697,175.27307692996044,12792728
2022-01-18,173.81639099121094,178.97379988614793,173.4620719517968,176.84784821764137,14948456
2022-01-19,173.50146484375,175.11560873059972,172.2022740356989,173.81641792254862,11915686
2022-01-20,172.24159240722656,174.91871779117625,171.65105242849364,173.65889334712116,17997322
2022-01-21,170.90304565429688,173.61954987272554,170.0762845858482,172.04477223263598,17225050
2022-01-24,166.76925659179688,171.45422360915106,166.06060601373204,170.90304955095164,18023332
2022-01-25,168.7377166748047,169.05266968629255,164.997609112032,166.9267181427398,19028606
2022-01-27,168.97393798828125,169.68258850412488,166.2180679392561,166.33617843812,24041247
2022-01-28,171.3361053466797,172.63530841212494,169.36763022142728,169.36763022142728,15865353
2022-01-31,173.38333129882812,173.81639484401165,170.9424265462173,172.04477465299018,15618203
2022-02-01,179.32810974121094,180.15487076062183,172.55655755632915,174.01323708081785,44871108
2022-02-02,182.79263305664062,183.69813858171662,180.31234996135345,181.0997449851291,42714702
2022-02-03,184.6036376953125,185.19417774387864,182.51705204335036,182.7926390629933,28918394
2022-02-04,184.4855194091797,187.79256350541536,182.3202018299825,186.80832597353665,58889867
2022-02-07,181.25723266601562,184.8398640244644,179.9186760159046,184.2493239589054,25101983
2022-02-08,182.083984375,182.91074541515704,180.35173027791294,181.3359678289561,16825239
2022-02-09,181.21786499023438,183.46192720060864,180.11551689007288,182.9107531505279,12351873
2022-02-10,182.87139892578125,183.7768920793602,179.32813338195888,180.07616248518482,20317032
2022-02-11,183.02883911132812,183.69812357914313,180.94225369833958,182.6745076363652,18793513
2022-02-14,176.9430389404297,182.22432189577324,176.17705601787924,182.22432189577324,23621214
2022-02-15,179.80543518066406,180.20858884435316,176.21738929478394,178.19283330293877,13371177
2022-02-16,179.60385131835938,181.17614165720536,178.87817983712515,180.45047017597116,11664158
2022-02-17,179.523193359375,180.89390021216605,178.0718506789946,179.8457111156754,14564261
2022-02-18,178.91848754882812,180.16824717571552,178.59595698273242,179.52321159758395,9004891
2022-02-21,175.77392578125,178.43471698842487,175.08856582411784,177.62842243035578,16750193
2022-02-22,173.23403930664062,174.8869652254956,171.74238504862487,173.3549866637555,26741024
2022-02-23,174.12098693847656,175.37075938405545,173.3953155003731,174.8063468458605,11438476
2022-02-24,168.114013671875,171.9842651736251,166.90456566752826,169.32347445325067,42933709
2022-02-25,172.5083770751953,174.56444392392865,169.7669503512076,170.53293328412147,24543858
2022-02-28,174.0403594970703,174.52413618462094,169.96852446299005,171.90365676725256,20806226
2022-03-02,173.59689331054688,174.64508251587702,171.29893169849586,172.8712091179761,20039140
2022-03-03,176.90272521972656,177.54776077240024,174.1612857897752,174.20161009458937,29631546
2022-03-04,181.82118225097656,183.35314821377685,174.96760861866514,175.53202116612752,69409780
2022-03-07,181.37770080566406,183.03061399137795,177.46713763260496,178.99910345799256,47001716
2022-03-08,182.94998168945312,184.19974120325904,180.41012558205549,180.531072936269,37424203
2022-03-09,184.84478759765625,186.5783365104748,182.3049315163985,183.59501531968408,43923809
2022-03-10,187.06214904785156,187.4653027094478,183.71599793296195,186.2558545016902,37523806
2022-03-11,190.56954956054688,191.17427359369893,185.57047285089945,186.98150411294063,43305144
2022-03-14,192.70626831054688,193.0690976499259,189.72294664695747,190.48892963444814,36465969
2022-03-15,191.7789764404297,194.64135017663224,190.2066864617124,192.70623092891844,34269168
2022-03-16,195.60894775390625,195.93146555106438,192.7868850861971,193.51255651831798,22462538
2022-03-17,197.46343994140625,197.86659356756599,195.68956654170944,197.74564620201505,35541798
2022-03-21,197.14089965820312,199.76139171057582,196.5764999418318,198.2697246450044,29052540
2022-03-22,201.37400817871094,202.18031545063138,196.37493120227074,197.1812384741912,38368305
2022-03-23,203.18817138671875,204.55887826971855,200.36610901432374,202.74469349074622,42051087
2022-03-24,205.48614501953125,206.81654045540617,202.74470553659432,203.1478591533221,39712133
2022-03-25,204.27667236328125,206.21180450092265,200.9708333404203,205.84896243372904,30412482
2022-03-28,207.260009765625,208.02599270887956,203.63165269622195,204.80078926430573,25876007
2022-03-29,205.28457641601562,207.62284967141937,204.59921649656022,207.26002033449217,18820674
2022-03-30,200.93052673339844,206.73589773439286,200.48706160287966,205.68770858744202,18281803
2022-03-31,202.09967041015625,205.08299184798207,201.1724285889963,201.25305164629907,26644916
2022-04-01,204.2363739013672,205.88928713001454,200.60801688248176,201.57557023616474,14856664
2022-04-04,205.9699249267578,207.94536873581413,202.4625152379283,204.07511695312473,16520039
2022-04-05,209.19512939453125,211.13026168398704,205.68771968830882,206.45370263199385,28230046
2022-04-06,209.31605529785156,212.3396880102015,207.46155903436684,207.62281791244874,20352716
2022-04-07,206.9375,211.41247602194014,206.2521400889204,208.02600077450953,16679649
2022-04-08,215.92774963378906,216.77435556386058,206.41337344891176,208.0259750341858,39283623
2022-04-11,215.68588256835938,220.2414816723696,214.47643441864687,216.6937602854633,47924937
2022-04-12,213.5088348388672,216.61311630671662,212.1381279200194,215.2020723065873,24460888
2022-04-13,217.33876037597656,218.18536627621268,212.58157883970122,213.9119741423904,22239115
2022-04-18,217.7822723388672,219.71740481102097,215.48432329086017,216.08903461999043,25339139
2022-04-19,210.8883514404297,219.71736790467094,208.67102583127604,219.3142015322425,24280577
2022-04-20,209.27574157714844,214.0329231502586,207.66314003621812,211.97685650499812,25454589
2022-04-21,209.96112060546875,213.2266355111114,209.31607226382857,209.3967080979197,24313956
2022-04-22,210.52554321289062,212.05750914085087,208.46946350373835,209.63860010345599,16274820
2022-04-25,205.80862426757812,208.83225666136286,203.59128617925296,208.67099780027092,25140992
2022-04-26,208.7919921875,210.20301073425622,206.61496512964095,206.8971713943982,21327644
2022-04-27,207.6228485107422,208.42915579700934,206.21182992532042,206.57465926021928,17219401
2022-04-28,210.52554321289062,212.62192167547732,208.14694570596043,209.2354592447487,28999835
2022-04-29,209.27574157714844,212.057479554679,208.4291228933286,212.057479554679,21206335
2022-05-02,212.17843627929688,213.26694971430175,207.25999561252246,208.02597850347055,19696250
2022-05-04,209.43699645996094,214.51669568899095,208.50975474414105,212.8637826547382,26951488
2022-05-05,211.29150390625,213.83136004436236,209.9611085478702,211.25119238003424,18623544
2022-05-06,215.00048828125,215.56490073475575,208.75163976801596,208.83227559438612,35818441
2022-05-09,212.01718139648438,214.59736191248055,210.08206198077386,214.59736191248055,22228031
2022-05-10,209.43699645996094,215.12143243520853,208.9128955389151,211.2511811445572,18727774
2022-05-11,206.1311492919922,211.41243148220852,202.98656944673445,208.8322640592805,18012072
2022-05-12,203.91384887695312,206.73589855721096,200.89021600572949,205.60707357429612,20816708
2022-05-13,208.509765625,210.32393762723868,205.2039266069546,205.56675589659076,12380764
2022-05-16,204.8814239501953,209.59829479661943,203.99449359145518,209.59829479661943,8502159
2022-05-17,213.42822265625,214.0732582327937,205.4458243458276,205.60708323996352,18483427
2022-05-18,215.12144470214844,215.92775189173136,212.1784349594968,214.47640917210526,20978307
2022-05-19,222.25721740722656,225.1599029308869,211.73497599544325,211.73497599544325,81302807
2022-05-20,225.76463317871094,227.65944101962165,223.3457116098055,223.3457116098055,33617466
2022-05-23,221.32997131347656,226.1274904708716,220.16084753074523,225.76464837799926,22535903
2022-05-24,218.38699340820312,221.73314429342133,217.70163350823404,221.73314429342133,16146766
2022-05-25,219.87863159179688,220.846210519746,218.10477096263685,220.0802275711596,15877459
2022-05-26,220.28395080566406,221.56416891010562,217.92994734473876,221.56416891010562,19129574
2022-05-27,222.3488311767578,223.58776783884613,218.92108197967306,222.18362740582583,13986762
2022-05-30,222.22494506835938,223.835570655958,221.02728966132824,223.4225742982746,12274291
2022-05-31,223.54647827148438,226.72642206707778,220.0361530846581,222.22495270655295,24102167
2022-06-01,224.53765869140625,226.39605082828868,223.17479939791943,223.5464882961431,15265925
2022-06-02,225.90049743652344,226.6851565675794,221.2337977891549,223.58780135944144,14789457
2022-06-03,225.2397003173828,227.71760010090682,224.3311449165593,227.13942610246298,12968807
2022-06-06,226.97421264648438,227.80017920581665,222.7618172241413,224.9919243166268,11345943
2022-06-07,226.23086547851562,227.13942085836277,224.86803240874488,225.65269149342043,11245578
2022-06-08,221.27508544921875,226.64382876002753,219.87094493154248,226.2721398858574,14915091
2022-06-09,223.71168518066406,224.41375546325983,219.4992765736481,221.1925041323462,10239939
2022-06-10,223.1334991455078,223.83556939019513,221.9771512339188,222.2249438117044,8693455
2022-06-13,218.59071350097656,222.26622930546105,217.22786738607,220.0361484176604,11519902
2022-06-14,219.25149536132812,220.90341551485864,217.26919379480339,217.39307700825677,7708043
2022-06-15,217.55825805664062,220.77949612937883,217.26917107835615,219.70576319369067,5254329
2022-06-16,215.32815551757812,221.27508589641178,214.33701136157097,220.53170814656917,14843837
2022-06-17,217.47567749023438,218.17774780469682,213.552355698647,213.92404460226564,17296080
2022-06-20,218.13644409179688,219.82967165509365,215.86504253991671,217.47566820974785,17738981
2022-06-21,222.92701721191406,223.71167626793147,218.13643480874302,218.87979946406426,14417711
2022-06-22,219.12757873535156,223.2573983689782,218.797197353,220.5317061546247,11756920
2022-06-23,219.2927703857422,220.73821838910845,216.73229502848073,219.2927703857422,9416459
2022-06-24,219.5818634033203,221.64677983019354,219.04499691203588,219.78836159028685,7283228
2022-06-27,222.96829223632812,223.5464661840021,220.11872998604753,220.5317001584795,8487729
2022-06-28,224.53765869140625,224.86804009745464,221.81196628155058,222.10106637254168,11673046
2022-06-29,226.35475158691406,227.13941063627712,222.30753387338697,222.3901226740789,16635367
2022-06-30,225.90049743652344,226.89164167936488,224.66153441157334,226.27216016688982,20003893
2022-07-01,234.86215209960938,235.39901855813434,224.00074340239433,225.9004690169087,36520000
2022-07-04,241.0981903076172,242.25453842735064,235.23386089386054,235.9359312649216,41417701
2022-07-05,236.96835327148438,242.00671536934345,236.01851657460995,242.00671536934345,19283789
2022-07-06,238.95069885253906,239.52887291477,235.6468582871283,236.30762116478635,18997440
2022-07-07,241.13949584960938,242.13064015401167,238.28993306947257,240.35483666981753,14326277
2022-07-08,242.04800415039062,243.20435203531412,239.8592046665794,241.92410786435488,11538313
2022-07-11,243.6586456298828,245.26927127658618,241.22205341461827,242.00671249276047,12828405
2022-07-12,241.7589569091797,243.94773045707524,240.2722013129126,242.0067233314395,14616684
2022-07-13,242.87396240234375,243.4934176343334,241.75892204307092,242.00668842959823,9634877
2022-07-14,240.23089599609375,244.7736726070882,238.8267555246535,243.08045825000076,13930984
2022-07-15,242.46096801757812,242.83265686602522,239.1158469128977,241.1807500570067,11450042
2022-07-18,243.90643310546875,244.73239965671624,242.62618887760257,243.65864052238285,11751684
2022-07-19,243.32827758789062,244.15424420176777,241.75895934550684,243.6586589980178,9542292
2022-07-20,246.30172729492188,247.37548647073535,242.50230195410182,243.5760611299153,16397373
2022-07-21,247.4167022705078,249.60550135658718,246.13645833218473,246.96242469662968,16660697
2022-07-22,248.2427215576172,249.8533471496641,246.2191257838622,247.78844388689194,10351425
2022-07-25,248.69705200195312,250.2250891173317,246.7973521150167,246.9625297519043,11050533
2022-07-26,249.8120574951172,250.8858166921778,248.16015047323685,248.61442817639366,10114261
2022-07-27,251.21612548828125,251.91819558608228,248.28397501121597,250.14236660156607,9706094
2022-07-28,250.6380157470703,252.08346379233228,249.7707678616067,251.83567120302354,11256515
2022-07-29,250.30758666992188,252.66158964279865,248.9034463827401,251.9182120164864,17584873
2022-08-01,253.98312377929688,255.05688277330984,250.3489028412728,251.09225431627186,16501510
2022-08-02,256.0068054199219,261.54075365655035,254.561383290814,256.0481129179702,40483892
2022-08-03,254.52005004882812,256.7914648464247,250.80323944544287,256.7914648464247,18376724
2022-08-04,255.6350555419922,256.3371257068625,253.69404880616196,254.39609279391948,16514348
2022-08-05,256.7501525878906,257.53481171702884,255.30473063180642,255.63511204527944,10477269
2022-08-08,258.6498107910156,259.3105996891377,256.0893487028322,256.83270021968724,8627072
2022-08-10,257.0392150878906,259.43452603910265,256.6675523749457,258.6498407677098,9267241
2022-08-11,252.95071411132812,258.89763160348264,252.16605502237957,258.5259427159437,11305242
2022-08-12,254.85043334960938,255.55250368787003,251.5053116350064,252.95073362858352,6669853
2022-08-16,256.5023498535156,257.2870089516655,254.8504166742715,254.8504166742715,8941455
2022-08-17,258.154296875,258.7324709010254,256.8740525190067,257.4522265450321,8283028
2022-08-18,260.7147216796875,261.00382173942165,258.1955408259595,258.52592219628764,10264507
2022-08-19,257.6999816894531,261.1277178536069,257.03919277211645,261.1277178536069,10823811
2022-08-22,259.6822814941406,261.8297997613308,256.87402663436967,257.03920423823575,11793184
2022-08-23,260.9212646484375,261.003853456777,257.7826019832349,258.4846722969165,9698555
2022-08-24,259.4345397949219,263.8534206873481,258.567265672125,260.79737295362673,11783894
2022-08-25,257.9891357421875,261.3342841475996,257.3696802971518,260.54962487761367,8057930
2022-08-26,258.4433288574219,260.50823201853126,257.6999773315222,259.97136557331953,7224507
2022-08-29,258.9802551269531,260.13657696446035,255.09821469092915,256.0480775980396,11798961
2022-08-30,264.72064208984375,265.4639935842234,259.5583582288505,259.5583582288505,18516092
2022-09-01,262.32537841796875,265.877011292771,261.0038527794927,263.8947228350569,13765474
2022-09-02,266.9094543457031,267.8180359140448,262.6970587884709,263.2339252895259,26750910
2022-09-05,271.617431640625,272.2369131163737,267.4050361368849,268.4374878117214,18144801
2022-09-06,270.21331787109375,272.56729513005047,269.5938363939382,272.56729513005047,12431779
2022-09-07,269.3460693359375,271.1631802716919,268.64399898764697,269.2634805235267,8397233
2022-09-08,272.4847106933594,273.06288468893354,270.5023961118026,271.7413329088565,11331350
2022-09-09,272.9803161621094,275.2929861390914,272.5673197476658,273.0629049741503,9770432
2022-09-12,273.3106689453125,274.54960570456757,272.5672911834894,274.2192243139073,9048240
2022-09-13,276.2015380859375,276.69709708202555,273.062875617502,273.9714309836329,10925371
2022-09-14,276.9862060546875,280.000946149529,273.35195829632676,273.3932657877927,12739464
2022-09-15,275.9537353515625,278.39032746072826,274.9625650416018,277.8534348171276,8742900
2022-09-16,273.6410217285156,276.36668754934885,272.31947012691785,274.5082695161938,12973988
2022-09-19,277.1926574707031,278.26641652426684,271.82391455711326,271.82391455711326,14918717
2022-09-20,277.5230407714844,280.4964992114063,276.6970742765917,279.7944289996032,9892945
2022-09-21,281.6115417480469,285.121892834061,277.1100727439219,277.52304290598715,21800547
2022-09-22,284.998046875,288.0540946744189,281.57031015782064,281.6528989693943,25111230
2022-09-23,286.113037109375,288.7148328987913,283.5525749841519,287.02159240818236,23718397
2022-09-26,274.71478271484375,285.7413423569742,274.0127125116955,284.8327870769269,16829922
2022-09-27,276.57318115234375,280.4552211049659,275.87111093252213,276.6970774368484,10375837
2022-09-28,268.3962097167969,275.29296395155023,267.85931703900366,274.1779234589476,16151900
2022-09-29,275.08648681640625,276.6145237344205,270.70888734748166,271.74133906460094,18985406
2022-09-30,274.3843994140625,277.31657676720016,272.6911849859782,275.08646967922056,12906555
2022-10-03,267.9419250488281,275.045217248957,266.99208827603354,274.9626022605337,9462192
2022-10-04,274.9212951660156,275.8711318497507,270.91538480226563,271.49355878142114,9142294
2022-10-06,278.0599365234375,280.2487361859203,274.673507567667,276.6971034429115,23091432
2022-10-07,275.9537353515625,278.2251236833629,273.6410395311418,278.18381619474263,10910698
2022-10-10,270.7914733886719,273.76493192198603,269.3047441220148,272.56727654020784,9750594
2022-10-11,269.51123046875,272.9389666779915,268.5200601682649,271.7413112906105,11018577
2022-10-12,272.6498718261719,273.7649384355314,268.23099140909665,270.87406863238516,10735673
2022-10-13,271.4522399902344,273.6410395218355,270.91537352376776,272.5259991002834,7546587
2022-10-14,274.3017883300781,275.7885175422597,273.26933676114334,274.46699209903807,6672357
2022-10-17,274.4256896972656,276.49059287339514,272.2368902363991,273.4758269066539,7195922
2022-10-18,281.0746765136719,281.6528504493247,275.49944841618117,275.8298297826807,21691854
2022-10-19,286.07177734375,286.98033271098154,280.6617264534334,283.387392555128,16923690
2022-10-20,288.8387145996094,289.8711661304094,284.79149726928165,286.6086077751515,19186222
2022-10-21,285.4522705078125,291.729568717296,284.543715221326,291.729568717296,28426343
2022-10-24,287.1868591308594,288.83879249649436,286.60868507059917,288.21931094010114,3292671
2022-10-25,286.0304260253906,288.6735029188271,283.8416267459613,288.6321954349673,17906260
2022-10-27,285.6175231933594,287.723708001335,284.0068974229033,286.31956734460533,19273344
2022-10-28,285.6175231933594,287.9301931150614,285.03934916865416,287.062945166563,13572499
2022-10-31,288.0128173828125,289.4995468975155,284.7502582431789,287.4346433394769,14358449
2022-11-01,288.6735534667969,289.49952004883465,286.7738538875155,288.4670683655667,20422565
2022-11-02,292.9272766113281,294.24880229164387,287.8476066512364,287.8476066512364,17427813
2022-11-03,292.1426086425781,296.1072117408969,291.56443463062345,292.3904012444327,11149636
2022-11-04,292.05999755859375,294.04231222279236,291.1514421244024,292.3904051502257,8709851
2022-11-07,291.9774169921875,294.33142063059,289.08654681218417,293.2163538758691,10437370
2022-11-09,297.92431640625,298.54379789803886,291.72960619683226,291.9773987935478,21404869
2022-11-10,294.04229736328125,297.26354871339765,292.47297917936925,296.5201971125878,20071989
2022-11-11,294.33135986328125,298.1307847187009,292.9272194690169,297.3460995498256,11372654
2022-11-14,286.77386474609375,294.82696723881736,286.27827954268247,294.33140821252437,18319254
2022-11-15,285.1632385253906,288.2192861946013,280.12485004591844,288.2192861946013,16046491
2022-11-16,284.2133483886719,286.4847367209948,282.18972645678036,285.53487389943587,7897812
2022-11-17,283.8829345703125,286.9802890814712,282.9743793412083,284.2133159102492,10379179
2022-11-18,281.69415283203125,284.75020004960976,280.6617012640111,283.88295225040315,8140173
2022-11-21,278.5141906738281,280.82688643696554,276.2015210878058,280.08353490002287,9553090
2022-11-22,281.03338623046875,281.6528676912749,277.27526850722194,278.3490276469138,6746019
2022-11-23,280.6617736816406,282.4788847218771,278.76204764712355,282.4788847218771,8067471
2022-11-24,281.4464416503906,282.89186379273116,278.80336382490236,280.6617824201416,8454385
2022-11-25,281.0746765136719,282.39622815678473,279.0097733402139,281.6528504493247,7200274
2022-11-28,280.8681640625,282.2723043661323,279.7944050931731,280.8268565792947,10284123
2022-11-29,282.7266540527344,284.95673517212254,280.82692817476186,280.82692817476186,10582296
2022-11-30,280.82696533203125,284.25470245212307,280.0009985878486,281.859417217979,23425220
2022-12-01,280.4552001953125,282.23100317895796,278.1837859334843,282.23100317895796,17270904
2022-12-02,278.4729309082031,281.4876971310472,278.14254951321044,280.29004166922135,8711914
2022-12-05,278.1425476074219,279.87706955208654,275.99502928900836,278.88589919678276,10090597
2022-12-06,278.5968017578125,279.34015328437266,275.95372466215963,275.95372466215963,6571118
2022-12-07,280.9095458984375,282.0658677860122,278.05995705372226,279.58799403430766,10191144
2022-12-08,279.50537109375,282.6027259937334,278.7619933527383,280.9921003986574,6439244
2022-12-09,281.9832763671875,282.8918318128852,279.1750212196999,280.620443198641,8445424
2022-12-12,283.469970703125,284.1307596357325,280.9095084813154,281.65286003696474,11646572
2022-12-13,285.4522705078125,285.7826518686154,282.8091934442751,284.543715221326,11105261
2022-12-14,285.287109375,286.8977351103185,283.9242762415949,285.7826945788267,7664099
2022-12-15,279.8770751953125,285.86527405280185,279.17500490518864,284.7502335577192,8469001
2022-12-16,276.77972412109375,279.9183605491572,273.64106151591244,278.762012546044,12907968
2022-12-19,281.2398986816406,282.7679093295101,276.9861957719093,278.1838250316687,8113695
2022-12-20,280.9507751464844,281.6115378675297,278.14252049348465,280.8681863506323,5693354
2022-12-21,276.8210144042969,281.85937679089994,276.284147877286,281.652891678751,7316532
2022-12-22,274.5909118652344,278.6794110041144,272.4847010607174,277.2339891548351,6838031
2022-12-23,269.84161376953125,274.13662402235815,268.72657335064105,273.3106574917627,10461859
2022-12-26,276.36669921875,276.7796955641752,268.85046415112413,269.67640448774426,9934633
2022-12-27,275.16912841796875,277.85348743586167,272.6912283509283,277.1927245554991,6986433
2022-12-28,276.2015380859375,276.69709708202555,273.80622720019244,274.92129383990306,8035558
2022-12-29,276.9862060546875,277.3165874550625,273.8475434854481,276.16023946519107,8417520
2022-12-30,273.8475646972656,278.1425755890615,272.98031672624506,277.0275088271671,7228324
2023-01-02,274.9212951660156,275.8711318497507,272.2782178580357,273.31066952244794,6181118
2023-01-03,273.475830078125,275.3342481936164,272.7737598488454,273.80621144888335,6228015
2023-01-04,270.08941650390625,274.6321933273518,269.263449942248,274.0953268419764,6947412
2023-01-05,275.4168701171875,275.7885590204129,271.08057811091294,271.45226701413833,8486143
2023-01-06,276.7384338378906,278.8033373751231,275.1278080317646,276.449333730576,8603181
2023-01-09,279.2162780761719,281.9006628614671,277.64695993055625,278.30772271006634,11027747
2023-01-10,275.3755798339844,279.5053865963529,274.67350954312764,279.09239021384553,7217255
2023-01-11,274.0540466308594,276.779739173355,273.6410763974821,276.779739173355,4760847
2023-01-12,272.44342041015625,275.5407756869876,270.9979984184826,275.3755980647434,6894087
2023-01-13,271.5348205566406,274.42569024440866,269.59381366137814,272.4433758617799,14967746
2023-01-16,272.73248291015625,274.3843897904284,270.5436833888196,272.8563791983161,8571826
2023-01-17,274.4256896972656,275.4581412853304,271.8239200720192,272.732475375347,14240647
2023-01-18,276.40802001953125,277.9773381472333,274.5496018183956,275.87112736233075,13039078
2023-01-19,274.3431396484375,277.2340097387525,273.9301432486104,275.8711504141537,8667564
2023-01-20,276.36669921875,276.8622843624142,271.9478189447949,274.2192072247305,13608325
2023-01-23,278.9684753417969,279.2988828966497,275.08646143199167,277.52305354205777,7399204
2023-01-24,279.95965576171875,281.4463851037806,278.84461529945156,279.00979290572695,12776694
2023-01-25,280.20745849609375,281.652880400375,276.90359212553494,279.9183584089669,12978859
2023-01-27,285.78271484375,288.1367185517315,282.0658779057245,282.3136705252089,21850457
2023-01-30,284.7915344238281,290.5319667310704,282.3549422107496,286.52605636311534,14634225
2023-01-31,291.0275573730469,293.2163572360525,281.6942100555176,285.7827096716558,17794183
2023-02-01,298.5025329589844,302.0541662715992,271.82398870522036,291.56447014748824,67003785
2023-02-02,312.70904541015625,317.7474075810031,297.676547703515,298.66769190565753,57892084
2023-02-03,314.4022521972656,315.7237777677234,307.257679322767,315.4347038656046,23153980
2023-02-06,316.6736145019531,320.63824324042014,313.53495226542634,315.9302629741873,26783409
2023-02-07,308.29010009765625,317.08657905374054,304.32549760645486,317.08657905374054,21438758
2023-02-08,310.1898498535156,311.63527168634687,306.88598364627336,309.5290609057974,10821785
2023-02-09,309.1160888671875,313.86537687881804,307.38156697190806,308.90960377475056,12318006
2023-02-10,306.7208251953125,311.3461910554725,305.8535510997639,307.42289549933633,10674456
2023-02-13,309.0748291015625,309.85948828025045,305.6057847753545,308.0836847985546,10282470
2023-02-14,319.1928405761719,320.18401098988426,308.7031194861325,309.7355973927891,30246745
2023-02-15,320.85595703125,321.4016217851001,317.79178430847446,320.4781768449944,12679568
2023-02-16,321.1497497558594,323.41640413620297,319.84852470474647,320.6880273125074,10151755
2023-02-17,321.8633117675781,322.828741055192,318.3794013713562,319.8904953577429,7967611
2023-02-20,322.40899658203125,325.3052846255775,320.10038432075044,322.9546879209602,8105569
2023-02-21,320.89788818359375,323.96206065154666,320.43616575193863,323.20652694797917,8577674
2023-02-22,322.2410888671875,323.12254926502857,319.00903193362467,320.68801045477653,9306194
2023-02-23,325.38922119140625,330.7620059629958,321.6114727530318,322.74481324821056,19555814
2023-02-24,323.2904968261719,326.5645385687466,319.84854390951875,326.5645385687466,13407431
2023-02-27,320.85595703125,324.71764796537934,317.41400412221884,323.29049611026613,8455904
2023-02-28,316.2386779785156,322.5768918805146,314.8115528547274,321.1077823154553,16997837
2023-03-01,317.917724609375,319.3448765254144,313.6362954673701,314.1819602445149,8065784
2023-03-02,315.2732849121094,318.7991532971468,314.5597090253691,318.58928429660216,5212922
2023-03-03,323.1645812988281,323.54236149901516,315.7350370590492,316.4905708533101,8495772
2023-03-06,325.8509521484375,329.50277396052957,323.41641314241326,323.9620778799033,11126980
2023-03-08,329.41876220703125,330.04839574998107,323.2904443487868,325.72498303801314,9261146
2023-03-09,325.3053283691406,330.4262604759027,323.75224963629626,329.1670196737032,10005328
2023-03-10,325.72503662109375,327.57192650942363,321.9472879541555,324.84357612206804,8684320
2023-03-13,322.0732116699219,328.15957264032426,321.1078088957629,326.732420792291,9130473
2023-03-14,318.75714111328125,324.42373619239686,316.65839825344494,323.7941292981096,10623744
2023-03-15,318.5053405761719,322.61888471389494,317.3300422511081,319.8485234584673,8748113
2023-03-16,320.2262878417969,320.9818481304396,316.3645973363221,319.5127119934485,16315136
2023-03-17,315.2732849121094,323.2065353391372,310.3202381474808,323.2065353391372,50787703
2023-03-20,318.00164794921875,318.463370411472,312.2930672313096,313.3844233266862,10512002
2023-03-21,316.44854736328125,318.0016258127998,314.01400849486106,318.0016258127998,12057999
2023-03-22,317.12017822265625,318.0436231202378,314.139947920916,316.44856016486983,4958761
2023-03-23,319.5547180175781,321.3176655373776,314.3078599013099,316.4905454279664,10127917
2023-03-24,317.917724609375,321.5275622401073,317.3300753854831,320.26832150494266,10317108
2023-03-27,319.17694091796875,322.70283599148394,315.9448837369688,317.2880666567205,11232922
2023-03-28,318.79913330078125,320.9818452666467,317.45595049665695,319.1769134417321,9523719
2023-03-29,321.3176574707031,322.36702906761235,316.61646420259467,319.1769298348087,10551626
2023-03-31,321.9472351074219,322.78673762961864,319.00901618889503,320.6879946271807,9877493
2023-04-03,318.0855712890625,322.3670265271102,317.7497755734311,322.3670265271102,7331070
2023-04-05,324.3818054199219,324.9274700950395,318.08554970913366,318.08554970913366,12055499
2023-04-06,325.1793518066406,327.65584858262633,322.53491726045695,324.591702641501,13394394
2023-04-10,326.1867370605469,327.4040198262392,322.9966378104752,325.1793499002608,7044256
2023-04-11,332.44097900390625,334.2039264718616,325.7250114550278,326.18673389143686,18939829
2023-04-12,330.38421630859375,333.95209564371703,329.1669601754004,333.9101112023239,10122932
2023-04-13,332.1051940917969,332.9446967142466,330.51015773342004,332.02125181138524,6292395
2023-04-17,335.9248962402344,337.47794801298824,329.8385360430229,329.8385360430229,11466474
2023-04-18,334.53973388671875,337.47797976938756,333.2804932530353,335.7990011265133,9860308
2023-04-19,334.7496337890625,336.93231935583754,332.4409948905821,332.4829793344839,10119480
2023-04-20,336.0508728027344,338.0236894439417,333.8681605394353,335.7990193411143,6924577
2023-04-21,342.7248229980469,343.35445659053994,335.00146836475506,336.05083994817016,14801099
2023-04-24,343.1026306152344,344.1939867275371,339.3248819701276,344.1939867275371,6212135
2023-04-25,345.49517822265625,347.1741567634121,342.0112412126051,343.10259721867857,9180650
2023-04-26,346.0828552246094,346.71246225078784,343.3964627370243,345.87295960977156,7914219
2023-04-27,349.23095703125,350.4062553632205,345.03347059024406,346.04085775788565,13100076
2023-04-28,357.2481689453125,359.51479684583404,347.30011703160113,350.90995450060126,13208557
2023-05-02,356.3247375488281,358.4654388022184,353.5963604694285,357.62596272189217,10648421
2023-05-03,358.5913391113281,359.7246796272577,354.30991031392773,355.9469311197148,7607609
2023-05-04,356.45062255859375,358.46539684287774,355.9469156844678,357.0382717097041,8292456
2023-05-05,359.9345397949219,362.57894772161086,356.2407602648026,357.58394314626037,12890455
2023-05-08,362.201171875,363.88017710294014,360.4382509736069,361.82341831390767,7522610
2023-05-09,355.7790222167969,363.62833056708234,353.8481901134796,363.33451927997135,10377820
2023-05-10,357.08026123046875,357.9197638931349,354.43585311887716,355.9049628239586,10130159
2023-05-11,352.9247741699219,358.8012664555885,351.66553342474003,358.67533972045896,16597954
2023-05-12,352.96673583984375,354.8555835326713,349.2729295245968,352.9247513954721,11564770
2023-05-15,359.136962890625,359.8924964863376,351.79136286810484,352.5888808992872,9503538
2023-05-16,355.90496826171875,360.9839421544759,355.52721467294293,360.9839421544759,8302077
2023-05-17,358.9691162109375,360.10243011105604,354.7716297300872,356.0728547961286,9844782
2023-05-18,352.3371276855469,363.04071401212815,350.9939446418551,360.9839549991824,24919291
2023-05-19,352.4630126953125,355.19138951321884,345.327280453651,353.38645758005697,26759905
2023-05-22,356.5765686035156,357.4160446310784,351.83339069600646,354.2259718716724,16015615
2023-05-23,360.2703552246094,361.99131836291735,356.11485302589,357.6259471532527,9068926
2023-05-24,363.92218017578125,364.9715518454359,358.4654262086875,359.5567823233287,11921823
2023-05-25,370.3443298339844,371.4356593216248,365.01350269777276,366.8184347059653,18905572
2023-05-26,372.4010925292969,373.36652190656764,368.9591662541491,372.2331813569451,13496209
2023-05-29,377.018310546875,379.2849650000539,372.8208239793013,373.57638433239805,20589822
2023-05-30,386.1734313964844,387.5038840272775,378.5340810421522,378.5340810421522,19627897
2023-05-31,382.3966979980469,387.9760195977176,379.77871993205804,385.6584523112989,14821960
2023-06-01,377.4181823730469,383.6841793386211,376.8173337216044,383.6841793386211,9142172
2023-06-02,380.5940856933594,381.881637964553,377.5040146499432,377.6756973540104,9558309
2023-06-05,378.2336120605469,383.5554221471092,377.7615186370993,381.96745917563834,7427630
2023-06-06,380.0791320800781,380.76580856133046,378.01907543259387,378.36241367322003,6703067
2023-06-07,381.0661926269531,382.525373142299,380.0361508470345,381.1090928986342,7833952
2023-06-08,380.1649475097656,382.61126980001274,379.30658833417493,382.568342319929,7294955
2023-06-09,376.34527587890625,381.7099867726844,373.5127150558858,373.5127150558858,7329661
2023-06-12,375.0577392578125,378.49114868429234,372.39683403052095,377.6757170059225,9054977
2023-06-13,382.31085205078125,383.16921127173345,376.21653694686665,378.5341041230648,16732376
2023-06-14,381.5382995605469,384.32793267131706,380.8945234252868,383.04040760452125,9039402
2023-06-15,384.6283874511719,385.1863086570211,381.7528992605887,381.9674822471672,7787525
2023-06-16,388.920166015625,391.0660503441356,384.4567146426835,385.40090157093005,12181426
2023-06-19,389.3493347167969,391.32356354688983,388.19056478835836,390.3364491318434,4350517
2023-06-20,388.70556640625,390.37932999535724,386.3879994608957,390.37932999535724,4644353
2023-06-21,383.72711181640625,389.8643540714859,382.01042067086826,387.975980209531,6292873
2023-06-22,384.24212646484375,385.95884478597384,382.697090857317,384.5425372089923,6892713
2023-06-23,381.7529296875,384.2421523784055,379.9933109720935,384.1133971354511,6325479
2023-06-26,382.56829833984375,387.460915154156,381.10909062946286,383.5983129099062,5688287
2023-06-27,382.0533142089844,383.8558602828028,380.3795233692762,382.9116733684778,5052984
2023-06-28,385.7013244628906,386.7742665852522,381.5383112044259,381.9674771718805,12548096
2023-06-30,387.63262939453125,387.93304013384915,383.34083366071934,386.2592493189664,9456776
2023-07-03,397.6324768066406,399.95001675366007,386.30220594419177,387.6326586414976,11111199
2023-07-04,400.2933044433594,401.7096119255575,394.6711108059222,399.13453461619395,8022597
2023-07-05,407.8039245605469,412.5678138010311,398.53371095448574,400.29332954380067,16878943
2023-07-06,406.77386474609375,409.7781078600926,403.85547658086824,409.7351803857059,9835812
2023-07-07,402.0530090332031,408.14732419343625,401.3663053278588,406.00143972308916,7605499
2023-07-10,399.86419677734375,404.19889319750484,398.0187230764531,403.4263617309754,6772454
2023-07-11,406.13018798828125,407.33185824359526,399.99294545076737,399.99294545076737,8783282
2023-07-12,405.40057373046875,410.0785810019085,403.81261058479845,410.0785810019085,12816220
2023-07-13,405.14306640625,409.22025219887996,404.28470720721316,406.7739298418112,8214385
2023-07-14,405.91558837890625,407.7181346145263,404.58513564282515,406.00144334517023,5277090
2023-07-17,405.4434814453125,408.404797590093,403.9413732339311,407.2889551029162,6325310
2023-07-18,405.5722351074219,407.03144303513886,404.2847099021475,405.6151625889643,5558415
2023-07-19,411.0227966308594,412.3961495805734,401.7954828864581,405.7868136998256,14401395
2023-07-20,422.43890380859375,423.76935650857695,408.8339932499008,411.92406465463,21030102
2023-07-21,420.9797058105469,427.20277624896994,418.0183895780417,422.1384758137602,14510084
2023-07-24,404.5850830078125,428.9194404210098,401.8383501304543,423.55470269148583,40477929
2023-07-25,396.8170166015625,402.13879980516936,390.89435750965157,401.6237788744661,45211370
2023-07-26,405.3576354980469,406.0014116761696,396.60241549420846,399.04873776734865,18842179
2023-07-27,399.1774597167969,407.8468240381567,395.78695080095144,407.2030751174403,14528232
2023-07-28,402.0959167480469,402.95427599280464,397.7612474481721,401.4521677172749,10362522
2023-07-31,399.7353820800781,403.1687912786355,397.8470083810578,402.5679426286087,8510403
2023-08-01,398.9629211425781,402.4392309902516,398.1045619490417,399.99293585258584,6686176
2023-08-02,394.9286193847656,398.96290470782736,393.12607331371055,398.7912219947016,10715605
2023-08-03,391.4523010253906,398.0616092694034,389.9501657308603,394.92861065300184,11026824
2023-08-04,390.5080871582031,396.0444804861132,389.9072384807844,391.6668842384768,7097614
2023-08-07,390.4652099609375,391.8814903834742,387.07470068003323,389.77853349008217,9513953
2023-08-08,388.2763671875,392.26772486350313,387.1604976084215,392.26772486350313,6638681
2023-08-09,393.68402099609375,394.75696314088793,383.5983485127932,388.2763827929899,10134166
2023-08-10,387.7613830566406,394.2419637588224,385.4009156497953,393.89862551816555,13702317
2023-08-11,385.1863098144531,389.6068336069002,381.75290040770386,389.6068336069002,12028396
2023-08-14,385.57257080078125,387.3321893597199,382.01040620449373,385.18630510626537,7854074
2023-08-16,386.4738464355469,392.61108871575766,384.71422780276777,387.1176226200887,15494896
2023-08-17,378.5340576171875,386.25923524920324,377.67569850169144,386.25923524920324,16896158
2023-08-18,379.09197998046875,380.55118776098124,376.38817460177904,378.53405879533585,20068497
2023-08-21,384.3708801269531,384.97172881651846,378.83448668712066,379.392435101255,9940689
2023-08-22,389.9072570800781,390.67978850377847,383.6842142287713,385.400905386339,10234488
2023-08-23,386.6455383300781,391.10896263642394,385.0575751730007,391.0660623589204,8770272
2023-08-24,387.03179931640625,389.26351144228437,385.6584191748243,386.7742888396267,6322751
2023-08-25,380.55120849609375,387.1176166624597,379.43533886130297,387.0317889070838,9628041
2023-08-28,378.87744140625,383.5554760253628,378.53410315948867,381.96751283082983,7176903
2023-08-29,377.76153564453125,381.1091172355908,376.9890314639849,380.2078578243325,9845106
2023-08-30,380.0791320800781,381.1091468019567,378.1049031918186,378.5340963953967,7648569
2023-08-31,377.4181823730469,381.8816333842939,374.3281113666927,380.25074292825076,20666732
2023-09-01,378.5769958496094,381.967505174474,376.2165284481097,377.6757363703921,11879159
2023-09-04,375.52978515625,380.5511570280995,374.80018132491574,380.5511570280995,14128562
2023-09-05,380.3366394042969,381.5383368383768,376.388208864281,376.73154710205716,8701612
2023-09-06,384.0704345703125,384.97172118866524,379.39242758395017,381.0662183857372,13358433
2023-09-07,382.7400207519531,385.40089880165283,381.62415111580424,385.22924329069207,8401953
2023-09-08,379.95037841796875,384.4567302500349,379.26370193386344,384.4567302500349,10322317
2023-09-11,383.8558654785156,384.6283968936341,379.950362534242,382.8258507954172,9679540
2023-09-12,387.2463684082031,389.9501739098533,382.4825063700108,385.3150671054277,14961276
2023-09-13,389.26348876953125,392.26773215076497,387.2034322790102,388.147619169723,12268130
2023-09-14,386.2163391113281,391.3235667416479,383.81297147813405,391.3235667416479,14986708
2023-09-15,384.8429870605469,388.0618136094338,383.68421711999105,384.58547658403967,15657801
2023-09-18,388.0188293457031,389.69261999432916,382.997457399825,384.8429307422405,8513132
2023-09-20,388.7914123535156,390.6368587375678,385.8729965971384,387.7184701849169,10343224
2023-09-21,384.1133728027344,389.3064008592601,381.53832251422546,388.66265188899587,11132308
2023-09-22,380.3366394042969,384.88591866135266,379.607035447625,384.1133872235612,7795399
2023-09-25,379.9074401855469,381.79581406526216,376.2594476637083,380.33663337876266,6005673
2023-09-26,379.7787170410156,381.53836303556363,377.418249491901,380.7658315447286,5533023
2023-09-27,385.5296630859375,386.08758431524456,376.6457148790023,379.7786864629706,10894817
2023-09-28,378.3194885253906,386.21632194812275,377.3323741461521,386.21632194812275,10610213
2023-09-29,381.4524841308594,382.4825260540032,376.98905980966003,379.39245469202604,8474326
2023-10-03,377.46112060546875,380.16492601214424,377.0319274400804,378.5340627133526,7770032
2023-10-04,374.328125,379.13491438660606,371.9247303066969,377.46112359689323,13912656
2023-10-05,374.28521728515625,378.1048925093312,373.4268853097046,377.6757265216054,10416552
2023-10-06,379.52117919921875,380.76580411020035,374.80024444113724,375.83025915097494,8742804
2023-10-09,378.0619812011719,380.42244847223975,375.31524823018594,378.4911471763749,5827256
2023-10-10,381.4524841308594,381.8387498520383,378.0620020104501,378.0620020104501,5207891
2023-10-11,384.75714111328125,385.7871557668888,381.7957979771746,383.85585448811497,7946195
2023-10-12,386.860107421875,388.4051430421808,382.95460449328624,385.95884797824914,12227957
2023-10-13,384.8429870605469,387.8043031329266,383.68421711999105,386.1305122393563,7926432
2023-10-16,385.35797119140625,387.117589674433,382.9974768514605,384.54251235914415,4377288
2023-10-17,389.2205505371094,390.1218371284394,385.4008756015914,386.08755201155043,7203352
2023-10-18,387.6755676269531,393.29778930443706,387.11764636860767,389.90727986406307,7160492
2023-10-19,386.6026306152344,390.46523360420406,383.5554865889753,386.0447093493473,9830006
2023-10-20,376.2165222167969,385.40090839355935,375.4010905101237,381.96749884790717,13521824
2023-10-23,374.1564636230469,377.632800630929,371.7530959964487,375.9590097457904,7555671
2023-10-25,371.40972900390625,375.9590081702813,366.56003908686273,375.0148212342857,11308597
2023-10-26,372.8260192871094,374.7572933458955,368.705906299922,368.705906299922,19525305
2023-10-27,372.3110046386719,374.92898237526947,370.98055203087665,372.8260255716831,13638258
2023-10-30,369.4784851074219,375.22943495107154,367.67593884464384,372.9977226654205,7911426
2023-10-31,367.7187805175781,371.9676486039867,367.2896145631058,369.09216053859353,8952141
2023-11-01,367.4613342285156,370.03638462181203,365.22959487034984,369.09219766402157,8297973
2023-11-02,370.07928466796875,371.4097100435163,367.9334004313936,369.1350977801737,8465990
2023-11-03,371.8818054199219,372.86891979091905,370.03635911281424,371.4955669301622,14334179
2023-11-06,373.68438720703125,374.9290121594388,371.2810194707497,372.0964512103112,7589690
2023-11-07,371.40972900390625,373.2981300796239,370.93763553590844,373.2981300796239,5321353
2023-11-08,375.0577392578125,375.5298327139069,371.0663814168752,371.79598534060756,7248663
2023-11-09,372.8689270019531,375.958998202141,372.43976102559816,375.7873426930893,8085620
2023-11-10,374.7144470214844,375.9590448295074,371.2381096891977,372.8689732460812,4236307
2023-11-13,374.2423400878906,376.3023696004869,373.38398085577813,376.3023696004869,3888975
2023-11-15,379.3495178222656,379.8216112907805,375.52984259383584,376.04486354266163,7722827
2023-11-16,376.5169372558594,381.5383096322674,375.61565064270343,379.349497918328,11276031
2023-11-17,377.03192138671875,378.96322259064704,376.21648975041495,377.03192138671875,6911592
2023-11-20,374.9289855957031,377.93322905786397,372.9547840084122,377.54696335478775,4502356
2023-11-21,374.4568786621094,377.07485632698126,373.81310251348316,375.22938283673597,6228803
2023-11-22,377.4181823730469,378.01903102448927,373.21224181294997,375.10064272014324,5074887
2023-11-23,377.9761047363281,379.6069951974984,376.1735859800582,378.4911256402476,6611803
2023-11-24,375.787353515625,379.6070287486021,374.971921814831,378.5340865730886,7084608
2023-11-28,373.5985412597656,376.817367782649,373.2981305087519,375.95900860246815,9082513
2023-11-29,375.2723388671875,376.38820854179903,372.6543610031265,374.24232415474165,14316126
2023-11-30,374.0706481933594,376.3452878610397,372.95480570231217,374.8431796444481,15710110
2023-12-01,386.08758544921875,387.074699876353,375.4440185618797,375.87318455434155,20081576
2023-12-04,389.7356262207031,391.752755460777,387.1176482365395,390.5510579725975,13293194
2023-12-05,387.7613830566406,392.95443855542743,386.3451026125334,390.55104366710236,12603697
2023-12-06,397.6324768066406,398.705419020116,388.06182464539677,389.6068603446522,21203900
2023-12-07,393.2119445800781,398.9629212542833,392.61109586480706,398.91999377329,11746535
2023-12-08,385.5296630859375,396.2161846263528,384.97174185663044,394.7998770071899,19386851
2023-12-11,388.3622131347656,389.3493275315955,385.65840761706403,387.5467814518858,6854157
2023-12-12,388.920166015625,394.8427980571218,388.27638983558137,389.86435294387155,10549319
2023-12-13,391.10894775390625,393.8556807624182,388.9201631652517,391.66689617376363,11718443
2023-12-14,394.9286193847656,395.7011507882431,385.7871609993032,394.84279163006556,14924265
2023-12-15,393.2977600097656,397.3749456496042,390.5510269980168,396.4736590030865,16397959
2023-12-18,387.6755676269531,391.4094153189034,386.55969790653415,390.5510560880987,12490839
2023-12-19,391.4952087402344,393.1260720931,388.0188718428308,389.1347414653695,10664235
2023-12-20,387.11761474609375,394.19901661338577,385.6584068932969,393.98443362414525,10766954
2023-12-21,387.50390625,389.4781079676765,381.4954189288496,385.40092208573355,11584223
2023-12-22,390.7226867675781,391.3235354287296,386.7313291177024,388.83428582987034,11450973
2023-12-26,391.795654296875,393.898611145563,390.29351894461826,391.45231606874586,6097422
2023-12-27,392.35357666015625,393.55527406397204,389.478088387006,392.26774890380545,7833901
2023-12-28,398.362060546875,398.8770542846564,391.4952144071042,392.4394013307172,21493169
2023-12-29,396.64532470703125,401.6237695761511,396.0015485585568,398.36204296714664,13384631
2024-01-01,401.7525329589844,403.3834235003086,397.1174262070781,397.8470301222474,9706230
2024-01-02,403.7267761230469,404.5851080974229,397.93287207365034,403.4263381690342,10924918
2024-01-03,409.6493835449219,412.610699407938,402.8683926924601,403.6408968636394,24961710
2024-01-04,408.91973876953125,413.25443424225705,407.0313652023943,412.0098095527957,12240910
2024-01-05,406.81683349609375,411.49486773368767,405.14304267730904,411.49486773368767,9564086
2024-01-08,399.5637512207031,408.1472883482497,398.7482923424567,407.71809516963697,8311403
2024-01-09,398.748291015625,403.3834249883553,397.9757868226536,401.2804409887197,5916180
2024-01-10,397.67535400390625,400.63669719235435,394.8857207330158,398.74829615510856,6123200
2024-01-11,397.1174621582031,400.4650440938136,395.78700943972615,398.36208711528,6786448
2024-01-12,400.5937805175781,401.45213970243634,395.1432418595045,397.6324644529848,9714589
2024-01-15,401.36627197265625,403.8555216906725,400.0787468381923,403.426328510034,7167978
2024-01-16,405.40057373046875,407.71811362572754,398.4908271181607,401.5379709667349,12531058
2024-01-17,400.5079650878906,409.43484103698813,399.306267632846,404.6280512168097,11536527
2024-01-18,399.5637512207031,401.5808802693785,390.1647552149102,399.349141029534,9495938
2024-01-19,404.7138366699219,406.00138895410885,400.33624051486,402.1817139863782,12673308
2024-01-23,394.241943359375,406.64515567762464,391.7527208406185,406.64515567762464,8728196
2024-01-24,397.932861328125,401.1946152353453,393.2119267816324,394.9286178877544,22459072
2024-01-25,391.10894775390625,399.09163630931187,388.06180399939313,397.889966121581,20435547
2024-01-29,386.08758544921875,392.48233828149625,384.1133837986769,391.3235683388679,18557346
2024-01-30,376.0019226074219,389.43514944296885,375.4440014019763,383.68420026968823,45190319
2024-01-31,379.00616455078125,379.8215962182456,376.5598423446629,377.6757119549288,20648695
2024-02-01,380.1649475097656,384.3279609474678,377.07487624062026,379.3924432943424,19903526
2024-02-02,377.76153564453125,383.85585015123644,377.2465419254087,381.9674763724285,17816750
2024-02-05,376.0019226074219,380.8087120811852,374.71439748515684,379.39243172632115,12505666
2024-02-06,370.2938537597656,378.4481972306161,368.66296330261633,377.6756930803656,19487043
2024-02-07,370.6372375488281,373.3839706946024,369.7788783400748,373.3839706946024,13376903
2024-02-08,361.260986328125,373.9406232696203,356.07584440751333,373.85348568627575,50039587
2024-02-09,362.0888977050781,369.6705586670749,356.07587910947086,357.38305346257397,33527317
2024-02-12,354.5508117675781,364.2675230445882,353.8536558100145,363.87536246137586,11326971
2024-02-13,354.4636535644531,357.99304337034437,351.4571445057712,354.5943737512555,16207766
2024-02-14,358.6466369628906,359.2566552825192,352.4157335824784,353.810073006866,12618012
2024-02-15,351.98004150390625,361.26100948205914,351.3264405397178,359.9102525686611,21169031
2024-02-16,352.59002685546875,356.90370995861326,348.05845837206795,352.9386047974404,38963810
2024-02-19,356.64227294921875,359.692364493742,352.59003016919024,352.9386081144379,17602580
2024-02-20,353.8971862792969,357.6880161207867,352.32857179641894,357.6880161207867,14626643
2024-02-21,351.500732421875,357.3830304413687,349.714232381529,354.6815166984585,20162369
2024-02-22,361.1738586425781,361.7838769804783,351.5878680265273,354.5943771137186,19321180
2024-02-23,358.5159606933594,362.43748384084563,357.7316394925289,362.43748384084563,11576964
2024-02-26,356.5987548828125,359.95384211966285,354.9429749478744,358.25450719886294,8289561
2024-02-27,358.29803466796875,359.69237410510254,356.03226415387263,357.29588340568495,8083518
2024-02-28,355.81439208984375,359.34378171395946,354.50721790803016,358.29802027340105,8949664
2024-02-29,354.0715026855469,358.210910936739,352.5028880199136,356.42443849344016,15468800
2024-03-01,356.86016845703125,360.04098051981117,355.11727854645085,356.337315293301,12873024
2024-03-04,356.5115661621094,359.86668079658443,355.94513043216057,359.25666246476044,7103794
2024-03-05,353.9407653808594,358.5159165850442,352.02357283988704,356.99085697735416,10108373
2024-03-06,355.4222412109375,357.25229616277596,349.1913654734048,354.24578717721465,11534613
2024-03-07,360.3895263671875,361.60956300525106,351.7621323177054,355.422242231896,23907135
2024-03-11,356.77301025390625,364.5289458598365,355.55297357754284,363.22177159770035,18298683
2024-03-12,352.4593505859375,354.24582311819125,348.0149191296,354.24582311819125,36226074
2024-03-13,368.1454772949219,381.69657345167786,367.01260581088286,379.08222489894086,105525827
2024-03-14,365.70538330078125,370.80338754824123,364.2674889159415,367.70974101459535,31949569
2024-03-15,365.22613525390625,373.4613697646107,361.87104789588255,363.57038287805614,76074975
2024-03-18,363.7882080078125,366.62044193009535,363.3089098568447,365.13896487478166,16547358
2024-03-19,356.90374755859375,365.6182798826193,356.1630089967851,364.2675229533733,21803126
2024-03-20,362.2631530761719,363.0910291374463,356.9037085493894,357.2958690896408,20364534
2024-03-21,367.0997009277344,367.75327418086334,362.6988528335798,365.138925930581,19968509
2024-03-22,373.5049133300781,374.419927016119,367.0997346711346,367.0997346711346,40358503
2024-03-26,372.67706298828125,374.0278199287093,370.84700787081954,370.84700787081954,10669833
2024-03-27,372.9820251464844,373.7663462493522,371.6312683263577,372.1105664607041,12698464
2024-03-28,373.28704833984375,377.55714895063414,372.1105666848334,372.98202537113855,29009002
2024-04-01,371.8491516113281,375.90139442993103,371.02124791223844,373.94061930272346,9743648
2024-04-02,371.1084289550781,373.5920573017108,370.01911246222807,373.5920573017108,9194659
2024-04-03,370.5419921875,373.67924932140846,366.8819094992353,371.23917578330645,13152268
2024-04-04,368.40692138671875,372.4156094618312,365.9232929984776,370.84699479060345,19065447
2024-04-05,372.58990478515625,376.20643221522545,365.96684064487147,368.1890562257562,16768902
2024-04-08,373.94061279296875,375.94497048593604,372.76415878467856,373.24345690797344,8844633
2024-04-09,371.5441589355469,376.0321452699147,370.8470029815778,375.1171315326912,6967273
2024-04-10,380.7815246582031,381.52226312429957,371.0212320403527,373.24344743864197,14547618
2024-04-12,374.8121032714844,379.73583272202484,373.2434885876637,379.0822317625633,18785009
2024-04-15,371.1519775390625,373.9842114191919,368.5376290488552,372.9820325297619,9083087
2024-04-16,371.1519775390625,372.1105738267309,368.7990694216531,368.84262440452886,10357752
2024-04-18,365.00823974609375,372.0234367437925,363.96250587237773,371.2391432432269,22133191
2024-04-19,370.14984130859375,371.45701560681107,362.52462568029154,364.26751553828564,17221280
2024-04-22,370.6291198730469,372.63345000847283,368.92978508955906,372.1105692692811,7386048
2024-04-23,374.0278015136719,375.1606729933093,370.45482904533475,370.62913183698697,12484384
2024-04-24,373.7663879394531,375.4221402938995,373.24350714588553,374.0713833231087,6070285
2024-04-25,381.304443359375,381.9580166930137,373.8535029761323,375.5964204369422,30337038
2024-04-26,383.4394836425781,386.31527251993987,380.30225439111325,382.78588270732047,15342965
2024-04-29,381.870849609375,385.5745144039112,378.7336205173507,385.18238148157155,12075706
2024-04-30,379.6486511230469,383.8751968280465,379.16935297976505,383.3958986847647,12528665
2024-05-02,382.5680236816406,385.70525292282576,378.9514962957991,379.9536751869483,24123523
2024-05-03,380.3458557128906,383.4831129654629,375.9014516683213,383.4831129654629,23786388
2024-05-06,378.8643493652344,383.8316334777261,377.6443127327708,381.6965555614722,10753860
2024-05-07,383.7444763183594,388.6682055521619,379.2564902446458,380.73796727495403,26969062
2024-05-08,384.3109436035156,387.5353104505702,381.87087026244257,384.52880137635015,10916481
2024-05-09,370.4548645019531,384.7467005054154,368.92983230930054,383.4831087158207,24314298
2024-05-10,377.644287109375,380.2586353621918,371.67482453548735,371.67482453548735,14524604
2024-05-13,376.337158203125,379.47438753102364,374.2892177623848,377.5571672805197,7584217
2024-05-14,374.4635009765625,377.6007301404288,373.4613221101125,375.1606568754472,11423749
2024-05-15,372.8077392578125,377.5571378637732,371.89269799745216,375.3785050214278,7856433
2024-05-16,375.988525390625,376.99070423690523,368.5376131811202,374.72493380168805,23911954
2024-05-17,380.2151184082031,381.260852290136,373.7663570890688,376.8164487683138,11894830
2024-05-21,378.907958984375,380.912317006252,377.51364698558154,379.9537206023592,11175153
2024-05-22,383.35235595703125,385.13882840102065,379.4308054819888,381.1301403386556,11036895
2024-05-23,384.6159362792969,387.70961053618345,380.4329731658347,384.65951888111425,27244733
2024-05-24,380.1279296875,385.5745117710288,379.3436362292917,384.31092019422533,13252938
2024-05-27,376.0321044921875,382.48086541430223,375.3349486138195,382.3937278342273,12282545
2024-05-28,373.8534851074219,376.9035767086136,373.19988418613605,376.55499875688963,9668761
2024-05-29,375.5528259277344,376.8164451895943,370.80339947365115,370.80339947365115,10832067
2024-05-30,369.36553955078125,375.5528610140028,368.0583651839346,373.417810468783,21314885
2024-05-31,371.63128662109375,374.3328003943377,369.7140939893284,371.8927270015866,29300711
2024-06-03,375.0299377441406,378.99507062030193,373.54848835957597,378.2107495176925,16116836
2024-06-04,368.496826171875,378.3482827063766,357.5360024211148,378.08202332328574,47791986
2024-06-05,381.8983154296875,386.95715897011706,371.0262361922414,374.5319094827672,28197030
2024-06-06,386.4246826171875,388.4659577551187,382.60836360698926,386.95720140446224,32318523
2024-06-07,389.7528076171875,391.9715980453364,382.60830356366677,382.8745629155196,29543660
2024-06-10,387.7559509277344,391.3947824225192,386.82407117924964,390.50726048759805,11872688
2024-06-11,384.29461669921875,388.55471053198954,383.6289963758289,387.844704269185,13158571
2024-06-12,383.67333984375,385.53712730991356,381.80955237758644,382.1201976859324,10751658
2024-06-13,381.8983154296875,387.7559089354638,381.4101826375395,387.7559089354638,9641349
2024-06-14,382.6527099609375,383.3183302481955,380.7889225262687,382.51958027789186,9572809
2024-06-18,380.5226745605469,385.3596448481991,380.0345417507453,384.29460735192566,14641141
2024-06-19,375.9963073730469,382.29764725469573,375.4637886846948,381.6320270222236,11329972
2024-06-20,375.6856994628906,378.5257525366393,374.08817136690516,376.351347889539,15147549
2024-06-21,372.40191650390625,377.46076039319195,371.47000866410593,377.1945010103919,26176371
2024-06-24,375.6856994628906,376.26257601400545,372.7569026415791,372.7569026415791,9723008
2024-06-25,375.6856994628906,376.3069619517722,372.53502920868647,375.41944009223124,10655609
2024-06-26,376.2626037597656,378.43703669518015,374.57633179187087,375.41946777581825,11511714
2024-06-27,377.7270202636719,379.19141874299106,373.7331857724581,376.2625936563807,38438054
2024-06-28,377.10577392578125,379.85705537104633,375.86324883644613,377.63826458694405,18554411
2024-07-01,380.7889404296875,381.8539498161556,376.8838497566948,378.3482763390493,13391362
2024-07-02,377.6382141113281,382.2089247658896,375.0200345853231,381.6320482400805,11177863
2024-07-03,380.1232604980469,381.3213994745796,377.63821067414995,378.1707293872619,7435499
2024-07-04,380.7889404296875,382.9633451417158,379.0138966576025,381.6320763766379,9478861
2024-07-05,384.87152099609375,385.1821381877556,379.5020318353326,380.7445568579234,13427543
2024-07-08,393.7023010253906,394.54543698466966,384.8715242308732,386.20279301541757,21311436
2024-07-09,401.6899719238281,403.8200190152989,394.05733365136314,397.25239022458226,27489709
2024-07-10,400.6693420410156,404.1306579618595,396.27611822642035,402.66623127167867,12065662
2024-07-11,407.0594177246094,407.81380990765183,398.22861309156133,399.38239433526815,19556596
2024-07-12,407.4144287109375,411.1420037598132,404.5743755491234,407.0594255817072,19693114
2024-07-15,411.2751159667969,413.98203932408734,405.77249737770325,407.41441139257415,16876907
2024-07-16,413.1832580566406,414.24829551887325,409.5000691316833,411.31947062570373,13497253
2024-07-18,417.3546142578125,417.9315189735093,410.6094983275924,410.92014365573266,21907158
2024-07-19,421.1708679199219,425.47534713848205,416.6001574830304,418.0201979539712,25939326
2024-07-22,414.07080078125,425.51975718184343,413.44953827294006,421.21530556282863,18762384
2024-07-23,436.8356018066406,441.45069893305146,413.9376880664591,414.0708177614114,56125835
2024-07-24,438.47747802734375,453.210261927794,435.4599375014016,440.20813578403585,43693692
2024-07-25,434.83868408203125,440.20814495659073,430.13484351054876,434.8830418921205,18567567
2024-07-26,445.7107849121094,449.438331919922,432.57552818447857,438.47750808548517,21534703
2024-07-29,440.2525329589844,449.2608250855603,438.47748921984754,448.63956258965953,12978187
2024-07-30,434.7943115234375,441.8056866583547,433.6849161895334,440.47441788326415,13891052
2024-07-31,439.63128662109375,441.9388210644049,435.3268349298526,437.057492794329,11982586
2024-08-01,438.1668701171875,440.8737935243366,435.72617795456915,440.16375915500845,12114803
2024-08-02,434.08428955078125,443.2700690816439,430.26797086538403,430.26797086538403,22141163
2024-08-05,431.3329772949219,436.56933654734354,425.60848524167875,426.0522602329523,25022076
2024-08-06,431.5992736816406,436.3918583538408,429.602356369564,431.5548877403152,14251363
2024-08-07,437.2349548339844,439.8531344481693,433.19676276137596,434.8830345877464,11320399
2024-08-08,439.0987548828125,441.98319394772153,437.1018376938733,438.4331345718136,21349889
2024-08-09,440.1194152832031,441.98320282176905,437.6343652317819,441.98320282176905,9556181
2024-08-12,438.96563720703125,443.7582217148487,436.65810276874254,436.65810276874254,9425644
2024-08-13,434.8830871582031,441.85010499245993,433.3299448280559,440.1638048342721,8056478
2024-08-14,436.8356018066406,442.870739636552,434.7943266973262,436.61372835771095,9609981
2024-08-16,446.11016845703125,447.4858232645307,437.2350051859108,438.87691939201966,13643352
2024-08-19,445.0451354980469,452.01212479668385,443.40322137860943,447.97393247220106,10591508
2024-08-20,442.69317626953125,446.77575417595006,441.71691069712347,444.6457074143468,6888634
2024-08-21,448.5508117675781,451.7458679452625,442.91506345507685,443.75819937308097,8801221
2024-08-22,447.7964172363281,451.3020905746001,445.0451079369473,450.72521402910553,8686423
2024-08-23,448.9058532714844,449.9264767710972,443.7138795067736,448.24020479089086,8195369
2024-08-26,448.81707763671875,450.85838087482534,445.5332774585128,449.08333702673025,8126402
2024-08-27,444.2907409667969,450.50336614741735,443.7582222004659,450.4589802075658,8260450
2024-08-28,441.3619079589844,445.79948897470337,440.651901747182,444.1131890617107,8081932
2024-08-29,448.2845458984375,450.5920801870925,441.4062727134569,441.9831773815983,19389694
2024-08-30,445.44451904296875,451.87901762056,443.9357346345459,445.4888768545288,15523349
2024-09-02,452.677734375,455.20717018302713,446.6870112489918,447.3082737169309,16497266
2024-09-03,452.100830078125,457.91406535797796,450.76956147943355,452.67770657436546,12481552
2024-09-04,449.3939514160156,452.677751368125,443.71384524676586,443.7582030567318,8739052
2024-09-05,453.6983947753906,454.319657255503,450.0152058318567,451.16895891780086,11318636
2024-09-06,445.2669982910156,454.40842025952134,441.2288060631329,454.40842025952134,14245025
2024-09-09,454.1865234375,454.9852734029617,444.068836355185,445.5332347318398,14265060
2024-09-10,455.8284606933594,457.0709575777058,451.5239809612763,454.3196763029774,11332248
2024-09-11,456.49407958984375,461.06479055779437,454.36403269993195,455.29594052025584,15497555
2024-09-12,461.0647888183594,461.95231069647195,451.3464903537594,457.15972630822966,19085324
2024-09-13,456.0503234863281,461.50852809733834,454.4084094452432,461.06478122957145,9165077
2024-09-16,453.6096496582031,458.84598072220786,452.3671247017335,457.8697151318346,7821668
2024-09-17,450.636474609375,455.78406201482926,449.30517775626555,453.56527143027444,10889862
2024-09-18,450.2814636230469,454.76343093157726,448.2845745094767,450.72523863670733,5638729
2024-09-19,451.0802001953125,456.8934357530811,450.41455180015987,452.6333422800429,14461616
2024-09-20,456.5384521484375,459.15663177722325,450.8583460271267,454.4084053209533,24725118
2024-09-23,458.8016357421875,461.0204264871007,455.8284808966198,457.4703669208341,8105508
2024-09-24,457.2928771972656,459.5560257442093,456.3166115244718,458.8460194599906,7015487
2024-09-25,459.3341369628906,460.88730730174024,454.67468220228506,457.51473537232573,8802667
2024-09-26,463.9492492675781,464.836771186585,458.84601932926836,459.4228959190351,16086557
2024-09-27,463.9048156738281,469.0524028961381,461.7304111043963,461.7304111043963,17916386
2024-09-30,459.8666687011719,465.3692595674388,456.22783728937105,462.041073483364,10936940
2024-10-01,458.1360168457031,461.28668733714517,456.18348548447455,459.86667475733265,5285319
2024-10-03,455.0740661621094,457.6922177343659,450.9471020792447,451.3464911442906,16481353
2024-10-04,446.9089050292969,459.15663932880176,445.1338612892048,452.63336905434744,18930962
2024-10-07,452.8109130859375,457.0266211371439,449.74898635096883,449.97085980040646,17114457
2024-10-08,450.81396484375,454.8965429194943,449.08330705216247,452.63336638342724,9868331
2024-10-09,436.3918151855469,452.4558677197935,435.37116365980967,452.4558677197935,24874940
2024-10-10,436.7024841308594,439.8975404359125,434.39492158878744,439.63128105582945,13292273
2024-10-11,433.2855224609375,438.38875219322694,432.57551620558445,437.5456162489988,14949380
2024-10-14,441.0513000488281,442.8707297967612,433.6849216890066,435.7705826929564,6970606
2024-10-15,442.4712829589844,443.225675072481,438.876838000311,441.9831501947182,8347216
2024-10-16,437.72308349609375,442.7375692464446,436.96869133669634,440.20813340282155,6939430
2024-10-17,433.9067687988281,439.3206155181232,433.10801882331054,439.3206155181232,7669729
2024-10-18,431.9542541503906,436.25870575391593,424.58787595548876,433.77365572961855,22616838
2024-10-21,429.2473449707031,432.7530466847723,423.65598222997573,431.9542685241088,7680088
2024-10-22,427.60540771484375,433.46302952571807,426.71788584919966,429.24732175988674,12772970
2024-10-23,426.31854248046875,428.9366941192119,425.56415026999287,426.8954190593147,10553961
2024-10-24,418.6414794921875,428.1379038851162,417.13269521294427,427.78290078317127,13596626
2024-10-25,428.0491638183594,437.9893351421083,420.86027359030857,422.2802860102857,32154050
2024-10-28,429.6910400390625,431.24421023259157,422.4577921648733,427.73850894134046,8946214
2024-10-29,433.0636291503906,434.1730244214629,427.1616496836426,430.4454495599473,7131161
2024-10-30,436.2586975097656,437.76748187143,431.7767303629288,433.0636412897533,6640080
2024-10-31,433.81805419921875,437.5456293433338,430.17922280768573,436.6581074335961,8111694
2024-11-01,435.1493225097656,436.74685069430546,434.26180060102746,435.7705850330851,1517892
2024-11-04,430.0904541015625,437.9449648846851,425.60848700060944,437.9449648846851,8754385
2024-11-05,426.1853942871094,430.48984579156854,423.3009552621551,428.6260583162402,7610046
2024-11-06,426.984130859375,429.91295573028174,424.23284973478434,426.1853808967422,11749720
2024-11-07,424.1440734863281,428.4041670029908,422.5465454495721,427.5610311124764,9267980
2024-11-08,424.2772216796875,426.62914196530926,421.21529515296464,424.14409199348466,6325023
2024-11-11,423.3009338378906,427.3391257660674,420.77152618880274,424.27719940013185,5700343
2024-11-12,419.6621398925781,424.1884646983555,418.153355581329,423.8778475255531,5236095
2024-11-13,419.08526611328125,421.30405680700125,415.57959256886795,417.1771207432275,11548660
2024-11-14,413.5382995605469,419.75092490711046,410.25449937906205,418.19778263445596,12087836
2024-11-18,414.07080078125,415.18019610837695,410.0326085412211,413.582667962433,8448573
2024-11-19,414.78082275390625,420.46092929422525,413.8045570792864,415.35772747288905,7121472
2024-11-21,405.7281188964844,411.8519715273334,404.1749487072902,409.14504830796125,20313155
2024-11-22,421.2596740722656,422.90155996145944,404.26371361127775,404.8849760938828,20214206
2024-11-25,423.1678466796875,427.96043122898016,419.26278403833174,425.1203780003654,14427013
2024-11-26,423.3453369140625,428.35979460750633,420.7715432250395,426.0078743501634,6791715
2024-11-27,423.3009338378906,426.09662897337176,419.7952606265615,423.78906661901124,7339184
2024-11-28,421.4815673828125,429.3804644079403,417.6208626211006,423.3453549185364,14967609
2024-11-29,423.12347412109375,425.03161943508326,419.4402569251216,419.9727756769193,8668142
2024-12-02,423.5228271484375,425.3866146169551,420.1502834579519,422.45781779270055,5689595
2024-12-03,419.3959045410156,420.150296739833,410.69822941298054,413.5826685185779,23073942
2024-12-04,414.5589294433594,424.41035759923045,413.93766694127874,421.0378138404822,13957078
2024-12-05,414.9139404296875,419.57339521958045,410.4763590816044,414.9583263692382,27432375
2024-12-06,418.15338134765625,421.5259532874458,415.09145472778096,417.1327297650406,7842234
2024-12-09,412.6507568359375,418.9077678081534,410.87574120351246,418.4639928040686,12154116
2024-12-10,413.09454345703125,413.9820653621883,410.5651074337324,413.0057997049072,9163636
2024-12-11,412.9170227050781,415.5352024480384,412.4288898824899,414.6476805538857,7005617
2024-12-12,408.79010009765625,415.2689566944341,407.5031890897079,413.13893783213524,13380617
2024-12-13,417.1327209472656,421.0378115655174,400.84679442097826,408.2575584671943,32976794
2024-12-16,417.2214660644531,421.0378129462512,415.3577066901408,417.35459575232846,9354160
2024-12-17,416.7333679199219,422.28034494961406,410.9645174346367,417.1327570167734,20608409
2024-12-18,417.5765075683594,420.5053045175723,414.38142310888753,419.5290388678347,12841386
2024-12-19,414.07080078125,420.9934321229976,412.96140545412305,416.24520549634906,15161531
2024-12-20,412.384521484375,414.8695714730185,407.63629494293747,414.02640741203714,20231570
2024-12-23,420.9046936035156,423.96662024396306,415.00268563723716,418.19777009680405,19562956
2024-12-24,424.6322326660156,426.22976080207064,419.48464513072406,421.4815623327857,12009880
2024-12-26,423.3009338378906,427.64977106021837,422.4577979548613,426.49598988303813,9188830
2024-12-27,424.765380859375,427.6942060097115,422.4578463685404,425.78603247431005,16906420
2024-12-30,423.3453369140625,427.2947852586601,422.457815059372,426.67352277317383,13578360
2024-12-31,429.2473449707031,430.13486688433846,421.1709321229858,424.6322478965829,13787501
2025-01-01,429.51361083984375,432.0874047386494,427.9160826223791,431.3330125070726,18931186
2025-01-02,434.0399169921875,434.8830529409553,428.0491934724373,430.75611694752047,27131131
2025-01-03,427.42791748046875,435.7705610825458,425.8747471935482,435.104912655584,38500784
2025-01-06,407.9893493652344,425.5937753688359,406.698978628043,419.92534197219254,22009958
2025-01-07,406.5607604980469,412.5517940656527,405.68513664851463,410.61622374898513,14294780
2025-01-08,414.3490295410156,416.65327289988676,402.8739144906199,408.31192319196157,13482926
2025-01-09,414.8559875488281,424.57988345002826,411.1230963623607,414.21078814534843,19732649
2025-01-10,410.0631408691406,416.60719760759747,407.8510728791192,414.71772931211405,9145729
2025-01-13,404.67120361328125,409.2336166719609,400.93834065834005,400.93834065834005,17799607
2025-01-14,402.4130554199219,406.92936666100724,401.72178243012405,406.468518001142,18048459
2025-01-15,403.1043395996094,407.2058759094838,401.2609449089771,402.4130665906223,9786805
2025-01-16,398.9566955566406,405.03990357000157,397.3437252265509,403.7495048035536,15774070
2025-01-17,405.731201171875,407.20589448929087,398.63412003792996,399.09496873161544,11270061
2025-01-20,403.42694091796875,406.65288163954455,401.86004417344355,404.6251362205085,8742771
2025-01-21,403.2886657714844,411.99871701322076,401.16877310962934,403.7034408317465,15686500
2025-01-22,402.78173828125,407.34415137338146,402.36696322633964,405.45465494630946,9619648
2025-01-23,405.731201171875,407.2519962354426,400.10884148331786,400.9383635063573,8888248
2025-01-24,407.02154541015625,410.1553106977586,404.6712003484769,404.99380003866463,9665384
2025-01-27,405.6390075683594,410.1553189378108,402.36696511353375,406.2841788337263,10480203
2025-01-28,401.3531188964844,407.205874516849,400.47749517024033,405.5468305521421,20813072
2025-01-29,399.4175720214844,403.2426105877509,396.42205548568967,401.81399087571464,15158510
2025-01-30,402.0444030761719,403.70344708698457,397.66634057922397,399.0949602480921,22496695
2025-01-31,412.4595947265625,413.1047941706201,401.0305523642032,402.3209231243453,13546181
2025-02-01,426.33111572265625,434.5803185994335,405.1320757909766,412.92042997358686,30393007
2025-02-03,418.7732238769531,428.77364640147414,416.88372730958895,425.8242034381593,16991730
2025-02-04,419.51055908203125,424.30339673436174,413.61170144468196,422.13740225440523,18923681
2025-02-05,413.05865478515625,420.1557355112139,411.53785980899255,419.5105361259467,12836283
2025-02-06,406.5607604980469,414.76386237271225,403.8878434550177,414.76386237271225,17469129
2025-02-07,397.1133117675781,410.6161724179037,394.8551419924304,405.5468369559543,18875982
2025-02-10,393.7491455078125,399.37147721649563,393.1039460684688,393.5647947742935,12227140
2025-02-11,385.5459899902344,396.83678252001545,384.8086433619268,395.22381215861816,14288751
2025-02-12,383.76715087890625,387.4185038147077,381.61379694988227,386.80994975406657,13884574
2025-02-13,383.5799255371094,387.55897028927046,382.92454203150083,383.8139869931189,12989029
2025-02-14,384.0948181152344,389.6654917445899,382.3627577670518,385.49918673722794,14124236
2025-02-17,382.550048828125,385.1715257026187,380.8179883419268,383.6735266720701,11975265
2025-02-18,379.41363525390625,384.65661779105346,378.2433279273982,381.9883113722239,12998403
2025-02-19,380.4902648925781,382.73724896523663,378.7114036922215,378.99226598682156,7079032
2025-02-20,376.4176025390625,378.1496629377972,370.940587610997,374.45150926845105,15355585
2025-02-21,375.3409423828125,377.54112576751635,373.7493416368229,376.41761935814907,8240986
2025-02-24,376.2771911621094,377.6815598988965,373.3280225292474,374.49832980990334,7037625
2025-02-25,379.03912353515625,381.05204632098673,374.96644852961964,376.3708172507043,15760891
2025-02-27,375.99627685546875,380.5838750469333,374.03015518142644,379.03907536445405,19051003
2025-02-28,369.81707763671875,376.8389208829856,367.1956009202271,373.5620607013944,31954776
2025-03-03,372.1109313964844,373.56210106205316,366.25939472571287,370.70656259549924,10702826
2025-03-04,369.6766357421875,371.8768189431307,367.80414426427035,370.19155946983375,13404774
2025-03-05,379.226318359375,386.4354218493058,369.34893741865807,369.34893741865807,15665018
2025-03-06,379.8349304199219,383.57991359952393,375.01324171862086,383.06496126915613,17869996
2025-03-07,378.1496887207031,379.97537953583947,376.08996501773333,377.82199696260744,11180761
2025-03-10,379.1795349121094,380.9115952921479,374.8727986777293,375.48135271072846,9785018
2025-03-11,380.30303955078125,382.36276308182994,375.6218107457345,375.902673045256,11099475
2025-03-12,386.1077880859375,386.9504036480261,378.24332855318335,380.4903129094051,13844306
2025-03-13,385.7800598144531,387.9802430981233,382.17553644149433,386.66950472868797,8196569
2025-03-17,381.9414978027344,389.7123267634701,381.052052835393,386.66952781576737,5257805
2025-03-18,383.0181579589844,385.6864641717792,381.7542204295601,383.8607734546159,13861897
2025-03-19,377.3538513183594,384.56295527450226,376.9325578592833,383.8607709374216,12830387
2025-03-20,378.1965026855469,380.72434920469203,376.27718165061447,379.17954934766647,16994037
2025-03-21,379.6944885253906,381.5201793399715,376.08996490330134,380.06900971850354,25302035
2025-03-24,384.7033996582031,386.5290904261833,379.7413082676257,381.0520466941976,14362572
2025-03-25,383.6734924316406,388.77604313821394,382.6436449762537,385.73324448631945,20338110
2025-03-26,381.3797302246094,384.9842822489654,380.34985413594273,384.14163817608556,13891436
2025-03-27,383.3458557128906,384.5161629673909,379.78810451603715,381.98828786888856,18642328
2025-03-28,383.626708984375,389.10375252075136,382.12871001952664,384.70338591875066,12981873
2025-04-01,380.724365234375,387.9802704965241,379.74131853086607,383.67353391685737,15206240
2025-04-02,382.9713134765625,383.8607583698592,380.1625762201977,381.0988219723193,8001323
2025-04-03,383.29901123046875,384.0480249871138,380.77116480316903,381.09882796400086,7059566
2025-04-04,383.5799255371094,386.4822647340628,378.7114358233303,381.520173295444,18627592
2025-04-07,380.1625671386719,382.08188802784315,365.2762657499408,365.2762657499408,26762866
2025-04-08,386.2481994628906,389.29099836095855,381.2861080732848,385.639645397668,18600796
2025-04-09,389.7591247558594,392.3338007695701,385.0310947776454,386.66952496818857,21785572
2025-04-11,394.67437744140625,395.51702145893296,390.4144707836984,393.2232079835811,8939356
2025-04-15,393.59771728515625,401.8366972313636,392.2869789172459,401.8366972313636,11685880
2025-04-16,397.3895263671875,398.8874967335651,391.3507297543969,391.3507297543969,13034594
2025-04-17,400.0110168457031,400.5727700384027,394.6744043729881,397.9044638020452,22410217
2025-04-21,395.89154052734375,401.7430767519647,394.6276029884348,400.76000152305585,27388236
2025-04-22,405.9561767578125,407.0796545529523,396.5468895062768,398.7939022404639,32031936
2025-04-23,403.3815002441406,409.5607281098517,401.5090086831345,408.39042088422286,19566317
2025-04-24,402.6324768066406,408.2499513547456,401.9302924881275,404.317736314244,26064089
2025-04-25,400.52593994140625,405.11356719755287,396.3128338610747,402.63249298157206,22944377
2025-04-28,401.462158203125,403.05378737531595,397.67037441966426,399.4492355949674,6287095
2025-04-29,398.8406982421875,402.21118873045583,397.90445247166593,401.5558052623093,11189930
2025-04-30,398.6534423828125,401.9303026184644,395.0957198414577,400.151441347787,10026546
2025-05-02,402.1175537109375,403.990045229964,397.06183232395665,397.06183232395665,9263372
2025-05-05,409.0926208496094,410.5437904360518,401.9771469315377,402.8197624517931,11525305
2025-05-06,407.7818298339844,411.62044316903246,405.39441457186894,409.6075204969808,15026568
2025-05-07,403.662353515625,407.2669054042834,402.30481430744925,405.76890647461266,9710361
2025-05-08,403.1474304199219,403.9900458904708,396.54688066139005,401.6494314878609,19937960
2025-05-09,396.5469055175781,401.7898878224534,396.031981745509,398.7939183424925,8226512
2025-05-12,407.73504638671875,408.3904298762828,400.85363403411344,402.1175715800131,8031891
2025-05-13,400.61956787109375,410.02885520481095,398.23215253511023,407.1732884018215,14976369
2025-05-14,401.7430725097656,404.3177484214116,398.74707456561424,399.8705809376595,9557309
2025-05-15,405.0667419433594,407.64141790790075,398.8407130525867,401.7430807633696,24263510
2025-05-16,407.92230224609375,408.3904251412249,404.5518116867584,407.17328847071144,16402035
2025-05-19,407.5946044921875,410.54377297361634,405.0667294669892,407.266912756039,7543854
2025-05-20,407.17327880859375,412.69712312567145,405.30078727250276,409.13940063587995,9868414
2025-05-21,405.3944396972656,410.2629293856914,404.4581938781033,408.7649303606408,5776672
2025-05-22,398.934326171875,405.3944162358384,395.9383282951614,405.3944162358384,19451749
2025-05-23,408.4840087890625,411.0118837397051,401.6494262513292,406.33065499551714,18536884
2025-05-26,414.66326904296875,415.2718231131618,408.90536294937203,410.30973168302756,13107662
2025-05-27,406.2370300292969,415.88037851185567,403.38149188670627,414.6632418792466,26986022
2025-05-28,400.65911865234375,402.9475037342144,393.79393430833676,398.2753781298962,431851622
2025-05-29,399.2765197753906,403.1381676108757,397.22650883681956,402.37538231693094,21478547
2025-05-30,398.60906982421875,400.5160622005545,397.03580693342064,399.61025828083166,30656239
2025-06-02,399.8009338378906,400.8974777159352,395.2718270145734,398.8474376645607,14973380
2025-06-03,397.5602722167969,402.0893793944988,396.32070963544066,399.5149278857097,13216486
2025-06-04,397.60791015625,399.5149025311001,396.60675079881145,397.7509287646849,12598933
2025-06-05,399.6102600097656,401.37423378518696,396.4160419459044,399.0381564747108,13212523
2025-06-06,401.4695739746094,401.7079480309055,399.5149183523392,400.7544518057209,8774988
2025-06-09,403.3765563964844,403.9009967663349,400.94515272206996,402.375397024289,10473123
2025-06-10,407.14288330078125,408.62079079284285,403.3765616168375,404.75914276623337,13041075
2025-06-11,406.3323974609375,408.1917266795449,405.09286404746234,408.0963712404173,20789182
2025-06-12,401.4219055175781,407.3335936752473,400.03932436990533,407.14288279336307,18508835
2025-06-13,394.6520690917969,399.8486349912841,394.27067643366814,395.70092072544685,17873926
2025-06-16,398.7521057128906,399.4195355657901,394.0322880819885,395.65324319318955,7006629
2025-06-17,397.98931884765625,399.5625818006199,396.3683927227586,398.65677784510535,9028406
2025-06-18,396.5590515136719,398.99048420762057,395.60555534311806,397.6079031209599,8036215
2025-06-19,396.6544189453125,398.799785393935,395.51021186668925,396.3206894558478,12601006
2025-06-20,399.0858154296875,399.9916484421562,396.6544118043789,396.6544118043789,13203184
2025-06-23,394.6520690917969,398.08466121174473,392.6020580932596,397.60791311448514,14839890
2025-06-24,395.0811462402344,401.0881605080796,394.5090427151077,397.5125498490303,16690068
2025-06-25,396.9881591796875,398.7044407456806,395.7962888981935,397.035822351589,9946718
2025-06-26,400.7544250488281,401.32652856542074,396.89277723401676,397.7986102268212,13703918
2025-06-27,399.18115234375,402.3753702256464,398.3706748067923,401.4218740876709,21409935
2025-06-30,397.08349609375,401.1835180314217,396.46370029757674,400.27768502039476,12317124
2025-07-01,395.7962646484375,399.3718752738479,395.6055537757248,397.60790154563335,13670465
2025-07-02,393.74627685546875,397.5125694765953,392.55440657693595,397.5125694765953,15990899
2025-07-03,394.1276550292969,396.65441410717574,392.125307215327,394.7474217316605,14185298
2025-07-04,393.3648376464844,395.70091492818915,392.60205234140216,395.60555949045533,8256733
2025-07-07,396.79742431640625,397.79861275139564,392.8404210406513,393.79391720822565,6845218
2025-07-08,397.7986145019531,398.6567552368677,395.3671818049024,396.7974260625579,6807192
2025-07-09,399.9440002441406,400.7544487506528,396.13001537247743,396.84513753591426,9930533
2025-07-10,397.46490478515625,400.75444928229246,397.0358198471668,400.75444928229246,6220360
2025-07-11,397.4172058105469,398.6090760644153,396.1776723858816,397.6079166905238,8578844
2025-07-14,399.8962707519531,400.42071108202924,397.1788009641555,397.6555490287378,6896989
2025-07-15,402.4707336425781,402.75677085028747,399.5148897365432,401.3265266149538,8532755
2025-07-16,404.8544616699219,405.6649391982031,400.7544108614845,402.4707213505022,9780773
2025-07-17,404.2347106933594,406.0940107556235,403.3288776974709,405.99865531946784,7240795
2025-07-18,403.09051513671875,405.4265924462953,400.56375604779373,405.4265924462953,6730256
2025-07-21,400.5637512207031,403.09051027917883,398.9427960746048,402.3753881438521,4822343
2025-07-22,396.6544189453125,400.8497964029397,395.8916336251602,400.5637591824813,9869507
2025-07-23,395.65325927734375,398.46605560438246,394.74742624924966,397.7032702848046,12196187
2025-07-24,390.8857727050781,396.5113943772586,390.4090246125477,396.5113943772586,9005157
2025-07-25,390.361328125,391.1718056932205,388.7880652563331,390.93343164953177,5824089
2025-07-28,390.83807373046875,391.74390673009134,389.5985403505162,391.69621446262005,8123337
2025-07-29,389.45550537109375,392.2683014914648,389.02642047386115,390.9334127310859,6811772
2025-07-30,388.6450500488281,390.26597610105154,386.8810762904252,389.979938885481,10915863
2025-07-31,392.79278564453125,394.7474412869076,386.6903864618624,387.07180823457605,19364174
2025-08-01,397.08349609375,399.8486291981142,392.6497155747587,393.22181910286025,14324065
2025-08-04,397.46490478515625,402.85215260384814,395.79628640159,400.6591229390907,18352458
2025-08-05,394.89044189453125,398.5137448813091,393.7939270939727,397.798622737676,8495104
2025-08-06,392.8404235839844,395.700912105227,391.4101793233631,394.8904345378628,9080543
2025-08-07,394.36602783203125,395.4625426248142,392.5066986324122,392.84042811675334,11514878
2025-08-08,395.22418212890625,396.03465973340934,393.74627463123227,394.6520785787631,9814361
2025-08-11,397.46490478515625,397.6079233983543,394.74743474081214,395.22418285040254,8514272
2025-08-12,396.9881591796875,400.2777036975735,395.9869706841952,397.6079259063852,13635738
2025-08-13,394.8427734375,398.08465462555023,394.3660253481281,397.79861741128474,10874910
2025-08-14,392.3160095214844,395.7485724437067,391.8869246070097,394.98578714952254,9580361
2025-08-18,387.4054870605469,394.4613820852118,386.02293505585004,393.79392311853456,30950814
2025-08-19,390.0753173828125,390.36135461529216,385.68922886161675,387.45320272429717,16681331
2025-08-20,387.1671142578125,391.17180987394187,386.5950398255606,390.07529508093324,18188129
2025-08-21,386.69036865234375,387.9299311597819,384.59269449100873,387.16711674788274,15028966
2025-08-22,379.77752685546875,387.5962073767187,379.0147415307397,387.1194592741643,13087624
2025-08-25,380.7787170410156,381.92289503325094,377.82287297221643,380.44498754804886,10440286
2025-08-26,384.5926818847656,386.5473373730478,379.87286425427845,380.7310049784415,13715752
2025-08-28,382.2566223144531,385.6892144680879,381.39848155064317,385.6892144680879,12471719
2025-08-29,390.695068359375,391.3625273394323,383.21011736185324,383.3054728016321,25255050
2025-09-01,386.9764404296875,391.12415473908817,386.1659628361549,390.69506980769,12268090
2025-09-02,387.8345947265625,388.88344640782555,385.6415650189729,387.6438838396435,19808255
2025-09-03,392.6020812988281,394.0323256751445,388.35901134306454,389.50321848347613,12936588
2025-09-04,396.5590515136719,407.1428648264985,395.7009107798522,404.2347131456668,27274123
2025-09-05,388.40667724609375,397.60790962272006,385.59385185760647,397.5125541844266,16000675
2025-09-08,388.5973815917969,391.4578703163545,387.88225941065747,388.5020552463618,7419022
2025-09-09,390.9811096191406,391.8392794876205,388.4543504800707,389.5032021316832,8825896
2025-09-10,393.8415832519531,394.46137904411546,389.9322722150785,391.8869277335158,9252397
2025-09-11,395.74859619140625,397.32188823995943,393.26952928734954,393.8416037431192,8274406
2025-09-12,394.5090637207031,397.65558962884535,393.65092293651844,396.0346635028067,7803379
2025-09-15,393.4601745605469,395.0334373647078,392.60203385813116,393.8415671951324,5707331
2025-09-16,393.8892822265625,395.0811524650244,392.84043059703714,393.98463766531836,8239087
2025-09-17,390.2659912109375,395.31953863603036,389.0741209359244,394.6997719127026,14113882
2025-09-18,392.4113464355469,393.84159072448466,391.02879441527705,392.22066465605855,15647808
2025-09-19,391.55322265625,393.4125519518315,389.9322965175544,392.4113634471354,19505321
2025-09-22,388.0252990722656,391.8869471309128,387.16712919399254,391.5532176336283,8930779
2025-09-23,384.4496765136719,389.1218020379517,383.4008248820839,388.16830584530703,14936357
2025-09-24,382.35198974609375,385.83224517971445,382.06595251531786,384.4496930997698,12380865
2025-09-25,381.49383544921875,384.2589686096089,379.4914876094897,382.7810611389299,22006368
2025-09-26,386.2613220214844,387.02410735314936,381.2077746294194,381.4938409525902,14414044
2025-09-29,388.3113098144531,389.02643193197514,384.44966201919163,387.97758033993085,19717660
2025-09-30,382.87640380859375,387.83459589952565,381.77988895148263,387.83459589952565,9465490
2025-10-01,386.7380676269531,387.1194602903188,381.16010899274613,383.6392049522153,17643039
2025-10-03,385.4985046386719,386.6427117258004,383.5915122257209,386.0706081822361,16987141
2025-10-06,382.11358642578125,385.1170935125061,381.20775343369894,384.25895278749806,13989077
2025-10-07,381.2077941894531,383.8776011840606,380.92175695000077,383.78224573811093,12298968
2025-10-08,381.16009521484375,383.0670875611344,379.4914769118394,381.3984692581301,8402463
2025-10-09,381.3031311035156,382.73337542805876,380.3973271570088,380.4449903284688,15656267
2025-10-10,384.0682373046875,385.0694257205041,380.9217116513056,381.82754463251206,15085738
2025-10-13,380.683349609375,382.3043047536442,380.0158906444655,381.3984717438948,9508594
2025-10-14,378.3472900390625,382.20896720525104,377.7752155833861,381.3984895951822,10291102
2025-10-15,381.3031311035156,382.20896414841775,378.7763719498352,379.49149411210675,16043867
2025-10-16,386.3089599609375,387.11943750939196,380.9693756928534,382.35195675188714,22962049
2025-10-17,392.98345947265625,394.6044146786696,386.4043414041463,386.49969684539326,21071344
2025-10-20,393.8415832519531,395.5578938251509,392.17296494651845,393.3648351646861,13083621
2025-10-21,393.6509094238281,394.6997610566706,393.1741613269356,394.27067613010945,1142130
2025-10-23,396.60675048828125,400.89748332833454,394.3183363615374,396.65441365825745,24305990
2025-10-24,397.4172058105469,398.5137497228218,394.22301680889524,396.6067573166322,14935678
2025-10-27,401.0881652832031,403.0428499257912,397.22651736481293,397.60791001997336,11603679
2025-10-28,398.466064453125,402.04167527754,396.559072013437,400.9451604443985,17163147
2025-10-29,401.9940185546875,402.56612211545064,396.7020969906232,398.7521371748908,11470661
2025-10-30,399.2765197753906,402.08934510630013,396.7974239224796,401.9939896699586,12938674
2025-10-31,400.8021240234375,406.5707642578344,398.7521130615341,400.9451426303807,18599864
2025-11-03,394.69976806640625,402.041671429904,394.07997225072296,400.42074533071906,7635440
2025-11-04,389.88458251953125,395.22416695182824,389.36017125943533,394.7474188614159,10085404
2025-11-06,388.5497131347656,394.0799796210065,387.64388007828336,390.9334537061446,10095563
2025-11-07,385.2601318359375,390.0753051532848,384.3543278958865,387.1671242550703,8411611
2025-11-10,386.69036865234375,388.1683052075514,384.8787317089743,385.26012436572665,6650003
2025-11-11,387.929931640625,389.07410961230016,385.7845652080402,387.11945405752516,12005318
2025-11-12,388.07293701171875,389.1217886071048,386.6903559407471,389.0264331714527,7987236
2025-11-13,386.8334045410156,388.5496859931617,385.6891975073225,388.0729379121885,6617185
2025-11-14,389.1694641113281,389.74156764498133,381.49383142153096,385.87991971501265,64020258
2025-11-17,388.1683044433594,392.8404299507648,387.1194528155595,390.69506352506284,7855399
2025-11-18,386.9764404296875,390.74273297855876,385.73687790475674,389.26482550088946,7661681
2025-11-19,384.78338623046875,386.6903786619881,384.06826406864894,386.0229487699935,7882450
2025-11-20,386.59503173828125,388.07293915467255,384.49732853592553,384.78336574606783,6693410
2025-11-21,388.8834228515625,389.5031895489138,385.8799157040955,386.1659529187517,5808131
2025-11-24,384.78338623046875,389.78924136320717,384.1159563384741,389.40784869658233,11037491
2025-11-25,382.1612854003906,385.6892331651161,381.49385548435896,384.7834000881633,8199785
2025-11-26,383.5915222167969,385.16481427717554,382.3043255832445,382.3519887554517,11443953
2025-11-27,385.4985046386719,387.07179665807234,383.40083044346284,384.7357193128495,8679529
2025-11-28,385.4508361816406,386.1659583266901,383.782217843192,385.4984993519528,6883500
2025-12-01,385.4508361816406,386.6427064233897,379.6821958509331,384.0682550618539,13442658
2025-12-02,382.3043212890625,386.64271745343586,381.8752363504342,385.45084717768543,8093808
2025-12-03,381.8752136230469,383.49616874095415,380.3019507723685,383.01942065902773,10772192
2025-12-04,384.3066101074219,384.7833581805478,380.49262552241476,381.493813935015,8057989
2025-12-05,386.1182861328125,386.49967878158014,383.3054607886625,384.3066201289768,4419747
2025-12-08,383.5915222167969,386.40434773852076,381.92290381200377,386.11831050848593,6056866
2025-12-09,382.3996276855469,385.68920111438433,381.39846834549746,383.305460687225,9426717
2025-12-10,384.4019775390625,385.5938477590759,382.35196658031816,382.447322017598,6969146
2025-12-11,384.16363525390625,385.2124869539056,382.4473536345593,384.40200931761535,6980147
2025-12-12,381.49383544921875,385.21246480963276,381.2554613992128,384.1636131699276,12407516
2025-12-15,383.5915222167969,384.5927107187102,380.9217444084862,381.49384796695153,7756564
2025-12-16,383.0194091796875,386.8810568881978,382.39961341304394,382.7333428800691,12347384
2025-12-17,381.2077941894531,384.35434931541226,380.54036426459874,382.35200134405585,8087490
2025-12-18,381.7798767089844,383.2578132936943,381.2554654327811,381.3984840446188,7227668
2025-12-19,382.3996276855469,383.92522737860764,381.63684238821344,381.63684238821344,10654835
2025-12-22,383.9729309082031,384.87873483805475,382.5426866099581,382.92407926981116,6847871
2025-12-23,388.40667724609375,389.8845846952617,383.114755953949,383.78221492360865,10081997
2025-12-24,387.6915588378906,390.45669198464753,386.7857258129762,388.9787845212552,5777430
2025-12-26,385.35546875,388.2159572411766,385.0694315402398,387.5961905544338,3152453
2025-12-29,383.8775634765625,385.97523758942174,382.7810487018413,385.30780773012765,6647710
2025-12-30,381.9705810546875,384.6880510266874,381.68451473751173,384.258966100121,12340527
2025-12-31,384.25897216796875,384.97409432460887,382.2089611386127,382.4473351908261,9945109
2026-01-01,346.9295959472656,383.9729288975114,345.833081144032,383.9729288975114,282626710
2026-01-02,333.7713317871094,343.258630577141,329.19456168543866,343.258630577141,118790358
2026-01-05,333.4376220703125,337.4899807901625,329.9573377733733,333.91437015500077,48358124
2026-01-06,326.5248107910156,334.39115505441515,322.04336666220496,333.96207009159815,72582738
2026-01-07,325.38055419921875,328.52707978728273,323.52122510729475,327.0491724258814,29440734
2026-01-08,325.0468444824219,329.0992032790893,323.2828707159584,325.61894801457146,36706319
2026-01-09,321.4712219238281,325.1421879298111,320.47006260328425,325.04683249490375,35193201
2026-01-12,322.6630859375,323.71193750461623,320.1839901693325,322.52006733707344,16156143
2026-01-13,319.13519287109375,323.71196303607496,318.18169666185645,323.23521493145626,24922339
2026-01-14,319.182861328125,320.37473160941005,317.9433278749468,320.37473160941005,14913422
2026-01-15,319.182861328125,319.182861328125,319.182861328125,319.182861328125,0
2026-01-16,313.8909606933594,321.8049675143545,313.2711648846159,321.8049675143545,30526898
2026-01-19,317.7049255371094,319.0874774812901,312.07927503151404,314.65372624927437,15507440
2026-01-20,311.12579345703125,318.9444738116522,310.3630081485584,318.5153888891398,18771011
2026-01-21,309.64788818359375,313.9862842154765,309.2664955266801,310.8397584229455,14177965
2026-01-22,309.7432556152344,313.4142219142513,306.1199524882791,310.9351259007337,18622852
2026-01-23,308.3606872558594,311.2211760598996,307.6932573272881,310.41069841240886,11950089
2026-01-27,303.8315734863281,309.6002432435028,303.06878812758583,308.551391551435,47847784
2026-01-28,306.2153015136719,308.64673430417406,304.499019977878,305.07112352260765,28400238
2026-01-29,303.7839050292969,307.5978899534603,303.25946464318696,307.5978899534603,17719420
2026-01-30,307.1687927246094,310.02928130332384,301.7338818840886,303.9745746586993,41975824
2026-02-02,300.06524658203125,300.7326764202941,287.9558339773994,295.0593918522917,35227572
2026-02-03,301.924560546875,309.64788544935533,297.1094164617701,306.26298563884325,33168353
2026-02-04,305.5264587402344,306.5972918224836,303.09276069340797,304.2122558533025,11196759
2026-02-05,301.9732666015625,306.98667865411124,301.09711153502366,305.62381368471375,15816704
2026-02-06,317.1595153808594,319.0091496502099,300.12362917115206,301.7785557148148,68057745
2026-02-09,314.23907470703125,319.9826257687896,313.11957956571865,319.25251636686045,20059198
2026-02-10,312.876220703125,314.9691951201795,312.2434651409776,314.43379342333833,11489090
2026-02-11,309.80975341796875,313.6550081166595,307.91145710682224,313.41163831821643,24843366
2026-02-12,309.0309753417969,311.90272107711473,308.49554397172875,308.8849296992704,13294561
2026-02-13,305.4291076660156,309.9557801328065,304.9423680522052,307.6194359281623,8730618
2026-02-16,309.5177307128906,309.80976259638305,304.8450126194144,305.4291060946274,11693763
2026-02-17,316.8188171386719,319.34983928901715,309.7124011623626,310.0044627469445,39360672
2026-02-18,323.6331787109375,324.11991832114603,316.18603890816456,317.35422585595626,35473203
2026-02-19,317.3542175292969,325.38542088701683,316.3807383344217,325.19071316475083,19911747
2026-02-20,318.32769775390625,319.1551610138723,316.4294014344681,316.4294014344681,11282027
2026-02-23,316.7701416015625,319.39854745647875,315.79666235281263,318.3277143412081,13486092
2026-02-24,314.9205322265625,316.7701368296786,313.5089754538475,315.4072718436051,13135859
2026-02-25,311.2699890136719,317.93832779267075,309.6637541988749,316.86749468006315,13492101
2026-02-26,309.8584289550781,312.87622052851447,309.1770113147723,311.5133555396741,11270119
2026-02-27,305.2830810546875,309.32301376648314,304.3582639374763,307.6194251776827,13892595
2026-03-02,306.548583984375,307.376047218612,298.85810450075655,298.85810450075655,22194311
2026-03-04,303.6768493652344,307.13268865380064,302.2652926371002,302.3626464990797,24165489
2026-03-05,303.23876953125,305.28308178434213,300.026300067982,303.9202168516899,19938009
2026-03-06,301.48651123046875,304.0175333092302,300.9997716448259,301.8272051738374,21288269
2026-03-09,297.8846435546875,299.05283051074235,295.54829935080625,296.9111643273846,14084931
2026-03-10,300.8537292480469,301.77854635403554,295.69430146786544,300.8050671722483,18352950
2026-03-11,300.8050842285156,302.41131902789596,299.53957310372596,300.85374630707344,14842485
2026-03-12,296.0350341796875,299.83159716315987,294.8181851652266,298.9067800288785,23319679
2026-03-13,293.455322265625,297.8846408259882,292.67652106597967,295.937682389217,25659996
2026-03-16,300.0749816894531,301.2431686839447,293.99073631862075,294.52613802796225,37472204
2026-03-17,296.76513671875,301.7298865244703,295.98633554258623,301.7298865244703,25649286
2026-03-18,295.986328125,298.8094414690324,295.45092646773946,297.7872705212262,16702554
2026-03-19,290.0968017578125,297.3978957617843,289.2206764189814,293.50397895966603,17851126
2026-03-20,291.9950866699219,300.56169141647746,290.2428063525175,293.0658899820715,58679529
2026-03-23,282.7470397949219,291.07027490300464,281.87088476609046,290.9729210433315,31788160
2026-03-24,283.52581787109375,288.14984408530046,281.0921198636166,288.1011820084419,33335721
2026-03-25,287.8578186035156,290.58354854916115,284.49930339528424,284.9373809296547,26184716
2026-03-27,286.88433837890625,288.9773127628988,283.81785506545845,286.88433837890625,22179022
2026-03-30,280.0699768066406,286.64096138513423,279.38852948557997,285.813498126197,24586921
2026-04-01,283.9638977050781,286.64096553507443,283.1850965114152,285.22940879596706,18604340
2026-04-02,285.0834045410156,285.86217605837106,280.75140999162466,282.5523525472668,18082775
2026-04-06,287.0303649902344,287.51710461894146,282.552354464483,285.2294224223722,18047063
2026-04-07,290.5348815917969,291.0702832730548,284.98603822136056,286.3489031712945,26963485
2026-04-08,294.4288024902344,296.52177687527063,293.5526474241106,295.8403295367806,22310207
2026-04-09,294.9642028808594,296.32706784361375,293.26061425035937,293.5039840547165,17691477
2026-04-10,296.1810607910156,297.30055598300885,294.57482597570106,294.96421173271233,17744386
2026-04-13,290.72955322265625,293.4553127708808,290.19415155315835,292.0437560666014,16522014
2026-04-15,294.0393981933594,295.9376946310278,292.57917930537735,292.725224960759,18701403
2026-04-16,295.35357666015625,297.2518729405252,293.84469581756434,294.91552885499743,16512053
2026-04-17,298.6634216308594,301.729905030981,295.7916756720069,295.7916756720069,35111203
2026-04-20,296.9111633300781,299.7829389242669,296.37576164015127,298.8581217781442,13540471
2026-04-21,301.4378356933594,302.849392451092,296.4730857105753,296.91116324455527,24411865
2026-04-22,297.39788818359375,302.3139461377078,297.0085024549496,301.77854447435044,24500511
2026-04-23,297.20318603515625,298.22535701375915,295.2075655708127,295.93767496628874,10701849
2026-04-24,293.6013488769531,298.5174072251711,293.114609250071,298.5174072251711,17011704
2026-04-27,295.7916564941406,297.5439071449768,294.8181773085145,295.5969487737246,14382348
2026-04-28,296.3757629394531,297.6899361310764,294.526128639099,296.32707115310103,12907339
2026-04-29,307.86279296875,309.0796419528162,297.00850597252486,297.00850597252486,31199038
2026-04-30,306.548583984375,309.07963576218305,304.99101137432183,307.86278680248944,11541956
2026-05-01,306.548583984375,306.548583984375,306.548583984375,306.548583984375,0
2026-05-04,302.8493957519531,309.4690426623296,302.26530226968964,309.4690426623296,20245091
2026-05-05,303.19012451171875,305.38045282577866,301.4378440355334,302.8494008323303,26795704
2026-05-06,302.4599914550781,305.28307511999276,301.04843476850743,304.504273955316,20287609
2026-05-07,299.24749755859375,303.38478412292693,298.85811182359606,303.1901061095417,25718615
2026-05-08,299.29620361328125,300.70773068347654,297.59261494674206,300.70773068347654,17739844
2026-05-11,297.7386169433594,299.83159126541733,297.05716962537434,298.85811207299713,14968661
2026-05-12,292.7252197265625,298.1280176321973,292.141126240168,297.25189225671994,15968338
2026-05-13,296.3757629394531,297.6899361310764,293.0659097966479,293.99072694682496,13024778
2026-05-14,299.0528259277344,300.9997843525029,296.7651438369858,296.91115977719784,11113377
2026-05-15,301.2431640625,303.77418633135375,298.17668067606064,299.0528357626027,11954564
2026-05-18,301.924560546875,304.01753483399096,298.371367495507,301.24314294849347,14422870
2026-05-19,302.0705871582031,305.91584192326644,300.17232052251813,303.67685162223455,17519355
2026-05-20,299.3935241699219,301.43783648682927,298.07935098097914,300.8050809313701,12127920
2026-05-21,299.8802490234375,303.0440563532439,297.68992087203304,301.6325293694972,21868988
2026-05-22,293.6986999511719,298.8581280637695,293.01725259672514,297.7872949531656,30751752
2026-05-25,295.8890075683594,297.3978884085819,294.33143494437775,295.8890075683594,15734247
2026-05-26,293.6499938964844,296.32706168880947,293.1145922213104,296.27839961224,37560542
2026-05-27,291.95001220703125,296.3500061035156,291.04998779296875,295.6499938964844,25446093
2026-05-28,291.95001220703125,291.95001220703125,291.95001220703125,291.95001220703125,0
2026-05-29,286.8999938964844,292.3999938964844,285.8999938964844,292.0,31930439
2026-06-01,279.6499938964844,288.54998779296875,278.29998779296875,287.79998779296875,23477875
2026-06-02,283.25,283.6000061035156,277.1000061035156,279.5,20206131
2026-06-03,277.0,282.3500061035156,275.20001220703125,282.3500061035156,28001438
2026-06-04,280.29998779296875,280.6499938964844,275.04998779296875,277.0,22017634
2026-06-05,280.70001220703125,281.3999938964844,277.8500061035156,280.0,16065822
2026-06-08,279.45001220703125,283.45001220703125,276.95001220703125,279.0,15779677
2026-06-09,280.0,281.70001220703125,277.1499938964844,281.70001220703125,12302522
2026-06-10,283.6499938964844,285.8500061035156,278.6499938964844,280.0,19823743
2026-06-11,282.3999938964844,283.25,281.20001220703125,283.0,12603100
2026-06-12,285.1000061035156,285.8500061035156,283.0,283.54998779296875,12893433
2026-06-15,287.8999938964844,288.8500061035156,286.70001220703125,287.0,11194950
2026-06-16,291.6499938964844,292.1499938964844,287.5,288.1499938964844,14467499
2026-06-17,290.75,292.3500061035156,290.0,291.95001220703125,8626353
2026-06-18,291.1499938964844,291.8999938964844,288.0,291.04998779296875,10409670
2026-06-19,292.5,294.54998779296875,288.3999938964844,289.79998779296875,13874008
2026-06-22,291.25,293.95001220703125,290.04998779296875,292.79998779296875,9947873
2026-06-23,290.0,293.1499938964844,289.6499938964844,291.25,9410364
2026-06-24,290.3500061035156,291.3999938964844,289.45001220703125,290.0,6218635
2026-06-25,290.0,292.25,289.20001220703125,290.3500061035156,11230239
2026-06-26,290.0,290.0,290.0,290.0,0
2026-06-29,290.70001220703125,291.8999938964844,289.3500061035156,290.45001220703125,10110022
2026-06-30,286.95001220703125,291.6000061035156,285.5,291.5,18180676
2026-07-01,290.29998779296875,291.0,287.1000061035156,287.8500061035156,6551425
2026-07-02,289.8999938964844,291.0,287.70001220703125,290.70001220703125,12722639
2026-07-03,289.95001220703125,291.6000061035156,289.0,291.29998779296875,6517591
2026-07-06,288.25,290.3999938964844,287.6000061035156,289.95001220703125,27126124
2026-07-07,288.75,290.70001220703125,286.54998779296875,288.29998779296875,18491160
2026-07-08,280.6499938964844,287.8500061035156,280.0,286.8999938964844,21593793
2026-07-09,282.04998779296875,284.3999938964844,281.0,281.25,12512120
2026-07-10,281.75,283.6499938964844,280.8500061035156,282.8500061035156,11774274
2026-07-13,279.6499938964844,281.5,279.5,281.3500061035156,12559492
2026-07-14,275.54998779296875,280.6499938964844,275.0,279.25,15018851
2026-07-15,276.6499938964844,277.70001220703125,275.29998779296875,276.6499938964844,8523722
2026-07-16,279.3500061035156,280.45001220703125,276.0,277.0,11220653
2026-07-17,280.70001220703125,281.95001220703125,277.79998779296875,279.3500061035156,15215868
2026-07-20,282.70001220703125,283.70001220703125,279.5,280.70001220703125,9913943
2026-07-21,281.0,283.95001220703125,278.79998779296875,283.0,9858768
2026-07-22,280.79998779296875,282.20001220703125,278.5,280.5,12995017
2026-07-23,281.29998779296875,284.0,279.6499938964844,279.95001220703125,21143589
2026-07-24,283.45001220703125,284.8500061035156,279.54998779296875,279.54998779296875,24954082
2026-07-27,285.8500061035156,287.8999938964844,285.5,287.75,19312804
2026-07-28,284.6499938964844,287.95001220703125,282.29998779296875,284.8999938964844,14843878
2026-07-29,286.25,289.04998779296875,284.1499938964844,285.6000061035156,19030590
2026-07-30,285.04998779296875,288.3999938964844,283.75,286.1000061035156,18283697
2026-07-31,281.0,285.79998779296875,280.04998779296875,285.54998779296875,16833813
2026-08-03,287.0,292.54998779296875,283.0,284.45001220703125,45392755
2026-08-04,289.0,289.0,284.70001220703125,286.04998779296875,12689243
2026-08-05,286.95001220703125,288.5,285.0,288.25,11771241
2026-08-06,284.6000061035156,286.3500061035156,283.70001220703125,285.45001220703125,6336478
