Price,Close,High,Low,Open,Volume
Ticker,ONGC.NS,ONGC.NS,ONGC.NS,ONGC.NS,ONGC.NS
Date,,,,,
2026-08-04,242.0,243.1999969482422,240.60000610351562,242.0,10467933
2026-08-03,242.0,242.6199951171875,240.05999755859375,241.4499969482422,8277525
2026-07-31,242.52999877929688,242.9600067138672,238.1699981689453,241.5800018310547,10070729
2026-07-30,241.58999633789062,244.38999938964844,239.05999755859375,239.5,11419363
2026-07-29,238.30999755859375,240.02000427246094,237.92999267578125,240.0,9139712
2026-07-28,238.91000366210938,239.97999572753906,236.08999633789062,238.0,13362577
2026-07-27,238.55999755859375,248.1699981689453,238.13999938964844,248.0,19910285
2026-07-24,248.75999450683594,253.55999755859375,248.27000427246094,252.5,7645869
2026-07-23,252.3699951171875,254.1999969482422,252.00999450683594,253.94000244140625,9104521
2026-07-22,251.89999389648438,252.77999877929688,250.1300048828125,251.0,10909821
2026-07-21,249.88999938964844,251.69000244140625,248.4600067138672,250.00999450683594,12240171
2026-07-20,249.5800018310547,252.39999389648438,248.10000610351562,248.42999267578125,10627783
2026-07-17,247.2899932861328,247.7899932861328,245.60000610351562,246.1999969482422,6214332
2026-07-16,246.75,247.9600067138672,245.61000061035156,247.9199981689453,6243845
2026-07-15,247.17999267578125,249.4499969482422,246.3000030517578,249.4199981689453,13302251
2026-07-14,248.89999389648438,252.0,247.3000030517578,252.0,16299949
2026-07-13,248.4499969482422,249.25,245.5500030517578,246.3000030517578,12453319
2026-07-10,244.9600067138672,245.38999938964844,243.41000366210938,243.64999389648438,8237303
2026-07-09,243.64999389648438,249.58999633789062,242.91000366210938,249.58999633789062,14066120
2026-07-08,247.0,248.35000610351562,241.47999572753906,246.82000732421875,24753835
2026-07-07,244.17999267578125,245.27000427246094,242.67999267578125,244.0500030517578,15287101
2026-07-06,243.89999389648438,244.38999938964844,236.83999633789062,239.60000610351562,22386040
2026-07-03,237.83999633789062,239.6999969482422,236.3300018310547,237.1999969482422,11086950
2026-07-02,235.9600067138672,236.3300018310547,230.8000030517578,234.0,14033169
2026-07-01,234.99000549316406,236.10000610351562,233.52000427246094,235.6999969482422,11835312
2026-06-30,234.89999389648438,236.0,227.64999389648438,233.9499969482422,24134402
2026-06-29,234.0500030517578,237.14999389648438,229.6999969482422,234.0,38227413
2026-06-26,233.10000610351562,233.10000610351562,233.10000610351562,233.10000610351562,0
2026-06-25,233.10000610351562,240.8000030517578,232.10000610351562,240.8000030517578,36085563
2026-06-24,240.0,245.8000030517578,239.5,244.35000610351562,10278033
2026-06-23,244.35000610351562,246.1999969482422,243.5500030517578,245.39999389648438,7400255
2026-06-22,245.4499969482422,247.75,243.8000030517578,244.9499969482422,7334095
2026-06-19,246.25,246.6999969482422,243.3000030517578,245.3000030517578,7609532
2026-06-18,245.3000030517578,246.85000610351562,243.0,245.9499969482422,13816485
2026-06-17,245.0,247.75,244.0,246.0,12816262
2026-06-16,248.1999969482422,248.8000030517578,243.5,244.14999389648438,17468010
2026-06-15,243.64999389648438,248.3000030517578,242.8000030517578,248.0500030517578,25211118
2026-06-12,246.1999969482422,250.85000610351562,243.35000610351562,250.3000030517578,31112657
2026-06-11,252.60000610351562,256.5,250.0500030517578,252.9499969482422,13516341
2026-06-10,251.89999389648438,261.8500061035156,251.35000610351562,259.0,10176332
2026-06-09,259.0,265.5,258.29998779296875,264.1499938964844,10796349
2026-06-08,264.6499938964844,266.25,262.70001220703125,264.1499938964844,6974540
2026-06-05,264.75,268.45001220703125,263.70001220703125,267.79998779296875,7493239
2026-06-04,267.54998779296875,271.1499938964844,265.8999938964844,266.70001220703125,15217360
2026-06-03,267.75,268.70001220703125,264.29998779296875,265.1499938964844,14618721
2026-06-02,265.04998779296875,266.20001220703125,261.04998779296875,263.1499938964844,16831714
2026-06-01,264.29998779296875,268.29998779296875,263.25,266.54998779296875,9095622
2026-05-29,265.3999938964844,276.04998779296875,261.54998779296875,275.95001220703125,74403401
2026-05-28,274.04998779296875,274.04998779296875,274.04998779296875,274.04998779296875,0
2026-05-27,274.04998779296875,284.20001220703125,272.45001220703125,284.20001220703125,29178516
2026-05-26,287.5,289.6499938964844,284.0,285.1000061035156,10629491
2026-05-25,284.95001220703125,289.95001220703125,284.29998779296875,289.95001220703125,12837047
2026-05-22,290.0,296.79998779296875,289.3999938964844,295.79998779296875,11563330
2026-05-21,295.8500061035156,299.6000061035156,294.1499938964844,296.6499938964844,14084672
2026-05-20,298.29998779296875,301.75,293.8500061035156,294.79998779296875,12258794
2026-05-19,296.5,298.5,293.6499938964844,295.1000061035156,9565497
2026-05-18,297.20001220703125,300.70001220703125,295.1000061035156,299.3500061035156,10521642
2026-05-15,299.3500061035156,304.95001220703125,298.54998779296875,303.0,13695307
2026-05-14,300.8999938964844,303.70001220703125,298.70001220703125,300.0,22660293
2026-05-13,297.1499938964844,300.20001220703125,294.1000061035156,297.0,24381295
2026-05-12,294.5,299.8999938964844,286.8500061035156,286.8999938964844,52080828
2026-05-11,281.0,281.79998779296875,277.6499938964844,280.70001220703125,6948202
2026-05-08,279.20001220703125,284.0,278.6000061035156,283.6000061035156,9290168
2026-05-07,283.8999938964844,285.20001220703125,279.70001220703125,282.0,15608370
2026-05-06,280.79998779296875,290.25,280.0,289.95001220703125,22858013
2026-05-05,289.95001220703125,295.8999938964844,287.0,294.3500061035156,10750753
2026-05-04,292.8999938964844,299.8999938964844,292.3500061035156,298.3999938964844,15468437
2026-05-01,299.54998779296875,299.54998779296875,299.54998779296875,299.54998779296875,0
2026-04-30,299.54998779296875,307.45001220703125,296.8999938964844,304.8999938964844,17490096
2026-04-29,301.3999938964844,307.5,299.75,303.8999938964844,27267649
2026-04-28,301.29998779296875,302.3999938964844,286.0,286.25,51575179
2026-04-27,285.8999938964844,286.70001220703125,284.20001220703125,286.0,6497916
2026-04-24,284.79998779296875,288.79998779296875,283.8999938964844,288.79998779296875,11789941
2026-04-23,286.25,289.79998779296875,284.04998779296875,284.8500061035156,13525025
2026-04-22,283.6499938964844,285.04998779296875,282.6000061035156,283.1000061035156,7395183
2026-04-21,283.1000061035156,284.8500061035156,282.3999938964844,283.1499938964844,13645673
2026-04-20,283.3500061035156,285.20001220703125,282.5,284.0,11057036
2026-04-17,284.04998779296875,285.5,282.20001220703125,283.3999938964844,17846605
2026-04-16,282.75,288.1000061035156,282.0,288.0,13626398
2026-04-15,287.6000061035156,289.79998779296875,283.3500061035156,284.04998779296875,16529148
2026-04-13,287.54998779296875,290.29998779296875,281.0,287.20001220703125,23986567
2026-04-10,286.5,291.8500061035156,284.54998779296875,288.6000061035156,12889209
2026-04-09,288.6000061035156,289.79998779296875,284.8999938964844,284.8999938964844,13585661
2026-04-08,285.5,287.8500061035156,274.75,280.0,42071040
2026-04-07,286.6499938964844,287.54998779296875,280.0,281.8500061035156,22891122
2026-04-06,281.8500061035156,288.5,280.45001220703125,287.29998779296875,24449779
2026-04-02,287.20001220703125,288.79998779296875,283.5,288.5,20935809
2026-04-01,288.04998779296875,293.0,282.79998779296875,290.0,31626297
2026-03-30,284.6499938964844,288.3500061035156,281.95001220703125,282.75,44866906
2026-03-27,281.95001220703125,285.0,269.70001220703125,270.5,60048871
2026-03-25,270.20001220703125,271.5,266.3999938964844,267.3500061035156,13380625
2026-03-24,268.04998779296875,273.29998779296875,266.8500061035156,268.54998779296875,18567283
2026-03-23,265.45001220703125,269.70001220703125,263.8999938964844,267.29998779296875,23991581
2026-03-20,265.3999938964844,273.04998779296875,264.0,269.0,19436124
2026-03-19,269.1000061035156,271.5,262.5,265.0,28685305
2026-03-18,265.0,266.6499938964844,263.0,265.1499938964844,8780857
2026-03-17,264.75,265.3999938964844,259.1499938964844,260.6499938964844,15662659
2026-03-16,260.45001220703125,266.0,258.3500061035156,264.04998779296875,21725887
2026-03-13,264.1000061035156,271.29998779296875,263.45001220703125,270.54998779296875,18411729
2026-03-12,270.54998779296875,273.0,267.75,271.6000061035156,20059801
2026-03-11,270.75,272.3999938964844,268.0,268.0,16130216
2026-03-10,269.20001220703125,270.8999938964844,265.3500061035156,270.8500061035156,18476370
2026-03-09,270.79998779296875,289.0,267.6000061035156,289.0,56512457
2026-03-06,278.95001220703125,280.95001220703125,271.1499938964844,279.95001220703125,30725344
2026-03-05,276.3500061035156,287.6499938964844,275.3500061035156,278.0,40569479
2026-03-04,276.95001220703125,288.3500061035156,275.1000061035156,287.0,53722773
2026-03-02,282.20001220703125,293.0,277.6499938964844,288.0,65843426
2026-02-27,279.70001220703125,282.5,277.0,278.5,18554482
2026-02-26,280.1000061035156,281.04998779296875,275.6000061035156,277.3999938964844,13301761
2026-02-25,277.45001220703125,278.95001220703125,274.0,276.5,7573116
2026-02-24,276.5,278.1499938964844,273.29998779296875,275.6499938964844,16311581
2026-02-23,275.6499938964844,279.8999938964844,272.20001220703125,279.8999938964844,13113050
2026-02-20,278.6499938964844,280.79998779296875,274.3500061035156,277.3999938964844,31971956
2026-02-19,274.6499938964844,276.45001220703125,267.8500061035156,270.29998779296875,37728943
2026-02-18,264.6000061035156,266.1000061035156,262.54998779296875,265.0,11621040
2026-02-17,265.6000061035156,266.72356092811606,261.9362209259316,266.72356092811606,21292868
2026-02-16,265.306884765625,265.9419647143231,259.5425353965288,261.4965541532367,13247757
2026-02-13,261.2522888183594,265.1114875973499,259.8844817198676,263.79251903896335,20748628
2026-02-12,269.9965515136719,273.8557207235144,267.16323023931596,269.6545922631895,22753270
2026-02-11,268.2867736816406,268.77527835702017,260.2264465378781,266.0396342853192,18388416
2026-02-10,265.8930969238281,266.77239940303303,260.861504577749,261.1057569228592,13459684
2026-02-09,260.470703125,264.6718314754195,259.64023920011437,263.2551857832825,10824044
2026-02-06,262.7666931152344,263.7437025266077,258.61440311689785,261.8385222480453,10013728
2026-02-05,263.01092529296875,264.23218696350455,259.8844834900137,261.8385021628709,15268335
2026-02-04,260.8126525878906,263.79251911821297,252.11724569752343,252.11724569752343,26628393
2026-02-03,251.09140014648438,255.97644684194125,243.6172846656271,253.72933728841463,19213406
2026-02-02,248.1115264892578,251.09140804886562,241.9075259355621,245.81556341492188,17015974
2026-01-30,262.77642822265625,270.14308712044925,261.84828722339125,267.5931070111898,24420043
2026-01-29,269.0586242675781,271.3838815188969,262.8252997268123,263.7925294603933,48267023
2026-01-28,262.4051513671875,263.4505585006787,243.4707207877218,243.4707207877218,73427983
2026-01-27,242.2494659423828,243.26556401733228,240.23682906174545,240.9305122614502,15915509
2026-01-23,239.8264923095703,240.6374118792223,235.99661735115197,239.6604025048917,8080247
2026-01-22,238.40005493164062,240.8035045809201,236.99317393838206,238.97650179949548,10746306
2026-01-21,236.79776000976562,238.86903004459805,234.00351257071955,234.48225253652112,9610477
2026-01-20,234.86328125,239.69947463738478,234.19892203595015,237.52074792215913,6496057
2026-01-19,237.520751953125,242.29832724481855,236.72937673731994,239.36729909266347,6459249
2026-01-16,241.48739624023438,242.08337253262428,236.82705752459444,241.2235995447885,12287680
2026-01-15,242.5230255126953,242.5230255126953,242.5230255126953,242.5230255126953,0
2026-01-14,242.5230255126953,245.22934557232938,237.9799380220571,238.38051543138516,33094088
2026-01-13,238.1753387451172,238.5368274349664,230.3788082868825,232.52822588065396,22527192
2026-01-12,230.29087829589844,230.7305295176939,226.33398748378042,228.70811302626356,9807980
2026-01-09,228.70811462402344,232.77247708835003,226.66616866525584,226.94949481657642,12706408
2026-01-08,226.09950256347656,233.39776361918936,225.6891604243898,232.72362478069692,9218488
2026-01-07,233.56385803222656,236.12361781573415,232.6845555608174,234.68742775456045,8253161
2026-01-06,236.32879638671875,236.78799198417764,232.6161577916805,232.6161577916805,10840459
2026-01-05,232.61614990234375,241.12590780299902,230.28109817887704,241.12590780299902,21201434
2026-01-02,235.90869140625,236.97362805231785,232.46961421511622,232.46961421511622,5925943
2026-01-01,232.4696044921875,235.56672230766347,231.9517907351887,235.36154378697555,5840586
2025-12-31,234.853515625,235.45925665996174,229.21616742201886,229.29432996007517,11514802
2025-12-30,229.2845458984375,230.18340761474056,227.946047866518,229.54834259578686,6236729
2025-12-29,229.4213409423828,233.52477719894176,228.62018612577006,229.13799988461315,12621499
2025-12-26,229.13800048828125,229.8707574970251,227.6920308319277,228.46386165496023,3710774
2025-12-24,228.39547729492188,231.13110642503094,227.779956640953,230.12477309077252,4114036
2025-12-23,230.07594299316406,232.43052425590307,229.20640524608268,229.20640524608268,5810236
2025-12-22,228.79605102539062,229.87076731397062,227.41847912018557,228.41501796089048,4614185
2025-12-19,227.53570556640625,228.13168186266645,226.17766317433527,226.66616784641806,5070902
2025-12-18,226.66616821289062,228.7472028898814,225.8943373892629,227.64317755863584,3964839
2025-12-17,227.5552520751953,228.0535214785498,223.35410887403685,226.4219176473517,5848233
2025-12-16,226.87135314941406,229.8903085352076,225.44491290478487,228.7862831727476,7238404
2025-12-15,229.9391632080078,233.3000629475615,224.65353889206648,232.52823209800792,12334408
2025-12-12,232.5477752685547,233.89603806663862,231.5707658949965,233.01673559362823,4252781
2025-12-11,232.92880249023438,235.75235891273405,232.6650057917506,233.78856057999187,8868641
2025-12-10,233.78855895996094,234.82420138550393,232.93856560271152,233.81788295557112,3492031
2025-12-09,234.325927734375,234.67765170991547,231.38513484720352,232.23512824310123,9026401
2025-12-08,233.03627014160156,236.43625844416778,232.23511533319206,235.68395708397486,5285903
2025-12-05,235.6839599609375,237.60866956192592,235.37132472289798,237.12016488975587,7645591
2025-12-04,236.6609649658203,237.12016054187865,234.17936783621036,234.97074300533836,10825420
2025-12-03,234.5017852783203,238.74200222366053,234.0523544237178,238.439131714419,11829802
2025-12-02,237.94085693359375,240.59832362964534,236.9247737417999,237.90178311805474,5413988
2025-12-01,239.20120239257812,240.1977561098247,237.42303820902012,238.43913628761888,6307936
2025-11-28,237.65753173828125,239.70925739993325,236.97362815372392,239.36729815366456,3804191
2025-11-27,238.39028930664062,243.0799373237771,237.2178810293515,242.29832683625767,5600832
2025-11-26,242.00521850585938,242.2983242991075,239.4161496327907,239.70925542603885,7232643
2025-11-25,239.70925903320312,241.8098232517943,238.97650199304616,240.10005682476142,8983620
2025-11-24,240.1000518798828,241.76096482176922,238.68339127968494,241.27246013839206,15875282
2025-11-21,241.2724609375,242.59142955017882,240.5397039100073,241.37016783769099,7589240
2025-11-20,242.34716796875,245.32704941521513,241.90751675061105,243.27532385326097,6918642
2025-11-19,243.27532958984375,244.54544473395694,239.75808994583485,241.2724574288937,7075882
2025-11-18,241.2724609375,243.71498436247566,240.63741081019828,241.3213143875955,7708871
2025-11-17,242.34716796875,243.9592274045859,241.76095640591186,241.90751675061105,6281588
2025-11-14,241.9075164794922,243.91037368298927,239.46499315036962,239.8557909198375,9185042
2025-11-13,239.2207489013672,241.9386158642892,235.83532188131284,241.9386158642892,13057927
2025-11-12,242.0816650390625,243.7505360401749,238.31477313828856,240.88961432398222,11917811
2025-11-11,237.88563537597656,242.41542804729232,234.59557834603777,242.41542804729232,16183880
2025-11-10,239.7452392578125,243.65517150964297,237.93332795168658,240.3174294341684,7418162
2025-11-07,240.50814819335938,241.84325371858927,238.41014185531267,238.41014185531267,4449104
2025-11-06,239.84060668945312,243.65516902248618,238.83928116675185,241.79557279541268,6987258
2025-11-04,240.6511993408203,245.56244236761256,240.31741932675092,244.22735141413506,6006851
2025-11-03,245.610107421875,246.5160775685659,242.51079024368926,243.1783357059354,5450040
2025-10-31,243.53118896484375,245.94389845531867,241.57623742734617,242.892251525805,7199008
2025-10-30,242.73013305664062,244.60880614317784,241.66206027495866,244.60880614317784,5266883
2025-10-29,243.78866577148438,245.40985177061228,238.9346389409463,239.3160893343647,8806213
2025-10-28,238.92510986328125,242.02444181771637,238.27664123902568,241.36644202595141,8529692
2025-10-27,241.52854919433594,244.21780801224972,240.2315974480555,243.5788705819248,7889080
2025-10-24,243.14019775390625,245.46706844137188,241.12801563846767,242.22469643562812,17882209
2025-10-23,240.61305236816406,241.49994567413228,237.53279736971194,238.4101449569856,13879042
2025-10-21,236.61729431152344,237.74259775436883,235.92114076763963,237.2085613617237,569979
2025-10-20,237.20855712890625,237.6472236358655,233.63240504404249,236.20723163486437,10920554
2025-10-17,236.2072296142578,237.02736106742685,233.42260096083268,237.02736106742685,14250215
2025-10-16,236.83665466308594,237.17042015046508,234.59559337733552,236.50287462430572,6083826
2025-10-15,236.23583984375,236.68405206946153,232.96484516790215,233.34631012138007,8520238
2025-10-14,233.3463134765625,237.20856069658456,232.59292927723604,233.92803480650556,13865005
2025-10-13,232.7741241455078,234.29040916537696,230.18976633952715,233.64194055992363,12607116
2025-10-10,234.91981506347656,235.6255143254089,232.30684920854407,232.7359845557541,9050771
2025-10-09,232.10658264160156,233.16512427866502,229.40777802545958,230.6284368166714,9292031
2025-10-08,230.59982299804688,235.3584946621665,229.96088556482363,235.12008452060257,5073558
2025-10-07,233.94711303710938,237.93332365923317,233.31770676475287,234.462072545419,12498420
2025-10-06,234.4620819091797,236.02605193387743,231.47718213130497,231.47718213130497,9465503
2025-10-03,232.3640594482422,232.8790189416132,228.58763647505498,231.2578329200823,10702610
2025-10-01,231.77279663085938,234.8721284686589,227.41466681335862,227.53864474331868,10375310
2025-09-30,228.39691162109375,229.7224714029347,227.4432710715276,228.87373189587683,7167687
2025-09-29,228.8546600341797,229.97996347409776,227.12857292979888,227.92009634948184,10631271
2025-09-26,226.98553466796875,229.12168025184423,225.8602312181197,228.87373893983025,6349466
2025-09-25,228.5590362548828,230.91452965357823,227.46235540751957,227.8438058192806,10150654
2025-09-24,227.4623565673828,228.99771849236066,225.3071195308819,225.68858449598852,8299331
2025-09-23,225.68858337402344,226.5754621296114,224.24857678393056,226.25122782443302,7014239
2025-09-22,226.46102905273438,227.39559274408467,224.7253962173977,225.05917624000872,9962796
2025-09-19,225.71719360351562,226.39427027371585,223.86712853046046,224.21043972495937,16484017
2025-09-18,224.6681671142578,226.68034919799007,223.62870243748134,226.68034919799007,6497852
2025-09-17,225.89837646484375,226.92830999737222,224.27717590074903,225.0591681306206,7628371
2025-09-16,224.1913604736328,224.3630233447716,221.6451418710445,221.70235797762393,7319921
2025-09-15,221.4925537109375,223.33308757910552,221.24461240106112,222.34129323679934,6153784
2025-09-12,222.43666076660156,224.4965278698952,221.91215554797586,223.63824263448944,6073522
2025-09-11,222.9230194091797,224.31534107525258,221.33998708650583,221.33998708650583,11047708
2025-09-10,220.9966583251953,222.2363793543644,220.29095910514255,222.1982401363559,11775053
2025-09-09,220.6056671142578,223.714530025583,220.06208502363418,221.75003284808673,11665314
2025-09-08,221.7500457763672,224.0864623173586,221.30183353384794,223.27587654469662,8418326
2025-09-05,223.27587890625,226.1654087675379,222.20779153656213,224.82077202575817,7210683
2025-09-04,224.7921600341797,228.25388001685536,224.51559611553148,227.98686181696087,8778730
2025-09-03,226.79481506347656,229.5174485678663,226.21613529865908,227.2027295085964,4364007
2025-09-02,227.1932373046875,230.0486817098483,225.21053869613303,226.49122786897436,5921193
2025-09-01,226.46278381347656,226.90865254794326,221.1028921421287,221.98513380267917,4366396
2025-08-29,221.7100067138672,223.28476187826917,219.45220480813438,221.40643038438682,9928988
2025-08-28,221.4064483642578,223.1994045893189,220.4483126377453,222.2697273365917,13870643
2025-08-26,222.16537475585938,225.1156904990029,221.79540012136368,224.50855226610443,14671897
2025-08-25,224.6033935546875,225.2959216365665,223.5503866712736,224.1670206698515,8854258
2025-08-22,224.15753173828125,226.37739393581197,223.7780757854524,225.7797370585556,5423818
2025-08-21,226.0548553466797,228.61623386063945,225.0492839776461,225.7797519340511,8111371
2025-08-20,225.7133331298828,226.81377570155288,224.83109149117104,224.83109149117104,7438061
2025-08-19,225.72283935546875,226.29202333323357,224.52752549905856,225.30542908658379,5538059
2025-08-18,225.93153381347656,226.33944825449936,223.40810965287537,225.0682548413787,8501972
2025-08-14,224.774169921875,226.4153379374875,222.39303817649284,226.2635497634159,7258450
2025-08-13,226.4153289794922,227.6296053733886,224.16702283186336,225.53308739382595,8501906
2025-08-12,223.4270782470703,224.2239444329932,221.6151449508539,221.79539159476147,7036778
2025-08-11,221.78590393066406,222.93378211409325,219.6893858305773,221.4538835786632,4699743
2025-08-08,221.45388793945312,223.0476204012018,220.73290132315176,221.89026086217677,5249568
2025-08-07,221.91873168945312,222.17487244767693,219.43326162728522,221.17878236597844,5560413
2025-08-06,221.76693725585938,223.28477557038872,220.95109391449745,222.5068865101973,7568954
2025-08-05,222.4404754638672,223.88243417776192,221.08390664560332,223.40810698670734,9562689
2025-08-04,222.77252197265625,226.14972943405633,221.98513705716746,224.35677313683806,16174972
2025-08-01,224.63185119628906,228.35058888771772,222.0325476105853,227.7719091705873,12629251
2025-07-31,228.62570190429688,230.34276398844028,227.35450852961043,227.866775517435,10254214
2025-07-30,229.39410400390625,231.19655593796062,227.77191318610545,230.08661762011818,8767763
2025-07-29,229.04312133789062,230.05817402176504,227.5063058373904,227.69603382289503,6157824
2025-07-28,227.69602966308594,229.15695104763108,225.5900157692294,227.95215592494517,6865890
2025-07-25,227.95216369628906,232.2306043850006,226.96556947086373,231.47167795565622,7427827
2025-07-24,232.25904846191406,233.55870030170374,231.24398134958437,232.9515620909279,4590999
2025-07-23,232.9420928955078,234.50736687936057,231.71832060240035,233.36898448425697,7357753
2025-07-22,233.7579345703125,234.19430748886697,231.53808674466384,232.4582681969159,5869862
2025-07-21,232.45826721191406,233.65358101705795,231.87958745038245,233.36898180272286,5424455
2025-07-18,233.66305541992188,234.6496640703136,230.9593991522172,232.17367558707093,10293817
2025-07-17,231.34832763671875,232.00290144276602,230.3522521669769,230.52300299882418,7006298
2025-07-16,230.38072204589844,231.61396116003434,229.85895924167022,231.47166879311624,5656962
2025-07-15,231.1586151123047,232.77132469166926,230.23841918945857,231.92702285759904,7843083
2025-07-14,231.6803741455078,232.31597084390344,228.7585169142373,230.42814341411312,7568906
2025-07-11,229.3466796875,230.60839176088467,228.4359795809763,230.570451954495,5608382
2025-07-10,230.6083984375,232.12625129274087,229.88742629268526,231.00683155505428,8012201
2025-07-09,230.85504150390625,232.03136363187576,229.83049307046028,230.85504150390625,9590680
2025-07-08,230.75070190429688,231.1870748229459,228.29367600240056,229.963317013767,7537067
2025-07-07,229.11900329589844,232.89464356620485,228.4644294765456,232.89464356620485,9222263
2025-07-04,232.64801025390625,232.8472195717172,230.05817331982476,232.61005597173067,7717259
2025-07-03,231.51910400390625,233.55870512787084,229.3846316519501,229.5743596326161,13891239
2025-07-02,228.69212341308594,231.23451025978994,227.86678424094285,230.42814822875704,10419419
2025-07-01,230.87400817871094,232.70491863033175,228.9103011703192,232.70491863033175,8470489
2025-06-30,231.6708984375,233.0843842356688,230.5230202391858,231.47167464346228,8783448
2025-06-27,230.3617401123047,233.57767781559713,229.57435525600022,232.42979967017774,21691960
2025-06-26,232.1641845703125,232.7713228002688,229.13797475330702,229.57436214139307,15769123
2025-06-25,229.48899841308594,232.7049363766851,229.10004661969668,231.47168271306828,13056178
2025-06-24,231.39576721191406,235.26627869522838,230.98785278974768,234.79195152043962,22215004
2025-06-23,238.4727325439453,242.37170245909323,237.47664259220514,240.01902927442853,16776881
2025-06-20,238.95655822753906,240.24672880129913,236.5469824006065,239.3075557263614,15907673
2025-06-19,238.64349365234375,240.00955827637068,235.45601435472,237.63792232502314,10790997
2025-06-18,237.505126953125,242.75118486543363,236.9454243057733,240.9866870222579,12691905
2025-06-17,239.35498046875,243.88954717450866,238.6340083626097,243.74725480991415,18781097
2025-06-16,243.60498046875,244.27851701141898,239.24116427764216,240.9487451556982,41444122
2025-06-13,238.59605407714844,242.80808177286548,236.32877072431367,242.42862581707635,39320377
2025-06-12,235.15245056152344,242.09659304324748,234.08046648815912,238.58657475895447,35613271
2025-06-11,234.62120056152344,237.5430432183976,231.04476961241986,231.94598834897832,20842417
2025-06-10,232.1167449951172,232.4203213425739,230.13406082998517,231.70883056295378,7659657
2025-06-09,230.33328247070312,231.58549870399904,228.15137453847348,229.36565096634936,7719525
2025-06-06,227.73397827148438,228.1229300586527,225.3149065998724,225.58052868005623,5985346
2025-06-05,225.56155395507812,227.31655585708853,224.0911367842521,225.8271760210615,8941808
2025-06-04,225.82717895507812,226.25407053271795,223.408107381363,225.77974334082546,6733580
2025-06-03,225.0872344970703,228.67314698627487,224.45163778340893,228.15138416899538,9515918
2025-06-02,226.07383728027344,227.76244102544746,225.45721768440086,226.72841115992412,6278145
2025-05-30,227.10784912109375,232.60056599893355,226.62404060620648,230.5609504296201,10108840
2025-05-29,230.5609588623047,232.04087188464342,228.95774508657644,231.0922174852382,12938112
2025-05-28,230.2099609375,232.74286644215235,228.91030904483904,232.07881125887002,7385958
2025-05-27,231.9839324951172,234.17533624175735,230.44711705295632,234.17533624175735,9712093
2025-05-26,233.3120574951172,234.44095850866765,232.24007342757486,232.7049192788359,7159571
2025-05-23,231.6993408203125,232.11673656993977,227.8193335750431,230.0486770603941,8725218
2025-05-22,229.2613067626953,237.61894969794858,227.30708101771472,235.91136888547905,18502235
2025-05-21,235.91136169433594,239.0134655361529,235.03860141130363,238.58657396487754,7158307
2025-05-20,236.46157836914062,239.72495165332126,234.1184009636499,234.1184009636499,13183059
2025-05-19,233.91920471191406,236.64183821971795,232.33495359402457,235.2662922287665,8043270
2025-05-16,234.5737762451172,236.5849189299045,233.5587090945729,234.37455245307822,8030229
2025-05-15,234.8963165283203,236.13905147608597,229.85896398111507,232.3728923506168,16812750
2025-05-14,233.3784637451172,234.22276558214875,228.7774985900665,228.7774985900665,8234859
2025-05-13,228.77749633789062,232.69542912831045,227.9521571747565,231.61396370191284,9336026
2025-05-12,231.4906463623047,232.040867640935,225.88409549027978,226.72839731129662,11374237
2025-05-09,222.89584350585938,223.21838252678867,216.72009411669865,217.33672815998773,11184507
2025-05-08,221.2451629638672,227.05092280416008,219.51860514320603,225.45719048538018,15026122
2025-05-07,226.4153289794922,227.7624164016174,220.15421903758565,220.37240548210798,16689539
2025-05-06,224.83108520507812,230.51353008023617,223.8824308371242,228.7490323768292,11350559
2025-05-05,226.9181365966797,228.76800983877706,222.4594636739707,227.6770630351939,20086323
2025-05-02,230.27638244628906,233.6251314392077,226.72840965315456,228.62571852054495,10203190
2025-04-30,231.8985595703125,234.73504136875113,229.7830643626208,232.8946495612591,9822483
2025-04-29,233.06539916992188,239.1557729765744,232.51519237242871,238.33992963762384,8030552
2025-04-28,237.73280334472656,239.01347812601125,231.8321716967187,233.36898722438738,7669983
2025-04-25,233.68203735351562,237.80867526001805,231.85112685578355,236.2149428348269,15616265
2025-04-24,236.56594848632812,238.4632573295605,235.26629656081562,237.16360540404798,6538518
2025-04-23,239.22218322753906,239.7724045278855,232.3444386861853,235.9683055168166,16555874
2025-04-22,235.0575714111328,237.73278360040598,234.56426710081618,236.186472392763,9896443
2025-04-21,236.95489501953125,237.68536296106885,229.33720134087724,231.48115507507998,11698653
2025-04-17,230.98785400390625,232.0503422489166,226.97503566187245,228.62569944992785,12891813
2025-04-16,228.83441162109375,229.57436088244154,219.82219497488222,220.74239088520497,18748952
2025-04-15,220.74240112304688,221.98513610742648,218.2853896290965,221.98513610742648,12102239
2025-04-11,218.54150390625,219.51861675523296,213.68439813458204,216.5777968756409,13886447
2025-04-09,210.5443572998047,212.5554999713238,208.95061039995926,210.60127424706394,16889575
2025-04-08,215.02198791503906,215.57220914813166,207.92604330231302,211.54990968999735,11309092
2025-04-07,208.5521697998047,209.46288434917932,194.47414265441023,197.3201057176455,27024128
2025-04-04,214.40536499023438,228.82492272800505,212.6883029283175,228.2082887137107,38336194
2025-04-03,230.81710815429688,236.80311532025618,230.05818171159333,235.266299768387,11141370
2025-04-02,237.77073669433594,238.58658005205547,235.26628967359744,237.21103407604346,15337906
2025-04-01,235.33270263671875,239.25063544353637,234.03303627278973,234.31763548625756,11258957
2025-03-28,233.72947692871094,241.81200203683025,230.76966534198738,230.94043066204713,32905564
2025-03-27,229.7356414794922,230.9024823748127,226.39637383420686,226.60507896674457,9935664
2025-03-26,227.4114227294922,231.94598938020877,227.07938791571286,230.85504266404817,7543985
2025-03-25,229.8115234375,232.77132046948523,228.19881388738798,231.4811499343322,8915800
2025-03-24,231.31040954589844,233.74844388424924,230.28586103269015,231.65192571696787,10566066
2025-03-21,229.97279357910156,235.2662867684293,223.6927062014974,223.6927062014974,29285333
2025-03-20,223.4934844970703,224.86903046892888,220.09730004032127,221.49182315308832,18955995
2025-03-19,220.62855529785156,223.0665895183701,219.7083593945916,220.56214254334225,8626593
2025-03-18,217.94384765625,217.94384765625,217.94384765625,217.94384765625,0
2025-03-17,217.94384765625,218.61738411408467,214.623557551967,214.88917960228434,8788971
2025-03-13,213.85516357421875,218.56997730153924,213.3239194035885,216.4355048104097,16105085
2025-03-12,212.87803649902344,217.09006425074185,210.94278793826157,215.43941489826418,6994310
2025-03-11,215.07891845703125,215.5911854441968,208.7988312025791,209.5577431131478,10941588
2025-03-10,211.7301788330078,222.93378503286394,211.05662783674757,220.93212366057745,16489167
2025-03-07,220.93212890625,224.32831349165966,219.30044213392318,220.6570254915832,9079049
2025-03-06,220.65701293945312,221.5772088392448,215.06943926176103,219.60400600646042,10439208
2025-03-05,217.1849365234375,219.37632582972915,215.11686244358586,215.45837860010644,7466729
2025-03-04,215.1168670654297,216.05604013486897,204.4160465649641,208.79883974702997,12428265
2025-03-03,213.57057189941406,214.39589660379607,207.14817749230878,213.21007859160696,11928529
2025-02-28,213.6844024658203,218.6648380393855,211.69222244626732,218.1905108419031,17237276
2025-02-27,219.13916015625,221.84283090934352,216.76752422382307,221.51079608867695,9664032
2025-02-25,221.03646850585938,224.54648678449416,220.60957693385134,222.93377724839894,5519036
2025-02-24,222.31715393066406,225.7323009241851,221.98511911621827,224.16702702823588,6883143
2025-02-21,227.58218383789062,230.57045387084366,225.87461750513728,229.4794926301209,5697387
2025-02-20,229.4794921875,230.190982983214,224.35676424848603,224.64136346183508,8929816
2025-02-19,226.0643310546875,226.53865822245842,222.45944168456518,223.88242318787795,6168581
2025-02-18,224.45162963867188,224.9733779617011,217.76361343789318,220.2775417272197,6170974
2025-02-17,221.653076171875,222.26971016532622,213.49465770160478,218.38022166155025,6692422
2025-02-14,218.6648406982422,225.73231313160343,215.10738667386732,222.93378552749203,8065352
2025-02-13,222.8863525390625,227.15529741862653,222.17486172580183,226.25407861689322,10079210
2025-02-12,225.21054077148438,228.8628658718984,222.1274140809821,226.72839354770454,5985956
2025-02-11,226.6809539794922,230.00124420364347,224.6413529176402,230.00124420364347,6711630
2025-02-10,230.00125122070312,236.78413871359692,229.38463166467506,236.1675046822518,7582536
2025-02-07,236.12008666992188,240.81593777479367,234.79197623086444,239.96214008512692,10098454
2025-02-06,238.25454711914062,244.57949469511416,236.53380247191254,244.30043661035901,12327998
2025-02-05,243.3702850341797,244.62597537576045,239.74275723613025,240.90542822175647,11590755
2025-02-04,236.34776306152344,239.5102224576462,234.39447013330812,234.76651917070103,8402532
2025-02-03,231.60406494140625,238.44057614991374,227.74400286948733,237.74297354466853,25719512
2025-02-01,239.55673217773438,244.16092089743842,236.02222353419046,241.41700586076246,10921673
2025-01-31,244.2632293701172,245.08175435594168,237.38023641425707,239.05448561582426,8850307
2025-01-30,238.7847137451172,241.27747348679105,233.40852432707885,234.3944670366293,12588155
2025-01-29,233.83639526367188,234.39448304326055,229.74379885589428,231.51105316998874,5651586
2025-01-28,231.30641174316406,234.7665217615959,229.47405531138293,232.5341991270804,8029472
2025-01-27,233.2597198486328,238.52429786519056,232.07844206634238,237.18489852035134,6944911
2025-01-24,238.58941650390625,247.0815706294252,237.88250340260694,244.61668522690235,6306281
2025-01-23,244.67247009277344,245.39797565010545,242.92383677972038,244.62597460770323,5026675
2025-01-22,245.60260009765625,247.77914509508332,243.42608348575038,247.4163781336717,7919682
2025-01-21,247.2303924560547,250.5323956932644,246.3095659496109,249.32320061471947,8989218
2025-01-20,250.5416259765625,251.5740925485788,246.49555374784345,249.36967295209834,9676264
2025-01-17,247.9465789794922,248.34653099966272,243.0447397701798,243.69584689854545,12148143
2025-01-16,244.7934112548828,247.07225790913486,241.83558286163932,241.83558286163932,14195450
2025-01-15,240.14273071289062,245.99329958358473,239.68697272914466,242.67270413922932,9344731
2025-01-14,242.1797332763672,243.69586092226217,238.87775872876782,239.52883750907733,8470150
2025-01-13,237.86387634277344,249.83474643133005,236.8221276839926,247.44428807845344,20416370
2025-01-10,244.64456176757812,247.88144792930763,240.41245084006678,245.55610601627473,13053552
2025-01-09,244.7934112548828,253.54600248702272,243.4261089394364,253.025128117855,14706472
2025-01-08,252.37399291992188,254.3924021653051,247.18384232332664,247.83494940519762,42237794
2025-01-07,245.0817413330078,248.71857970123506,240.02179476725883,241.04495094517185,52956766
2025-01-06,236.58961486816406,241.37051781320847,233.88291316966053,241.0077508087842,19265884
2025-01-03,240.80316162109375,244.3934765188297,230.66466064471183,231.0925156813455,49760410
2025-01-02,228.8787841796875,229.53917340299554,220.442436038596,220.48894572019452,19745810
2025-01-01,220.39593505859375,222.5259565021495,219.83786143566397,221.19585335827955,9418453
2024-12-31,222.5352325439453,223.1398157953823,216.1172942103781,216.3963239001112,12004845
2024-12-30,216.39633178710938,220.44243274884485,215.00112651654706,219.55880558270778,19401112
2024-12-27,220.3494110107422,224.162977719591,219.79133742419282,223.23284088258023,6487888
2024-12-26,223.4653778076172,225.093117292168,222.30270674722377,223.2328435955385,6330006
2024-12-24,222.25619506835938,226.25578631871218,221.93065569003272,224.16297842881661,3577400
2024-12-23,224.02346801757812,225.3721636236746,220.30292058406394,221.60510650868906,7722901
2024-12-20,220.53546142578125,227.09291512019274,218.861212191836,224.62805804852513,15556528
2024-12-19,224.95359802246094,226.90687684988953,221.88414364477413,223.23283920978088,9518542
2024-12-18,227.09291076660156,230.20887495317368,226.39530811522832,230.115855589219,8430930
2024-12-17,230.11585998535156,234.81305409955246,229.27874246481628,234.16196111771805,10066884
2024-12-16,234.20846557617188,238.394067278244,233.65037777975573,236.25476384176065,7283872
2024-12-13,236.48727416992188,238.8591115831992,232.0691245049971,235.32460320546798,11143128
2024-12-12,236.30126953125,240.53339503641044,235.8827107873906,239.97530724942328,7123877
2024-12-11,238.673095703125,240.62638855503295,237.78945443650542,239.5102131009367,5353032
2024-12-10,238.9521484375,240.67290726801858,236.71982569936515,239.64975106726237,11318782
2024-12-09,240.81240844726562,243.09125492934123,239.6962613343176,241.88206007507827,6800856
2024-12-06,241.88209533691406,244.62601061244283,241.41702687567368,242.57969802877466,8783386
2024-12-05,243.0447540283203,244.85853228837,238.9521574563509,242.48669461186634,12896743
2024-12-04,242.48667907714844,245.83514890345424,241.83557195229847,245.41660436792748,10713838
2024-12-03,244.0214080810547,246.20723535392577,240.76592910863684,242.20762987078373,15345326
2024-12-02,239.55673217773438,240.2543348088699,235.04557701204834,237.64996300684004,13677959
2024-11-29,238.76614379882812,240.57989364817968,234.627023409252,236.06873838371857,11476347
2024-11-28,234.58050537109375,239.41721404201866,233.65036854234813,237.18489133013384,14202863
2024-11-27,236.5338134765625,237.6499749037025,233.04580014627334,237.18490645966398,11689970
2024-11-26,236.48727416992188,240.20782125617433,234.90604449681675,238.99865480735093,9242451
2024-11-25,239.88229370117188,242.30065524637888,230.62743465987228,231.13901277821554,31973671
2024-11-22,228.4416046142578,229.6972807833126,226.48831164982423,227.69749233291353,9637581
2024-11-21,225.23263549804688,230.67394181886283,223.97695924977086,230.67394181886283,16189440
2024-11-19,230.67393493652344,237.55694183413758,229.8368174626488,232.53420860536636,17397559
2024-11-18,227.55796813964844,228.87439279412496,224.33503564908494,227.96652136511696,14636541
2024-11-14,227.6941680908203,230.87171824481058,226.0599966695929,229.28294316781546,12454540
2024-11-13,229.28294372558594,233.27758652641722,226.059997219523,232.55127272297227,17483332
2024-11-12,232.55125427246094,238.95176428544983,231.87035072040064,236.81826094778688,22445400
2024-11-11,233.23216247558594,238.18007280164235,232.41508373802685,238.18007280164235,8450657
2024-11-08,238.36163330078125,241.94773653826616,235.72881169016517,241.4484183332663,7836093
2024-11-07,240.7675018310547,245.5792090780815,240.40433111306064,245.5792090780815,6766663
2024-11-06,244.26280212402344,245.67001949274922,240.0412054299218,243.03719783344138,19244545
2024-11-05,242.76483154296875,243.8542884163381,239.31493095403115,240.76753088317722,11676017
2024-11-04,240.8582763671875,249.0745293323811,236.18274410076032,248.75676879453835,14355959
2024-11-01,246.71408081054688,248.75679169122296,243.89967361151855,244.94372029821176,2955757
2024-10-31,241.62997436523438,243.58189238892962,237.0906172375537,239.13332794501,16173656
2024-10-30,237.54454040527344,241.67537179693036,236.99981203751219,240.58591506140783,11166643
2024-10-29,240.58595275878906,241.0852710122875,235.50186670645192,239.08797029225366,9122757
2024-10-28,239.08795166015625,240.6313164999936,231.7795837243444,236.63668766518683,13835091
2024-10-25,239.72344970703125,245.3976463740793,237.49918123717146,245.12529601647637,12961181
2024-10-24,244.30821228027344,247.34958717330514,243.62730869404416,246.8502412531143,7488521
2024-10-23,245.89698791503906,249.1199204819763,240.6313168783898,245.12529164088795,18823321
2024-10-22,245.85159301757812,252.52445413535528,245.125306894381,252.3882789505108,10028511
2024-10-21,251.11724853515625,257.835491721914,249.25609543959715,255.24805254899007,10299773
2024-10-18,257.1999816894531,258.28943855840686,253.47773075027922,256.01975983645247,14028398
2024-10-17,255.6566162109375,261.1038451314573,255.06650528575565,258.7433737246909,13343303
2024-10-16,259.10650634765625,260.78607407174536,254.79411695917656,256.92762040836885,18188885
2024-10-15,257.5631408691406,260.0143771550144,254.9757017012423,260.0143771550144,15087155
2024-10-14,260.1051940917969,265.91556635927117,258.87956198156985,265.7340086763741,12690951
2024-10-11,265.5977783203125,266.5964424441315,262.82878151457743,264.46293902189035,7011704
2024-10-10,262.14788818359375,265.2346456547643,261.0584313321036,262.10250569229777,7237212
2024-10-09,261.9208984375,265.00765565084214,260.4229161713524,264.41754478309144,13147475
2024-10-08,266.41485595703125,266.823381436643,254.70329349953852,261.60312122867214,10572360
2024-10-07,262.78338623046875,269.0022831182021,255.5657975615038,268.72993278225624,20917962
2024-10-04,268.0490417480469,272.08908072471695,266.1879163847938,269.63781676264153,23104209
2024-10-03,265.14385986328125,270.54570635787604,263.7820526165134,267.8220918643404,28124665
2024-10-01,265.0530700683594,271.5897276173655,263.9182308022781,269.63780962091306,10919818
2024-09-30,270.1825256347656,273.99556877052925,266.68721531412234,269.63779727078924,16294341
2024-09-27,269.8193664550781,270.954205601161,263.01033157858086,265.7339455291798,35706130
2024-09-26,268.003662109375,271.18121217236404,264.6445266746572,269.68320212069614,27812412
2024-09-25,271.1812438964844,273.4509227784233,269.3655007909332,271.8621475610661,10609614
2024-09-24,271.86212158203125,274.1771827379663,267.5497321184374,269.0023042992383,16986759
2024-09-23,268.2306213378906,269.0930825607491,261.05841497601165,261.83011122196484,14621229
2024-09-20,259.87823486328125,262.42026415681994,258.92498080471455,260.5591385354121,16585530
2024-09-19,258.9703369140625,262.55644030431506,256.4736903706316,260.92225503408264,17067311
2024-09-18,263.6458740234375,270.3641174794004,261.3761953081771,270.182559805803,13421760
2024-09-17,267.50433349609375,269.27469401384894,265.2346547328382,266.6418721896804,11873436
2024-09-16,265.5523986816406,268.1852203410374,264.5083520570913,267.64049193073924,10971110
2024-09-13,264.5991516113281,269.8647950668015,264.23598085767736,268.45760536753977,13672371
2024-09-12,266.9595642089844,267.595085247882,260.10514647504056,261.4669535246481,21964895
2024-09-11,259.0157470703125,265.46164073940156,257.15462143974946,265.46164073940156,44826300
2024-09-10,268.3667907714844,273.7232264781074,267.8220623915147,272.45221206220236,15618589
2024-09-09,271.3627624511719,280.2599190089704,267.50430890828926,280.2599190089704,30369085
2024-09-06,280.3507080078125,284.29995457247406,275.72058552445696,282.8019721392685,27946491
2024-09-05,282.7112121582031,287.7499161878394,281.57637265234484,287.7499161878394,15571640
2024-09-04,285.43475341796875,287.06893850891356,279.987525193557,285.97948178161704,25397204
2024-09-03,292.5162048339844,297.78184838769255,292.0168588914181,296.8739768987057,10321111
2024-09-02,296.1476745605469,301.36793533614235,295.7845038200232,299.59757494722106,8975511
2024-08-30,300.27850341796875,303.5922289046537,299.18904651816337,300.00615304603735,19666466
2024-08-29,299.23443603515625,299.73375425119883,295.01283932576655,296.05688595406156,13799961
2024-08-28,297.6002502441406,299.86992886926686,294.74046071768913,298.3719465178911,12446738
2024-08-27,298.55352783203125,301.9126355279345,295.9660886933512,299.05284604035654,20165503
2024-08-26,297.6456604003906,298.7804997128017,293.06089295462704,293.69641405199246,21346682
2024-08-23,289.5201721191406,294.87660761962707,288.29454023788503,294.5134646156345,13229612
2024-08-22,292.19842529296875,297.73879371688855,291.5227699365764,295.98207879327373,13387819
2024-08-21,295.21636962890625,298.6396792385674,294.1353100192828,297.8739309727914,11835143
2024-08-20,297.37841796875,302.69356737353854,295.5316103627961,302.55844181517216,14972714
2024-08-19,302.06298828125,305.1710140337177,300.48645905745957,301.79273712559535,19636518
2024-08-16,296.927978515625,302.46834630006316,296.0721374993164,299.58553944853446,16584396
2024-08-14,295.6217041015625,303.1440051208897,294.40551908772187,302.5584427045913,17812763
2024-08-13,302.6035461425781,310.80150436490413,299.945984557271,309.99072333027635,28943385
2024-08-12,307.46820068359375,310.53119343560707,297.1982454051828,299.7657410979068,34754596
2024-08-09,299.5856018066406,302.55850214592317,295.6668223701831,300.8468472495123,29814474
2024-08-08,290.7120056152344,296.38749993616557,289.81113175524604,296.38749993616557,23478224
2024-08-07,296.4775695800781,298.1441915889094,281.0726222833583,281.432966300609,66110716
2024-08-06,275.7574768066406,290.4867689953965,274.9016356961447,283.5950624032128,28386636
2024-08-05,279.4961242675781,291.2525175306691,275.6674102365154,288.5949560516603,37986023
2024-08-02,297.37841796875,304.49531479838106,296.07214008874564,304.49531479838106,22939377
2024-08-01,307.87359619140625,310.5311846829564,303.72957154885535,304.31513397288785,36044960
2024-07-31,301.072021484375,303.9998612033576,297.0631222567739,299.1351209070598,21393361
2024-07-30,299.0000305175781,304.72058506308423,298.1892495369723,299.0901234026429,19792253
2024-07-29,299.9009094238281,305.89171523273035,297.9640360785801,300.71169041806115,26721790
2024-07-26,298.7297668457031,304.94579076003953,297.3784561037827,303.1440431041457,25703985
2024-07-25,302.5133972167969,304.0899262947425,284.7662006634147,286.5228879976343,42054664
2024-07-24,287.87420654296875,293.45963499810046,281.1627133508599,282.01852694976026,28259305
2024-07-23,283.009521484375,289.540857058546,267.91988412335917,288.324671832444,37871058
2024-07-22,289.0003356933594,291.2975806304379,283.32484112879274,288.2796475714266,22234557
2024-07-19,287.96429443359375,300.17115048509896,286.52289090634224,299.99096473451044,26579496
2024-07-18,298.8198547363281,300.26123084298047,289.7660564211787,292.8740820726827,48189915
2024-07-16,290.66693115234375,295.12626753728733,288.0544025851742,291.5227722742984,37468292
2024-07-15,290.5317687988281,291.56776805728845,278.05466253176155,280.8924091936255,51435537
2024-07-12,276.6583557128906,280.8474134787922,274.04582713251557,276.3880770713081,31788101
2024-07-11,274.541259765625,276.7484113251312,265.892866756874,270.26210969544707,36020507
2024-07-10,268.59552001953125,270.0819563023679,260.2174046126431,269.99189091567047,19278800
2024-07-09,267.96490478515625,271.92874374007306,264.27131695506927,270.98280981819937,18686252
2024-07-08,269.49639892578125,272.9647686463528,258.86609880057495,261.2534089354532,53136198
2024-07-05,259.6318359375,260.62277510740614,249.09160165180356,249.76725699082291,39781962
2024-07-04,249.58706665039062,251.25368862117674,245.9835715751712,247.74028642133493,13444669
2024-07-03,247.47007751464844,250.17269928222382,246.83945477188473,248.64120261693498,9125400
2024-07-02,247.60516357421875,252.06447228329267,244.58723091707625,246.11872733786078,24470518
2024-07-01,245.89353942871094,248.4610080228506,244.67735417794043,247.74031990738845,11750972
2024-06-28,247.0196075439453,248.14569979662105,241.74949030292552,242.33505277581958,19532912
2024-06-27,240.98373413085938,241.5242638928276,237.38023904105214,240.89364125511705,22830930
2024-06-26,241.208984375,242.47020232421457,237.92080017053337,240.44323606896245,10650910
2024-06-25,240.5333251953125,243.95663493143374,238.73157744104049,243.3260397129319,14425434
2024-06-24,243.14584350585938,244.36202868629795,240.17297083588753,242.92062504624067,7282347
2024-06-21,242.9206085205078,247.51507028266872,242.2449531876161,244.54219781493947,17406416
2024-06-20,244.9025421142578,246.83941523898625,242.42513922408548,244.85748192985403,12826509
2024-06-19,244.63226318359375,249.18169225360919,244.22688647937522,248.55106961262143,13361607
2024-06-18,248.4609832763672,251.34379043606944,246.8394214318388,251.29875774302178,17044769
2024-06-14,248.10061645507812,250.62307936113504,247.37992847762416,249.54201990247006,10642648
2024-06-13,249.1366729736328,250.44295116194127,245.488144574205,250.44295116194127,16013386
2024-06-12,248.1907196044922,251.43387062232196,247.37993872315602,250.4429039929177,20560662
2024-06-11,246.43402099609375,247.74029902430763,238.95677933162764,240.3981829335392,47270206
2024-06-10,233.46144104003906,237.8306844922771,232.47047435615724,237.8306844922771,14138524
2024-06-07,234.58755493164062,234.94789898833503,226.8400477427546,228.3715306030726,22010688
2024-06-06,227.29046630859375,233.77675502833944,224.54279842317382,228.82194904507983,30881233
2024-06-05,222.9662628173828,224.9932288429954,207.60636196293672,222.51582592280224,37078551
2024-06-04,212.87648010253906,256.74903108627916,200.89485590259739,256.74903108627916,72779900
2024-06-03,255.93826293945312,258.1453873476224,246.11874360125086,250.39789433284022,30195397
2024-05-31,238.14599609375,241.83958419652402,236.92981095725912,241.83958419652402,24167379
2024-05-30,240.2630615234375,247.83039619900117,238.73156501502535,245.9385556569884,15390964
2024-05-29,244.9025421142578,246.65922948634298,243.46113857056946,246.65922948634298,8327205
2024-05-28,247.10968017578125,251.61404931855878,245.98358789008685,251.61404931855878,6927361
2024-05-27,250.1276092529297,256.0283492370653,248.37092180905478,255.8481634770585,13719808
2024-05-24,255.17254638671875,257.6049170491844,253.9113283549737,255.8482018493491,11041667
2024-05-23,255.35267639160156,256.34361552632777,251.43387006591618,252.19961825478333,17719819
2024-05-22,250.44293212890625,255.84817526837907,249.4519653881719,255.84817526837907,17935064
2024-05-21,252.3347930908203,255.84819591652806,250.7582637145741,253.23566702010388,17559555
2024-05-17,249.9474334716797,255.3076158002087,249.18168528403692,251.1635910428054,11529157
2024-05-16,250.1276092529297,251.6591057355266,246.65923956645102,248.64117295657798,23757779
2024-05-15,246.34397888183594,248.64119632918582,245.48813768008384,247.2898854795707,6368662
2024-05-14,245.8484649658203,247.42499418279561,240.03784520446118,241.38915596186857,9123849
2024-05-13,240.44322204589844,244.9475912393116,236.0739784297901,244.9475912393116,7163239
2024-05-10,243.4611358642578,244.3169769410709,238.23607900551588,240.53329611750908,9530738
2024-05-09,238.95677185058594,250.93838221311188,237.10999158539866,249.7672572877472,14869187
2024-05-08,249.4069061279297,252.46987141556255,245.35297420511066,246.38897353133402,12797721
2024-05-07,246.47909545898438,256.7490520421736,245.03769177358322,255.75808529017976,13179001
2024-05-06,254.18150329589844,260.1272750819832,247.96548040282553,260.08224239497946,15491865
2024-05-03,257.739990234375,263.91098103675455,255.8481498251986,255.8481498251986,28913016
2024-05-02,254.76708984375,256.3886791168698,251.38881322369062,253.1455280631157,15677336
2024-04-30,254.81216430664062,257.9652226620534,253.55094646297295,256.29860060426637,10658906
2024-04-29,255.12750244140625,256.9742829608687,254.18156833992134,255.8031578742569,8952420
2024-04-26,254.85716247558594,257.78500198041365,254.22656738542074,254.9472553434619,11070290
2024-04-25,254.0013885498047,254.58695104353743,250.44292590771795,251.65911108238606,17050557
2024-04-24,251.6591339111328,252.6050405258542,248.91145197207857,250.08260455827042,9253985
2024-04-23,249.3618621826172,251.11857712722852,248.23576990850404,249.40692236907398,8799147
2024-04-22,249.3618621826172,250.44292176276065,246.61420803077598,249.81229909226244,14184019
2024-04-19,247.9655303955078,252.96536933019297,246.92953095320684,249.31684118785392,32658724
2024-04-18,246.97454833984375,259.18140490285185,246.25386029226186,257.64990843613185,34136482
2024-04-16,255.0824432373047,263.55065252996525,247.9655448155737,249.5420741649915,79082544
2024-04-15,252.10952758789062,254.90224174630237,240.62338713178997,242.42513465431557,75063828
2024-04-12,239.36219787597656,245.48812918525533,238.73157517098227,244.94759936561576,21894584
2024-04-10,245.03768920898438,246.11874883484285,242.47019321693668,243.19090879833846,11137195
2024-04-09,242.29000854492188,245.6232249586232,241.43416747664858,243.23591499513103,13173933
2024-04-08,243.59628295898438,245.03768661403512,240.17297333416585,241.02878699412645,13011300
2024-04-05,241.38916015625,244.94759538376155,240.08288207106318,241.29906727235982,13029904
2024-04-04,242.3350830078125,251.0285107845018,239.0468987182863,251.0285107845018,24624383
2024-04-03,248.05560302734375,251.34378685508688,246.70429234532713,247.7853243954487,22600929
2024-04-02,245.48814392089844,246.88448750400283,242.74048945382577,243.3260520050473,14439120
2024-04-01,243.14584350585938,244.58724714591665,241.2540029465647,241.4792214061834,6440401
2024-03-28,241.47921752929688,244.13680630712582,235.98390919681634,236.43434610882213,18888942
2024-03-27,235.80372619628906,241.61437342620127,233.91188564521386,238.73156615861166,28563001
2024-03-26,239.18203735351562,241.34412936781746,233.5966077817853,235.71366709490044,10830926
2024-03-22,237.155029296875,238.9567769078674,232.83084602748792,236.88477815222083,13025089
2024-03-21,236.88479614257812,240.48829163823257,236.3442663197322,238.46132542192694,12163200
2024-03-20,237.69557189941406,238.3712272899795,231.70476626823162,233.7317324399279,10484778
2024-03-19,233.55154418945312,237.78566225564958,231.20926669522717,236.02894726185812,8758348
2024-03-18,235.66859436035156,236.97484489027872,232.02003893179173,233.28128426066885,9246173
2024-03-15,233.10108947753906,239.99276836359522,224.22747728781962,237.78564410847812,34961065
2024-03-14,237.155029296875,238.14599598141817,226.2994971913971,227.47063588779085,21404057
2024-03-13,230.0381317138672,244.13680127027698,227.69585432126385,243.9566155121972,20079496
2024-03-12,243.59628295898438,248.2808379647773,242.38009776589504,246.83943430972656,13780189
2024-03-11,246.83944702148438,252.69512733403783,246.11875890308897,250.53303548636214,10684598
2024-03-07,250.5330047607422,256.16346590921046,249.7672565460533,252.46987789731807,11386963
2024-03-06,252.46987915039062,256.11840699571223,246.43401377228065,256.11840699571223,16807149
2024-03-05,255.62295532226562,256.7040149408881,249.22674547914036,252.2446783796806,18544484
2024-03-04,251.5239715576172,252.74012917235626,245.4881062061952,245.71332465225595,22280353
2024-03-01,243.7313995361328,245.89351868510118,240.08287158410093,240.08287158410093,12930057
2024-02-29,238.37123107910156,239.94776034881454,235.57851658854082,238.7315751279668,17179832
2024-02-28,239.40721130371094,243.50617607880247,238.37121193673593,243.2359249369782,9118196
2024-02-27,242.65036010742188,243.41610832512305,238.6865209418045,241.47920768844173,19582774
2024-02-26,243.1007843017578,244.94756447225208,241.2539766387788,244.94756447225208,8661999
2024-02-23,245.21786499023438,248.64117451188133,244.2268982889722,247.65020781061915,9464646
2024-02-22,247.47007751464844,248.64120261693498,241.88464819799654,246.70432918200402,16791453
2024-02-21,245.89353942871094,253.2356561383775,244.67735417794043,248.6411937979608,16340579
2024-02-20,249.1817169189453,253.2806820136456,246.88447206436993,247.5601274641,18968785
2024-02-19,247.4250030517578,251.3888425837393,245.39803684299,247.4700632407792,15322964
2024-02-16,247.47007751464844,250.44295046198525,243.5512704531661,247.87545428429056,27044984
2024-02-15,246.20877075195312,248.47287786076217,238.83938783914627,241.1922611477478,32831246
2024-02-14,238.70626831054688,239.41656065355704,227.2970180405025,229.07277599394394,36168962
2024-02-13,230.40457153320312,232.97941489030674,226.14275015941382,229.07275320064124,20711842
2024-02-12,228.9839630126953,236.70852028517226,228.00729080299274,232.5798888171575,30906374
2024-02-09,237.55198669433594,244.74381113805566,230.09380942140615,244.16669527749153,26743792
2024-02-08,242.52410888671875,244.74380607055457,238.9282102872699,242.43531558018276,25252940
2024-02-07,241.4142608642578,244.7438066478654,237.55198233609042,244.16669079788934,23756939
2024-02-06,241.7694091796875,242.74608137088578,231.02609636424606,235.5986671958639,36708949
2024-02-05,233.46775817871094,237.9959187093806,226.49790367558958,230.89288779581236,34001868
2024-02-02,228.4068603515625,230.8485274690233,221.08185899918,221.96973795098395,30482663
2024-02-01,219.8832244873047,226.0983773617057,217.92989343637026,226.0983773617057,29758133
2024-01-31,223.96743774414062,225.83198873027126,218.68456134737843,222.36925312002236,33293192
2024-01-30,221.25941467285156,233.77849877960105,220.77107857818663,227.7409332206926,51491099
2024-01-29,224.18943786621094,226.364738613143,212.29186519665257,213.97882980497755,54127939
2024-01-25,207.80807495117188,210.8712546779548,206.69822624234052,208.65155726029212,18291957
2024-01-24,208.0744171142578,208.65153295644419,202.52517421648005,205.1000175018664,14458601
2024-01-23,204.1233673095703,218.1074609175645,202.43640270620173,217.53034501324308,20282617
2024-01-19,214.9110870361328,215.35502647907134,208.65153818110824,209.5394170669853,26391844
2024-01-18,207.36412048339844,208.2076027315682,199.46199011875666,204.25654432322577,19232183
2024-01-17,206.0323028564453,210.649270458268,204.83366091410696,206.1654792731687,26010955
2024-01-16,208.74034118652344,212.15866692718447,205.18882547801914,208.60715121868017,34505065
2024-01-15,207.31973266601562,209.05109389089407,199.46199862116137,202.88033796224656,57884916
2024-01-12,198.3521270751953,199.5507689261924,188.54107674944692,189.8284983555086,39228118
2024-01-11,188.09716796875,190.00610236302708,187.2092889857452,190.00610236302708,12586419
2024-01-10,188.31910705566406,190.8939502680036,186.18818971459652,190.8939502680036,16500666
2024-01-09,192.3589630126953,196.62078454745645,191.7374504769495,196.22124174218823,11951525
2024-01-08,193.51319885253906,196.04365907535586,192.75850993461506,193.5575955060538,19310595
2024-01-05,192.18138122558594,193.1136567609196,189.1625984471266,191.29350234392652,20743811
2024-01-04,190.58319091796875,191.249100059608,185.83304716971585,186.8984990867474,31054419
2024-01-03,184.90078735351562,186.85411829183644,181.57124136275604,182.45912029362526,11650902
2024-01-02,183.8353271484375,187.12047633657002,180.8165307893226,182.3259357428584,21141219
2024-01-01,182.325927734375,183.8797157258607,181.793195003826,182.90304356917295,4820168
2023-12-29,182.0595703125,184.67881034579372,181.34926448619407,184.67881034579372,12171663
2023-12-28,184.9451904296875,185.47790967792702,182.32595020229257,183.34700558905334,22010872
2023-12-27,182.50350952148438,186.3657745847888,181.5712339724258,186.01062844607924,20361303
2023-12-26,184.10171508789062,185.1227705132649,180.8165519670344,181.57125453219507,17052969
2023-12-22,181.08287048339844,181.57120651123475,179.17393656762113,181.12726713101168,9910694
2023-12-21,179.92864990234375,183.56895873538406,178.64122823386344,181.0828951577924,22823936
2023-12-20,180.41700744628906,188.2303452413716,178.41927972556695,179.12958562474867,57762576
2023-12-19,177.84213256835938,180.727738769263,176.95425373731211,179.35152387154858,16739742
2023-12-18,176.6879119873047,179.04078579810331,175.22291713121615,178.50806655405188,8061011
2023-12-15,178.508056640625,179.30714223630386,174.7789679475288,175.13411409050676,22863981
2023-12-14,173.97987365722656,174.290636701969,171.58260325535892,173.9354770011266,15257294
2023-12-13,171.49380493164062,173.49153246614412,170.51714626576862,173.49153246614412,10892122
2023-12-12,173.4915313720703,175.62244885754353,172.73684243701348,174.86774637452987,10719911
2023-12-11,175.6224365234375,178.33046968364664,172.47046394509428,174.95652739623637,10108266
2023-12-08,173.97987365722656,177.84215242264912,172.3373057651864,177.44260961366408,10414387
2023-12-07,176.59909057617188,178.37484820307338,174.06864408661056,178.37484820307338,16425880
2023-12-06,179.30714416503906,180.90532892154474,176.77669738619906,180.90532892154474,12662213
2023-12-05,179.3959503173828,181.08291495736714,176.8210931509312,179.529126744976,14557746
2023-12-04,179.3959503173828,182.81427625586855,174.0686764463274,174.46821927706495,28615290
2023-12-01,172.73683166503906,176.02198067549492,172.47046530247107,173.35834414572705,9935740
2023-11-30,173.0919952392578,173.7135077826245,170.51715175332836,171.04987098423237,14965403
2023-11-29,170.4727325439453,173.58030839761096,170.20636618975428,173.58030839761096,8791333
2023-11-28,172.20411682128906,172.648056289015,167.27638601994,167.67594237925923,9277764
2023-11-24,167.67593383789062,170.33957050856114,167.05440777636883,169.45169161833763,5751331
2023-11-23,169.27410888671875,170.25078110756164,168.3418468689543,169.58487192461158,6541617
2023-11-22,169.5848846435547,170.33958719335055,168.47503592206544,169.76245772940135,7538825
2023-11-21,169.76243591308594,172.20410278658156,169.58486285005932,171.36062057623795,10720353
2023-11-20,170.56153869628906,171.1218821671382,169.82876970743692,170.6908446805711,6423265
2023-11-17,169.26841735839844,173.4925792435091,168.5787547852201,173.1477545340297,13199928
2023-11-16,173.9667510986328,175.34606331288114,173.27708841439787,174.5702010145053,18629240
2023-11-15,171.98394775390625,175.00120999520286,170.3891038789617,171.1218728278215,19769385
2023-11-13,168.79428100585938,170.08739345510617,167.32875619422367,168.8804806099438,11181086
2023-11-10,168.8804931640625,169.39774344390023,166.12185569811038,166.12185569811038,6025889
2023-11-09,166.12185668945312,169.5701568310265,165.69081917175646,169.39774445479208,5303833
2023-11-08,168.40635681152344,169.44084418252115,165.77702542599798,166.98392516645856,10186886
2023-11-07,166.55287170410156,170.6908339457515,165.82011591555292,166.72528405704128,13921916
2023-11-06,166.63909912109375,167.4149613547042,163.4063178906828,163.96666137559916,8962124
2023-11-03,163.79425048828125,164.35459397826344,160.1735381083318,160.90629396798383,7464912
2023-11-02,160.51837158203125,161.76837777293065,160.13044044061024,161.20803425245822,11471209
2023-11-01,160.94943237304688,162.75979550033966,159.5270135974763,160.47528839644895,9167869
2023-10-31,160.47525024414062,163.62183177404188,158.79420668515726,163.10458153086847,9404675
2023-10-30,162.759765625,163.10459036965523,159.13905318923688,159.4838779338921,7352638
2023-10-27,159.2683563232422,160.17353770450256,155.43212520232214,156.03557507175555,6422123
2023-10-26,155.94937133789062,158.75111525137117,155.0872962875889,158.19077173036362,8474867
2023-10-25,158.9235382080078,160.21665076249374,157.75973164728202,159.3545757261698,6812004
2023-10-23,159.35458374023438,160.3028584353475,158.79422704591036,160.3028584353475,4723090
2023-10-20,160.51837158203125,161.466659398146,159.61319014923467,161.20803425245822,7912216
2023-10-19,160.6045684814453,160.90628682642114,159.52697477606017,160.34594336130888,9148124
2023-10-18,161.16490173339844,162.11318939573155,160.3890395763762,162.07008301940382,10181113
2023-10-17,160.56146240234375,161.25112500592266,159.95801255704473,161.20801862678272,4381065
2023-10-16,160.82008361816406,162.24250201570467,160.561458503824,162.0269832794579,12376549
2023-10-13,159.39767456054688,160.56148116220317,158.66491864643353,159.05284979557842,7435899
2023-10-12,159.0097198486328,159.35455771672324,157.75971381807668,157.9321261750121,8677885
2023-10-11,157.97523498535156,159.22524103515568,157.544197509266,158.96661591866038,8499601
2023-10-10,158.19076538085938,159.05284039655888,156.94075923893925,157.15627799286415,11819690
2023-10-09,156.6390380859375,159.22526330415624,156.25110693404903,157.67352554238064,14622727
2023-10-06,156.42349243164062,158.1907486578446,155.69073663829124,158.1907486578446,5759904
2023-10-05,157.070068359375,158.62180604939812,156.03558095076662,156.25109970898592,11128340
2023-10-04,157.544189453125,159.1390332947759,156.9838460245553,159.00971416603116,9360058
2023-10-03,159.13905334472656,163.19080329237795,158.32007155548376,163.19080329237795,22118500
2023-09-29,165.3890838623047,165.7339085794557,162.19939603466887,162.50112752784082,10085766
2023-09-28,161.59596252441406,163.36321897530777,160.7769938727963,162.84596869311704,14890642
2023-09-27,161.4235382080078,163.1907945281785,160.60456961696875,163.1907945281785,5630907
2023-09-26,161.8545684814453,162.19939319255417,159.699381151466,160.3459373504598,12446655
2023-09-25,159.9149169921875,160.9494043904033,159.69939823613333,160.3459545042958,5540062
2023-09-22,159.5701141357422,161.81150161367066,159.48390135980455,160.86322684947032,7814821
2023-09-21,160.94943237304688,162.45806392771647,160.3890887715732,162.41495753816696,7814108
2023-09-20,162.2425079345703,163.36320803478228,160.51835798169662,160.73387672580583,12687099
2023-09-18,160.99249267578125,161.6390488712663,159.5700743074019,160.1735241256774,5022956
2023-09-15,160.90628051757812,165.25976154748602,160.00111236392064,165.25976154748602,19924829
2023-09-14,161.98390197753906,162.84597705598094,158.7942268181485,159.2683707421359,17746404
2023-09-13,158.5355987548828,159.2252614358264,155.94937356701053,156.8114486296346,10578786
2023-09-12,155.94937133789062,159.39767153909747,155.3459214335237,159.35457830995946,15524470
2023-09-11,158.1045684814453,160.30286262289493,157.15629376156068,159.87182507179588,10845871
2023-09-08,159.0097198486328,159.44075731808113,156.8976388791801,157.3286763486284,9737214
2023-09-07,156.68212890625,159.65628498091658,156.0355726659216,159.48387261433976,11137801
2023-09-06,157.80282592773438,160.99250068666635,157.1993760794316,159.3976567300903,11954407
2023-09-05,157.84593200683594,160.3459441540006,157.24246900546092,158.19075673257584,13506519
2023-09-04,157.71661376953125,159.00972622976934,156.72523281170342,158.49248913820622,10998180
2023-09-01,156.68212890625,159.26835386756363,150.3458724893435,150.3458724893435,22460960
2023-08-31,150.13035583496094,151.72519984502011,149.1820812284619,151.55278747604032,15823452
2023-08-30,151.5096893310547,152.50107037224365,150.8631330465694,151.4665829479114,5937955
2023-08-29,151.46658325195312,151.81142116357026,150.82002696617,151.38038363971484,4596468
2023-08-28,151.03553771972656,151.5527879826154,150.47519423011417,150.94933811205883,4354221
2023-08-25,150.60450744628906,151.07865135098805,149.00967650858314,149.2251952694262,4757915
2023-08-24,149.22518920898438,152.32865134655168,148.9665640756319,151.29416396736258,7976333
2023-08-23,151.29417419433594,152.75969917677008,150.86313666101876,152.58728679428754,6379611
2023-08-22,151.8544921875,153.36312330039286,151.38036150396633,151.7682925878663,5348036
2023-08-21,151.768310546875,151.98382930279098,150.25967925546317,151.12175427912706,3599820
2023-08-18,151.1217498779297,153.1476182320069,150.1303557370565,153.1476182320069,6734650
2023-08-17,152.80279541015625,153.96332821712087,152.24402812811772,153.61946032898902,5199363
2023-08-16,153.9203643798828,154.26421919835386,151.12650134883881,151.5563264305379,8371665
2023-08-14,153.01771545410156,155.12385554336862,152.45894814455576,154.73701562774315,12876956
2023-08-11,152.32997131347656,154.47909622793648,151.90014633058456,153.7913736318658,4112277
2023-08-10,153.5764617919922,154.5220820052535,152.07207434548764,153.1036648025791,10430692
2023-08-09,152.07208251953125,152.37296527189196,148.97735033356426,149.02033545778983,4852294
2023-08-08,149.0203399658203,149.40717986111625,148.37560243458753,148.63348695330572,3631238
2023-08-07,148.6764678955078,150.0089280460077,147.9457732510015,149.83700066596023,2240015
2023-08-04,149.0203399658203,149.96594714129716,147.9457774137657,149.0203399658203,4605271
2023-08-03,147.94578552246094,151.12648822742858,147.4299902223173,150.65367805516678,6152393
2023-08-02,151.2554168701172,153.5764692772653,149.5791019714668,152.15805200545762,8975495
2023-08-01,151.90017700195312,152.15807466720597,149.83702191437058,150.69667205373332,5584773
2023-07-31,152.2010498046875,152.5878897185583,147.3440189658497,148.54753695227132,9277749
2023-07-28,147.6878662109375,150.39575834647547,145.19487344885073,146.74224600510848,9004252
2023-07-27,147.0001678466797,149.2782353763632,146.7422701919258,149.1063079789338,7731146
2023-07-26,148.6764678955078,149.83700066596023,147.8598030023686,149.45016078154885,9103949
2023-07-25,148.71945190429688,149.02033465503678,147.25804950902776,147.8598018932894,10480578
2023-07-24,147.0001678466797,148.07473047713788,146.35543026840477,147.5589351676301,8451631
2023-07-21,146.61334228515625,147.00018224657148,143.13175639797748,143.8624643051558,7842863
2023-07-20,143.73348999023438,144.50718292846247,142.70191252314942,143.5615625985901,5217131
2023-07-19,143.3466339111328,144.37821126186233,142.78786667200947,143.73347377800417,5968174
2023-07-18,143.4755859375,144.55014848381808,142.74489127633487,143.04576091897277,4322257
2023-07-17,143.0457763671875,144.76507662697205,142.83086383471442,144.24929441936868,4968847
2023-07-14,145.49578857421875,145.92561365124746,144.59315328901437,145.28087603570438,9448062
2023-07-13,144.2493133544922,145.5387887185957,143.7335179619621,144.98000819048448,11350009
2023-07-12,144.1203155517578,145.28084828494482,142.05716082300077,142.6589131924534,15614026
2023-07-11,141.49839782714844,141.9282228349864,140.03698230672472,140.3378650590986,6343183
2023-07-10,139.90805053710938,142.18611800250028,139.6931380170831,140.89664288234258,5437687
2023-07-07,140.55279541015625,142.70192072223816,139.9510429462173,142.27209565982176,7597171
2023-07-06,142.1861114501953,142.5299793367226,139.73611670512938,139.9510292152519,9845699
2023-07-05,139.95106506347656,141.32649761024442,138.70457480892316,139.26334223148166,8795342
2023-07-04,138.5756072998047,140.03700999192827,137.54402970049514,139.69315516456538,5394282
2023-07-03,140.0369873046875,140.33787006779997,137.54400741713934,137.80190505449022,9548822
2023-06-30,137.8019256591797,138.40367815816234,136.6413926761826,138.40367815816234,7840112
2023-06-28,136.29751586914062,137.6729480567919,134.5782157966626,135.69576346721703,40243993
2023-06-27,135.69577026367188,136.55542034296732,135.26594522402416,136.55542034296732,9730174
2023-06-26,134.8790740966797,136.03960679489754,133.97645212830741,134.96504433996154,4273205
2023-06-23,134.8790740966797,136.68434426785916,133.58959915075647,136.68434426785916,8722650
2023-06-22,136.64137268066406,138.36067277885982,135.3948827329159,137.7159352420364,10629027
2023-06-21,137.71595764160156,138.01684045461204,134.6212248318207,134.9650796605005,8284206
2023-06-20,135.17994689941406,135.65275696829252,134.57819459230353,135.43784449309473,6059738
2023-06-19,135.65280151367188,136.2115688857864,134.53525365222202,135.73875866164752,4718221
2023-06-16,134.96505737304688,136.3834747036468,134.40629008940903,136.03961993174948,11466647
2023-06-15,135.52383422851562,135.73874675543507,134.27734419582677,135.39489195925182,7426254
2023-06-14,135.69577026367188,136.168567313509,133.976470105081,134.19138262490486,9695952
2023-06-13,133.80455017089844,134.27736041065995,132.60104512170662,133.41771019917402,10073644
2023-06-12,133.2887420654297,133.46066945094046,131.18260207918064,133.11681467991892,11017643
2023-06-09,132.60104370117188,134.87911149031655,132.2142037335916,134.70718407330543,11764248
2023-06-08,134.19139099121094,134.66418807052509,132.55804786838556,132.81594553169694,13850599
2023-06-07,132.2571563720703,132.8159236193747,131.13960876024365,132.04224387430432,12180164
2023-06-06,132.08523559570312,134.019448364306,131.69839566542652,133.6755935634423,8118800
2023-06-05,133.589599609375,134.105394836402,132.77293476426348,133.675569852952,11850547
2023-06-02,132.98785400390625,133.2457516305057,131.8703063667874,133.2457516305057,9851058
2023-06-01,132.08523559570312,134.10541862313184,131.69839566542652,132.9878708444951,13982606
2023-05-31,133.1597900390625,137.02821533787963,128.99049508733543,136.68436055820573,83741017
2023-05-30,136.555419921875,139.00541476998046,135.17997455235604,137.28611461669135,16117505
2023-05-29,136.6843719482422,137.75893462079125,134.53524660314403,137.54402208628144,43253971
2023-05-26,140.76768493652344,143.90540213249622,139.52119508266648,142.7448825239609,14873707
2023-05-25,142.70191955566406,143.90542447370342,142.05718196731016,142.91683208511537,8077606
2023-05-24,142.91680908203125,143.08873645447588,141.5413638680389,141.84224660773026,6107980
2023-05-23,141.84228515625,143.60457071648403,141.36947491561824,142.3580805309794,10119254
2023-05-22,142.35806274414062,143.04577233489272,141.06858758565102,141.06858758565102,7331865
2023-05-19,141.7563018798828,143.34665987500932,140.98262200600615,142.87384967776467,5969632
2023-05-18,143.00277709960938,144.80803415798772,142.70189436460424,143.991369313682,7433090
2023-05-17,143.77647399902344,144.42121155058857,142.78788166684453,144.42121155058857,7360259
2023-05-16,144.4212188720703,144.8510439282372,143.34665623165313,144.67911652921438,12249266
2023-05-15,142.35806274414062,143.21771284980036,141.32647212357324,142.2720924866868,8559162
2023-05-12,142.2720947265625,145.28087014374057,141.84226966696565,144.55016229553794,16373574
2023-05-11,143.6045379638672,144.9799701207417,142.78787307115758,142.78787307115758,7877677
2023-05-10,143.5185546875,144.12030702133518,141.84223992995308,142.05715241469542,10901429
2023-05-09,142.0571746826172,143.1317372747701,141.32646687306553,141.8422621641866,7600834
2023-05-08,141.84228515625,142.14316797771238,137.5440340909091,137.8019317782738,9699470
2023-05-05,137.8019256591797,139.22034320086885,137.28613030735417,138.44666329035124,5488707
2023-05-04,138.40367126464844,138.57559866762014,136.856298403463,138.23174386167673,9929482
2023-05-03,138.5325927734375,140.42383327431537,138.2747082662433,140.03698027908794,8029435
2023-05-02,141.197509765625,141.67031987991234,136.98523009408555,137.1141723447013,16612560
2023-04-28,136.64137268066406,137.37208046928475,133.116815349694,137.37208046928475,12656744
2023-04-27,137.5869903564453,138.31768501390584,137.2001504651758,137.7159326144623,6456825
2023-04-26,138.5325927734375,138.91944576866493,137.32908801580436,137.54400051661156,9177783
2023-04-25,138.10276794433594,139.09137331961486,137.54400068842645,137.71592806584334,10169778
2023-04-24,137.7589111328125,138.1887361285467,136.94224626436107,137.20014388524518,7028440
2023-04-21,137.20016479492188,137.41507732554223,136.4264718143567,136.598399215409,3512214
2023-04-20,136.8133087158203,137.62998680786538,136.2545413954712,137.20016175614464,5733670
2023-04-19,137.62997436523438,137.9308440039066,135.86768918905733,136.08260169548822,11374283
2023-04-18,137.62997436523438,138.0168142533663,137.02820885345315,137.67294637274583,8008560
2023-04-17,137.67295837402344,137.93085602766575,135.8247159044894,136.7703362621047,9358885
2023-04-13,136.4694366455078,137.9738241360882,135.82469914954478,135.9536414018502,11610851
2023-04-12,135.52383422851562,136.72735224959632,134.62121210922967,136.6843671207685,7333339
2023-04-11,136.72735595703125,136.94226848977817,134.44927523958194,135.0510408250493,13305621
2023-04-10,135.09400939941406,135.3948921844897,128.94751636618065,129.54926881911223,17431401
2023-04-06,129.4633026123047,131.9132973813588,129.29136210874825,131.698384869132,10670936
2023-04-05,131.4404754638672,135.26592833280708,131.13960584401616,134.75013310275162,15880397
2023-04-03,132.08523559570312,135.69577659087102,131.61243852382052,132.81594344406327,20016785
2023-03-31,129.85015869140625,131.5264738722159,128.9905085353787,129.03349366662414,7998472
2023-03-29,128.3887481689453,129.67822332383707,125.93874012776311,126.58347770520899,24012834
2023-03-28,126.54046630859375,129.1624012027077,126.06765622650485,129.1624012027077,8964539
2023-03-27,129.16244506835938,131.0536729217896,128.30279485159824,128.56069254007085,7437261
2023-03-24,128.4317169189453,131.698389851828,127.9159347404181,131.26856481111238,8301726
2023-03-23,131.35455322265625,131.65542292241344,129.2054277220147,129.8931505056642,4484564
2023-03-22,130.27996826171875,131.35453082884408,129.67821584757232,131.01066293703266,4329409
2023-03-21,130.27996826171875,132.17119575641556,129.76417298261106,131.65540047730786,6148489
2023-03-20,130.9247283935547,132.51507339698898,130.32297587557358,131.5264809115358,8749355
2023-03-17,131.65541076660156,133.15979847814975,130.6238332449839,131.95629355579914,16593429
2023-03-16,130.83872985839844,131.87030725452254,127.22820241335499,129.97907984209198,18551936
2023-03-15,131.13961791992188,132.77294777013896,130.4948803815911,132.38610787058425,9832270
2023-03-14,131.7843780517578,134.8361388798368,131.56946550213564,133.93350354797948,7177342
2023-03-13,133.93350219726562,135.82472999142354,133.41770683648576,134.2773570263049,8785721
2023-03-10,133.93350219726562,134.7071821212145,132.55805664666664,133.76157478274598,4689681
2023-03-09,134.3633270263672,136.81332219217242,134.14841447933756,136.72736504369308,5314022
2023-03-08,136.0396270751953,136.55542237734448,134.4492691579182,134.57822454206521,7339476
2023-03-06,135.99664306640625,137.2861182151722,131.99927535211958,132.98786771928567,14491522
2023-03-03,132.60104370117188,133.8475338710288,131.91332091590635,132.38613115060272,8260104
2023-03-02,132.42909240722656,133.2887424545085,131.2255744707006,132.81593230505968,8219892
2023-03-01,133.07383728027344,133.33173493212203,130.53787212440437,130.66681439171893,7707977
2023-02-28,130.70980834960938,133.63261362208303,129.9791004728808,132.51506580005946,17607584
2023-02-27,133.46067810058594,134.14840080441934,131.5264653744905,132.38611547497734,11904749
2023-02-24,133.24575805664062,133.54664082172056,128.73259528375442,130.45189538771106,14648507
2023-02-23,129.50628662109375,130.80428304790823,128.33391017116483,128.71074454593162,18675946
2023-02-22,128.6269989013672,129.38066758192906,127.03590211870663,129.17131375089033,9599697
2023-02-21,129.04571533203125,130.55305279557777,128.50138766757752,129.71563741452096,7599927
2023-02-20,129.67376708984375,132.14413972209528,129.29691997442842,131.64168542017063,8348393
2023-02-17,131.13926696777344,132.9815784357124,129.2969427218885,130.21810484483098,19874561
2023-02-16,130.5530548095703,131.0136358318457,124.27243935475562,125.61230909629403,30949761
2023-02-15,123.51874542236328,125.10982923527106,121.84391497595837,124.77486825716699,12631259
2023-02-14,124.31431579589844,124.94237735712186,123.10006599978888,124.48179632330232,6991500
2023-02-13,124.06309509277344,124.60742280768518,122.76511135417077,123.4769068272842,6563018
2023-02-10,122.84881591796875,123.10004305121284,121.25773203732746,122.38823497001171,6396208
2023-02-09,122.4301528930664,122.59763345026577,119.91790620123352,121.13215621336326,8078404
2023-02-08,120.5040512084961,122.17888173413435,119.87598976138173,121.76017410272479,10325869
2023-02-07,121.13211059570312,121.3833377258652,119.08044579227432,120.50404915926924,8681511
2023-02-06,120.16909790039062,120.75528606626722,118.57801391044794,118.66174777531964,6436143
2023-02-03,120.83905029296875,121.71833905870511,117.32190800796884,120.16911538679126,9250428
2023-02-02,120.12724304199219,121.42523953746455,117.78247724016236,119.75040864729263,11886667
2023-02-01,120.79716491699219,122.26264178773559,119.2060808542199,122.09516127238234,11526089
2023-01-31,121.34146118164062,123.85370686058094,120.7971463957138,121.55081498821897,19050398
2023-01-30,121.34146118164062,124.64926154793254,119.95973116940036,123.51874588123248,12688399
2023-01-27,123.64437103271484,129.0875707952296,122.76509513958702,127.66396725908379,13052535
2023-01-25,127.6639633178711,128.4595053183977,126.57532084338763,126.6590674867878,9827342
2023-01-24,127.41273498535156,128.29202362113324,126.95216678474827,127.58022827060037,8276792
2023-01-23,127.58023834228516,128.2082998777189,126.74282296170685,127.7477188628119,16742252
2023-01-20,126.95217895507812,127.70584769917399,126.07289023500303,127.28714000179964,17512691
2023-01-19,127.07781219482422,127.37091275422851,123.97937715488918,123.97937715488918,18437610
2023-01-18,124.98426055908203,125.40296829964846,124.10497174830327,124.14684507794915,12139643
2023-01-17,123.81187438964844,124.77489700704825,122.80696566790667,124.18870877132902,18484595
2023-01-16,123.6025161743164,123.76999669604879,122.2626464445679,123.68625004621023,9696320
2023-01-13,123.05818176269531,123.51876275567817,122.17889309935421,122.59760076971244,8854484
2023-01-12,122.38825988769531,124.14683740049944,122.0532988271352,123.68625635877022,13270422
2023-01-11,122.93257904052734,125.61230567262102,122.4719980308055,125.1935979870456,12538238
2023-01-10,125.0679931640625,125.86353522615175,124.43993162379023,124.43993162379023,18490715
2023-01-09,124.06309509277344,125.77979933866365,123.77000734900173,125.0261305370269,18660445
2023-01-06,123.39315795898438,124.02121947670311,122.5138692785893,122.8488303101949,16804116
2023-01-05,122.68134307861328,123.10005073417169,120.71341198631133,122.13702823756479,16320559
2023-01-04,122.4720230102539,124.64930853050393,121.42525358281584,124.607435197817,13535874
2023-01-03,125.23546600341797,126.1147546614489,123.93746967755746,125.36107319258926,14991139
2023-01-02,125.98914337158203,126.28224387042702,123.30941666850069,123.35128999375638,9631496
2022-12-30,122.89071655273438,124.56554744272053,121.04840512933872,121.80207391865424,9644998
2022-12-29,121.13211059570312,122.26262629246115,119.3316729224364,119.54102673458102,36752195
2022-12-28,120.5040512084961,121.13211265561044,119.4991554487017,120.12721689581605,9534858
2022-12-27,121.25775146484375,121.76019303388867,118.99673245927949,118.99673245927949,8765357
2022-12-26,118.3267822265625,119.62477847280937,116.81943215924171,117.65684744353734,7150680
2022-12-23,117.07067108154297,120.16910538965958,116.65196339725844,117.7406059319871,8007752
2022-12-22,119.12232208251953,121.55082125281376,118.5361339494771,121.42521407357,9123323
2022-12-21,120.16909790039062,122.93257100003015,119.49916309169868,122.68134384952772,10011408
2022-12-20,122.13703918457031,122.43012690296418,119.83414687259342,121.84393868823173,6714207
2022-12-19,122.09516906738281,123.56064603168761,121.42523418525447,123.14193832760053,10635055
2022-12-16,123.2675552368164,126.03102885704516,123.10007469757899,124.23059069883723,20540447
2022-12-15,123.47689819335938,124.64928742030625,122.80696331766758,123.64437871779609,11426194
2022-12-14,123.6025161743164,124.43993156092304,120.6715623211932,120.88091616784487,17692988
2022-12-13,120.88091278076172,121.13212716734888,119.37356257151679,119.7922702530879,12593054
2022-12-12,119.20610046386719,119.33170767655871,116.56823399582808,117.23816894539101,8946335
2022-12-09,117.82435607910156,119.70854091867551,117.48939499657803,119.33170650634997,9438307
2022-12-08,119.45730590820312,119.75040641970925,117.53126064269,118.28492941806945,10150945
2022-12-07,117.782470703125,118.70363275277245,117.32190245624619,117.90809067968324,9731670
2022-12-06,119.28982543945312,119.87601368482248,118.20118282494123,119.62479927819662,10977472
2022-12-05,120.37847137451172,120.54595190953057,117.74061780861376,118.49428660517152,18440387
2022-12-02,117.9918212890625,121.25774892006585,117.69873357442339,118.78737611809117,24518337
2022-12-01,117.2800064086914,118.91296356401723,117.07065259959982,118.45238262842727,27727625
2022-11-30,118.15929412841797,118.7454822341482,116.90317128273504,116.90317128273504,17720938
2022-11-29,117.447509765625,118.15931796629161,116.8194482160762,117.2800292413343,13558920
2022-11-28,116.90319061279297,118.24304753630267,116.44260960429656,116.81944396472291,8925344
2022-11-25,117.69874572753906,118.32680732397424,115.35397987859194,116.40074920598389,9789098
2022-11-24,116.7775650024414,117.23814598870007,113.46977701049185,114.30719233898256,11803087
2022-11-23,114.30721282958984,114.43282004020215,112.67425520189923,113.51167068050428,9010911
2022-11-22,113.21853637695312,113.80472448151835,111.29247879514539,113.00918256975537,11198874
2022-11-21,113.42790222167969,114.18158367434138,112.54861358254624,113.88848320198232,16348881
2022-11-18,113.05106353759766,114.24737108826007,111.8148766346859,114.16761238376137,19958908
2022-11-17,114.20750427246094,114.68603221304134,113.01119659048096,113.21058120414429,13368536
2022-11-16,113.9682388305664,114.287261509991,112.61242590905678,113.88849228781342,11460200
2022-11-15,113.52961730957031,114.32715585851153,111.65539685176948,111.65539685176948,24636519
2022-11-14,111.05722045898438,112.45291263710446,110.5388253748992,112.13390214989359,12743505
2022-11-11,112.0142593383789,112.6921718067821,111.01733639629744,112.13389739311037,18492513
2022-11-10,111.53575134277344,112.33328975160421,109.58177250556173,109.66153121423295,15908521
2022-11-09,110.5787124633789,110.85785581703803,109.26277875492238,110.8179764565907,12033732
2022-11-07,110.49895477294922,110.85784464185238,109.06338312786556,110.49895477294922,9987481
2022-11-04,109.940673828125,110.37931021462485,108.50510226743657,108.78423340707553,7498344
2022-11-03,108.78424072265625,109.02350469377285,107.86707636442554,108.78424072265625,7561534
2022-11-02,108.82411193847656,111.01734253227663,107.94682700263866,108.34559620151138,21117499
2022-11-01,107.78730773925781,108.22595628439024,106.9499021715604,106.9499021715604,11630848
2022-10-31,106.91002655029297,107.82719085620013,105.91310353540675,107.18915769277888,8753855
2022-10-28,106.63090515136719,108.14623574708232,105.11558672512496,105.35485073176133,22918037
2022-10-27,105.1155776977539,105.43458823289038,103.91926993678433,104.27815983118083,13865026
2022-10-25,104.27814483642578,105.99284751279312,103.56036515084645,105.63395767000345,10232002
2022-10-24,105.9131088256836,106.87015253388388,105.59408614330283,106.07261408213847,2154912
2022-10-21,104.91618347167969,106.3916222735313,102.6830734216259,103.16160135001984,11945173
2022-10-20,103.3609848022461,104.47753373004613,100.33033635175522,101.28738002836533,18748363
2022-10-19,101.9254150390625,102.64319476708522,101.60639844619939,102.64319476708522,7381712
2022-10-18,102.64319610595703,102.96221878771685,101.76590502769173,102.44381149340876,6490293
2022-10-17,101.9254150390625,102.24442554719019,100.48984341354624,101.2873818533363,9320940
2022-10-14,101.7658920288086,105.91309509091846,101.32724958807289,105.2750619783678,13205955
2022-10-13,103.56036376953125,105.15544053351651,101.80577567830647,104.63703328353934,13320136
2022-10-12,104.75668334960938,105.27507848953445,102.96222178444685,104.55729873125799,9401804
2022-10-11,104.55728912353516,106.47137641603534,103.87937661564497,106.27199181600531,13176461
2022-10-10,106.2719955444336,106.8701493655092,105.43457776103361,106.0726109374084,10183057
2022-10-07,106.91002655029297,107.06953179878069,104.63703720856421,105.314949726475,13532236
2022-10-06,105.79347229003906,108.90387959862359,105.59408767421202,108.86400024156394,14570735
2022-10-04,106.79039764404297,107.66769484015876,105.11557413710113,107.58793612434044,14137567
2022-10-03,105.59408569335938,107.66769052685005,104.15852622191147,105.03581121341064,50966493
2022-09-30,101.12789154052734,105.59410016153417,100.09108898172254,100.09108898172254,33530494
2022-09-29,101.00824737548828,102.24442834008902,98.49600000457824,98.49600000457824,20597761
2022-09-28,97.73834228515625,98.85489127939763,96.90092445473954,98.85489127939763,15267018
2022-09-27,99.25365447998047,102.00516569492665,98.77513264230058,99.1739018544897,14465123
2022-09-26,98.45611572265625,102.72295114643916,97.81808863615241,101.52664351391728,12848954
2022-09-23,102.56343841552734,102.96220759728371,101.68614134787545,102.28429512051001,10407849
2022-09-22,102.60330200195312,104.3578960757596,102.16466565297074,103.9989940891824,11366882
2022-09-21,104.39778137207031,106.23212229604613,103.7198809708969,105.43458382209764,11156865
2022-09-20,106.23213195800781,106.55115467828558,104.71681358747387,104.79656014043897,13080582
2022-09-19,104.11864471435547,107.14929318935074,103.44073217947879,105.35483171764614,19411428
2022-09-16,104.67691802978516,105.27507184709822,103.67999500093006,104.55729213411078,20909579
2022-09-15,105.75360870361328,107.18916825087524,105.27508074154488,106.55114719407952,10810473
2022-09-14,106.23213195800781,106.94992395152846,105.27508813611941,105.6339780481435,8597956
2022-09-13,106.79039764404297,107.78732074441481,106.47138711971256,107.0296616220265,10846178
2022-09-12,106.87015533447266,107.98670432838757,106.55114481320305,107.66769380711797,13500202
2022-09-09,106.87015533447266,107.02966059510744,105.23519903165548,105.67384762550468,12327341
2022-09-08,105.15544891357422,106.98977760276281,104.8763055898433,104.99593148888746,14629497
2022-09-07,105.67384338378906,106.03273324817947,103.71987663813393,104.47753572284051,12042788
2022-09-06,105.3548355102539,106.98977961886362,105.03581282433967,106.94991243141159,10870488
2022-09-05,106.3916244506836,106.7903936760152,105.79347061268618,105.99285522535199,14865879
2022-09-02,105.87322235107422,108.26583754544878,105.51433250581206,107.42841979352364,17495310
2022-09-01,107.42842864990234,108.66461570280093,106.98978006087754,107.66769262295871,20349294
2022-08-30,110.53882598876953,111.53574897867738,109.70140824335293,109.98053937884507,21720398
2022-08-29,108.38545989990234,108.94374649594457,106.67075726768633,107.02964710123504,9198908
2022-08-26,108.98363494873047,110.25970146091326,108.54499849404777,108.86400903735739,12105053
2022-08-25,108.90386199951172,110.17991603290884,108.58483936406053,109.26275181610875,14620592
2022-08-24,108.46522521972656,109.58177414096494,107.26891758862664,107.42842283887919,22730039
2022-08-23,106.67076110839844,107.0296509548691,103.75975081322837,105.195310199111,24268146
2022-08-22,105.19532775878906,107.26893281481983,103.52050413920014,107.26893281481983,31231393
2022-08-19,107.34868621826172,110.45908147875572,106.9100376124301,109.66154298432427,35382493
2022-08-18,108.10633087158203,110.29956143745177,107.42841837434338,110.25968208417831,42597708
2022-08-17,108.78425598144531,109.68008767350399,108.04422937409885,109.0179517222545,15694770
2022-08-16,109.01792907714844,110.53693324749325,106.01887199954596,108.66739148187759,31230003
2022-08-12,108.43370056152344,108.82318943702192,103.9935297580923,104.3051161039882,40876891
2022-08-11,103.4482421875,105.94096848037516,102.8640089054391,104.77250191625338,19479706
2022-08-10,104.22722625732422,106.52520826307885,103.9545792878884,106.25256129364303,15829467
2022-08-08,106.33047485351562,107.10945269127032,105.20095936602301,106.17468166321639,12451233
2022-08-05,106.33047485351562,107.88843052902502,104.07144387853042,105.23991063516246,66480753
2022-08-04,106.1357192993164,106.83679452550624,104.38301934758458,104.65566631680132,14311959
2022-08-03,105.6683349609375,107.84947520183256,104.22723314707078,105.94098194839616,15853543
2022-08-02,106.48625183105469,106.75889878726116,104.85040575258601,106.48625183105469,15037928
2022-08-01,107.81050872802734,108.27790010167381,103.75982707269802,104.46091413316772,20592826
2022-07-29,104.4998550415039,104.77250199450525,101.18919977401954,101.61763989176883,19738642
2022-07-28,101.46186065673828,101.65660511097387,99.90390502285362,101.57870257477636,25736737
2022-07-27,100.1765365600586,101.4228937431484,99.55335202538552,100.56602540844723,20187969
2022-07-26,99.86494445800781,102.51347592080637,99.51440685026806,101.92924261248778,22172845
2022-07-25,101.1113052368164,103.17559133422343,100.02072935311057,102.82505375549002,21705935
2022-07-22,103.17559814453125,104.22722283640212,102.4745229407886,104.22722283640212,11630255
2022-07-21,103.68194580078125,103.99353215385536,102.6692723239042,103.60404326938398,20853780
2022-07-20,103.25349426269531,106.40835625621247,102.98084731913283,105.16198720886422,60317150
2022-07-19,99.6312484741211,103.75982669568066,96.94377185793176,101.65658929442655,33778758
2022-07-18,101.189208984375,101.81239358634633,98.89122690797225,98.96912944056528,21010247
2022-07-15,98.57963562011719,100.0207373109572,97.06062545745155,99.39755868328005,18088858
2022-07-14,99.0470199584961,103.29245217003415,96.43744574107329,96.90483119233689,38464081
2022-07-13,96.94377899169922,97.29432254645567,94.56790041072784,95.38582348556903,27166975
2022-07-12,96.671142578125,98.73543491084335,96.20375709261661,97.29432718755545,25216226
2022-07-11,97.76171112060547,98.0733034203726,94.29526238640922,94.64580000919175,31521678
2022-07-08,94.64580535888672,98.42384660639753,94.2563164479448,98.42384660639753,42778692
2022-07-07,96.20375061035156,96.71008732850542,94.45105070044637,94.45105070044637,36229792
2022-07-06,94.21736145019531,96.20375719462331,93.36048706866656,95.81426829909852,59092334
2022-07-05,99.24177551269531,100.17655246310092,98.15120537545334,98.93018319589345,44595740
2022-07-04,98.15119934082031,101.22815916512627,96.67114038435679,101.22815916512627,85993413
2022-07-01,102.08502960205078,117.74247418505064,101.2671006426855,116.02872562834877,125788305
2022-06-30,118.05406951904297,120.31310003152304,116.26241848177116,119.18358477528301,38725546
2022-06-29,120.07941436767578,122.61109203324231,113.88654368607985,116.34033070907549,165860322
2022-06-28,116.34034729003906,118.20988938578856,110.73169723027306,111.23803996730517,54387675
2022-06-27,110.225341796875,111.08222199997506,106.91468665456603,109.05687527606007,24188349
2022-06-24,106.99259948730469,109.83586354077212,105.31779018099246,106.71995251833887,25461812
2022-06-23,105.00619506835938,106.25255224154459,102.98084831833104,104.38301053863864,26829020
2022-06-22,105.04515838623047,106.68100459245606,102.04608917876375,106.68100459245606,31824106
2022-06-21,108.35581970214844,109.21268817386157,105.16200588017321,106.01888623814459,20581784
2022-06-20,104.69461059570312,108.20001066323235,101.26711306195546,107.96632683440333,28656582
2022-06-17,110.1864013671875,113.0686166912752,109.56321678424109,110.96537912430618,22922034
2022-06-16,111.822265625,118.0540880282183,111.08223909186943,116.18453417549804,25130676
2022-06-15,117.93721008300781,122.49423403697787,117.46983063020032,122.26053836744637,16223385
2022-06-14,121.4815673828125,125.06486948195294,120.97523664296394,124.28589179833598,12844437
2022-06-13,124.28590393066406,127.71340131865576,123.4290236405375,126.19439706457437,12237777
2022-06-10,128.2586669921875,129.81662231252386,127.24600554297352,127.7523362675805,17812698
2022-06-09,128.95977783203125,130.36194025651088,128.14184876056328,129.31031546658664,31122996
2022-06-08,127.28495788574219,129.62189110435133,126.2722963333505,127.36286041419864,45994327
2022-06-07,126.07756042480469,126.93442886448857,120.11837318259089,120.58576461242414,61411715
2022-06-06,119.92362213134766,121.52052889471555,119.02780247412666,119.26149817617562,30327268
2022-06-03,118.09303283691406,120.11836787543851,117.74248333689843,119.92362343598862,16747177
2022-06-02,118.755126953125,119.1056644787844,113.73072405532879,115.1328860442207,25429955
2022-06-01,116.65192413330078,119.10569941899732,115.87294634276121,117.7814395523316,22780094
2022-05-31,117.82038879394531,119.18359990395791,113.26336404311448,113.26336404311448,57675204
2022-05-30,112.21175384521484,114.74343168118068,109.9527111059829,113.458111186551,40261336
2022-05-27,112.0169906616211,121.1310269695377,109.91375334229508,120.74153813683823,52469252
2022-05-26,118.32672119140625,119.41729722588818,115.36661510729556,119.027808332057,12824105
2022-05-25,118.87200164794922,119.3783323979076,114.97711315209578,119.1056854486953,19366472
2022-05-24,117.35299682617188,122.88374377266155,116.96350793941224,122.6110967974268,19141394
2022-05-23,120.81944274902344,127.90813249509145,120.4688932845219,125.999639559083,18029557
2022-05-20,126.11648559570312,127.59655036590908,124.71433523670107,125.92174116959102,7235654
2022-05-19,124.6364517211914,126.23335863612083,122.92270288727667,123.50693625471976,8932407
2022-05-18,127.12916564941406,128.14183909550533,124.79223241362976,126.19439473235175,12616832
2022-05-17,127.0902099609375,127.51865008316886,121.16998643478563,121.52052403069976,17843200
2022-05-16,119.5730972290039,121.71528626730854,118.24883729166727,120.11837933422977,13205775
2022-05-13,119.61204528808594,124.87014551373316,119.14465384685849,124.63644979311944,12934346
2022-05-12,121.91001892089844,125.4154188259722,119.9625745291908,123.85746331260609,21459069
2022-05-11,123.54589080810547,124.63645503515968,119.76784351034875,119.9625879713412,15084514
2022-05-10,120.3131103515625,125.9217477389434,119.10569246942497,124.98697682208943,22602956
2022-05-09,128.3365936279297,130.32298941186548,126.77863801484405,128.7260825312011,9952775
2022-05-06,130.0503387451172,130.4008763708909,125.49332583754352,127.67445412513894,16768573
2022-05-05,128.41452026367188,131.17988248689022,127.28499272319085,127.90817746263481,26878516
2022-05-04,126.38915252685547,126.81759270928293,123.03954549095678,123.8574745871804,23661920
2022-05-02,121.79318237304688,124.05221321236388,121.44263285810304,123.19533288779107,23405519
2022-04-29,124.98699951171875,130.43984471722075,124.24697289679533,129.69981810229731,15964743
2022-04-28,128.3755340576172,129.3103049693005,126.54493161228392,129.3103049693005,13030499
2022-04-27,128.41452026367188,131.56937146326015,127.24605333456208,130.82934478540932,13981957
2022-04-26,130.0503387451172,133.75048322149485,129.0766165144915,133.28310368254915,20086229
2022-04-25,132.153564453125,134.76314455007125,131.10195167075992,133.2051891217467,12583497
2022-04-22,135.54209899902344,137.3337498113189,135.30840334763627,135.65894088158973,10267952
2022-04-21,135.65895080566406,137.645346158387,135.46420639630406,136.86636852094708,12246720
2022-04-20,136.71060180664062,138.15171546907698,136.16531973224176,137.80116595543836,10076403
2022-04-19,137.9959259033203,140.06022440534522,137.10010610091456,138.11277971641178,17880666
2022-04-18,136.94432067871094,139.43704764483024,136.39903851210042,137.1001138854197,23916912
2022-04-13,135.7368927001953,136.20428417274832,132.9715189078176,133.51680103495684,23458303
2022-04-12,131.56935119628906,134.13998042160242,131.02406909061858,133.20520939955895,13184429
2022-04-11,133.36099243164062,134.5684103576876,132.07568386000654,133.20519925420885,9724979
2022-04-08,133.1272735595703,133.43887174647648,131.4135251334805,131.64722080209626,9529874
2022-04-07,131.5303955078125,135.3863329246321,131.02405284754397,132.89360654612042,24550313
2022-04-06,134.6073760986328,135.15265822140978,132.65993145567302,132.89362719007994,12969222
2022-04-05,133.86734008789062,134.5684153555,131.88094431465336,132.6209708496317,20054934
2022-04-04,130.9072265625,131.68620439162973,128.80398880110147,130.05034619595398,17745513
2022-04-01,130.82931518554688,131.0630108957477,127.40181772345977,127.67445281347943,28335224
2022-03-31,127.67446899414062,128.72609388019197,125.53227983728418,126.07757385894581,33523683
2022-03-30,126.19438171386719,128.41447281333572,125.53224594419949,126.97335937876761,95239532
2022-03-29,133.20516967773438,136.47687322239267,132.8546321347808,136.28212882227902,14210783
2022-03-28,137.37274169921875,138.58014779704135,136.04846991175458,136.71060580548667,15253027
2022-03-25,136.94432067871094,139.63179212478113,136.39903851210042,139.04755868492848,13608989
2022-03-24,138.22958374023438,140.5275654658098,137.48955733860916,139.35909897284714,20332589
2022-03-23,136.78851318359375,138.42435951255098,136.2042798047679,137.48958848368136,10994784
2022-03-22,136.671630859375,141.18970375684526,135.3863224486427,137.25586411629988,39742745
2022-03-21,134.41262817382812,136.321121497542,132.6599280402883,133.75049225776525,20614652
2022-03-17,132.65992736816406,133.59469839073088,128.21975609627776,129.77771176264196,66314748
2022-03-16,130.32298278808594,130.75142293716024,126.07755633545668,129.31030931379868,25545119
2022-03-15,127.55760955810547,132.03673172579468,125.92175149018556,131.10196078109362,42333127
2022-03-14,133.82838439941406,136.7105997956317,132.89361344472962,135.54213313071176,20214021
2022-03-11,136.86639404296875,137.41167611360655,133.7504829121726,134.37366751558338,26187452
2022-03-10,135.8147735595703,137.80115728516708,128.53132694485885,131.06300459680304,62112814
2022-03-09,136.6326904296875,143.1761105577199,135.42528444533224,142.55292599034678,51977091
2022-03-08,139.5149383544922,151.86173020408714,138.5022647674136,148.0057922054598,73127816
2022-03-07,145.62989807128906,147.8499895670511,130.167195794627,130.167195794627,132538155
2022-03-04,128.72605895996094,133.20518052740286,127.63549498499917,132.50410538439255,32658756
2022-03-03,132.65992736816406,133.82839411793722,126.89548427086142,131.10197170179984,42345653
2022-03-02,126.9344253540039,131.14091244739558,126.11649631754518,129.037662957571,41103406
2022-02-28,125.14275360107422,126.07753628173563,121.36471916404732,125.02591170911933,20210070
2022-02-25,124.2469482421875,124.94802344641809,122.14371074323884,124.16904571449214,20225258
2022-02-24,122.0268783569336,126.50600110120914,121.52054749686691,125.2206923725728,28766189
2022-02-23,125.22066497802734,129.62188421808688,124.36378475555695,129.50504231786653,21301826
2022-02-22,128.4923858642578,129.69980383274518,127.16812598015404,129.69980383274518,29399172
2022-02-21,127.28495788574219,130.5177226365724,127.01232280865865,130.4008688438877,14222260
2022-02-18,129.42715454101562,132.39496486297898,128.50212657130263,131.97099027950296,11829998
2022-02-17,132.3949432373047,132.89599654169854,129.88965319060168,129.9281984668705,24640791
2022-02-16,129.92820739746094,130.19800082515303,126.80622800296901,126.80622800296901,15960268
2022-02-15,126.53643035888672,131.04595772678522,120.56227640369504,131.04595772678522,31146458
2022-02-14,128.11668395996094,135.94090501299647,127.34582543822546,130.19799961617318,44604164
2022-02-11,129.61985778808594,131.4313800479461,128.81046573727434,129.4656884337584,12884995
2022-02-10,130.35218811035156,131.35429483544823,127.30728736721423,127.84689777287336,26763203
2022-02-09,126.38229370117188,130.7376528336365,125.7270708004026,129.42718350735512,17938632
2022-02-08,128.69483947753906,133.35853630782995,128.34795546389415,132.58767771645523,13231599
2022-02-07,132.6647491455078,133.58977696926146,130.42925249553898,131.58554021582276,11723574
2022-02-04,130.7376251220703,133.127279758594,130.31365053357402,131.04596386150274,17434362
2022-02-03,129.1188201904297,132.0095400454393,127.96253224842584,131.0459667604361,12529302
2022-02-02,132.0480499267578,134.16791058542262,131.43136083721848,131.46990611075833,12478192
2022-02-01,131.77828979492188,134.82317924696505,129.88968836991054,134.12941113569397,14220953
2022-01-31,133.05018615722656,134.78461783896253,130.69906530284428,132.27932763201056,24031034
2022-01-28,130.1209259033203,134.66898665423798,128.15523424365085,129.1573527135184,32790065
2022-01-27,127.73126983642578,130.08239095882197,126.80624185319239,127.26876172599357,25936832
2022-01-25,127.30728912353516,128.50212226882837,125.64994789005542,125.64994789005542,14249846
2022-01-24,127.73126983642578,129.7355069354056,126.2280978933754,127.34584052988112,28783449
2022-01-21,126.15099334716797,128.2708542982423,125.11034139224297,127.42291697523318,8625926
2022-01-20,128.61776733398438,131.7397353807722,128.34796210808875,131.7397353807722,14474454
2022-01-19,131.2386932373047,131.8168372603765,127.11459450111089,127.42294503750468,36648534
2022-01-18,126.30517578125,129.81257270884234,125.95828003028566,129.73549391269188,11175409
2022-01-17,127.84688568115234,129.65839608103735,125.11033568040921,125.26450502642986,32577835
2022-01-14,124.14676666259766,125.8811983279052,123.49153221742334,125.61139314168813,11646259
2022-01-13,126.38229370117188,127.57712715387886,125.68852550921113,127.15315247551554,7445346
2022-01-12,127.15310668945312,127.73125056202932,124.4165566734523,125.41867507172451,21220614
2022-01-11,124.06966400146484,124.60926255888754,121.48729527581109,122.41232305458804,14457548
2022-01-10,122.06544494628906,122.87483693995351,120.56226150121635,121.98835439338437,16418985
2022-01-07,121.06333923339844,121.41022323301915,116.66944779267709,116.78507187176128,30889365
2022-01-06,116.24547576904297,116.70798385784168,114.35687460778591,116.09130640611006,9012777
2022-01-05,115.89859771728516,116.47674167976773,113.62455538829187,114.47250457154723,12977680
2022-01-04,113.93289184570312,114.54958101546069,110.3098591466328,110.3098591466328,16351836
2022-01-03,110.27130889892578,110.57964758872612,108.84521599327336,109.73171031059167,3765911
2021-12-31,109.770263671875,110.19423826878177,107.49623307693572,108.26709170317746,6393760
2021-12-30,108.30563354492188,108.84523221366837,106.76391634143545,106.95663099187125,11556524
2021-12-29,107.07225036621094,108.57543398336804,105.95450779533556,108.07436885685958,6571286
2021-12-28,107.53477478027344,108.30563338084887,106.763916179698,107.26496956512453,8738089
2021-12-27,105.87743377685547,106.41703244622616,104.83676995835079,105.26074454227376,4404298
2021-12-24,106.76392364501953,109.15359017884506,105.76180504172594,109.11504489364732,5657495
2021-12-23,108.30563354492188,108.69106284579348,105.72325252413458,106.76391634143545,6324169
2021-12-22,105.45345306396484,106.339935700525,104.29716522721603,105.91596114124349,4968143
2021-12-21,104.87531280517578,105.49200202543459,103.14088098953022,104.10445422044442,8615570
2021-12-20,103.29503631591797,106.10866506286,101.48351418304277,105.99304099581134,17238729
2021-12-17,107.45767974853516,111.85158299906716,106.76391174180289,111.1578032299666,17667617
2021-12-16,112.04428100585938,112.73804890958714,111.42759189011994,112.00573573068193,12156709
2021-12-15,110.96508026123047,113.85579967631479,110.6952868399097,112.77660246629694,10361033
2021-12-14,113.23912048339844,113.6630950540722,110.96509002916267,111.19634995520003,12331999
2021-12-13,112.50680541992188,116.01421424971242,112.04429733747688,114.8193811192517,13595587
2021-12-10,113.74018859863281,114.08707261559839,112.19847140112473,112.7380700677788,10324085
2021-12-09,113.58602142333984,115.55170147820137,112.81516280970978,115.24336273769693,7989291
2021-12-08,114.39541625976562,115.89860000174453,113.16204950624687,113.31621888014055,12266948
2021-12-07,112.46826171875,112.73806692574188,111.38906441551933,111.77449370415434,10253663
2021-12-06,110.5025634765625,112.42970960093669,110.04004370176611,112.39116432597591,7749262
2021-12-03,112.46826171875,113.20058677705127,110.34840063125742,111.0036351268843,10690334
2021-12-02,111.00362396240234,111.50467728228574,108.22852865839539,108.30561921331618,8561767
2021-12-01,109.65463256835938,110.73382987111466,107.65039556339278,109.77025664995158,14278744
2021-11-30,109.53899383544922,113.89433950761254,108.76813536162443,110.50256692773021,22980651
2021-11-29,111.08072662353516,112.58389850937684,109.38482832938709,111.77449464396408,18736522
2021-11-26,113.3932876586914,117.36320414485124,112.73805324259109,117.36320414485124,23135841
2021-11-25,119.56017303466797,120.25394106664342,117.59448126091256,118.71222387348134,11554142
2021-11-24,118.2882308959961,120.13829829747831,114.85791302718769,114.85791302718769,36294271
2021-11-23,113.08494567871094,113.85580422016415,110.5411101394418,112.39117769635021,21216047
2021-11-22,112.96931457519531,118.48094809878795,112.54534005129577,116.59234714218141,21558590
2021-11-18,114.70376586914062,116.71089361815747,114.25773243909185,116.71089361815747,18351511
2021-11-17,117.00823974609375,118.38350001347504,116.41354363997321,116.71089169303347,11420415
2021-11-16,116.82240295410156,118.71802812506317,116.56222622434728,118.49501139734382,12956283
2021-11-15,117.30561065673828,120.6136562799247,115.96752160042067,116.30204102872452,45750584
2021-11-12,114.96393585205078,115.67015729879013,113.96037770785917,114.48074245037712,10552485
2021-11-11,114.10904693603516,116.59937920770987,113.77452756868637,116.41353385439386,14158749
2021-11-10,117.23124694824219,117.9746283636947,116.30202017892654,116.48786553278967,13900618
2021-11-09,116.45071411132812,117.56578642523078,115.22413910327604,116.33921141717872,13601954
2021-11-08,115.1497802734375,115.63298501426841,112.77096193912561,113.70018873714592,16568525
2021-11-04,113.0311508178711,113.62585824163361,112.43644339410857,112.99397947705457,1114216
2021-11-03,112.99397277832031,114.62940958938654,111.3585359672541,112.39926538981443,11591857
2021-11-02,113.7001953125,115.07545559034247,112.51079174811038,114.44357679390647,20609479
2021-11-01,113.8488540649414,114.18338476117097,110.31779250202688,111.5072072499327,11444653
2021-10-29,110.80101776123047,112.88248828466001,108.53370185790726,111.43288524700789,18736450
2021-10-28,111.65589904785156,116.59939282944174,110.54082679768706,111.50722501644992,24815027
2021-10-27,117.37992858886719,121.61721200672231,116.71088980873266,121.24552127484736,21652522
2021-10-26,121.2455062866211,121.87737364683724,119.16403617681009,121.58002563533547,33022684
2021-10-25,119.98176574707031,121.13400930404669,118.1233120561733,118.19765474104965,34568006
2021-10-22,116.7480697631836,117.71446800597097,114.85244462215867,116.71089841863373,27317028
2021-10-21,115.22412872314453,119.16405281262067,114.88960932772983,117.15692509703129,31555789
2021-10-20,115.1497802734375,118.45783674887029,114.22055347541719,118.38349406778843,17118996
2021-10-19,117.90028381347656,121.54284780368694,117.4542504769574,121.54284780368694,10331930
2021-10-18,120.50214385986328,123.02963638429405,119.83309371414832,121.72871877902206,22899876
2021-10-14,118.23483276367188,120.24196059462172,117.93747335046707,119.68442445585221,14821875
2021-10-13,118.94103240966797,121.76588419801773,118.71801570527968,121.6543701742732,16690451
2021-10-12,121.5800552368164,123.28983507698594,120.985347725918,122.73229891235037,11619888
2021-10-11,122.65795135498047,123.55000691439632,120.94817158262401,121.72872445077608,18143592
2021-10-08,119.64722442626953,123.84733580389737,119.31270509182814,121.84019711105091,30561341
2021-10-07,119.23836517333984,126.48633340699416,118.56932648901149,126.48633340699416,59769140
2021-10-06,124.96241760253906,128.41913656770026,123.25263811767762,123.4013121287308,101221817
2021-10-05,121.65436553955078,122.36058696705855,110.76383221168253,111.50721363592201,131238378
2021-10-04,109.7231216430664,110.39216050281223,109.277088174501,109.87179568488746,16099471
2021-10-01,108.71952819824219,111.2470203849272,107.12126274829427,107.93897547076304,42893182
2021-09-30,107.4186019897461,108.57084531777146,105.07695534174205,107.6044473219083,26714630
2021-09-29,107.60447692871094,110.61517440673569,103.59022118674595,104.70529348652533,68003697
2021-09-28,105.7088394165039,106.74958024739367,104.8167839493846,105.41149137516437,46109879
2021-09-27,104.07343292236328,104.63096917016166,102.21497876303538,102.62384094670831,34196564
2021-09-24,101.17422485351562,103.9990654278358,99.9848099378325,103.25568394130917,33667173
2021-09-23,102.40080261230469,102.84683605384575,99.91047002605337,100.20782943478129,18688982
2021-09-22,99.3529281616211,100.54234304168361,98.46087267312468,99.98480694348574,16424387
2021-09-21,100.50518035888672,101.09988785015508,95.9705598420571,96.34225060621209,51537119
2021-09-20,95.52450561523438,96.19354430798457,92.95984216889272,92.95984216889272,29857432
2021-09-17,94.96697998046875,96.41657153542523,92.73683563650471,95.67319008743722,25968166
2021-09-16,95.67318725585938,97.56881216074535,94.70679480500687,96.37939734192659,22431820
2021-09-15,95.48734283447266,97.15995105932248,92.3651430833731,92.3651430833731,42437332
2021-09-14,92.14212799072266,93.22003449067624,91.28724386480647,91.65893458791797,16593684
2021-09-13,91.47307586669922,91.73325820056752,90.0234788553481,90.84119719245541,9921031
2021-09-09,90.80403900146484,92.0306194438453,87.8676790731541,88.5367234664116,27242637
2021-09-08,88.42521667480469,88.8340787199601,87.34731589619507,88.46238801401884,7801721
2021-09-07,87.79334259033203,89.84271010538932,87.50058058881862,89.65973106240482,8530847
2021-09-06,89.03759765625,91.01376895863629,88.67163959402461,90.6112184406345,12505630
2021-09-03,90.098876953125,90.39164452995647,86.95164085839866,87.79333996368317,21326802
2021-09-02,86.84185028076172,87.93972448005307,86.36610367758675,87.02482931397695,13031666
2021-09-01,87.6103744506836,89.47676315503325,87.39080292222229,89.14740307030235,10964080
2021-08-31,88.23249816894531,88.5618582179431,87.13462389351626,87.82994203432372,13376290
2021-08-30,87.9397201538086,88.12269917802206,85.45120430769008,85.45120430769008,15933414
2021-08-27,85.37802124023438,85.63419077959723,84.13376041692214,84.53631653883316,9706825
2021-08-26,84.57292175292969,85.08526087510573,83.73121698014538,84.60951421361219,8779246
2021-08-25,84.6461181640625,85.78058503776816,82.92611603780824,83.07249705890638,18637317
2021-08-24,82.85289001464844,84.31672203316927,82.04778352127718,82.81629756463101,17368602
2021-08-23,81.79163360595703,81.97461265205537,79.41290600667864,80.76694983099087,16886027
2021-08-20,80.65716552734375,81.79163790643317,79.412910182085,80.98653117808469,23878081
2021-08-18,82.85289001464844,84.35332006726269,82.63331856231592,83.36523457157632,10074307
2021-08-17,83.32865905761719,84.902280019624,82.48695430267611,84.902280019624,16025745
2021-08-16,84.53630828857422,86.6222680256328,83.95077318368072,85.56099193009953,14771886
2021-08-13,84.97547149658203,85.59759916289647,84.42653433499677,85.48781619784147,10342014
2021-08-12,85.08526611328125,86.2929290717047,84.38994789265337,84.97547755631949,13519139
2021-08-11,85.63420104980469,85.8537781579225,84.06057999916793,84.53632667737129,11308648
2021-08-10,84.06057739257812,84.68270506751693,83.36525921189553,84.24355644897646,14300982
2021-08-09,84.17035675048828,85.63418904180112,83.6580176821596,84.9022728961447,8294214
2021-08-06,85.37802124023438,86.51248793857762,85.01206315997969,85.01206315997969,6606584
2021-08-05,85.52440643310547,85.81717402848294,83.95078549401929,85.04865978862675,11033147
2021-08-04,85.8903579711914,86.73206264958506,85.34142086581429,86.146527503552,14304543
2021-08-03,86.29291534423828,86.51248683915443,84.28014592841629,85.01206207962429,15163353
2021-08-02,85.7073745727539,86.00014213086581,84.02397088574469,84.13375383396954,10895726
2021-07-30,84.38993835449219,85.45121458899004,83.29206407711759,83.65802216957579,12236156
2021-07-29,83.98738098144531,84.75589519791296,82.92610476258736,83.6580209367176,14142749
2021-07-28,83.69459533691406,84.31672283387822,83.03586980550894,84.09715137946054,11020097
2021-07-27,83.91419982910156,84.82909514868601,83.43845314610208,84.4265389744377,9704729
2021-07-26,83.84101104736328,84.60951978119775,83.51164537508166,84.0605825781397,8149770
2021-07-23,84.38993835449219,85.45121458899004,83.98738221915723,84.53631935784453,7841690
2021-07-22,84.53630828857422,84.75588534892843,83.40183611687179,83.73120170740312,11710140
2021-07-20,82.41376495361328,82.88951161168792,81.68184873629153,82.01121438453286,18634406
2021-07-19,83.87759399414062,85.30483391061117,83.5848264022433,84.02398058212798,14395883
2021-07-16,85.4878158569336,85.92696446763505,84.71930160014789,85.78057787468286,19691248
2021-07-15,85.56099700927734,87.39078734059603,85.04865236606194,87.24440076364438,28589465
2021-07-14,88.41548919677734,89.11080743181323,87.90314444836524,88.04953105537359,12709481
2021-07-13,88.1227035522461,88.41547112233535,86.80525227888296,87.09801984897221,8580799
2021-07-12,86.76866912841797,87.35419874731627,86.36611297836238,87.09802919004342,8420962
2021-07-09,86.29291534423828,86.84185245764428,85.34142211403704,85.70738018964104,11240925
2021-07-08,85.67079162597656,87.39079354266825,85.52440503863593,87.39079354266825,17151883
2021-07-07,87.75674438476562,88.12270244676708,86.21972164117486,87.75674438476562,18479814
2021-07-06,88.92781829833984,91.48952499829203,88.59845824197697,90.02569259831935,30193164
2021-07-05,88.52525329589844,88.89121135926978,87.02482858652203,87.20780761820771,12050022
2021-07-02,86.6954574584961,88.45205716763816,86.36609745606545,87.82992961633774,20014124
2021-07-01,86.98824310302734,87.6469688289961,85.85377629326567,86.1831363642112,16012542
2021-06-30,86.14653015136719,88.52525768111437,85.67078911267949,88.08610910013033,19094044
2021-06-29,87.39078521728516,89.62312601680921,87.17120814923115,89.14738500948685,20857415
2021-06-28,89.54993438720703,91.1235551307788,89.14738387964562,89.6963209587467,23728169
2021-06-25,88.48866271972656,91.45291974555654,88.08610660783603,89.98908746097571,34557609
2021-06-24,89.29377746582031,91.08696994359308,88.81803081332626,91.08696994359308,24358397
2021-06-23,90.28186798095703,91.05038227419627,89.11080310217926,90.39165653485946,21978870
2021-06-22,89.33036804199219,90.903983291961,88.92781192720939,89.80610907063742,23629008
2021-06-21,88.52525329589844,89.29376746260903,87.06142104241304,87.39078664989339,15669821
2021-06-18,88.01294708251953,91.16018983552604,87.02486105953157,91.16018983552604,87912730
2021-06-17,91.56270599365234,92.95334774603838,90.39164131209243,91.92866405564462,18124616
2021-06-16,92.73377227783203,93.86824452324473,92.29462371266733,92.95334935245286,31654780
2021-06-15,91.74568176269531,94.0512185880903,91.37972371371441,91.92866078718576,32779493
2021-06-14,91.3431396484375,92.07505581362024,88.74483502840788,91.05037206554897,19547491
2021-06-11,90.42825317382812,92.66059434274693,89.65973889254663,90.72101520090895,18360366
2021-06-10,90.72100830078125,91.34314152120365,89.62313403049794,90.5746272983744,12245640
2021-06-09,90.794189453125,93.68525565574598,90.06227339331448,92.95333959593546,29718157
2021-06-08,91.3431396484375,92.14824631332309,89.76951877647916,92.03845777173024,15261479
2021-06-07,91.59931945800781,93.31932152218947,91.41634039619959,92.91676535258027,28709907
2021-06-04,91.81888580322266,92.7337810606644,90.28186288753602,91.19675814497776,72354379
2021-06-03,89.65973663330078,90.61122994957093,86.69547371914021,86.95164886249742,64241347
2021-06-02,86.18313598632812,87.39079888129604,84.90228258525744,86.36611504362394,27162991
2021-06-01,86.07334899902344,86.69547668831727,83.58483265777036,83.69462121095816,51620011
2021-05-31,83.18228149414062,83.69462062666992,81.53546996005369,82.34057670434731,16430926
2021-05-28,82.23078155517578,84.57291667732106,81.86482346584782,82.85290919021784,19331994
2021-05-27,81.86482238769531,83.18227372555614,81.46227184518249,82.70652709887989,22821449
2021-05-26,82.96269226074219,84.4631225616336,82.7065227319277,84.4631225616336,12045621
2021-05-25,83.87759399414062,85.70738446340232,83.21886830839095,83.73121299023065,25820379
2021-05-24,82.74311828613281,83.40183831641454,81.13289949724798,82.88949927417836,24785960
2021-05-21,82.5235366821289,83.47502980433391,81.27928159993138,81.27928159993138,20562816
2021-05-20,81.82823181152344,83.950784283223,81.3890776327523,83.03588905091203,21131045
2021-05-19,84.09716796875,84.75589363009756,82.99929372786313,83.80440038769807,25295575
2021-05-18,84.97547149658203,86.00015531502335,83.65802565922395,84.17036477640583,29395737
2021-05-17,83.62142181396484,84.46312652015499,82.15758948461755,83.40184473093188,19960145
2021-05-14,82.66992950439453,84.90227606561265,81.64525132948513,84.90227606561265,23626454
2021-05-12,84.24354553222656,88.67164035687995,83.21886183236462,86.87844248610233,49718697
2021-05-11,86.43930053710938,86.87844913233755,81.05971768139014,82.37716905115202,48355326
2021-05-10,83.3652572631836,84.13376593164566,82.34057345448998,83.32865921912837,33477142
2021-05-07,81.57205963134766,82.23078533926662,80.25461379958726,81.13291102076086,28016564
2021-05-06,80.69375610351562,82.59673699004843,80.10822094577765,82.19418645517102,26083818
2021-05-05,81.31588745117188,83.43844551530655,80.8767388547489,82.26738073015281,47588366
2021-05-04,80.2546157836914,80.73036245028779,78.82737578390227,79.04695288666296,30811922
2021-05-03,78.8273696899414,81.02311821148938,77.58311442802845,79.15673531861995,33975507
2021-04-30,79.15673065185547,82.48694569608737,75.60693853478325,76.22906612906158,81358264
2021-04-29,76.15587615966797,77.5099198940123,75.78991809178696,76.77800375825029,14990087
2021-04-28,76.04609680175781,76.41205491381238,75.60694818410784,75.93630825132591,6887787
2021-04-27,75.53374481201172,76.119279968477,75.24098281785618,75.24098281785618,8886250
2021-04-26,75.24098205566406,77.36353441217574,75.02140497819462,77.03417438004863,11797791
2021-04-23,74.94819641113281,75.86309137322165,74.36266140176568,74.65542890644925,12790334
2021-04-22,75.4605484008789,76.44863401392669,74.39927229502698,74.94820936717315,14844968
2021-04-20,75.277587890625,76.85120900127626,74.80184119427769,75.60695356536301,23082015
2021-04-19,75.4239730834961,77.54652577746236,74.58226826481399,76.08269325247711,19166492
2021-04-16,78.53460693359375,78.93715747489934,76.26566234918488,76.55842993272898,21627285
2021-04-15,76.92437744140625,78.13204006746098,75.97288990578467,76.30224990194667,28659714
2021-04-13,74.69204711914062,75.02140716085006,71.76438244944892,71.76438244944892,25505623
2021-04-12,71.76438903808594,74.8384349898573,71.32523483005198,73.81375114457427,27005598
2021-04-09,75.97290802001953,76.7780147679923,75.3873727938151,75.3873727938151,17645822
2021-04-08,75.8265151977539,77.36353806028782,75.60694369400753,75.9729017843288,26105970
2021-04-07,76.59503173828125,77.10737084659986,75.71672894449259,76.04609458619238,10330347
2021-04-06,76.08267211914062,76.41203769622183,74.14309902954898,75.13118459263983,15156974
2021-04-05,75.71672821044922,76.48524244955418,72.75247096835314,74.7652405064993,24878516
2021-04-01,76.37545013427734,77.03417579470546,74.03332065728533,75.38736443567375,22299747
2021-03-31,74.7652359008789,76.26566065916815,74.58225686322824,75.24098251558605,19587582
2021-03-30,75.75332641601562,77.80269400196393,75.09460072166956,76.1558825581375,31843017
2021-03-26,74.94819641113281,76.11926084579139,73.37457595952486,75.38734487612031,26637085
2021-03-25,74.65544128417969,78.82736076937084,74.14310225409537,77.58310564826516,37295495
2021-03-24,76.70482635498047,77.58312363418918,75.27758629616892,76.85120737348927,31083656
2021-03-23,78.42481231689453,80.73034918060908,78.02225622269412,80.21800455307431,15815643
2021-03-22,80.218017578125,81.42568047273845,79.44950888815475,80.87674330101213,15825065
2021-03-19,80.87674713134766,82.88951685633594,76.44865150274224,77.76610301091121,50386785
2021-03-18,80.65716552734375,82.12099797309646,78.68099395920864,80.51078451639953,26710696
2021-03-17,80.03502655029297,84.06056520753206,79.59587799540952,84.02397275200327,31017863
2021-03-16,84.24354553222656,85.12184823956977,83.03588279967774,83.29205791270091,20680669
2021-03-15,83.69459533691406,85.52438537744159,82.56012886223262,84.90225788047744,19679802
2021-03-12,84.20696258544922,85.92696457012673,83.43844832774684,85.45121791460039,20691698
2021-03-10,83.73120880126953,85.63418967728262,83.1456736467684,85.56099917898925,23841269
2021-03-09,85.45121002197266,87.50057746383922,83.58482161655571,87.39078892515404,26817643
2021-03-08,86.54907989501953,89.54993482530423,85.7805657468876,87.06141893772299,63866178
2021-03-05,84.1337661743164,86.54909190291242,83.07248990258401,85.08525948172151,57756103
2021-03-04,82.48695373535156,85.63419563771924,82.19419172180083,83.4018489878913,38272786
2021-03-03,83.43843078613281,84.75588192691283,82.85289570488028,83.47502882273974,19434630
2021-03-02,83.07249450683594,85.37803181481038,82.52355731846478,84.82909462643923,36303917
2021-03-01,85.67079162597656,86.10994021984378,83.07248693747312,83.65802211868096,41672980
2021-02-26,81.24270629882812,86.65888783556561,80.54738807314504,84.536329527159,55154985
2021-02-25,87.1346206665039,88.19589685981691,84.42652753695953,84.9022741555084,62038881
2021-02-24,83.14568328857422,84.42653670150936,81.24270219188612,83.43845089977495,26071364
2021-02-23,82.1209945678711,83.73121354187639,80.1082250384225,80.32780212981149,90860972
2021-02-22,77.80268096923828,79.4494921372074,77.07076489458534,77.50991342256181,36592043
2021-02-19,76.92437744140625,82.1209803946516,76.0094823586491,81.02310629534301,48225988
2021-02-18,81.02310943603516,84.53630892363506,75.64352725771008,75.89969677399667,110000964
2021-02-17,74.83843994140625,75.75333529521318,73.77716356462146,74.65546087064487,21014091
2021-02-16,74.65544891357422,75.4469754667285,71.41738124985292,71.41738124985292,76236798
2021-02-15,70.84172821044922,71.41738692570496,68.79095295841925,69.79835296517261,26118576
2021-02-12,69.79833984375,71.52531017497489,69.47453530847105,71.16552491804835,18187705
2021-02-11,71.5613021850586,72.20891689734414,71.16554160358145,71.95706825642438,11287104
2021-02-10,71.95706939697266,73.75599613189698,70.9496693274373,73.39621078491211,21467230
2021-02-09,72.67662811279297,74.36761786694474,71.81314561829906,71.81314561829906,39638657
2021-02-08,71.7052001953125,72.5327073541222,71.30943423113352,71.59726352418303,29096831
2021-02-05,70.26608276367188,71.9210921459402,69.65444874218382,71.20152141715684,30514219
2021-02-04,70.26608276367188,70.94967276006047,67.63964850563485,67.8195411878307,49670027
2021-02-03,67.17192077636719,68.57508687324591,66.92007214048286,68.07138411158873,25912911
2021-02-02,66.8121337890625,67.60366040649401,65.62484111797102,66.56028515940997,22141489
2021-02-01,65.37298583984375,65.6248344438831,63.646015356607286,64.04178137001757,24228098
2021-01-29,63.5380859375,66.88408482303224,63.14231991303009,65.30103170492856,33858273
2021-01-28,65.22907257080078,65.7687504925285,63.89786812851662,64.04178004502226,26810222
2021-01-27,64.54547882080078,66.02060070554465,63.969825650815935,65.7687521005583,34022621
2021-01-25,65.73278045654297,67.45975118485292,64.7613611374588,66.9560539052948,28522112
2021-01-22,66.74018096923828,68.68301962090484,66.56028829816216,68.07138563722378,27311961
2021-01-21,68.14334106445312,72.10097979657823,67.56768781553173,71.27347790813567,26939349
2021-01-20,71.12955474853516,71.81315013204,70.4099841279331,71.23749143960309,18486566
2021-01-19,70.58988952636719,71.23750429979772,70.15814817404322,70.33804086166897,26085121
2021-01-18,69.5465087890625,73.28827420814727,69.11476746992022,72.96446959126274,33623461
2021-01-15,72.96446228027344,76.34644201288611,72.42478431294876,75.73480808122912,28185982
2021-01-14,75.59090423583984,77.31786952404042,74.9792647488893,76.994064904975,24455634
2021-01-13,75.73480224609375,77.64166534836724,74.90729499530852,75.518928879841,42401579
2021-01-12,74.4395751953125,75.19512650930373,72.49673680203207,73.3962000377893,28353142
2021-01-11,73.79196166992188,74.0438102629818,70.55389421372635,73.03641040085455,36301647
2021-01-08,72.42477416992188,72.89249610741017,70.91367717101825,71.20150098803805,36022114
2021-01-07,70.4459457397461,71.27345282687598,69.8702872035114,70.51790168430377,25285200
2021-01-06,69.76236724853516,71.45336254497934,69.25867002611858,71.16553320793217,50306161
2021-01-05,68.32322692871094,69.43856356535318,67.89148566255164,69.43856356535318,26998014
2021-01-04,69.76236724853516,70.01422134963143,67.42376280609479,67.67561690719106,39545073
2021-01-01,67.0639877319336,67.96345111615958,66.92007578641297,67.45975381694855,15130377
2020-12-31,66.95606231689453,68.75498924115404,66.59627693204263,67.13595500932048,43701316
2020-12-30,67.0999526977539,67.99941587064605,66.74016742859705,67.27984533233233,15960705
2020-12-29,67.02799987792969,68.10735573589993,66.20049262217493,67.78354568457618,17678810
2020-12-28,67.4957046508789,68.4671235775727,67.13591945655628,67.63961653265339,17759262
2020-12-24,67.02799987792969,68.7189896241055,66.30842930594952,66.56027790816502,46351620
2020-12-23,65.33700561523438,65.69679087635376,63.538079309637475,65.12113226260779,29216106
2020-12-22,65.15711975097656,66.41636829566224,62.31481259903898,64.0777638555317,58602960
2020-12-21,64.65342712402344,71.20151947980428,64.00581238776185,71.16554423827738,58724337
2020-12-18,71.23749542236328,73.6120807990641,70.6258614586338,73.03642207444317,36480527
2020-12-17,73.03640747070312,75.98664549223189,72.46074886118598,75.62686023375551,41881430
2020-12-16,74.0438232421875,74.54752051660085,72.42478923028787,73.32425257023212,34618175
2020-12-15,72.28085327148438,73.75597496677473,71.38139016213347,73.75597496677473,33553433
2020-12-14,73.03640747070312,73.79195870945844,70.12214468108958,70.69780329060671,75021883
2020-12-11,69.6544418334961,75.12317773185424,66.63224177843007,66.63224177843007,146821189
2020-12-10,65.94865417480469,66.34441475640075,63.82591736666922,65.48093213301968,25329334
2020-12-09,65.62483978271484,66.8121324296487,65.4089718859285,65.84071316938946,25763702
2020-12-08,65.30101776123047,67.24385576313054,64.79732064663024,66.92005125944279,34326971
2020-12-07,65.8766860961914,67.63963174901384,65.30102745981922,65.58885677800532,46638129
2020-12-04,64.65342712402344,65.48093453758608,62.78254437807018,64.58147115108078,44126894
2020-12-03,63.825904846191406,64.04177820463396,61.16349603813356,61.45132535276111,53618786
2020-12-02,61.055564880371094,61.199482295643584,58.24923841627021,58.645004445909485,52652362
2020-12-01,58.68097686767578,59.00478139891001,55.44290959578438,56.486284631883365,42923229
2020-11-27,56.486305236816406,58.3931688682664,56.12651985314241,58.141320197672464,44245938
2020-11-26,57.709556579589844,58.64500050133306,57.169878660865926,58.393151903906094,30469713
2020-11-25,58.14130783081055,58.86087844510332,55.51487399066434,55.550849227446115,87040163
2020-11-24,54.75931930541992,56.162485211528995,54.255622102132214,55.227041274122946,31379070
2020-11-23,55.04716110229492,55.982605251622864,51.66518085144287,51.809092802159924,44111534
2020-11-20,51.55723571777344,52.312781570397235,50.87364033886072,52.13288891645517,14790440
2020-11-19,51.91702651977539,53.39214314427162,51.413323741500406,51.44930447205172,27903903
2020-11-18,51.773109436035156,51.88104613852713,51.017563498368816,51.55724152093995,14032869
2020-11-17,51.30539321899414,52.74453462216493,51.08951981256301,52.31278780930267,18852045
2020-11-14,52.27680206298828,53.24822121694143,52.16886538146289,53.24822121694143,5387569
2020-11-13,51.91702651977539,52.16887516396853,50.40592916472784,51.2334310685212,16264536
2020-11-12,51.48527908325195,52.456698303902584,50.909620402183705,52.16886896336846,16446681
2020-11-11,52.06093978881836,52.3127884394291,50.76571580429647,51.41332505161299,23531793
2020-11-10,50.90961837768555,51.08951102212966,49.29058457768848,49.68635059142067,33795453
2020-11-09,49.25461196899414,49.39852940219677,48.786895408279605,49.39852940219677,8473527
2020-11-06,48.93080139160156,49.07471331738634,48.355142708686316,48.71492801303633,10496588
2020-11-05,48.64297866821289,49.002764021513116,47.63557858099449,48.139281369548094,17947631
2020-11-04,47.815460205078125,48.139270242132774,47.203826343824964,47.70752901594745,12479581
2020-11-03,47.70753479003906,48.031339376396566,47.27578802171145,47.491661405875256,10809489
2020-11-02,47.275787353515625,47.527641461443096,46.19643142772862,47.0599194622911,12847852
2020-10-30,46.70013427734375,47.4197048964403,46.19643155004328,46.77209024127578,25849220
2020-10-29,46.34034729003906,47.74350775052053,46.12447391617056,47.527639866539964,29901005
2020-10-28,47.743507385253906,48.49905869812532,47.56361473836909,48.391122012016844,15025477
2020-10-27,48.10329055786133,49.25460234917837,47.851441961305675,49.002753752622716,17088331
2020-10-26,49.0747184753418,50.01016256092609,48.67895789289356,50.01016256092609,14224945
2020-10-23,49.65037155151367,50.08211281485358,49.36254221265773,49.79428347599764,13177360
2020-10-22,49.54244613647461,49.722338827957735,48.427114743212805,48.4990707218282,26354156
2020-10-21,48.78688049316406,49.36253358031984,48.211221916121225,48.930792392481244,19589424
2020-10-20,48.49906921386719,50.19005936325347,48.39113250435549,50.01016667736367,18530340
2020-10-19,49.866241455078125,50.69374319805967,48.463075584590136,48.463075584590136,25987617
2020-10-16,48.39112854003906,48.6070019413776,47.49166518427626,47.959387227250645,18590744
2020-10-15,47.52764129638672,49.2905871064278,47.2757871893339,48.211231184389234,17333956
2020-10-14,48.21122360229492,49.50645270099805,47.959375024737994,49.29057935458511,24825690
2020-10-13,49.72232437133789,50.190046331183076,49.50645649825465,49.72232437133789,9070661
2020-10-12,49.7583122253418,50.80168748614242,49.50646359237838,50.58581958212598,10564850
2020-10-09,50.5858154296875,50.80168331598399,49.110693502165425,49.65037145273867,25747313
2020-10-08,49.25461196899414,51.08951944063439,49.110700025680245,51.01756346897744,21348017
2020-10-07,50.729732513427734,52.780507836205615,49.722332471920964,49.866249900643965,50074263
2020-10-06,49.902225494384766,50.513859473602544,49.65037685469375,50.36994753374728,10028285
2020-10-05,49.79428482055664,50.154070131369586,49.21863161718882,49.650372892186724,12608039
2020-10-01,49.7583122253418,49.93820489029973,47.95938557576247,48.57101953864175,20869186
2020-09-30,49.83027267456055,50.69375534805584,48.64297988108781,49.93820938121969,20069170
2020-09-29,49.7583122253418,52.31278477381136,49.578419560383864,52.1688728378004,20797874
2020-09-28,51.701141357421875,53.03234573672328,49.83025908192632,49.97417099162311,28336496
2020-09-25,49.57841873168945,49.830267360443266,47.59959945022781,48.93080405068797,20235576
2020-09-24,47.959373474121094,48.463070612949465,47.1318663261427,47.52763228514147,32950752
2020-09-23,48.67894744873047,50.477873773591995,48.49905481624431,50.15406374118444,17014238
2020-09-22,50.010154724121094,51.30538394890236,49.470476795443524,51.08951058147622,18042069
2020-09-21,51.197452545166016,53.32018375425924,51.01755988372122,53.248227787659,13686080
2020-09-18,53.4640998840332,53.823885198219465,52.49267514381974,53.10431456984695,25690567
2020-09-17,52.63658905029297,53.46409631566852,52.420715680234004,52.56463309023593,16070680
2020-09-16,52.56463623046875,53.57203071122513,52.20485091880199,53.4281187825137,10284798
2020-09-15,53.10432052612305,53.50008112218422,52.70855444017304,53.068339794713474,8883202
2020-09-14,52.996368408203125,53.78789486000502,52.70853911030592,53.14028031220811,11989916
2020-09-11,52.74453353881836,53.03235742162974,52.24083076412113,52.852464749928295,11510019
2020-09-10,52.996368408203125,53.53604628305268,52.27679790840373,52.88843173525577,18646363
2020-09-09,52.312782287597656,53.212245569639485,51.017558455390336,53.212245569639485,28166106
2020-09-08,53.57203674316406,55.15509558667508,53.248232122160495,55.083139614217494,17905003
2020-09-07,55.01117706298828,56.378362472175866,54.65139171793305,56.27042577068156,16573385
2020-09-04,56.05455017089844,56.91803268466733,55.658784149653066,56.52227215330989,12855650
2020-09-03,56.882057189941406,58.50109101329964,56.7021645429016,57.925432346817104,19975929
2020-09-02,57.781524658203125,58.82489989151628,57.20586594954795,58.39315860496906,31151170
2020-09-01,57.097930908203125,59.58045298501363,56.126511612880954,59.54447225597306,38005204
2020-08-31,58.968807220458984,61.52328499210993,58.213261400453526,58.28521736094625,93192019
2020-08-28,57.817501068115234,58.860881812463155,57.56565243668243,57.817501068115234,14666431
2020-08-27,57.673587799072266,58.96881165500791,57.565651105272224,58.860880451096165,16308382
2020-08-26,58.57305908203125,59.076756401909016,58.1053370050653,58.42914164071686,15967425
2020-08-25,57.9254264831543,59.36456751379167,57.709553132603745,58.57304104491858,22479622
2020-08-24,58.465118408203125,58.896859723085974,57.99739636295977,58.501099138563646,9797861
2020-08-21,58.321205139160156,60.04817035938616,58.033375772492974,59.68838502352432,17027574
2020-08-20,59.11272048950195,59.90424697923812,56.0545457187901,56.84607220852626,37457277
2020-08-19,57.241851806640625,58.788924431234584,56.918041695299316,58.177290429663856,12081197
2020-08-18,58.033382415771484,58.93284585839073,56.95402628462839,57.38576763910779,28329507
2020-08-17,57.06194305419922,57.42172830551223,55.69475800123231,55.76671395351746,13610411
2020-08-14,55.47888946533203,56.8100939126479,55.37095278260096,56.63020127139203,11635634
2020-08-13,56.55824661254883,57.169880508896284,56.4143346921922,56.5222713774036,7316635
2020-08-12,56.19846725463867,56.91803791216257,55.910637893651426,56.45031588679435,10481019
2020-08-11,56.45030212402344,57.56563856721812,56.27040950350088,57.24183404623236,10835360
2020-08-10,56.882057189941406,57.38575440569769,56.77412050373994,57.20586175865789,7067852
2020-08-07,56.5942268371582,57.133904768555354,56.19846082484518,56.23444154956011,11786462
2020-08-06,56.16249084472656,57.52967067360598,55.44292020220547,56.01857342228935,26386380
2020-08-05,55.37096405029297,55.76673013754723,54.903247479760104,55.04715942609501,9077292
2020-08-04,54.75931930541992,55.91063111999737,54.61540738730565,54.90323671342196,13360346
2020-08-03,54.615413665771484,56.48629626576829,54.363565035175675,56.37835956983054,11874183
2020-07-31,56.342384338378906,56.73814490368383,55.514876989267286,56.0905302178622,10963756
2020-07-30,55.91062927246094,57.853473042129956,55.76671735910216,57.565643725524815,9668266
2020-07-29,57.20586013793945,58.06934262331174,57.06194822033999,57.4217335042264,9905015
2020-07-28,57.49368667602539,58.46510579745171,57.061945454267864,58.28521316422878,10616766
2020-07-27,58.14130783081055,59.004790372006624,57.63760510687275,58.573049101408586,8510736
2020-07-24,58.28521728515625,59.29261720040814,57.745539347330734,59.07674382932277,10000280
2020-07-23,59.47251892089844,60.336001557217664,59.04077760273883,59.36458221888636,14673501
2020-07-22,59.43653869628906,60.08415342398643,58.788923968591696,59.54447539922008,17882873
2020-07-21,59.32858657836914,59.65239660302859,57.81748959962034,57.997382227802035,20976092
2020-07-20,57.781524658203125,58.46511457107888,56.989992561330176,58.28522191086017,15570346
2020-07-17,57.817501068115234,58.03337446070816,54.903243207441236,54.903243207441236,24934060
2020-07-16,54.7952995300293,55.19106004617714,53.96779228370166,54.97519217097497,10604062
2020-07-15,54.86726379394531,56.270424409769475,54.57943442688461,56.1265124711834,14377090
2020-07-14,55.658790588378906,56.81010256988627,55.5148786493987,56.48629796223652,9303879
2020-07-13,56.77412796020508,57.24185000191471,56.41434261887284,56.98999587107124,9360631
2020-07-10,56.52227783203125,57.67358979602327,55.91063837594905,57.56565309848591,17773167
2020-07-09,57.709556579589844,59.184678420056976,57.493688706032884,58.716956459185376,17348038
2020-07-08,58.50109100341797,59.65240284630067,58.28521763105151,59.00478821908918,18626174
2020-07-07,58.968807220458984,60.300017194069916,58.86087602466384,60.26403646887961,20123433
2020-07-06,60.264041900634766,61.09154924560623,59.58045197950829,59.76034464189824,17510294
2020-07-03,59.29261779785156,59.976207663363375,58.71695912908208,59.328593033469694,16786174
2020-07-02,58.8968505859375,60.55186510776929,58.35717265358642,58.53706529770344,35154027
2020-07-01,57.88944625854492,58.249231519293836,56.34237402923453,56.84607119832804,35344784
2020-06-30,58.53706741333008,60.120126032706985,58.033370187553075,60.084145306628045,25762293
2020-06-29,59.29261779785156,60.515885606626796,58.71695912908208,60.40794891999653,14299071
2020-06-26,60.55186462402344,61.019586592968665,59.364572084358706,59.79631332881285,23684852
2020-06-25,58.71696472167969,60.44393540258848,57.56565276436998,59.18468674836789,121277435
2020-06-24,59.79631805419922,62.35079597807542,59.400557502961306,62.062966629064434,33080229
2020-06-23,61.6312141418457,62.24284796607827,60.731751020948614,61.52327746936061,23440997
2020-06-22,61.055564880371094,62.02698410143616,60.51588692534739,61.95502813874394,19227535
2020-06-19,61.70317840576172,62.098944428226154,60.659803240919764,61.52328575734842,21920473
2020-06-18,60.156089782714844,60.40793834751547,58.86086623950294,59.72434860164421,18460298
2020-06-17,60.587833404541016,60.9835993722331,59.86826291047337,60.156092206077865,15440371
2020-06-16,60.371978759765625,61.70318336708363,59.256642053967944,61.523290704205834,13467530
2020-06-15,60.51588821411133,61.811117529707026,59.724361627864255,60.443932249886714,17274210
2020-06-12,60.371978759765625,60.587846661285944,58.68098882669204,58.68098882669204,20601082
2020-06-11,62.53068542480469,64.43754858798471,62.24285609057013,63.53808534968167,14275999
2020-06-10,63.502098083496094,65.84070226220841,63.106332103451365,65.19308769935675,17382514
2020-06-09,64.76136779785156,66.48833870377211,64.29364571022258,66.16452857084936,16702413
2020-06-08,65.44493865966797,66.99201642438094,64.18569020999958,64.76134884008873,32511374
2020-06-05,62.566650390625,63.897860156717165,61.16349016514415,61.23544611441985,18202925
2020-06-04,61.0915412902832,61.91904852749691,60.44392669203388,61.16349724789142,15120972
2020-06-03,62.09894561767578,62.926447424316656,61.379375010239855,61.9190529658168,23936651
2020-06-02,60.65980911254883,61.091550412554,59.4365356909976,60.76774032013376,15367928
2020-06-01,60.407962799072266,62.24287042370359,60.192094866102764,61.163514289188505,25047349
2020-05-29,59.8682746887207,60.26404073427423,55.69476829598155,56.16249030712073,40559441
2020-05-28,56.73814010620117,58.24923725208884,55.694764943297,55.76672090455109,18645811
2020-05-27,56.09052276611328,56.27041540550413,54.61540641704088,55.550844847940716,11655865
2020-05-26,55.40693283081055,56.27041530234863,55.11910351033529,55.40693283081055,11837966
2020-05-22,54.7952995300293,55.370952687122816,54.25562160719228,55.370952687122816,12443419
2020-05-21,55.40693283081055,56.84607394329913,54.9751915950415,56.66618130423806,17999828
2020-05-20,56.12650680541992,56.48629210545466,54.90323898125699,55.55084812940913,12969847
2020-05-19,55.51487350463867,56.630204653095014,53.32018095430475,53.53605433265788,42315983
2020-05-18,52.456703186035156,55.37096111921632,52.09691784935438,55.37096111921632,13014456
2020-05-15,54.7952995300293,56.48628925694107,54.61540688908362,55.58682605221271,16835999
2020-05-14,54.7952995300293,55.658782010613436,54.111704200503105,55.40693341126704,13344652
2020-05-13,56.27042007446289,56.882059491051855,54.86725956674404,56.84607876423316,20493531
2020-05-12,54.90323257446289,55.658778322436554,53.60800344952611,55.37094901801867,14186736
2020-05-11,55.44291687011719,56.23444343134242,53.608009646009975,54.687365544922926,15701754
2020-05-08,54.6873664855957,55.55084902362356,53.787903221029985,54.975195828234355,18523649
2020-05-07,54.399539947509766,56.342383993067344,54.039754623134854,56.342383993067344,20794229
2020-05-06,57.02597427368164,58.53707154762486,55.730744901794075,58.53707154762486,38948167
2020-05-05,56.45030212402344,58.93282358116698,56.234434273328624,56.7741121348963,61865481
2020-05-04,55.083133697509766,56.01857221875674,53.28420712985613,54.68736765667068,28640967
2020-04-30,57.49368667602539,58.32119388682836,51.449293101757505,52.24081958996089,54290691
2020-04-29,50.729732513427734,51.05353712074951,49.43450310436352,49.93820587006119,18023637
2020-04-28,49.79428482055664,50.154070131369586,48.28318761311989,48.786890342190915,20422626
2020-04-27,49.25461196899414,50.010163396113946,48.67895870584981,48.9308073515935,16723889
2020-04-24,48.64297866821289,50.01016410873151,47.92340796161243,48.319174046198206,31588097
2020-04-23,48.46308135986328,49.68635473810701,47.88742814353237,48.571018053515424,38207377
2020-04-22,47.02393341064453,47.743503946354124,43.74988802215462,47.41969940123981,73840707
2020-04-21,49.902225494384766,50.90962554303743,48.355147436441946,50.15407413407578,27607022
2020-04-20,53.248226165771484,54.435518793121055,53.1043142369544,54.219645410007246,15698459
2020-04-17,54.90323257446289,55.98258834861443,54.075725382969246,55.98258834861443,14561017
2020-04-16,54.291603088378906,55.04715446324148,52.81648655682636,53.248227846795686,24473640
2020-04-15,53.50007247924805,55.011169626222355,52.888438573316535,54.03975042387373,22311032
2020-04-13,54.003787994384766,56.70217835739755,52.27681706407874,56.70217835739755,22311833
2020-04-09,55.622806549072266,55.87465514738957,54.68736262402207,54.68736262402207,19209747
2020-04-08,53.57203674316406,54.93922217941351,51.089520009099935,52.09692009317262,30555738
2020-04-07,52.456703186035156,53.53605919607749,50.51385907402582,51.23342974738737,30982061
2020-04-03,50.26200866699219,51.089516010205585,47.851448094065795,49.65037471414346,39757833
2020-04-01,47.311771392822266,48.39112739417943,46.84404936092312,48.211234727286566,21883386
2020-03-31,49.146671295166016,50.11809045024756,45.72870840056988,46.772086258399874,45891607
2020-03-30,45.58479690551758,47.23981149938975,43.24619243020014,43.92978505658943,32929981
2020-03-27,46.37632369995117,47.4916603433642,45.18903383833349,47.4916603433642,33298637
2020-03-26,46.59219741821289,47.20383134425814,42.922388372053284,44.50544153239253,46474588
2020-03-25,44.28956985473633,45.33294777310615,43.174235974386804,44.03772124286334,28639475
2020-03-24,44.97316360473633,46.55621676766779,43.246193024336826,45.692734222412106,38808651
2020-03-23,43.462074279785156,47.13188399682748,43.17424488259006,43.64196696679595,36058875
2020-03-20,48.46308135986328,49.83625989173075,42.032597366524875,42.23354951220823,128780492
2020-03-19,40.893863677978516,42.86989857653992,38.917828779417114,41.63069159290984,61258526
2020-03-18,45.649742126464844,58.14229885797503,38.51592242848268,41.262274136067816,178094829
2020-03-17,40.19053649902344,42.20006332397461,39.95609272487733,40.92736197940734,46722476
2020-03-16,40.291011810302734,43.673712060391225,40.1905344520744,42.53498229511207,49829392
2020-03-13,44.142601013183594,44.87942639457861,33.492109249685534,39.78862681072447,73051747
2020-03-12,41.865135192871094,45.817204977176154,41.53021411132812,44.611487039425405,76137223
2020-03-11,48.027687072753906,51.84579094750885,47.592293700532615,51.41039246479678,63562895
2020-03-09,49.93673324584961,55.26197617889236,49.56831802712769,55.02753245356474,86655504
2020-03-06,59.281036376953125,61.29056303379899,58.7116715129449,59.95087859590174,17823038
2020-03-05,62.02738571166992,63.23310369669524,61.62548142015826,62.52976735368208,16357817
2020-03-04,62.161354064941406,63.56802156917492,60.754681450217824,63.099128994103694,22998427
2020-03-03,62.52976989746094,62.96516836034869,60.05135574023918,60.8886585109885,24098468
2020-03-02,59.68294143676758,63.63501160036186,59.1135765655993,62.96516937298963,24442896
2020-02-28,61.59198760986328,62.09436925467617,59.950876281004014,60.486752079667234,30416954
2020-02-27,62.52976989746094,64.43881919267128,61.65897808217598,64.10389808437155,29616674
2020-02-26,64.1708755493164,65.97944718428364,63.96992087410241,65.24262189264846,16192058
2020-02-25,65.34310913085938,67.15168103985634,65.14215442519729,66.11342357808631,18255196
2020-02-24,65.67803192138672,68.65882776554845,65.10866194420677,68.65882776554845,20167769
2020-02-20,68.85978698730469,69.73057886678873,68.12295640633005,68.32391113032148,28378025
2020-02-19,68.12295532226562,68.45787644992768,66.18041687021838,67.18518025320455,21806183
2020-02-18,66.51533508300781,67.15168315348298,64.67326896159057,66.95072844149576,35575369
2020-02-17,66.95072937011719,68.92676703043085,66.18041488795986,67.98898687896765,36666416
2020-02-14,69.19469451904297,71.2042209219911,68.99373983455219,70.70183932125406,26644685
2020-02-13,70.56787872314453,72.47692807858736,69.83105328373563,71.67311943750323,17702073
2020-02-12,71.4721450805664,72.20897542797601,71.33817871403156,71.67309974085799,13053367
2020-02-11,71.53913879394531,72.10850356058602,71.2042177417461,71.77358250838681,20946852
2020-02-10,71.13724517822266,73.11328288958434,70.83581820876466,73.11328288958434,32081049
2020-02-07,73.18026733398438,73.5151884659477,71.37169526557884,71.87407696352382,21415595
2020-02-06,71.840576171875,72.20899142720899,71.20422812410584,71.53914922514022,10750236
2020-02-05,71.53913879394531,71.94104303448641,70.40040415017421,71.27120093008801,11348275
2020-02-04,71.1037368774414,71.60611843082349,69.52960903227545,69.73055858733461,16896688
2020-02-03,69.295166015625,70.29992920643923,68.02247006231887,69.89802495221151,18445537
2020-01-31,72.97930908203125,77.70169885858093,71.50565821684063,77.56773245646929,83360147
2020-01-30,77.43374633789062,78.73994150930535,77.03184209687444,78.73994150930535,21142714
2020-01-29,78.80693817138672,79.14185928124346,78.00312444143623,78.60598346127647,15562740
2020-01-28,78.10359954833984,78.84042494671759,77.43375734790727,78.73995270504504,11611352
2020-01-27,78.53898620605469,79.3762888308527,78.23755930532326,79.27581149377902,12078165
2020-01-24,79.27581787109375,80.24709206028706,78.57248667597798,79.0413741393885,11172364
2020-01-23,78.90740966796875,79.67772407505485,77.96962960789719,78.53899443028308,21105999
2020-01-22,77.96963500976562,81.72075039944534,77.70169710111196,81.72075039944534,23639592
2020-01-21,82.22312927246094,83.39535311137585,81.98868552677602,82.42408397475678,6497799
2020-01-20,82.32360076904297,84.90249200915602,80.38105752346131,84.40011039963439,16106541
2020-01-17,83.99821472167969,84.09869207595433,83.06043459926728,83.4288498614441,8561603
2020-01-16,83.39533996582031,83.8642273832797,83.09391307038064,83.73026100985975,7322878
2020-01-15,83.49583435058594,84.0651992196167,83.22789643854482,83.76377226262706,5714614
2020-01-14,83.76376342773438,84.16566769816035,82.9264607349761,84.03169620102497,12432511
2020-01-13,84.03170776367188,84.19916832526587,83.22789911221699,83.22789911221699,5737187
2020-01-10,83.16090393066406,83.8642351217522,82.85947189692055,83.36185350933637,6550218
2020-01-09,82.85945892333984,83.79723880844942,82.2566051712237,83.69676147960031,10135017
2020-01-08,82.6920166015625,84.03170098626495,82.5245560534747,83.73027404390304,6236192
2020-01-07,84.23265075683594,85.53884091125487,83.9982070253364,84.13217341176754,7193304
2020-01-06,84.56757354736328,86.94551528338619,83.79725403354668,86.87852697832288,14611204
2020-01-03,86.0412368774414,89.35695404431632,85.77330405988897,87.74933669703813,31381588
2020-01-02,85.77328491210938,86.17518404871922,85.13693183625271,85.50534704387972,4759843
2020-01-01,85.37139892578125,86.34266821470732,84.96949456865637,86.24219595829447,2574894
2019-12-31,86.27567291259766,86.5770998427089,85.2039213600018,85.2039213600018,5102473
2019-12-30,85.706298828125,86.57709564476345,85.13693403747212,86.00772574362067,4023932
2019-12-27,86.00772857666016,87.01249180872851,85.20392003520149,86.74455903523568,8435235
2019-12-26,85.73979949951172,86.77805692827224,83.39535185694695,84.40011513233185,23164167
2019-12-24,84.40011596679688,84.80202025882642,83.52931907532427,83.66329057966101,9979742
2019-12-23,83.49583435058594,84.60107504369894,83.09393003776955,83.66329490680032,10466423
2019-12-20,83.83074188232422,84.9359823963868,83.62978720322565,84.40010665911713,8515990
2019-12-19,84.19916534423828,84.96948492239606,83.19440201024742,83.79726103274005,6223102
2019-12-18,83.79727172851562,84.16568704219924,83.16092357996166,84.13219288259482,6687482
2019-12-17,83.93122863769531,84.40011612754107,83.2613864462069,83.83075128687398,8062616
2019-12-16,84.1321792602539,85.03646520775116,83.73027496253184,84.73503826208223,6241723
2019-12-13,84.73503112792969,85.3713791198723,84.4001100562778,84.7015369765685,6663052
2019-12-12,84.33314514160156,85.94076765604933,83.96472983874169,85.80680124254997,9804404
2019-12-11,85.73979949951172,86.07472059130669,83.73027294874191,84.46709832859278,6878932
2019-12-10,83.86425018310547,85.94076530907519,83.6633005683442,84.66806397362338,6125011
2019-12-09,84.60106658935547,85.60582982623384,84.13217401251816,85.0029708620088,3841176
2019-12-06,84.76852416992188,86.74455642261165,84.60106363628749,86.74455642261165,5097809
2019-12-05,86.34266662597656,87.34743005554641,86.04123964130203,86.6106096731178,4185400
2019-12-04,87.11296844482422,87.51486757821407,84.96947062665025,85.00296477634427,5821599
2019-12-03,85.50534057617188,86.00771701417882,84.40010014738209,85.8067725715633,7809967
2019-12-02,85.80679321289062,88.05075853671929,85.43837794450644,87.78282573479328,15010167
2019-11-29,88.251708984375,89.3904386690095,87.41440624258776,89.12250588002988,9434148
2019-11-28,89.18949127197266,89.45743430387925,87.81632283975492,88.68710958575204,6663638
2019-11-27,88.85456085205078,89.12250385592576,86.77805623216737,87.34741595106325,5343104
2019-11-26,87.24695587158203,89.35695493862484,86.57711360001518,88.31870759448176,16115025
2019-11-25,87.71582794189453,90.12726378248152,87.4144010170662,89.6583763193063,11930938
2019-11-22,89.65838623046875,90.19425183563116,87.615365392598,87.7493317938886,6323556
2019-11-21,87.84980773925781,90.09378338405635,87.48140267543921,89.55790753534518,7946555
2019-11-20,89.55789947509766,90.59615692209788,88.58663033602546,88.98853974163225,7657346
2019-11-19,89.25647735595703,90.4956895727437,88.95505039594931,90.42870126119475,5821375
2019-11-18,89.69186401367188,91.1655249897434,89.2229765308221,90.73012143918389,6851414
2019-11-15,90.79710388183594,92.97409083109694,90.52916089395434,91.96932762374571,8390855
2019-11-14,91.23250579833984,93.27552655707152,90.86409054332579,92.57219020131393,8178628
2019-11-13,92.57218170166016,94.04583236543004,92.103294247867,93.17504576023414,7969923
2019-11-11,93.1750259399414,93.61041914992204,91.53390486929653,92.70612836491273,7032172
2019-11-08,92.6391830444336,96.1223606184675,92.17029552463734,95.08410311114493,8252930
2019-11-07,95.15108489990234,97.16061146496479,94.04583915652961,97.0936231577371,7332352
2019-11-06,96.89266204833984,99.13663731929701,96.35679650988439,98.03140187000764,6207456
2019-11-05,98.03141021728516,99.6390274114985,97.12711915742712,99.2706121567052,7883507
2019-11-04,98.73472595214844,100.24187074584732,96.55773902791671,96.55773902791671,11733406
2019-11-01,96.55775451660156,96.95966394778287,93.84490162956271,94.14632859245799,8049866
2019-10-31,94.91664123535156,95.25156234784114,93.54346262994804,94.17982092046321,22281969
2019-10-30,94.14632415771484,96.45727772569681,93.64394250289351,96.45727772569681,7064774
2019-10-29,95.21806335449219,96.35680325588388,92.57218874445412,94.14632198156802,8236221
2019-10-27,93.67744445800781,94.34728672021457,93.10807444673935,94.01236558911118,698557
2019-10-25,93.47649383544922,94.84967257740323,92.50522455684154,94.84967257740323,6636201
2019-10-24,94.24678802490234,95.2515512452552,93.14155257090621,95.05059655698862,6919238
2019-10-23,95.05059814453125,97.09361877090078,94.61520483016506,96.62473130443404,7500868
2019-10-22,96.6247329711914,97.89742900512344,95.25155447922451,96.12235134395819,11582273
2019-10-18,96.12236785888672,96.79221014361764,93.71093154546256,93.84490817919445,17597233
2019-10-17,94.7156753540039,95.05059642699682,93.20853052553579,94.51473088699217,9372042
2019-10-16,94.8831558227539,95.92141341133633,92.63919029489603,93.77792013809069,15149481
2019-10-15,92.87361145019531,93.20853253039216,90.66314049768026,91.7683759739378,17145941
2019-10-14,90.59614562988281,91.39995411992618,86.40963243072002,86.71105933686384,19460416
2019-10-11,86.4096450805664,87.0124989811082,84.46710164968039,84.60107315796006,11840486
2019-10-10,84.06519317626953,85.13693963689684,83.79725528349014,84.29963691601766,6169256
2019-10-09,84.29964447021484,85.1704414221585,83.02694319833209,84.70154879015396,15309757
2019-10-07,84.76852416992188,86.91201695624603,83.99820469310572,86.7780505735345,9194007
2019-10-04,86.7780532836914,88.92154613695878,85.27090843391244,87.04598605748227,20137433
2019-10-03,85.80679321289062,86.97901710803404,83.99821613694641,85.87377130288151,7082143
2019-10-01,85.873779296875,89.3234732134465,84.90251002325121,88.08426089197265,10259184
2019-09-30,88.28520202636719,89.0220222972719,86.10821492513762,87.81631454106771,11625597
2019-09-27,88.0842514038086,91.16552968579433,87.3809150328139,91.03155306580976,11359611
2019-09-26,91.8018798828125,92.47172211439671,87.88329873965233,88.28520816699539,19764328
2019-09-25,88.0507583618164,89.52440921144463,87.54837669346715,88.41917362946876,5824582
2019-09-24,89.4239273071289,93.64393490963887,88.95503984484559,91.26599322544054,16012272
2019-09-23,91.29948425292969,94.3472679849447,90.39519329012992,92.06979861310744,17685955
2019-09-20,89.49092102050781,90.39520184793702,81.4528095987496,83.32836978224157,30270009
2019-09-19,83.26138305664062,85.23741539689117,82.82598462780012,85.06995485583636,8680319
2019-09-18,85.06995391845703,87.04598623693381,84.36661760958084,86.87852569772426,12238136
2019-09-17,86.8785171508789,88.41915600423953,86.4431238801588,87.58185339056301,11879210
2019-09-16,87.54837036132812,89.25646995436956,86.0747196182851,87.71583090533257,18224041
2019-09-13,86.3091812133789,86.61060819290189,83.96472814062597,84.56758721016296,13251256
2019-09-12,84.33314514160156,85.97426181466972,83.897746631992,84.56758892047098,8659474
2019-09-11,84.23265075683594,87.68233375709363,83.83074648705242,86.54360414095868,11398745
2019-09-09,86.67755889892578,87.0459740779208,84.40009997219457,85.27089669864313,9454697
2019-09-06,85.706298828125,86.10820819610576,83.3953455146851,84.66804658881442,15759526
2019-09-05,83.83074188232422,87.01248682445988,80.01263875287981,80.01263875287981,32226347
2019-09-04,79.71121978759766,79.97915768293134,77.40026630013654,78.70645651296408,8873226
2019-09-03,78.4720230102539,80.71599359430444,78.03662451233582,80.71599359430444,8243808
2019-08-30,81.18486785888672,84.23265173525296,80.04613822952467,82.72550687319078,9910931
2019-08-29,82.55805969238281,83.22790196169221,80.04615118247258,80.38107231712729,30777971
2019-08-28,81.18486785888672,84.36661812324022,80.64899719644757,83.76376426680743,11763326
2019-08-27,84.1321792602539,84.66805506421028,82.49106791518444,83.12741596070353,18829260
2019-08-26,82.89297485351562,83.76377178506192,80.1131286141077,83.06043540877525,11056410
2019-08-23,81.88821411132812,82.69202275779517,77.53423953690168,77.9361438601352,10008179
2019-08-22,78.33805084228516,81.38583519202655,77.83566914356895,81.18488046834369,8867462
2019-08-21,80.6824951171875,83.57828187497525,79.65066754915634,83.2121463992719,9765538
2019-08-20,83.24542999267578,84.44368180605207,82.77943894397431,84.2772575198443,6214250
2019-08-19,84.07754516601562,85.54207674409587,83.91112089219443,85.20922819645347,5695238
2019-08-16,85.1426773071289,85.9415170358378,84.14413145539292,85.00953481291067,12017531
2019-08-14,84.44367218017578,86.4074815808893,83.71140642010701,85.87492189418532,14449993
2019-08-13,85.04280090332031,88.87055906530928,83.54498249210724,87.1730295010549,12944927
2019-08-09,87.17304229736328,88.13830116140223,86.30763394563665,87.63902828437526,8847432
2019-08-08,87.10648345947266,88.33801719580941,85.14267365464929,86.87348537430269,10164125
2019-08-07,86.87347412109375,87.77216929578405,85.47550610662707,87.50588435326414,13083927
2019-08-06,87.50590515136719,88.20488932473269,86.10794696237052,87.10649287925429,11765339
2019-08-05,87.40602111816406,88.47113025992023,86.60718672241433,88.40456665228385,9551686
2019-08-02,89.4364242553711,90.7678186757995,88.37130465593505,90.5348205891312,9912972
2019-08-01,91.13394165039062,93.0311827133628,89.93569482928508,92.19906122218781,9105690
2019-07-31,92.43205261230469,92.99788909070693,90.70123597284915,91.66649480119722,9857785
2019-07-30,92.365478515625,94.39585683165906,91.93277943612219,94.12957188003772,11943745
2019-07-29,93.43058013916016,94.79525089402996,92.0991861088635,94.52897615106276,19155260
2019-07-26,94.46243286132812,96.12667593610651,94.12958424637245,96.12667593610651,10055490
2019-07-25,95.76053619384766,96.39294643567085,94.12957009949828,96.06009787073948,28004780
2019-07-24,95.59410858154297,97.09192707156046,95.12811248068547,96.79235524737159,9202665
2019-07-23,96.25980377197266,98.35674555316062,95.96023195374734,97.52462418638261,5519598
2019-07-22,97.62447357177734,98.1237463861391,93.63029105688325,95.86038035745835,12077069
2019-07-19,95.7938003540039,97.05863082941013,93.46386070522117,96.19322264260181,25660025
2019-07-18,95.4609603881836,100.38712503888567,95.22797249706285,99.82127843894791,15971004
2019-07-17,99.7879867553711,102.2843507685081,99.18886345531068,101.45222943079577,8046201
2019-07-16,101.35240173339844,102.78364669314122,100.32056901096986,100.52028020849369,12865346
2019-07-15,100.32058715820312,100.98628449854652,99.05576627464478,99.8546010515098,8465078
2019-07-12,99.65484619140625,102.0846465145937,98.52316323979264,101.85164848438022,13015538
2019-07-11,101.91824340820312,102.58394059530379,101.18597243929923,101.85166962639988,6576542
2019-07-10,100.9529800415039,102.78364740904523,99.62158559238293,101.88496225052869,5310646
2019-07-09,102.11793518066406,103.48261632205208,100.28726808209606,101.45223805391207,15033604
2019-07-08,101.45223236083984,107.51007993743497,100.55354738479429,107.47679305141888,10273814
2019-07-05,107.51008605957031,111.87040427495687,106.51154036861455,111.23799403556463,14509056
2019-07-04,111.23798370361328,112.43623029527961,110.57228663814038,110.77198763159737,8827834
2019-07-03,110.70543670654297,111.80383292735712,108.84148267806331,110.37258813566203,8253849
2019-07-02,110.2727279663086,110.67215031625719,107.51008887864984,108.508634595789,10975678
2019-07-01,107.17723846435547,113.434787454461,106.01226848104726,111.97025579270569,15160240
2019-06-28,111.6706771850586,114.03390368162384,110.93840638632663,113.36820664922409,5325984
2019-06-27,113.56793975830078,114.3667743201555,111.337850205296,111.53756138519282,36738164
2019-06-26,111.5375747680664,112.6026842590927,110.57231580010284,110.57231580010284,5978575
2019-06-25,110.63887023925781,112.13668890718385,110.17288424078295,110.17288424078295,6697367
2019-06-24,109.97312927246094,114.40001988992906,109.74014144484403,113.93402391923745,6585159
2019-06-21,113.80094146728516,115.46518457197706,113.0353937022204,114.33350129233332,11402911
2019-06-20,114.49991607666016,114.99918896652932,110.70544414520114,110.70544414520114,5793816
2019-06-19,111.4044189453125,112.56938892466047,109.57375183490853,111.03828349168528,4625698
2019-06-18,110.6055679321289,111.1381276380428,108.67505042563894,109.17432324535858,5808715
2019-06-17,109.44061279296875,113.13523418918166,108.47535390942232,112.83567248845799,4603627
2019-06-14,112.70252227783203,113.83420532849884,112.13667567363277,112.46952422722487,7153585
2019-06-13,112.46953582763672,113.30165729744422,111.17142836628355,112.36968531435292,6678516
2019-06-12,113.73435974121094,114.13377192814536,110.50572456873046,111.87040572898712,9478876
2019-06-11,112.66923522949219,113.4015061094383,109.7401720251712,109.7401720251712,11282418
2019-06-10,109.60704040527344,112.50282730126922,108.64178149251926,111.90370388169302,10866149
2019-06-07,111.50428009033203,113.23509685930505,110.87186978703795,112.90224826202046,5052519
2019-06-06,112.76908111572266,114.56647135514739,112.40295584846999,113.5013519656906,14152285
2019-06-04,113.56793975830078,115.49845746259405,113.20180428811204,115.09903510280041,8578302
2019-06-03,114.5997543334961,115.29873833609341,111.50426681050614,115.16560094458245,17756361
2019-05-31,114.46662139892578,115.79801568133894,110.87186089950312,111.83711972270622,17113729
2019-05-30,112.80235290527344,114.4998822610383,111.53753268757487,114.4998822610383,21945960
2019-05-29,114.20036315917969,116.26401850141303,113.40152850548505,115.76474557313716,7205487
2019-05-28,116.69671630859375,117.4289771033138,114.23363880320319,115.26546129384201,16628505
2019-05-27,115.59829711914062,116.63012965360926,114.86603640525406,115.83129516676411,7461458
2019-05-24,116.09758758544922,117.09613338517865,112.3696893610992,115.83131276861462,9263195
2019-05-23,115.93115997314453,119.0932215819423,115.16561227831824,118.82694677271563,9247879
2019-05-22,117.82840728759766,118.49410450391177,115.93116615800908,116.39716233561568,10347293
2019-05-21,116.33055877685547,117.49552860723887,115.69814861476493,116.56355680602447,7135887
2019-05-20,117.16268920898438,117.562111530744,112.5693832974066,113.16850662231445,7103649
2019-05-17,111.4044189453125,111.83711801740604,107.90950900726855,110.83857232082207,5532072
2019-05-16,110.472412109375,111.10482221060322,107.84291106254412,108.77488277406677,5197438
2019-05-15,108.34220123291016,109.97315706938618,107.70979102991718,109.57374491063183,5412275
2019-05-14,109.27416229248047,110.10628357145985,107.07737024215926,107.84291775572811,7268915
2019-05-13,109.24090576171875,111.77054679125973,108.50863483775751,111.30456082043547,7792358
2019-05-10,110.70543670654297,112.76909175136535,110.30601435839294,112.1033946096035,6195094
2019-05-09,112.76908111572266,113.23507719719207,111.43768695776734,111.43768695776734,6869953
2019-05-08,112.43621826171875,114.10046074728433,111.67067078145058,114.10046074728433,8603091
2019-05-07,114.30021667480469,114.83277651045796,112.2365612785325,113.43480821158488,9042790
2019-05-06,113.26836395263672,114.30019654794678,111.93696967681268,113.16851344504279,18962836
2019-05-03,113.33495330810547,114.43334967354873,112.30312057096366,112.40298125001625,12720120
2019-05-02,112.43621826171875,114.49988300691207,112.10336976460563,112.70250315404725,22056708
2019-04-30,112.63595581054688,113.934063222216,110.60557747038109,111.83712126165297,9844317
2019-04-26,112.10338592529297,113.13521844663734,111.7705373801968,112.8356567875971,8708111
2019-04-25,112.40294647216797,113.16849398604016,110.87184128669308,112.07009796044431,134264338
2019-04-24,112.26982116699219,113.46807807795851,110.30601659060063,110.30601659060063,33596281
2019-04-23,109.00790405273438,109.84002545771708,104.91387080331226,105.18014558981393,10137024
2019-04-22,105.11358642578125,107.51010046835498,104.44788920925893,106.97754066359043,5543020
2019-04-18,106.91094970703125,107.97605888655404,105.87911725364134,107.07737396861894,9606055
2019-04-16,106.81109619140625,107.17723162290658,103.74889566824781,104.18159471419179,8394765
2019-04-15,104.1483154296875,105.37985920069526,103.91532752553212,105.37985920069526,3902646
2019-04-12,104.91387176513672,106.27854275563372,104.68087370651268,105.84584368416863,5631030
2019-04-11,105.57957458496094,106.11212419154593,103.78218411067242,105.18015222228958,5279154
2019-04-10,105.18013763427734,106.47824489631869,104.38130317746199,104.48115367541469,9363447
2019-04-09,104.88059997558594,105.77928513594074,104.54775136262485,105.57958409435093,8487177
2019-04-08,105.24674224853516,106.67798731320049,104.21490945046438,105.04703103637078,13120469
2019-04-05,104.21488189697266,104.61429405796616,102.48406539280622,103.84874646442996,6797106
2019-04-04,103.34947967529297,104.08175058310609,102.05137230028983,103.34947967529297,10752094
2019-04-03,103.48261260986328,105.91241312998409,102.91677616706131,105.5462776918583,8283863
2019-04-02,104.84729766845703,106.31182931862874,104.11502676450515,105.97898075460189,10435568
2019-04-01,104.68087768554688,107.14395512895443,103.71561884177355,106.84439344057408,20605152
2019-03-28,103.78218841552734,106.67797527067957,103.3162024115702,106.51155097228538,25492224
2019-03-27,106.57813262939453,107.44353091879893,104.8473157351181,106.61140936534562,10063152
2019-03-26,106.54483032226562,108.5419217616418,105.6461351114534,105.84584628693749,16694599
2019-03-25,104.94713592529297,106.20399395711797,99.68820467769886,100.54815804816758,22638399
2019-03-22,100.77971649169922,101.50736178893462,98.1998556368435,101.1766111737255,26751005
2019-03-20,100.4489517211914,103.88875561588632,99.62207529969231,103.62414910478283,28675956
2019-03-19,103.85568237304688,107.95698755629847,102.40038183624233,103.16110413461318,18289779
2019-03-18,102.30115509033203,104.05413930167244,101.60658691515738,102.53268454452834,7575127
2019-03-15,103.19416809082031,104.15334263446186,100.018960900054,100.4820096355666,15483879
2019-03-14,99.91974639892578,100.87892100614464,98.89441764208932,99.22516820276522,6328309
2019-03-13,99.0597915649414,100.05204323337155,96.38071004143887,100.05204323337155,21001041
2019-03-12,100.4489517211914,102.92958098568866,99.95282586829195,101.8711751286873,10818012
2019-03-11,101.20967864990234,102.06963218658404,99.95283046885686,100.25050397555638,15880368
2019-03-08,99.48977661132812,100.94508732876326,97.24067656499483,100.61433672820206,17986042
2019-03-07,100.58125305175781,102.86343002718884,100.21742539626437,102.40038123551838,30210637
2019-03-06,102.4003677368164,103.85566807324179,101.07736559575599,102.59882007671652,15648948
2019-03-05,102.53266143798828,102.96263307750435,97.80293302849205,98.39827992839197,11194669
2019-03-01,98.62982940673828,99.35747464431816,97.80295293650643,99.15902227272113,9764801
2019-02-28,98.33214569091797,99.72130219681407,94.6608222422197,95.52076569531957,48854712
2019-02-27,94.42928314208984,95.54584561167536,93.47222959673083,94.90780991476936,11868751
2019-02-26,94.11027526855469,95.19493412112944,93.15322162175583,94.11027526855469,12458860
2019-02-25,94.269775390625,95.29063641263546,92.96180024856541,95.06732002167935,20216077
2019-02-22,94.81209564208984,96.02435940813152,93.85504222606195,94.81209564208984,18273813
2019-02-21,93.75934600830078,94.81211077535713,92.00474779885923,92.51517831600907,13876243
2019-02-20,91.90904235839844,92.73849069591166,89.32499588738304,90.34585687749961,14236359
2019-02-19,88.78266143798828,89.5483120464789,87.5384938026689,87.5384938026689,9077045
2019-02-18,87.47470092773438,88.62315743286852,86.6452525462967,87.28328826499454,10614715
2019-02-15,86.13481140136719,89.89921778316645,85.11395048309049,88.04891832139758,37975666
2019-02-14,84.31641387939453,85.62438901181437,81.41335436444787,85.17776596884597,25346334
2019-02-12,87.697998046875,89.93112281936695,87.12376985678048,88.36793742575286,6816203
2019-02-11,88.1765365600586,91.65382936592502,87.47470309350585,91.39861896638814,6424512
2019-02-08,91.97285461425781,94.62070896630098,91.33481882855875,93.34463739490288,4510762
2019-02-07,94.365478515625,94.62069864345291,92.83419669126711,93.7274427995338,6080631
2019-02-06,93.59984588623047,94.2697853945406,90.92009758864322,91.4943258896786,5075180
2019-02-05,91.20718383789062,94.55687061908236,90.79246460686034,93.15319429599874,5413425
2019-02-04,93.31272888183594,94.07836983835118,90.88819107316021,90.92009480794272,9532350
2019-02-01,90.47344970703125,91.43050310364517,89.19737851154605,89.96301928170705,5260578
2019-01-31,90.1225357055664,91.11149291176662,88.8464644035407,89.45259632487263,28107358
2019-01-30,89.13357543945312,90.28204151898026,88.36793463165206,90.25013779039458,8511453
2019-01-29,89.99493408203125,91.68572472983,89.3888021367252,90.79247867734232,7282910
2019-01-28,90.37776184082031,91.20721027898945,89.10169031614568,90.92009613306828,2910523
2019-01-25,90.60106658935547,92.16425205873158,90.37775020702237,90.66487405163689,3871762
2019-01-24,90.40965270996094,91.84523297092393,89.99493341772121,91.49431140444707,3820645
2019-01-23,91.4305191040039,92.8660994501516,91.23910644405375,92.32376520290154,4946218
2019-01-22,92.1004638671875,93.15321895425872,91.90905119617831,92.8342010811277,4113351
2019-01-21,92.32376098632812,93.91885018697529,91.94094541956392,93.7912449980539,4087312
2019-01-18,93.6317367553711,94.23786870887173,92.57898176958852,92.57898176958852,4904282
2019-01-17,92.5151596069336,94.07834483936895,92.16423808888067,93.47221298217774,5142302
2019-01-16,93.37651824951172,93.95074642166554,92.64277143436952,92.64277143436952,3667241
2019-01-15,92.61087799072266,92.83419438005582,91.90904456188673,92.32376387276013,3680774
2019-01-14,91.5262222290039,92.64278474073785,90.92009024119311,92.51517954367019,6028078
2019-01-11,92.29186248779297,92.8341967410221,91.65382677135983,91.87714316637239,7665486
2019-01-10,91.39862823486328,93.79126248184923,91.23911928506422,93.08941920847188,7131028
2019-01-09,92.70658874511719,94.55688837263308,92.41947462852363,94.36547571635334,4951441
2019-01-08,94.07838439941406,95.13114939626146,93.34464706411649,95.13114939626146,6163846
2019-01-07,94.33357238769531,94.6844841978987,92.99369366194203,94.14215975035182,12700566
2019-01-04,92.96179962158203,93.28081747185215,90.63297320887104,90.63297320887104,7395898
2019-01-03,90.85626983642578,92.92988563435226,90.34584912084168,92.5151663690274,26599483
2019-01-02,93.82313537597656,94.65258358939363,92.99368716255948,94.42926723882542,17436694
2019-01-01,94.74828338623047,95.76914420586412,94.42926559705124,95.70533675376815,4496586
2018-12-31,95.64154815673828,96.2157861318581,95.13112738194586,95.80105708277398,5778308
2018-12-28,96.02436828613281,96.66240395580812,94.42927911194457,94.55688429874928,10732729
2018-12-27,95.5139389038086,96.5985976076241,93.15320884593913,94.01456090418628,44356763
2018-12-26,93.53602600097656,95.35442168076021,92.99369182847123,94.49307943317352,9247671
2018-12-24,94.365478515625,95.5139447517196,93.98266292736173,94.74830383954067,8200455
2018-12-21,94.74828338623047,95.2587137960473,94.17405525996799,95.0673011754097,17767999
2018-12-20,94.81209564208984,96.18386831080284,94.0464451207469,94.39736665375395,21204077
2018-12-19,94.58879089355469,94.9397124696325,93.98265893613953,94.1102641268082,7008346
2018-12-18,94.17405700683594,95.03539921220701,93.34460879245415,94.36545989537362,10474177
2018-12-17,94.58879089355469,95.64154588613614,93.21701805647557,94.42928197130585,12767531
2018-12-14,93.69556427001953,95.9605836475429,89.7078403861347,91.23912246328487,23355616
2018-12-13,91.4305191040039,92.00474734820206,90.28205287995527,91.23910644405375,11251819
2018-12-12,90.40965270996094,90.92008319432257,88.59125688746553,89.00597617970526,14020937
2018-12-11,88.11273193359375,88.65505642408841,85.97530849601823,86.7728531017327,14884397
2018-12-10,87.47470092773438,90.12254526606942,86.23052348775164,88.36794703965037,33096556
2018-12-07,88.94216918945312,90.25014427016751,88.08082686970349,89.45259967651872,10571838
2018-12-06,89.42070770263672,90.98390310023801,88.36795259486526,90.98390310023801,5771659
2018-12-05,91.68572235107422,94.49308509512414,90.8562740463401,93.12130258538848,9774733
2018-12-04,93.24891662597656,94.39738286962725,90.85628267489281,90.98389760747258,9753442
2018-12-03,90.92008209228516,91.23909992418791,89.45259811840216,89.9311248662563,8371191
2018-11-30,89.51641082763672,91.68572831750787,88.36794461831875,90.34585918634704,23675557
2018-11-29,89.70783233642578,91.81334256966103,87.82561904360465,91.81334256966103,28991042
2018-11-28,91.11151123046875,94.55690054440086,90.63298439599744,93.66365434764909,14201939
2018-11-27,93.21703338623047,94.33359602559354,92.03666327321378,94.04647212980588,9231112
2018-11-26,93.53602600097656,98.00227535122903,92.5789725687796,97.61945008408986,8093330
2018-11-22,97.14093017578125,98.4489052385789,96.75810488181308,97.30043909232604,4477092
2018-11-21,96.82190704345703,99.21454066067591,96.53479295652099,98.89552284504671,4573137
2018-11-20,97.68328094482422,99.40597558839583,97.3961570578512,98.60843087047812,5480470
2018-11-19,98.6083984375,99.8525658411058,97.68324881613415,99.53354805886585,4614296
2018-11-16,99.75688171386719,100.8096366837085,97.49185311972946,100.8096366837085,7515249
2018-11-15,101.35195922851562,103.36176747969385,100.87343252722076,102.9789422243977,3468318
2018-11-14,102.7237548828125,104.57405464793122,100.33112084051096,100.61823497845658,15008061
2018-11-13,99.85258483886719,100.80963836767422,99.34215434303971,99.56547072735547,5499454
2018-11-12,99.56546783447266,101.06484581131461,99.11884481446975,100.13969604081184,4686739
2018-11-09,99.78877258300781,100.80963352562921,98.99122801397594,100.80963352562921,6478458
2018-11-07,100.1716079711914,100.71394222707985,99.91639757762769,100.52252956408084,491522
2018-11-06,99.56546783447266,100.93724062497832,98.129887582973,99.50166037347867,7749980
2018-11-05,98.86365509033203,105.27591746486858,98.38512819276444,105.27591746486858,15261029
2018-11-02,100.39491271972656,101.09674608842799,98.95933251726518,99.21454288122,7789972
2018-11-01,98.41699981689453,99.40595702960788,97.84277162146174,99.21454438591311,5220182
2018-10-31,97.77897644042969,98.89553897726982,96.59860643579474,98.2575032419326,7562821
2018-10-30,97.5875473022461,98.89552228606296,97.04522286013253,98.89552228606296,4156028
2018-10-29,98.83173370361328,99.37406798495122,96.0881877692766,97.3004517990694,5954637
2018-10-26,96.85379791259766,100.04397564532057,95.48201564613692,99.53354526095494,9427229
2018-10-25,99.11885833740234,103.87222276041273,97.65137415519466,100.17161343787036,32100452
2018-10-24,100.65010833740234,101.89427571678858,98.00226469061495,100.77771350068429,8342857
2018-10-23,99.1507339477539,100.4268052198519,96.27957358553341,99.1188399544724,8239765
2018-10-22,99.50167846679688,103.23419169367432,99.05505536558033,102.72376111986108,5476435
2018-10-19,102.3728256225586,104.47834536950188,100.1716044153392,103.68080074836064,7258192
2018-10-17,103.42560577392578,106.74338994508165,102.43664834922888,106.29676683782763,5347724
2018-10-16,105.65872192382812,106.67957326146613,102.78756110780729,103.32988564277514,8912396
2018-10-15,102.18141174316406,102.65993851012048,99.94828683070084,101.41577086316421,4679911
2018-10-12,100.42682647705078,101.0329682481194,98.28941248525406,98.70413184220847,6089606
2018-10-11,97.5875473022461,101.83049006752266,93.2170090942204,93.2170090942204,15633772
2018-10-10,94.81209564208984,96.63049129115235,93.2170066153767,93.2170066153767,10873198
2018-10-09,93.56792449951172,96.91761167351312,92.80228366401312,96.02436565470666,6818577
2018-10-08,95.57774353027344,96.24768291840708,92.32375777971089,95.0673130566644,11709162
2018-10-05,93.82313537597656,102.11759803884635,92.89798571840194,102.11759803884635,35255036
2018-10-04,109.99732971191406,116.47339666758886,104.22311552168792,115.16542178604664,7866152
2018-10-03,115.7715835571289,117.07955877669669,113.5065547235827,113.5065547235827,8893914
2018-10-01,114.2083969116211,115.54827585344869,111.43293756168653,114.39980957983256,4582462
2018-09-28,113.0599365234375,115.48447439713789,109.96546887960226,112.93233131653815,8598293
2018-09-27,112.16668701171875,115.96299778435096,111.68816019830328,115.54827844031873,7853039
2018-09-26,115.229248046875,117.90899596375891,114.1764833303354,117.90899596375891,6680285
2018-09-25,116.31390380859375,117.81328178165387,114.46359453660351,116.09058743132972,8363857
2018-09-24,115.229248046875,118.29181153151268,114.39979971326402,115.48445842537751,13799885
2018-09-21,115.10163879394531,115.83538570568838,112.74090860168354,113.12373392395403,9298030
2018-09-19,112.93234252929688,114.01700149911409,110.53970815367617,110.53970815367617,10038603
2018-09-18,110.09305572509766,110.53622125483778,108.73193205539144,109.11178546371913,6426239
2018-09-17,108.70028686523438,109.87149360797649,108.03554816422059,108.32044307899393,4012086
2018-09-14,109.2384262084961,109.71323825258396,106.61112710183113,107.30752196385697,4720460
2018-09-12,106.67440032958984,108.13049199904084,105.21830866013886,105.21830866013886,5610743
2018-09-11,106.23124694824219,107.62402653610673,105.97800814858434,106.80101734234553,8750333
2018-09-10,106.76937103271484,108.44704563087194,106.4211833490142,107.94057764538917,5569685
2018-09-07,108.82691955566406,110.78947992115492,108.3204610897996,110.78947992115492,5309239
2018-09-06,110.47289276123047,111.51747498921328,108.00387495323177,110.15635152122694,6809374
2018-09-05,109.9664306640625,110.78943986363545,108.09883918123288,110.25131586312591,3735722
2018-09-04,110.37796020507812,112.7836664666716,109.90314823343611,112.5304372791589,2874936
2018-09-03,112.24553680419922,114.42966964550124,111.83402735521172,114.42966964550124,3168480
2018-08-31,113.98650360107422,114.7462006526914,112.53041195043252,113.1634944367922,8916222
2018-08-30,112.34050750732422,115.15772319720324,111.51749818014943,111.99231013889558,11296260
2018-08-29,112.05560302734375,113.13184135039415,110.2196676327326,110.78943802138507,6288920
2018-08-28,110.53620147705078,113.00521920918925,109.68153629127193,111.54912761789683,5439278
2018-08-27,111.4542007446289,111.99231519278032,110.78946204037179,111.07434729646072,3612496
2018-08-24,110.63117980957031,111.73907431410106,108.1305055742156,108.25712015700442,9867693
2018-08-23,108.82691955566406,109.20677306513842,106.92767132844426,108.25714895152852,6635245
2018-08-21,107.75064849853516,108.41538711064425,105.59817168416329,107.49741934157603,5181397
2018-08-20,106.8010482788086,107.56074557769448,103.82556155646164,103.82556155646164,9674107
2018-08-17,103.22412109375,104.45863024646617,102.87592372758031,104.142088942689,4754545
2018-08-16,104.11042785644531,105.47156119305,103.73058410628646,105.02839566108774,4184404
2018-08-14,105.24998474121094,105.72479670244948,104.36367294426195,105.31329686673904,3791016
2018-08-13,105.12336730957031,106.92764691747685,104.77516994872295,106.92764691747685,3731211
2018-08-10,107.14924621582031,108.19382879938904,106.4528513867243,107.24420475611736,4341382
2018-08-09,106.92765045166016,109.45998092686891,106.57946273937826,109.23840780633263,4437178
2018-08-08,109.20674896240234,109.45997813944501,106.10464807329699,106.10464807329699,7991348
2018-08-07,106.07300567626953,107.6240563206402,105.43992299203047,107.6240563206402,4300164
2018-08-06,107.14924621582031,107.43413149678676,105.59819554382499,105.78812228449438,5159560
2018-08-03,105.59819030761719,108.25713556491596,105.21833684511387,107.87728210241264,12172870
2018-08-02,105.34493255615234,108.13050157484523,104.61689148698922,107.2441802079585,7825776
2018-08-01,105.85139465332031,106.83267448430173,104.5535735646076,104.61688568018289,4618179
2018-07-31,104.90177154541016,105.56651012287608,103.19245067483538,104.96508366138696,6815180
2018-07-30,103.88886260986328,105.37660098233007,102.02126113835351,102.21118785783788,9599714
2018-07-27,102.1162338256836,103.06585780485597,101.38818297893998,102.87593107700656,3542015
2018-07-26,102.90757751464844,103.82554534329083,100.1536643686475,100.78674696220415,8778489
2018-07-25,100.69178771972656,101.76802618908944,99.55223712742965,99.86877842195247,4063454
2018-07-24,99.52057647705078,100.15365903690488,98.66592081729168,99.52057647705078,3943002
2018-07-23,99.10907745361328,100.50185716418895,98.00118296518914,100.05870130083396,4553137
2018-07-20,99.9953842163086,102.55937040853658,99.14072859228116,102.40109977519008,5475594
2018-07-19,102.4011001586914,104.58523297503842,101.79967368173686,103.00252663564596,8472466
2018-07-18,101.48311614990234,104.33198710424105,99.29898368359025,99.33063007724807,16571981
2018-07-17,98.8558349609375,99.29900046791022,96.51343149011907,97.01989945517865,3952416
2018-07-16,97.36809539794922,98.85583355278294,96.89328349873303,98.57094834526778,3680440
2018-07-13,97.55802917480469,100.69178600520618,97.24148788567173,100.69178600520618,3523600
2018-07-12,100.62847900390625,101.41983226700724,97.96953397190175,101.03998849676317,8165181
2018-07-11,100.09037017822266,100.50187003401716,99.07743408077913,100.02705804960448,6653936
2018-07-10,99.9953842163086,101.16659076710188,99.61554049232068,100.34358154168548,5276248
2018-07-09,99.64718627929688,100.28026880879703,98.25440664641107,98.76087460202575,4379183
2018-07-06,98.41268157958984,99.615544234251,98.2860670001711,99.33064935546732,3633191
2018-07-05,99.01409912109375,99.77380584903746,97.62131955331748,98.76086998516072,6807718
2018-07-04,98.76087951660156,100.02704463860928,98.15945301566255,99.90043005842315,5194030
2018-07-03,99.83710479736328,102.30613225633971,97.9378573643377,98.15944009555281,12087830
2018-07-02,98.4443588256836,100.02706555921549,97.17819343885809,99.93210701923368,9196529
2018-06-29,100.28025817871094,100.88169424603981,97.58965771354904,98.22274017594007,7079407
2018-06-28,97.17816925048828,100.40689404726982,96.10193087158541,98.9508022828375,17670403
2018-06-27,98.91915893554688,100.56517760426402,97.77960829259456,100.24863629567028,7034207
2018-06-26,100.21697235107422,100.59681609546884,98.79253657442933,99.01410967697453,5960446
2018-06-25,99.17237091064453,101.73635699738247,98.82418325966597,101.51478391585724,5899032
2018-06-22,101.0083236694336,101.70470868449067,100.438543573398,101.70470868449067,5371207
2018-06-21,101.10328674316406,103.63561707942402,100.18531892828456,103.63561707942402,12638114
2018-06-20,103.0341796875,104.45861535138249,102.6543263131023,104.45861535138249,5768211
2018-06-19,104.3320083618164,105.59817348839168,103.50899909752783,104.71185210374502,4413184
2018-06-18,104.20536804199219,105.9779910532933,103.35070292863058,104.39528503600951,4390244
2018-06-15,104.74349975585938,106.54778878042292,104.17372935866693,105.3449262106897,7589493
2018-06-14,106.67440032958984,108.13049199904084,105.72477658778341,107.30748282412748,4188442
2018-06-13,107.62403869628906,108.89020385742187,106.7377269475255,108.1305066927569,5321172
2018-06-12,108.51034545898438,111.16929990324273,108.13050172414255,109.42832288668329,4564556
2018-06-11,109.71321105957031,110.34629362810786,109.2067430727256,110.18802298597346,3192749
2018-06-08,109.9664306640625,110.72612774825578,108.95350443849564,110.15635735012896,4323567
2018-06-07,109.30169677734375,109.99809143607614,107.68734402677192,107.68734402677192,5086661
2018-06-06,107.81395721435547,109.04846622068831,107.49741594811253,108.41538368820245,3331408
2018-06-05,108.38372802734375,109.08012267966316,107.11756295772507,107.94057218499178,5918946
2018-06-04,108.32042694091797,111.0426741469953,107.877261432884,111.0426741469953,5294603
2018-06-01,109.64990997314453,111.42254327545066,108.00390092534725,111.42254327545066,9847581
2018-05-31,112.6253662109375,114.1764259720678,110.82108698891618,112.49875165045611,23822373
2018-05-30,110.15636444091797,113.00523593507965,109.33335518836775,111.04267615285012,12554659
2018-05-29,111.13765716552734,112.30885423010366,109.6815651905784,111.54915700928335,11015160
2018-05-28,111.1693115234375,113.19517396790391,109.96644875385729,110.78945808881763,8087040
2018-05-25,111.07433319091797,111.54914511079372,103.0974987330494,105.09170493249823,12361678
2018-05-24,106.16796875,111.48586932081531,98.222778791394,111.16932796517423,34819270
2018-05-23,111.04267883300781,117.34185812797371,110.3462938025596,116.42388067408432,5590802
2018-05-22,117.24688720703125,119.33606156970922,116.48719007335012,117.87996976177772,3796268
2018-05-21,117.5950927734375,119.4310284466514,117.24689541194553,118.03824866075735,3380355
2018-05-18,117.15193939208984,121.39359096443873,116.86705414843843,119.65261377981184,4488003
2018-05-17,119.39939880371094,119.90585722597815,117.08864119679713,117.72172388470635,4519306
2018-05-16,117.87996673583984,119.62094371670236,111.29591219951624,119.62094371670236,8348946
2018-05-15,119.65260314941406,121.55185081845238,116.6138049469381,119.65260314941405,5877427
2018-05-14,118.5447006225586,119.33605376423121,117.02530645457617,118.70297125089311,3255344
2018-05-11,118.7029800415039,119.65260388183593,117.94328290125293,119.36771866175097,4926216
2018-05-10,119.17778015136719,119.87417476262853,116.17063828831807,116.77206472891345,10328901
2018-05-09,115.75914001464844,117.5950754168858,115.3476305899591,116.74041017028458,3075560
2018-05-08,115.91742706298828,117.84832125058641,113.60666979410841,117.02532160475879,5730645
2018-05-07,116.42387390136719,116.80372728502242,114.46132384600944,114.74620905371442,4799480
2018-05-04,114.11312866210938,117.2152292665647,113.66997281291191,115.09440853823644,5325720
2018-05-03,114.6512680053711,115.44262129182431,113.76494652849892,113.92321718578957,2796713
2018-05-02,113.98650360107422,114.90447127428132,113.48003567997205,114.90447127428132,4157973
2018-04-30,114.30303955078125,115.18935112661009,112.87860402243882,113.00521858183271,3335191
2018-04-27,114.39799499511719,115.85408653937499,113.669954053024,114.55626560514366,4687951
2018-04-26,114.46134185791016,115.09442449024364,112.24555264474293,113.6066764402302,6742459
2018-04-25,113.6066665649414,115.50591429684928,113.13185463196444,114.96779990218616,3629856
2018-04-24,115.63252258300781,115.8857613961817,114.90448152278793,115.28433491251229,4080212
2018-04-23,114.61959075927734,116.3289116101052,113.5749988181635,116.10732886681885,3930421
2018-04-20,115.44261932373047,117.12028439838032,114.65126605076844,117.12028439838032,1618027
2018-04-19,116.4555435180664,117.91163544483622,115.0627637159677,116.01238762559055,5004280
2018-04-18,115.28433990478516,115.82245429344536,114.5879452134915,114.61960127401818,3279393
2018-04-17,114.46134185791016,115.28435121195857,113.51171790940991,115.0627684266121,2721706
2018-04-16,114.90448760986328,115.44261166380113,113.82824916206108,115.34764348130261,2308502
2018-04-13,115.53759765625,116.17068038313356,114.65128570264332,115.09444167944666,3050131
2018-04-12,115.06277465820312,116.48721065809835,114.58796265823804,115.94908652744131,4277125
2018-04-11,115.31599426269531,117.37351275795668,114.17645328568673,114.90449442767267,11607043
2018-04-10,114.08149719238281,114.33473606084605,112.81533183029183,113.5750291155314,5180326
2018-04-09,112.94194030761719,113.41675229264374,111.61247254558761,112.11894059496417,4046065
2018-04-06,112.02395629882812,113.54336022854834,111.67575896117934,113.54336022854834,3633964
2018-04-05,112.34050750732422,112.62539275055711,111.07434228400116,111.73908095826057,5375271
2018-04-04,111.04267883300781,113.00523866260625,110.59952296634562,113.00523866260625,3353172
2018-04-03,112.37214660644531,113.4483849517883,111.67575197471437,112.49876117764933,3552271
2018-04-02,113.92318725585938,114.52461366354204,112.94190750644461,113.3850729584893,2235832
2018-03-28,112.56208801269531,113.32178519933531,111.48584952661584,113.00524389989583,6229049
2018-03-27,113.70166015625,114.65128423441443,112.2139119030955,114.30308680707235,3823981
2018-03-26,113.25847625732422,113.60667362850474,111.4225405330256,113.60667362850474,4169998
2018-03-23,112.30884552001953,113.66997885933142,111.51749229718942,111.54914835811732,6884971
2018-03-22,113.25847625732422,115.03110951600081,111.77073790420613,112.05562314969052,8348549
2018-03-21,111.13765716552734,112.24555176341197,109.93479437749374,111.23261569560202,4055822
2018-03-20,110.21968078613281,112.53042833373853,109.90313949686772,111.67576298869338,3020586
2018-03-19,111.96067810058594,112.9419485464961,111.51751248750685,112.49879259349228,5782668
2018-03-16,112.15058135986328,114.23975592094298,111.48585234231098,114.1447973927424,8194541
2018-03-15,114.14480590820312,114.84119104046556,113.16352584993697,114.65127396989614,5145739
2018-03-14,114.33470916748047,116.55049802995046,113.79658515113721,115.72748880616133,4846612
2018-03-13,116.2339859008789,116.61382971933328,114.93616445265722,115.47427894381971,2457755
2018-03-12,114.9677734375,115.24917210747853,111.93489672078384,113.12302867929276,4161129
2018-03-09,112.49771118164062,114.40498396685932,112.24758111289248,112.74785079223926,2053847
2018-03-08,112.65404510498047,114.2486505368054,112.18504406867022,113.81091814461928,3288627
2018-03-07,113.49826049804688,115.84326588023792,111.80985853123958,115.68693218809184,4482279
2018-03-06,115.93707275390625,116.87507499153284,115.37427522807116,116.62494487823996,2906142
2018-03-05,116.0308837890625,118.43841724606176,115.18667792145142,118.18828712180428,5082390
2018-03-01,118.62600708007812,118.93867447330018,117.15647605704542,117.5004025561084,3450224
2018-02-28,117.75052642822266,118.93865854662708,116.49985702280733,117.37532178985792,6147245
2018-02-27,117.87560272216797,121.53381489925161,116.3748031090241,119.43893962829753,6611097
2018-02-26,119.03246307373047,120.03299286115612,118.50092476595576,119.03246307373047,2721955
2018-02-23,118.68855285644531,119.34515633750006,116.6249460053528,116.96888207084359,4880302
2018-02-22,116.37479400634766,117.81305621400695,115.8432556830993,117.25025878856205,8629189
2018-02-21,118.90737915039062,119.31385239550364,115.49930723719407,117.5629134778886,4651807
2018-02-20,116.93758392333984,117.87558593342011,115.56184955025877,116.18718422364562,5328584
2018-02-19,115.87451934814453,117.18771646503949,113.71711658750633,117.18771646503949,4265576
2018-02-16,116.87503051757812,118.37583925179567,116.62490049946614,117.31277236204691,4167034
2018-02-15,117.75052642822266,118.18825881174796,115.68692000091731,117.00012669334352,5046557
2018-02-14,116.15592956542969,120.0642717446164,115.24919608822856,119.43893699594653,4960527
2018-02-12,119.43892669677734,121.62759812839369,119.03246296193153,120.06426139152487,14960914
2018-02-09,117.15646362304688,118.93866185015415,115.43679314283688,117.18772272557023,7314145
2018-02-08,118.00067901611328,119.81415572522563,117.56294654903516,118.81361619317384,4540513
2018-02-07,118.8135757446289,119.75157765840228,116.93757191708212,117.59417516509328,8644010
2018-02-06,115.96832275390625,116.93759348528273,112.62278770283342,113.81091986268159,5935676
2018-02-05,118.03192901611328,120.34566558382059,117.56292797366514,120.31439693928726,7607002
2018-02-02,120.50199890136719,123.65994115270136,117.56292761925592,121.31493594753003,12239774
2018-02-01,121.87772369384766,129.47554567987927,121.31492630607488,127.59954166483688,10015459
2018-01-31,127.2243423461914,127.94348297369893,124.31653981845517,126.94294364057988,11990243
2018-01-30,128.06854248046875,130.0696115185378,127.25560550010792,127.47447645161462,7323876
2018-01-29,128.28741455078125,130.35102104415174,127.72461711706687,130.06962232729452,7620080
2018-01-25,130.38229370117188,133.10250364549066,129.50682887915139,132.8210953781225,10247173
2018-01-24,131.851806640625,132.57093762705102,130.06959918125762,130.81999880662585,16132441
2018-01-23,129.6632080078125,130.5074044802304,125.31712239444992,126.31766214900554,15755015
2018-01-22,125.50467681884766,128.7876841099184,123.81627497752427,123.81627497752427,23165754
2018-01-19,121.12732696533203,122.65939504013481,120.06425990578623,121.4087256661162,5046015
2018-01-18,121.37747955322266,123.5036138998209,120.84594119564755,122.81574185376502,6247782
2018-01-17,122.3780288696289,124.22276477830027,121.37749882956521,122.75323359831067,6306388
2018-01-16,123.31602478027344,123.972628250627,121.94029008258393,123.56616443375924,5778244
2018-01-15,122.94082641601562,125.28583193355013,122.56562171646937,124.7542935328349,4500523
2018-01-12,125.53596496582031,126.28636484055816,123.59742320938312,124.37909173345423,9291346
2018-01-11,123.75373077392578,124.87933511919928,123.19093337221409,123.81626805938268,5701402
2018-01-10,123.75373077392578,125.06693743371989,123.34726704400623,124.00387037390328,7673209
2018-01-09,123.19091796875,124.44158718670685,122.87825066426079,124.12891988221764,4598757
2018-01-08,123.44104766845703,125.00438418675994,123.003315351702,123.81625224958928,4858711
2018-01-05,124.0976791381836,125.66101601203789,122.75321324340932,125.66101601203789,6812787
2018-01-04,124.75428771972656,125.0669551074953,122.06534627654513,122.12788357083944,12740860
2018-01-03,120.97099304199219,123.44106314217184,120.68959434179327,123.44106314217184,8032715
2018-01-02,123.09713745117188,123.50360118262782,121.94026445879709,122.40926547594631,12878378
2018-01-01,120.28315734863281,122.37802328628126,120.06428634324541,122.06535587392906,5899565
2017-12-29,122.06536102294922,122.5030935103365,120.37695883339676,121.31496111002063,5899591
2017-12-28,120.6895980834961,121.56506285389011,120.09553202202513,120.78339447252033,12772109
2017-12-27,120.43946838378906,122.56560257082859,119.65780000004654,122.12787018430285,7260402
2017-12-26,121.12732696533203,123.28472972714411,120.50199227832273,121.84646758050278,11345494
2017-12-22,120.93973541259766,121.18987503476994,117.40659793334135,118.00066403049273,8914713
2017-12-21,117.56291198730469,118.56345122521297,117.00011462963711,118.12570934497226,3893100
2017-12-20,117.56291198730469,119.50145318255849,117.25024466818951,119.25131360215674,8877376
2017-12-19,115.81200408935547,116.31227384220846,114.43626942539863,114.46753807404919,4240135
2017-12-18,114.46753692626953,114.99906578059148,110.68425948193475,114.43626827793253,4785160
2017-12-15,114.43624114990234,116.37478238502848,113.9985088025076,115.78070683301111,7297568
2017-12-14,115.28044128417969,116.74997191951768,114.0610311388398,116.28097095341744,5885128
2017-12-13,114.9990463256836,116.9375876924047,114.49878620432992,114.87398129534516,11488267
2017-12-12,114.62387084960938,115.18666835336572,112.68532915115647,112.81039420289657,6983526
2017-12-11,111.87238311767578,113.77965601626381,111.12198332497668,113.77965601626381,2310668
2017-12-08,112.71658325195312,113.43571436303395,110.9656441280187,110.99691277238102,4832733
2017-12-07,110.71553039550781,110.9031327475164,109.65246312326181,109.77752817731687,4373514
2017-12-06,109.96510314941406,112.05996852333448,109.68369492054225,111.55969888982301,4194219
2017-12-05,111.55972290039062,112.99799482809618,110.8718603553848,112.622799678598,4550575
2017-12-04,113.56079864501953,114.9365332378729,113.09179756505692,113.34192765762975,6347567
2017-12-01,112.34137725830078,114.49878964941485,111.93491351200855,113.81091764908132,3451636
2017-11-30,112.96672821044922,113.81093401023288,112.21632835611474,113.18559920797885,9645385
2017-11-29,114.09233093261719,115.21793546698795,113.18559739226497,113.18559739226497,5407391
2017-11-28,113.3419189453125,114.87398711372039,112.5602505387931,114.62385704037445,10710188
2017-11-27,115.09284973144531,115.34297978663813,113.52951303186538,114.02978268410095,6930971
2017-11-24,113.18560791015625,114.18614748742904,112.8104031832158,114.12361018565477,2358579
2017-11-23,113.62329864501953,114.2799019049637,112.87289900873294,113.74836366075913,3511238
2017-11-22,113.37318420410156,114.27991762021473,112.56024717722927,113.3106469167074,3217008
2017-11-21,113.1230697631836,113.81094191015079,111.43466758827165,113.12306976318361,5170506
2017-11-20,112.56026458740234,112.84166334050047,111.12199263152627,111.74732743478963,4004561
2017-11-17,111.0594711303711,114.74894286064826,110.8093314698686,114.06107072158188,6851616
2017-11-16,112.02871704101562,114.21738867373762,110.7467884324736,114.1235922776471,7245718
2017-11-15,111.0281753540039,113.43570816883017,109.93383965403285,112.93544805375203,7701984
2017-11-14,113.81092071533203,115.74946219260819,113.40445695808899,115.62438761328659,4663077
2017-11-13,115.18665313720703,119.00119873341532,114.78018938728262,118.78232776539414,6894203
2017-11-10,119.50149536132812,120.4707567592123,117.78182449922653,118.8136231997464,6035746
2017-11-09,118.5634765625,121.94028051383488,116.21847116800318,121.28367709500549,7527346
2017-11-08,120.40824890136719,122.37805021590535,119.43897780141418,121.94031765065846,6275377
2017-11-07,121.18989562988281,128.50631145392558,120.62708854073949,126.63030690715294,20559837
2017-11-06,124.59793853759766,125.34833826659332,119.501464567229,120.59580028838732,16363370
2017-11-03,119.970458984375,120.31438541574902,116.31224738691755,117.03137843305376,7942915
2017-11-02,115.6869125366211,118.27140551324541,115.41000425155174,117.53298028986505,4024181
2017-11-01,117.53299713134766,118.8867784664614,116.9791804818517,118.14835313727096,5341109
2017-10-31,117.59455871582031,118.14837547000025,113.59474392126302,114.70237742962286,10698129
2017-10-30,114.8254165649414,117.7483571375205,114.456199263097,115.68691108313031,16606395
2017-10-27,113.22547912597656,113.779295648476,109.04105736731688,109.47180459477038,9866477
2017-10-26,109.13338470458984,110.76407426431302,108.24111103912445,108.57955869951613,15326252
2017-10-25,108.82572174072266,109.71798613975207,108.02575699381799,109.50260776534336,6103342
2017-10-24,108.30265808105469,109.0718530958349,105.25664770044253,105.53355602784589,10817861
2017-10-23,105.65663146972656,106.70273487247867,104.9489757709911,106.39505684875228,4126469
2017-10-19,105.87200927734375,107.99498575181218,105.41049224421634,107.68730772972725,1215089
2017-10-18,107.34884643554688,107.65652441867518,104.91819224675066,105.22587022987896,7869107
2017-10-17,105.34893798828125,105.8412246319285,104.61051271760375,105.31816831250579,6819547
2017-10-16,105.87200927734375,106.3950562811353,104.641297189004,104.88743585083672,5054731
2017-10-13,104.39512634277344,104.82588299130653,103.56440149828678,104.08744838787037,5190805
2017-10-12,104.42591857910156,104.97974465134182,103.22597617362973,104.42591857910156,4877955
2017-10-11,104.08744812011719,105.93351584478674,103.37979258149493,105.47199891361936,4202871
2017-10-10,104.82588958740234,105.93352278308159,104.05669465174365,105.22586719811022,3112910
2017-10-09,105.04126739501953,106.73349639619457,104.85665871697387,106.70272671825572,2981922
2017-10-06,106.9796371459961,107.50268407699318,105.53354688761966,105.71815555309553,6144349
2017-10-05,105.34893798828125,106.27197192402481,105.102799361251,106.27197192402481,3767993
2017-10-04,105.90276336669922,106.33351065628685,104.67205145954216,105.07202907353353,5087199
2017-10-03,105.0104751586914,107.1026907444461,104.61049760017197,107.0719210731172,5604933
2017-09-29,105.19508361816406,107.28729920036031,104.61049742225092,105.71813986110946,6418518
2017-09-28,105.5643310546875,106.67197381000638,102.61062017036654,104.14901027786829,14120709
2017-09-27,104.73358154296875,106.48734976854212,104.39513389018954,105.87199381424784,7437060
2017-09-26,105.47201538085938,106.14891074142227,102.21063606974941,102.21063606974941,19866213
2017-09-25,101.41065979003906,101.71833775700544,99.10307503779114,100.85683381574772,8935570
2017-09-22,101.19528198242188,101.7183382848134,100.48762641056177,101.7183382848134,10308999
2017-09-21,102.0875473022461,103.50286785064915,100.76453577914839,103.19518987880443,7198883
2017-09-20,102.70293426513672,104.66267834506887,100.74319018520458,102.27424170777608,12062311
2017-09-19,101.60054779052734,101.99862668549008,100.2838475755448,100.31447046666415,7052113
2017-09-18,101.17184448242188,102.85600052035346,100.92688006936736,102.3048259185841,8383548
2017-09-15,102.12109375,102.7947598754734,97.37483601949025,97.68104619565217,25453536
2017-09-14,97.58920288085938,99.51832356904929,96.9155366449357,98.90590311631668,15371676
2017-09-13,98.63030242919922,99.70203807639214,98.50782022419295,99.27334568647362,7006941
2017-09-12,99.39585876464844,100.13076156774606,98.90592044765131,99.88579708164558,10536298
2017-09-11,99.85517883300781,100.37573072640242,98.59971475750878,99.39586339159084,9449161
2017-09-08,99.12024688720703,100.00825461087396,97.58919586543857,99.45707063616102,10505052
2017-09-07,99.39585876464844,99.94703353077263,98.9671662415745,99.94703353077263,9101357
2017-09-06,99.39585876464844,100.31448960471951,99.15088493375181,99.45709521377549,3791076
2017-09-05,99.70206451416016,100.2226163596686,98.84467016217657,99.82454675164475,5823055
2017-09-04,99.08963012695312,99.3958403502473,97.43609679012349,98.23223589485279,4859269
2017-09-01,97.95663452148438,98.23222181398684,96.33372430857526,96.76241669077832,6511029
2017-08-31,96.1194076538086,98.38536191886804,95.5682328726415,98.35474836586707,16715886
2017-08-30,97.00738525390625,97.4360869992756,96.54806996511921,97.00738525390625,5219322
2017-08-29,96.30313110351562,97.98728760930048,96.1500259666261,97.98728760930048,7756416
2017-08-28,98.35472869873047,98.844657586336,97.74230824442901,98.23223713203456,3680139
2017-08-24,97.65043640136719,98.2322339451196,97.40547196551172,98.2322339451196,3724532
2017-08-23,97.80355834960938,98.44660178544078,97.52797097562329,98.23225085856504,2344934
2017-08-22,97.65043640136719,98.2322339451196,96.45621842318188,96.76242864039833,5611720
2017-08-21,96.24187469482422,100.77379185373613,95.78255933482068,98.87528462780351,11137965
2017-08-18,98.53844451904297,98.99775984653036,97.68105964565089,98.0485156455585,5559512
2017-08-17,98.35472869873047,98.99776269991136,97.98727268823178,98.50783381230583,5184915
2017-08-16,98.56905364990234,99.05899179978725,97.681046009682,99.02836891327075,6213088
2017-08-14,99.02839660644531,99.39585265781588,97.98728358728948,98.17101161297475,3892174
2017-08-11,97.77294158935547,99.21213368630376,97.06866166221694,98.9365462950233,5471462
2017-08-10,100.25325775146484,101.41686258423707,99.30400388243415,100.74319613659013,8412268
2017-08-09,101.47806549072266,101.7842757120856,99.51832194295865,100.31447038746118,5908883
2017-08-08,100.43694305419922,101.8455118074546,99.51831247748397,101.63116093497032,5981069
2017-08-07,101.60054779052734,102.30483690709481,101.11061891179529,101.66179357276603,3289743
2017-08-04,101.9067611694336,102.45794519227562,100.19199135115522,101.3555864913862,6316753
2017-08-03,101.47806549072266,102.12110882454371,99.91639149281274,101.0493730497734,6902925
2017-08-02,101.29435729980469,102.580444218976,100.49821804438989,102.580444218976,7743355
2017-08-01,102.51919555664062,104.29522074508462,102.15174883629754,104.26459784885704,6705176
2017-07-31,103.74401092529297,104.11146689932568,101.04936493169846,101.04936493169846,13899095
2017-07-28,100.89628601074219,101.35560142505511,98.14039352486455,98.96716500854625,10303502
2017-07-27,99.7633056640625,101.04939258027538,99.21213089699764,101.04939258027538,12361923
2017-07-26,100.43694305419922,100.80439902280268,100.06948708559572,100.59004815031841,9143178
2017-07-25,100.00827026367188,100.31448051595207,99.0590166126442,100.13075249562489,6521103
2017-07-24,99.9776382446289,101.04937402979338,99.02838468023863,101.04937402979338,10394896
2017-07-21,100.65131378173828,102.02925991863268,100.19199840277348,101.93739123596254,7090770
2017-07-20,101.5699462890625,102.7947873207314,99.27336935468328,99.33460579938945,16154989
2017-07-19,99.82454681396484,100.13075708026534,97.86480297860075,99.24274917695303,9814913
2017-07-18,99.02839660644531,99.2121246321306,97.61982753591892,98.29349384849975,5319994
2017-07-17,98.01788330078125,98.538435014849,97.25235782880513,97.98726041294353,6649645
2017-07-14,96.97679901123047,98.0179120899481,96.5480971451737,97.68107891438754,7114944
2017-07-13,97.3136215209961,100.49821585237947,97.1299028320898,100.49821585237947,9072801
2017-07-12,99.73267364501953,101.60054853465319,98.63031497020997,98.63031497020997,12966188
2017-07-11,98.1404037475586,100.06952495069945,97.98729859350624,99.54897303379965,7988251
2017-07-10,99.45707702636719,99.94701525377083,98.59969213700664,98.75279724902063,1376868
2017-07-07,97.7423095703125,99.21211494265621,97.43609933900801,98.90590471135172,5247930
2017-07-06,99.02839660644531,100.06950962560114,98.04852937744975,99.70206291902616,7115526
2017-07-05,99.70206451416016,100.13075701775409,97.95666225941864,98.23224962995789,5605189
2017-07-04,97.92601013183594,99.05899151615112,97.37483555528921,97.68104572999138,5371351
2017-07-03,97.43608856201172,97.68105298204296,95.47633582258725,96.39496641489485,6622621
2017-06-30,96.33374786376953,97.25237862659353,95.7213273552202,96.63995811804419,5746101
2017-06-29,96.67057037353516,98.56906813422533,96.30311437092709,97.8647883648199,8800016
2017-06-28,96.82369995117188,98.87530334058987,96.45624385570765,98.63033884014484,7419236
2017-06-27,97.95663452148438,98.50781845128238,95.047637817173,97.34421416268198,7105195
2017-06-23,96.82369995117188,98.81406688787696,96.33376160548514,98.72219819161255,4803636
2017-06-22,98.26285552978516,101.14122966440438,98.01789109718553,100.92688812207822,8856235
2017-06-21,100.92689514160156,103.16222611512266,100.6513077995612,103.00912099790081,8411843
2017-06-20,103.56033325195312,104.325859046705,101.53934328484871,102.27424617885104,6212122
2017-06-19,101.69244384765625,102.76417991187016,100.80443583483839,102.58045186047411,5175569
2017-06-16,102.3660888671875,102.82540426924452,101.56994964612531,101.9680192566564,9457498
2017-06-15,102.3660888671875,104.66266587747255,102.15174728643836,104.14211402868541,8396153
2017-06-14,103.8052749633789,104.14210810803033,102.97850354876132,103.6215469440422,5698882
2017-06-13,103.56033325195312,103.95840292730519,102.79480745720124,103.56033325195312,5988071
2017-06-12,103.19282531738281,104.41766597396895,102.97847446456319,103.80524564567588,4382264
2017-06-09,103.62154388427734,104.8770077437454,102.76415894575011,104.75452551606936,6859186
2017-06-08,104.44831085205078,105.15259063996442,103.49905727436251,104.87700330316319,5798852
2017-06-07,105.36695861816406,106.56117683441815,105.03012544311905,105.03012544311905,7404338
2017-06-06,104.99947357177734,107.78598820396351,104.78513204302057,107.78598820396351,6437174
2017-06-05,107.63288879394531,109.31704494861586,106.62239883906058,106.77550394403063,5836542
2017-06-02,106.56116485595703,107.44917269413101,106.00999015496494,107.11233955694915,4039371
2017-06-01,106.56116485595703,108.33718053230497,105.70377991112598,108.33718053230497,8676208
2017-05-31,108.3984146118164,109.34766813415553,107.32667887412894,109.34766813415553,10715866
2017-05-30,109.40892028808594,109.83762212058724,106.00999393607827,107.23483495512114,6532975
2017-05-29,107.63288879394531,108.58214231371842,104.84637401453159,106.86736326909505,6629243
2017-05-26,107.63288879394531,108.70462452873566,106.74488105407782,106.9898454841123,6460263
2017-05-25,106.65302276611328,107.57165348535558,106.25495319235958,107.05110168466189,8230189
2017-05-24,106.37742614746094,107.9391001030166,105.887487937609,106.74488214104842,6540417
2017-05-23,106.95922088623047,108.94958721905887,106.37742336559324,108.94958721905887,5162996
2017-05-22,108.49028778076172,111.21556648018313,108.15346398177275,110.87873333639895,5558525
2017-05-19,110.26628875732422,111.85857610190484,109.71510482109797,111.39926082744623,5853904
2017-05-18,110.78687286376953,112.93034477148599,110.54190838366316,112.93034477148599,4628258
2017-05-17,112.99158477783203,114.30828514437097,112.62412873169326,113.42027726846364,6074714
2017-05-16,113.3896255493164,114.82881712857848,113.05280182824036,114.79819424171892,6960470
2017-05-15,114.36951446533203,115.31876799384247,114.0020584721041,114.7063475683253,5766195
2017-05-12,113.20591735839844,114.1551615250396,112.68535626815515,113.14467157903077,6242350
2017-05-11,112.44042205810547,116.51301517110869,112.13421176856247,115.80873524307839,10796830
2017-05-10,115.10443115234375,115.41064140246692,113.66524858364194,114.49201065209739,4038348
2017-05-09,113.97144317626953,114.98193312493594,113.60398718868504,114.46137203332357,4713977
2017-05-08,113.87956237792969,115.25750816741879,112.68534456266438,113.052800511112,5592129
2017-05-05,112.5628890991211,115.50250935058708,111.61363546081085,115.44126356303344,8117137
2017-05-04,115.68623352050781,117.86032825483174,115.38002325778038,117.58474088733618,4432281
2017-05-03,117.0335922241211,119.26892390208185,116.75799545043473,118.7789855036144,6245067
2017-05-02,117.82972717285156,118.74835813109561,114.92072913841206,115.13508009992127,17143827
2017-04-28,114.2470474243164,114.61449412155723,109.86823519336629,110.23569123540243,10789077
2017-04-27,109.68450927734375,110.72562220133301,109.1945710352327,110.6643764167711,7471812
2017-04-26,110.29693603515625,111.33804901853092,110.11320801578536,111.21556678721542,4850265
2017-04-25,111.15434265136719,111.73614037204302,110.51129913070565,111.70551747205018,5784684
2017-04-24,111.12370300292969,111.5830183992037,110.54190536994176,110.54190536994176,4311732
2017-04-21,110.38877868652344,111.49113729132543,110.05194559272368,110.29691936312071,4117134
2017-04-20,109.68450927734375,112.3179098072005,109.31705325956179,110.93996375771022,9102962
2017-04-19,110.14384460449219,111.4299222104017,109.7457656222278,110.84812453071909,4198156
2017-04-18,110.81745147705078,112.93029964425556,110.5418642108575,112.28726580473528,3358340
2017-04-17,112.13419342041016,113.54275304599275,111.76673739516562,113.54275304599275,3070001
2017-04-13,113.17529296875,114.70634398471039,112.8997056548359,114.52261599383638,3338347
2017-04-12,114.3388900756836,115.56373091065566,113.75709254803066,115.16566137720733,4050669
2017-04-11,115.0431900024414,115.38001378796027,114.43076952725096,114.8900848836438,7982429
2017-04-10,114.1858139038086,114.98196251722803,114.03270876064317,114.70637512848954,3953031
2017-04-07,114.1551742553711,115.41063811406315,113.69585889327362,114.9819456450645,8049423
2017-04-06,114.85948181152344,115.1963149999624,113.4202897085554,113.91022804221238,7216198
2017-04-05,114.06329345703125,114.33888075347215,113.14466290569946,114.12453923170399,6772865
2017-04-03,113.78773498535156,114.12456814179191,113.17531446265838,113.42027893381741,4802523
2017-03-31,113.29779815673828,114.09394671544747,112.80785986331757,113.23655236576231,8217678
2017-03-30,112.62411499023438,115.2881476377087,112.0729403330714,114.55324497989332,14882692
2017-03-29,114.49198913574219,115.19627818554636,114.15515605494832,115.07378663268061,9676087
2017-03-28,114.46136474609375,116.35987165308778,114.09391812669685,116.17614367099266,9790503
2017-03-27,115.68623352050781,117.58474088733618,115.44126904824411,117.46225865120432,4780041
2017-03-24,117.52349853515625,118.44212935021415,117.18667471213838,118.41151579888226,9289757
2017-03-23,118.5645980834961,119.11577272838332,118.04403698404055,118.53397519327035,4208188
2017-03-22,117.89094543457031,118.74833039072185,116.9723146909243,117.89094543457031,4960436
2017-03-21,118.84019470214844,119.08515915352851,116.97231038979227,116.97231038979227,6715278
2017-03-20,116.88043212890625,117.40098383998857,116.1761430918514,116.39049396069272,5070076
2017-03-17,116.35986328125,117.82966834267503,116.0230302291089,117.58470394736841,7462534
2017-03-16,117.46226501464844,118.56462388914592,117.1254318384414,118.19716781604805,6732778
2017-03-15,116.78858947753906,118.16653562609501,116.66610724440427,117.1560455217388,4219974
2017-03-14,117.52349853515625,119.17704147809718,117.27853405572583,119.17704147809718,8850096
2017-03-10,117.33977508544922,117.86032691930991,115.31878550538963,116.17617049339285,7822853
2017-03-09,116.1455307006836,117.40099444994368,115.80870694034053,117.27851223301946,6323875
2017-03-08,118.1665267944336,120.76931376939818,117.76845723029805,120.6468315454176,6553289
2017-03-07,120.27935791015625,120.61619098535951,118.50334256060202,118.80955274809712,7768654
2017-03-06,118.68711853027344,119.26891625279104,118.1971801632281,118.5033904745318,3847930
2017-03-03,118.227783203125,118.50337056804506,117.33977531847343,117.79909070827205,4294857
2017-03-02,118.01341247558594,119.36073552389752,117.67657937730957,119.29949908907979,6978509
2017-03-01,118.71770477294922,120.46309740156323,118.4421081020364,120.46309740156323,11243767
2017-02-28,118.53401947021484,120.83059692309371,117.98283527464535,120.70811466123303,10367585
2017-02-27,119.23828887939453,121.25927872713955,118.68711407764442,120.64685812750753,7881156
2017-02-23,120.03441619873047,121.01429272194426,119.02392612681224,119.97317041173145,20504597
2017-02-22,119.7894515991211,121.56546728245812,119.48324135407711,121.25925703741413,5671343
2017-02-21,120.18750762939453,120.49371783991529,119.11577189257191,119.88129741887379,3280290
2017-02-20,119.60569763183594,120.15687221540664,117.7378136733905,119.23824167959344,8954741
2017-02-17,119.0545425415039,119.54448081490503,118.5033678244247,119.42199858275357,3230898
2017-02-16,118.87084197998047,120.21816542855092,118.65649103245475,120.06506027883162,3343438
2017-02-15,119.39138793945312,121.13679029729457,118.90144961577867,119.97318561046819,5793110
2017-02-14,119.8507080078125,120.15691830386966,117.49289433505037,118.19717427806317,7785934
2017-02-13,117.73786926269531,119.11581571700513,116.8498611944329,118.99333345669264,4083916
2017-02-10,118.59523010253906,119.69758890882233,118.25840629197089,118.80958102271474,6287846
2017-02-09,118.13594818115234,120.15693834110698,117.86036073770357,119.6976228204263,6092204
2017-02-08,119.0545425415039,120.03441908830615,117.92157021310881,118.809578077201,7106853
2017-02-07,118.38087463378906,122.17787954776833,117.98279573515273,121.25924887447684,10805646
2017-02-06,120.49372100830078,122.82488463301067,120.34234698693356,122.79460798090982,5926274
2017-02-03,121.6744613647461,123.03682783515313,121.43226657677376,122.12858352154845,4940894
2017-02-02,121.61388397216797,123.82394083418966,121.34140336141931,121.70470468299325,8549969
2017-02-01,121.22032928466797,124.1267126981099,120.79648382084353,122.91572037910394,11271144
2017-01-31,122.64327239990234,128.24411294597337,121.70475132543542,127.15421780269374,39669868
2017-01-30,122.21939849853516,124.39917904021655,121.58362570920141,123.8239595600147,4594038
2017-01-27,123.82393646240234,125.94317253877597,123.0065131372895,124.7321804951339,5089894
2017-01-25,124.06616973876953,124.55056855461851,122.27995776701923,122.27995776701923,11413512
2017-01-24,122.0680160522461,122.43130816458698,120.70564984290912,121.79553541906897,3600754
2017-01-23,121.0386734008789,122.18912159810552,119.46438899713301,119.46438899713301,5350419
2017-01-20,119.46440124511719,122.3102315167383,118.34422958755097,121.61391458742226,7834336
2017-01-19,121.61388397216797,121.97717605460552,119.19189979937208,119.79739584257106,11378619
2017-01-18,119.88822937011719,120.13042411763418,117.31487091141517,118.37448910029246,9444964
2017-01-17,117.95066833496094,120.887319528965,116.86077326497269,120.49375067217392,4631529
2017-01-16,120.10017395019531,122.18913397470516,119.91852324390342,121.70473517097305,4070898
2017-01-13,121.88639068603516,123.49095197011746,121.12952041257385,122.9157324101147,7173268
2017-01-12,120.82676696777344,122.12858008498634,120.1909941183123,120.1909941183123,7180398
2017-01-11,119.67630767822266,121.09922729458921,119.46438957393983,120.25153639918223,3657809
2017-01-10,120.16069793701172,122.91570701094658,119.70657586677423,120.43316933132678,6865373
2017-01-09,119.88822937011719,124.0964254724024,119.34328656863524,123.4909293644725,4783989
2017-01-06,122.64327239990234,125.30745231535043,121.09925505018451,121.09925505018451,8399536
2017-01-05,120.8873062133789,121.25060760973756,118.25340342676272,118.25340342676272,6831388
2017-01-04,117.95066833496094,119.13138414447346,116.31583034954824,117.16352138223947,7507779
2017-01-03,116.5580062866211,117.31487645731343,115.74058280661824,117.10294911386445,4764310
2017-01-02,116.40662384033203,116.8607459099302,115.86168105246908,116.13415244640055,2690448
2016-12-30,115.8616943359375,117.07268666037213,115.19564486184318,116.67910861144794,3664012
2016-12-29,116.01302337646484,117.31483592461967,115.01394955285181,115.04422619704638,13079156
2016-12-28,114.98373413085938,116.3158332716093,114.59016526418115,114.74153932661731,4245082
2016-12-27,115.22589874267578,115.58919082471633,113.65160533642424,115.04424808208731,4972743
2016-12-26,114.43878936767578,116.70940026782809,113.92411386798551,116.25527808779762,4468708
2016-12-23,116.83045959472656,119.43409442624382,116.55798822333047,119.25244376560096,5637468
2016-12-22,118.0112075805664,121.64418483894163,117.52681800409418,121.64418483894163,5073928
2016-12-21,122.00747680664062,122.52215224068621,120.88730520978292,121.46253395576501,4699901
2016-12-20,121.00843048095703,121.977218947263,119.58551058342248,121.94694228662914,4487663
2016-12-19,121.94691467285156,123.1579069108705,121.1597771094493,122.9762654664777,6134651
2016-12-16,122.12855529785156,125.91290572998092,121.58361253127964,125.76153171269574,6046045
2016-12-15,125.00469207763672,126.30651448689757,121.91666691625278,122.79463458255393,10011138
2016-12-14,123.23865509033203,125.72118378297499,122.75425631838229,125.19641921662429,14303529
2016-12-13,125.94320678710938,126.73035367735653,124.63129530336413,126.73035367735653,11867766
2016-12-12,125.72118377685547,126.99272939826936,125.13587513850085,125.13587513850085,7390621
2016-12-09,123.84414672851562,124.2478046578027,122.75425184116501,122.77443011806048,5012332
2016-12-08,122.43128967285156,122.87532253778414,120.31205366730075,120.31205366730075,7229704
2016-12-07,119.92857360839844,121.28085047018729,119.56527231327627,121.05883403862771,6324726
2016-12-06,120.59465789794922,120.99831585507,119.74695770971873,120.00934000141645,6281910
2016-12-05,119.24234771728516,119.74692464392622,116.73963211765903,116.73963211765903,5358345
2016-12-02,117.56718444824219,119.40385136697368,117.2240705434526,118.55616036434976,7668508
2016-12-01,117.93045043945312,120.53408542514047,117.46623924298439,119.08089853222225,12753523
2016-11-30,116.6185531616211,117.54697559223877,114.09564965213265,114.64059244930934,10633435
2016-11-29,114.96354675292969,116.17453915659237,113.55072536170283,114.74153024703969,6467512
2016-11-28,114.64059448242188,115.24609059630639,110.82597635625943,111.1287244132017,6170169
2016-11-25,111.9966049194336,112.9654024956241,111.16910148706312,111.71404434920876,4391635
2016-11-24,111.9158706665039,113.7121808714858,111.04799221988736,113.0259531209775,7236183
2016-11-23,112.98558044433594,113.61125484498612,111.41128682613763,112.62227907424781,6432657
2016-11-22,112.17825317382812,114.43877464288998,111.0479924392972,113.40943301509374,8852827
2016-11-21,111.43147277832031,112.29934192075999,110.0590081410189,111.2498220958251,7038115
2016-11-18,111.04796600341797,112.11768241056389,110.38192592711235,110.38192592711235,6513859
2016-11-17,110.30120849609375,112.21860663942397,109.07002879009579,109.49387420919314,5879166
2016-11-16,109.9581069946289,114.88280789287404,109.4333424210086,112.62228641855226,8986996
2016-11-15,111.24980926513672,115.62955722052048,108.78745929512728,109.0902073179902,12179968
2016-11-11,110.38195037841797,112.54155270501944,109.029673174924,110.20029968495582,6617526
2016-11-10,111.41127014160156,112.80391286619884,109.47368468261836,110.20027807484503,5849239
2016-11-09,108.9489517211914,109.39298473781757,100.91603781966187,101.80409461377525,7471795
2016-11-08,109.23151397705078,109.67554700046634,107.11227721510802,108.34345716935871,5654563
2016-11-07,107.85901641845703,110.60393584989761,107.51590264441889,110.20026878197342,4419261
2016-11-04,108.78746032714844,109.77643597933117,106.97097217273856,108.10123270070069,7203463
2016-11-03,108.00029754638672,110.60393202822061,107.77828112865647,110.46264717345862,10778124
2016-11-02,110.0993881225586,113.49470574323342,109.5037196402198,113.17701164436887,14774770
2016-11-01,114.82501220703125,115.28169798993002,111.90624061345677,115.28169798993002,11064357
2016-10-28,113.93148040771484,116.92968156594877,113.49466368128566,116.33401330436898,10070332
2016-10-27,115.48026275634766,118.10120040744822,112.81960539039503,115.95679935359674,24448257
2016-10-26,115.20226287841797,116.29432765180931,113.69324113944565,114.56688386898041,6344125
2016-10-25,114.66617584228516,116.63188353170302,114.20949912418357,116.35390007603829,11650041
2016-10-24,116.09578704833984,116.6120342937151,110.59578789546055,111.21130716474488,15753549
2016-10-21,111.1120376586914,111.60842505702523,109.62286637450975,111.58856519828538,3639472
2016-10-20,111.72753143310547,112.44233166847862,110.41706282005832,111.54882910196764,6078450
2016-10-19,110.61563110351562,111.35029129396166,109.76183903901386,110.00011187630469,7137429
2016-10-18,109.80154418945312,111.58854947873452,109.06689312481309,110.87374918085774,7430623
2016-10-17,110.57591247558594,111.19144074742564,109.42428626470738,110.01995468105218,7432578
2016-10-14,110.01994323730469,110.8737351512035,107.93510399695282,108.8087557642808,9532546
2016-10-13,108.31237030029297,109.16616230004037,105.33402822889005,106.58493553455074,14122951
2016-10-10,106.00912475585938,107.2203215183316,104.65894535311338,106.98205777285146,7032378
2016-10-07,106.16795349121094,108.6896094002604,105.90982994457444,107.37914090381675,11598678
2016-10-06,106.88276672363281,108.59035067491044,105.6318594532941,106.82319624821538,9511054
2016-10-05,105.88999938964844,109.30516781978824,105.49289312278091,108.8087804416139,9426820
2016-10-04,108.63004302978516,109.1661408616858,103.78527542362269,104.0433989583985,17825014
2016-10-03,103.34846496582031,104.02355459136271,100.23113132212902,102.05784709982558,6960220
2016-09-30,101.91889190673828,102.19686632005828,99.11924246780747,99.83405199470596,9438718
2016-09-29,99.33766174316406,102.45499642243453,98.58315062740067,101.66077467369314,14336461
2016-09-28,99.93331146240234,100.23114569810525,97.45136555766445,98.48385090936954,9666958
2016-09-27,98.3051528930664,99.99287711750549,97.82861632111327,99.23836618060085,10949967
2016-09-26,99.09937286376953,103.44775424316843,98.54341505360615,103.05063892471489,13915599
2016-09-23,103.46761322021484,104.5795289287723,102.63368098338661,102.87194473985762,7589790
2016-09-22,103.05062103271484,103.70585983102157,102.45495270304598,102.81235733651826,8053006
2016-09-21,101.40262603759766,103.05063962320502,100.74738712108486,102.05785586493143,6438340
2016-09-20,102.35567474365234,103.40802882359615,100.5686697000822,101.06506604941457,12886207
2016-09-19,100.92610931396484,101.46220737711536,99.39722729734137,99.57592968145183,6271972
2016-09-16,99.39720916748047,100.46941418739418,98.48384664261201,99.03980446444952,12910044
2016-09-15,98.68241882324219,99.39721921236121,97.33223021137283,99.29793809833521,3706279
2016-09-14,98.56327056884766,100.31056532937008,97.37193364527234,99.29793076216694,8058135
2016-09-12,99.67518615722656,100.40984634991557,98.5632704842863,99.27807990916176,7995681
2016-09-09,101.24378204345703,102.25642573381214,98.08674636141252,98.08674636141252,17437126
2016-09-08,97.80874633789062,101.22391414591526,96.93510362074707,99.27806652518511,15232855
2016-09-07,97.27265167236328,97.80874959743332,94.63185448943251,94.98925007641971,17504218
2016-09-06,94.73113250732422,95.98203065489456,94.51271955556315,95.20765994115395,3884562
2016-09-02,94.81055450439453,95.36651227081948,93.3809449239397,94.11560502406878,4273123
2016-09-01,93.95675659179688,94.96939096638923,93.36108824330987,94.11559906094602,4602483
2016-08-31,93.83763122558594,95.78347887468465,93.38094546145146,94.90982705562593,9766926
2016-08-30,94.6914291381836,95.0048513793115,92.92845257011574,93.45735092071361,4245724
2016-08-29,92.96761322021484,93.82951750967341,92.7521371478502,93.39856536494413,2465332
2016-08-26,93.39859771728516,93.57489719819378,92.45833979708186,93.28106771900076,2902111
2016-08-25,93.16349792480469,95.10276448552625,92.8500757629643,94.61305188504589,4189737
2016-08-24,94.41719818115234,95.20074038048138,93.73159315238752,93.9470692747697,3600733
2016-08-23,93.39859771728516,93.90790334348159,92.69340876061473,93.04599875546789,5012451
2016-08-22,93.770751953125,95.55332110159539,93.35939260100454,94.65224012208081,3785410
2016-08-19,94.65223693847656,95.39660230936856,94.24087760019208,94.92648247530691,5606353
2016-08-18,94.55426788330078,94.86768999693096,93.0459446975479,93.35936681117809,5751255
2016-08-17,93.16349792480469,93.39855782096481,91.7727044551234,92.22324040624375,5430909
2016-08-16,92.1449203491211,92.5954564627739,91.0087791738932,92.06656702213482,5039550
2016-08-12,91.51805877685547,91.83147199579707,90.02931908600003,91.00875332911443,5870230
2016-08-11,90.65615844726562,90.85205068461421,89.03030488564809,89.61796366377119,9320215
2016-08-10,89.73550415039062,90.4994624449417,88.73648590380647,89.71592030453573,10287928
2016-08-09,89.71590423583984,90.04891025839105,88.9715299204659,89.63755093252907,11431887
2016-08-08,88.57977294921875,88.93236285211215,87.8158147091738,88.69730291684988,3995137
2016-08-05,88.52100372314453,88.81483312650391,86.30749127569358,86.58172786758018,4722490
2016-08-04,86.13121032714844,87.71788765245496,85.66108138747444,87.71788765245496,5368087
