Price,Close,High,Low,Open,Volume
Ticker,RELIANCE.NS,RELIANCE.NS,RELIANCE.NS,RELIANCE.NS,RELIANCE.NS
Date,,,,,
2016-08-05,221.65951538085938,222.25932948815176,217.47170751611864,217.67891099608946,12109001
2016-08-08,224.4949951171875,225.5310415278423,222.18296794224895,222.4556186313719,13556347
2016-08-09,224.81126403808594,225.64010703120874,222.69554933249137,224.0042464963683,13290768
2016-08-10,218.91127014160156,225.65102524490425,218.5513758531702,224.93125122804994,13471958
2016-08-11,221.19053649902344,223.09904758407637,218.02787013865404,218.54044060561066,14169454
2016-08-12,225.92364501953125,227.47227652411328,221.8230810220655,221.8230810220655,16365425
2016-08-16,223.5461883544922,227.88667193409114,221.49590645940378,226.02179716356284,13367575
2016-08-17,221.01605224609375,224.39682754685194,219.68554427972663,223.3716865996531,15486572
2016-08-18,222.05210876464844,223.2735477770104,221.60497094047827,221.60497094047827,7749690
2016-08-19,221.3650360107422,222.91365284129105,219.66372839407845,222.0411881435151,8177802
2016-08-22,220.69979858398438,222.41201183017841,219.68556299535004,220.73251492168174,6684236
2016-08-23,220.39443969726562,221.3868643652759,219.20570244876532,220.73250851031898,7320433
2016-08-24,222.58648681640625,222.90275929022746,220.51439396863023,220.66707020288533,8719596
2016-08-25,220.88522338867188,224.4405009561604,220.07819120758182,222.73919301981033,14960746
2016-08-26,224.2005157470703,224.83304607643416,221.299580203428,222.01936864719184,9639663
2016-08-29,230.64584350585938,231.14750854908561,223.80792547057717,224.05876527219382,16193208
2016-08-30,232.59799194335938,233.05602067593378,229.67524505164582,231.63828357413973,18170724
2016-08-31,231.2020263671875,234.25563828343348,228.36652334781346,232.27078908187295,23295502
2016-09-01,224.4840850830078,233.98298970735368,223.7206748170751,229.6752224753265,42621045
2016-09-02,221.02696228027344,225.21476971578122,218.6167860918144,224.89849724507607,28124615
2016-09-06,222.4556121826172,223.5679966771776,221.38684946745082,222.4556121826172,11510431
2016-09-07,221.96485900878906,224.0151409394907,220.96152893376458,222.91366185799777,12927438
2016-09-08,225.400146484375,225.95635327042177,222.52103635428222,223.14266124691542,12206479
2016-09-09,227.83213806152344,228.99904975967794,224.65856630672587,225.74913989229165,15269894
2016-09-12,228.25747680664062,230.32956963873107,224.4731853947723,224.74582152530684,33684893
2016-09-14,227.87576293945312,230.98390206859085,227.03602912954972,228.58464597171667,18604842
2016-09-15,232.29261779785156,233.42681326863752,228.3665408728151,228.3665408728151,31371009
2016-09-16,234.59373474121094,238.58524450477177,231.00574104445977,232.72885977299595,39324529
2016-09-19,236.0877685546875,237.30922191158825,233.60126918672094,233.93933793657345,16678060
2016-09-20,234.2992706298828,236.60037783568936,233.17598064031816,236.43679615565773,11531268
2016-09-21,233.87393188476562,236.63308221525526,233.16506341377206,234.25563701222663,10943394
2016-09-22,237.51646423339844,239.01055392355443,235.34622237280945,236.21868711917966,18761415
2016-09-23,240.537353515625,241.987821385665,237.5273633251676,237.5273633251676,31085948
2016-09-26,241.4970703125,246.37195001629337,239.98116971879327,240.66822734039874,38213411
2016-09-27,242.21685791015625,245.58674265543092,241.3662185593164,243.63460957490008,19374535
2016-09-28,237.88726806640625,241.67155958150352,236.9384651862504,241.6497486904658,24820234
2016-09-29,233.9175567626953,242.27136053832746,232.81607770486463,238.8360580256888,21260295
2016-09-30,236.37136840820312,238.7379228953342,232.57615687234332,232.94695658148066,11199883
2016-10-03,237.89817810058594,241.66065879721748,234.7464169247979,237.091145996609,18125170
2016-10-04,239.13052368164062,241.73699802288087,238.18172077884466,238.4107497002132,13113580
2016-10-05,237.6146240234375,241.34440297540988,236.8294173640802,240.79911612418718,10789932
2016-10-06,242.28228759765625,245.65215753884016,238.18170914494164,238.18170914494164,21111045
2016-10-07,241.88967895507812,244.95418189401312,241.34439212836293,242.98025260850852,15280380
2016-10-10,239.13052368164062,244.72519208640458,238.61795317001585,242.98026252171988,11553662
2016-10-13,230.58041381835938,237.53827728184586,229.45710925920062,237.52737183641736,21938040
2016-10-14,235.05174255371094,236.00054534377966,231.56189839897752,231.85635996003558,15265659
2016-10-17,231.34381103515625,235.7388366109687,230.92938954621997,235.56433492299126,9826781
2016-10-18,235.80426025390625,236.16415450156984,231.64916919817793,232.51071391954494,11073137
2016-10-19,237.16746520996094,238.77062384438344,235.86968815162695,236.5349348480837,17073242
2016-10-20,237.21109008789062,239.4903861934927,236.44767986457512,238.60701608251512,10125508
2016-10-21,232.11810302734375,239.272278381962,230.85302779902403,239.272278381962,43608816
2016-10-24,231.9217987060547,234.25563668670898,231.34379557327733,233.38317198515514,10513017
2016-10-25,231.38743591308594,232.34714424977685,229.93696796240553,232.29261702155662,7658966
2016-10-26,229.9042205810547,231.08205223158907,229.47889369836219,230.34045290791866,10945927
2016-10-27,228.73731994628906,229.8715153147331,227.58131368845213,229.26079585172525,12842476
2016-10-28,230.10055541992188,230.7658021388114,227.66856833413595,229.02088722237718,8127969
2016-11-01,229.23898315429688,230.31865129074313,228.4537620223326,229.30441582195954,10223897
2016-11-02,223.2953338623047,227.46134460811464,222.69551986822378,227.05782861064017,7039997
2016-11-03,223.3389892578125,225.69463837170628,222.60830982267387,223.31717836601754,7311872
2016-11-04,219.32566833496094,223.9824244566282,218.115120242626,222.53195657086164,11535892
2016-11-07,218.36595153808594,221.72491587537291,217.90790829936384,221.16872363406884,9506040
2016-11-08,218.8785400390625,219.35839420679383,217.74433001351096,219.35839420679383,13432073
2016-11-09,219.11843872070312,220.0781469636534,202.8470494888762,207.20935836046777,21640144
2016-11-10,220.383544921875,224.4295819088874,219.64194546635355,222.1720817640001,9764091
2016-11-11,218.49679565429688,221.93211233106902,217.04632796588174,217.64614192785675,14775330
2016-11-15,214.9306640625,218.11514172168262,213.654683173576,217.35174592558084,14487470
2016-11-16,215.18145751953125,217.41714646624354,213.9054913792178,217.02453589999087,16550762
2016-11-17,213.26206970214844,217.7116078808309,212.5313757443697,215.06151186323157,12628378
2016-11-18,215.388671875,216.5228672160478,214.18902930734805,214.8433850933422,18163751
2016-11-21,216.26116943359375,216.70829272333637,214.45080714240822,215.3996100723661,13232434
2016-11-22,218.43138122558594,219.81640180757614,216.65373551861336,217.61344376188592,17646355
2016-11-23,220.0781707763672,220.4053487091396,218.01698328791883,219.20570599564596,13107911
2016-11-24,215.35595703125,219.32565531238035,214.2326671268658,219.32565531238035,18913793
2016-11-25,216.740966796875,217.2208208913275,214.70160509545852,215.93394938348123,10454964
2016-11-28,215.20327758789062,218.24598412611937,214.64708532864518,216.58831279346612,8312777
2016-11-29,217.6134490966797,219.0530114968794,215.5086400006326,215.71584345277975,9885281
2016-11-30,215.9448699951172,218.1042062918196,215.20327063341747,218.1042062918196,27596098
2016-12-01,217.62435913085938,221.38685416345433,217.02454509146204,218.11511871945842,12627845
2016-12-02,216.96998596191406,219.20566011456333,216.32655023681082,217.22081116186774,12481430
2016-12-05,216.77374267578125,218.0497090044638,215.17058384024463,217.02456793902326,3987213
2016-12-06,219.2493133544922,219.54377493061577,216.93730076569585,217.2426532268541,6726369
2016-12-07,217.92971801757812,219.77278184728613,217.31899855589973,218.98757527084422,4930865
2016-12-08,222.4883270263672,222.87003215351368,219.06391544683692,219.21659167369296,8750556
2016-12-09,224.42958068847656,225.06211111944657,222.54288028160954,222.91368000735392,8239158
2016-12-12,224.0478515625,227.21051793922015,222.58647826787612,222.58647826787612,9023848
2016-12-13,226.7960968017578,227.05784203938563,224.1241900010077,224.22233900511569,10365823
2016-12-14,231.0929718017578,232.17263996074027,226.4471212606793,226.79609549549772,24139260
2016-12-15,229.6643524169922,232.85973563729564,228.72645488748122,229.54439250415004,19331986
2016-12-16,230.58041381835938,231.63827114493978,229.45710925920062,229.45710925920062,14942206
2016-12-19,231.75820922851562,232.71791745589903,229.96965810657227,230.1114434438035,15009634
2016-12-20,230.74398803710938,231.42014019181653,229.70794163489361,230.04602499225058,11688169
2016-12-21,231.910888671875,232.79425880071662,230.5913007608954,231.22383110500155,20367894
2016-12-22,229.75157165527344,231.78004275215315,229.2280957128531,230.7658072037133,28892834
2016-12-23,230.6131134033203,233.15415480362375,229.45709259184733,229.45709259184733,10265033
2016-12-26,228.46470642089844,232.51074354128454,227.8539868585778,229.96970171376464,15321770
2016-12-27,232.2271728515625,232.75064877657007,228.3665288046274,228.55193593140532,17442849
2016-12-28,228.9554443359375,233.2850372135143,228.38834661333428,232.9251429541673,9637310
2016-12-29,232.39076232910156,233.1214562956236,228.91182330403737,229.0208923187473,8772325
2016-12-30,236.0877685546875,236.65488073896572,231.87815086680848,232.24895050729663,15711974
2017-01-02,236.67672729492188,237.74549004327724,233.89575141215497,236.43679294079746,7097888
2017-01-03,237.6146240234375,239.272310028762,235.80427633658056,237.71278759586397,6434204
2017-01-04,232.7615509033203,238.39982610187582,232.13992598123727,238.3780152119784,10392483
2017-01-05,234.99722290039062,235.54250970213045,233.11053726397373,233.60129684154023,8734164
2017-01-06,234.46282958984375,236.65489668988587,234.0593135915271,234.29924792566362,7845839
2017-01-09,235.06265258789062,236.87301464750885,233.60129387856793,234.9099763621418,5228980
2017-01-10,237.7127685546875,238.7051786052128,235.5643230993557,235.5643230993557,11349916
2017-01-11,236.8839111328125,238.98872011962422,236.4367733571677,238.83604389964992,11475958
2017-01-12,236.2841033935547,237.82181475831464,235.52069315345796,237.09112085193584,4371992
2017-01-13,237.832763671875,239.38138076425025,236.55678274364567,236.55678274364567,7234429
2017-01-16,234.7464141845703,238.6070438476991,234.24474912687495,237.73459363953876,12013154
2017-01-17,227.11239624023438,232.94697011531005,226.5125821394333,232.2926287835278,39234251
2017-01-18,225.2147674560547,228.58465190800652,224.38592450942386,227.4068201585827,15867619
2017-01-19,225.46560668945312,227.9957427433623,224.87668353620998,225.78186459618755,15284274
2017-01-20,223.74249267578125,226.28353422637693,223.32807119508195,225.5201384966736,8784907
2017-01-23,221.58314514160156,224.87667681121007,220.90699300810724,222.87003130019446,13708502
2017-01-24,224.0696563720703,224.39681970974584,221.8230619866677,221.8230619866677,9419288
2017-01-25,221.88853454589844,225.2474992228769,221.6376947317042,225.0948229811982,23856654
2017-01-27,223.58981323242188,224.41865618192324,222.25930524717114,222.53195593529892,21861796
2017-01-30,227.88668823242188,228.24658250230115,223.52439345088652,223.55710978814759,15678126
2017-01-31,227.97390747070312,229.84970218019618,226.90514478087738,228.33380170217706,15125194
2017-02-01,228.9445343017578,229.21718499216377,225.79277327430373,228.17023313141775,11312284
2017-02-02,227.60313415527344,229.19537282797552,226.45803329394766,229.0208857054899,9099129
2017-02-03,225.4547119140625,229.11904354762012,224.68039615815806,228.14842977134933,13219481
2017-02-06,227.19961547851562,227.9084839653648,225.10571179304637,226.18537997086602,9991907
2017-02-07,224.8549041748047,227.35232424371782,224.04788656721374,227.27598611759518,9905562
2017-02-08,223.60072326660156,226.45803730799202,222.91366564962914,224.85487860171116,16230826
2017-02-09,225.25836181640625,225.53101247040084,223.9605848890058,224.2223155392358,9861688
2017-02-10,224.69129943847656,225.86911666933952,223.6879693351467,225.74915676916052,12518554
2017-02-13,224.6258544921875,225.5310355368213,222.91365596680097,225.3129120793158,8565757
2017-02-14,228.97723388671875,229.65340056065762,224.63675052823652,225.7491349789025,18244623
2017-02-15,229.30441284179688,230.65673163593493,227.98481038106493,229.65340162480157,15236663
2017-02-16,232.837890625,233.26321754094187,229.57707520279018,229.57707520279018,19655195
2017-02-17,234.5828094482422,235.1717326094403,230.86395071256717,232.61978563094056,14847356
2017-02-20,234.5609893798828,235.31349418974352,232.61977652895155,233.50313211617075,11650581
2017-02-21,237.35287475585938,237.95268878928093,234.0484230095452,234.5173717033126,14186476
2017-02-22,263.3740234375,264.2791899796737,238.18171617443,238.39983964580279,127323130
2017-02-23,257.97564697265625,266.53666857532676,257.2340476136446,264.7044956271861,62249698
2017-02-27,270.22283935546875,274.12707611713836,259.63334625180096,259.66604802756177,83422197
2017-02-28,270.0374755859375,272.20773234038256,267.9544624075486,268.7178728180592,36111716
2017-03-01,269.2630920410156,271.42242812886707,268.2815729901732,270.4845308527283,24385665
2017-03-02,269.75390625,273.66906324335594,267.63819150796195,270.0047169453847,18063590
2017-03-03,274.5088195800781,280.8886952254694,270.80088031542033,270.80088031542033,84305639
2017-03-06,284.716552734375,286.1670205494475,275.9701531854544,276.78807609229557,66724743
2017-03-07,284.6293029785156,289.43873499321745,282.7098865263874,287.6611038781255,42071555
2017-03-08,281.6302185058594,285.2291023287309,280.51783411551656,285.2291023287309,43336972
2017-03-09,280.65960693359375,283.11340473985325,279.51452070401393,281.36850450430023,31094457
2017-03-10,279.5472106933594,282.67717504496215,275.08675305223034,281.42300530351747,24785585
2017-03-14,281.25946044921875,287.6938774317287,280.3324829788653,287.63933564170037,27765035
2017-03-15,284.6293029785156,287.1049116543847,281.45574586188116,281.5975020789058,24107889
2017-03-16,283.037109375,285.81807079236745,282.1537246047669,285.7308272279022,15924023
2017-03-17,283.7023620605469,287.9010606084958,283.1243588738419,285.29458626542635,22727289
2017-03-20,279.36187744140625,284.9129094927155,278.8274960392178,284.85836770391387,12869337
2017-03-21,275.65386962890625,280.0379746714137,274.6723505322243,279.6671895691158,22596181
2017-03-22,274.7596435546875,276.11194799714235,271.8914384175392,273.08014660775535,20291685
2017-03-23,277.7259521484375,278.65292943042414,274.38879898927337,275.5120742594444,11807911
2017-03-24,280.65960693359375,281.8047222831855,276.6680977767457,277.9004566821145,16282523
2017-03-27,272.8838195800781,278.9147199395627,272.03316575085495,277.2461140560793,32452615
2017-03-28,271.7168884277344,275.69747727130755,270.92074736301197,274.38879491616166,21707345
2017-03-29,274.0943908691406,274.82507030535544,269.01230747335387,273.0147080436769,18924345
2017-03-30,277.14801025390625,278.04228596196407,273.2982858267928,273.73450367461777,27862325
2017-03-31,288.1082763671875,291.76170259699813,276.1337475475613,276.1337475475613,45390562
2017-04-03,299.8319396972656,301.1079204149999,291.63081227253303,292.71049498446496,44886623
2017-04-05,308.6329040527344,309.28725990732505,301.0206992003987,304.31423112447476,40323877
2017-04-06,313.7585754394531,316.0269661161793,305.841018959726,307.32418851912024,50620850
2017-04-07,306.80072021484375,312.77707890149367,305.9173645940852,310.00703758207186,31875272
2017-04-10,301.2933044433594,310.792193627303,300.409919804937,307.54228397584944,30768410
2017-04-11,299.330322265625,305.4593576209089,298.8395626369632,302.71109787639944,32249647
2017-04-12,295.327880859375,302.40573341379314,294.7062559036888,301.60959220948064,27448279
2017-04-13,297.6835632324219,299.55932910332734,293.8774314594389,295.32789948753486,12713918
2017-04-17,303.58355712890625,304.3905892359677,297.7271725898525,297.7271725898525,11837502
2017-04-18,298.861328125,307.5422947584775,298.1633505689374,305.3502567714873,16016414
2017-04-19,298.55596923828125,301.55506857224754,296.10217128140476,298.5995910188473,11572557
2017-04-20,298.7195739746094,302.4820545755326,297.53083674034093,300.78077596503664,8393496
2017-04-21,305.9064636230469,309.9415946920145,300.68259538705485,301.10792229562276,30230907
2017-04-24,309.1564025878906,312.9952360104729,305.40481273218376,307.3351203293265,25512511
2017-04-25,312.515380859375,320.13850624665304,311.05402193066243,318.4481183849275,36764315
2017-04-26,308.9491882324219,314.0967043393965,305.928306893378,312.995239734481,16763153
2017-04-27,307.43328857421875,310.6286861796481,305.8410643345287,309.06916371802555,12571594
2017-04-28,304.314208984375,309.78888786542814,303.3981225026031,307.48779533622826,11848658
2017-05-02,298.93768310546875,305.797397579838,298.0107056813703,305.797397579838,18591411
2017-05-03,298.83953857421875,301.16244205882936,297.7271540548239,300.32270822674064,9500038
2017-05-04,296.189453125,300.9116420574184,295.3387992576331,299.9083119533474,14365934
2017-05-05,289.7113952636719,298.23971513700036,289.0025267950224,296.98554531092043,15598448
2017-05-08,288.2173156738281,292.16520329004334,287.55206896104283,290.0931104757881,16066733
2017-05-09,290.16943359375,290.88919289884814,287.96644654235683,288.78439852362084,21106150
2017-05-10,296.44024658203125,297.4217657380991,290.23488830512395,291.14005478726995,22906024
2017-05-11,296.53839111328125,298.76315995890866,294.8152726983295,297.53080109049307,13783848
2017-05-12,294.5535888671875,297.5090375004031,293.1576626746752,296.6474927159638,7523427
2017-05-15,293.16851806640625,295.8513447878458,290.8565055799695,295.8513447878458,6738085
2017-05-16,295.8295593261719,300.32271935054337,292.4923765243663,293.5938701994747,12655992
2017-05-17,295.13153076171875,297.9343025705111,293.9646046150187,295.10971987449096,9844573
2017-05-18,289.51513671875,294.45543490316874,288.8062681534826,292.3288292073666,9790379
2017-05-19,287.6611022949219,291.33633895314074,285.7307949690363,290.747444959486,12813204
2017-05-22,288.817138671875,290.87834066492604,286.86502025349535,289.3297091687695,8801430
2017-05-23,284.76019287109375,290.0604140203586,283.985891692832,289.15521837815226,9223001
2017-05-24,283.0480041503906,286.53786325702066,282.4809209735732,285.1855297491947,14326531
2017-05-25,284.0840148925781,286.2542418843896,282.7753033992134,283.5496335874574,25922008
2017-05-26,291.6853332519531,293.23393541839704,283.54963907609863,284.41118371123235,21430443
2017-05-29,295.96038818359375,297.82526281349783,291.31452337504686,291.61990493129684,24022633
2017-05-30,296.49481201171875,297.6617383832214,294.12825749157685,295.7423216973924,9658309
2017-05-31,292.42694091796875,298.3705979337097,291.35817815007647,298.16337991135885,16423338
2017-06-01,289.7113952636719,292.2742475795672,288.56630900508816,290.6820235262946,9534069
2017-06-02,288.9480285644531,291.9907500279187,287.2576406936465,291.1837178748836,11495005
2017-06-05,289.9513244628906,292.4923659717972,287.00679604519996,289.27518686653826,10835031
2017-06-06,286.34149169921875,290.95462555823025,285.94889571462613,290.95462555823025,9591064
2017-06-07,292.05615234375,292.71050817926755,285.51271046863064,285.99255005999987,11199223
2017-06-08,290.4638671875,293.32118089135463,289.66775521108616,292.2742291415464,7903123
2017-06-09,291.3363952636719,295.0988762037319,290.31125417878513,293.3866774334453,13836547
2017-06-12,287.7919616699219,290.03857051480406,287.2575803489571,289.3405929723157,8432435
2017-06-13,286.6795959472656,289.43874628483593,285.94891658482817,288.0428202288354,6025338
2017-06-14,296.0912780761719,296.6365503289753,287.01768570940146,287.01768570940146,52939271
2017-06-15,301.86041259765625,304.2705887065898,296.4402463537665,296.6365443608263,28290813
2017-06-16,302.91827392578125,304.44506526999805,298.6650049868653,302.9837065925329,32710880
2017-06-19,307.3787536621094,308.80741080339817,303.22367671348997,303.22367671348997,15236956
2017-06-20,308.05487060546875,310.1815050838986,306.9861079240045,307.3241912636536,10142474
2017-06-21,310.15966796875,311.46835031865766,306.28810445692517,307.0624346312959,19992472
2017-06-22,312.482666015625,315.2636275144517,311.40298319371925,311.784688359443,22118609
2017-06-23,313.18060302734375,314.5220165009504,312.0355166923251,313.21333392377994,31143289
2017-06-27,313.4640808105469,314.74006135159607,310.81398529914236,312.34080559510045,32591540
2017-06-28,305.03399658203125,314.0748578010965,304.390560781689,314.0748578010965,15567803
2017-06-29,303.7688903808594,307.5422905415671,303.2018072843435,305.36114346879157,12898245
2017-06-30,300.9989318847656,303.703541019254,299.91924893638793,303.61629744201366,7814271
2017-07-03,301.2279052734375,304.2051940054862,299.0358669076612,302.7874277597432,9195278
2017-07-04,310.1488342285156,311.27213890995654,302.9619556286716,303.1800645609851,18816782
2017-07-05,314.6637878417969,315.7107396809208,310.59592582019263,311.7846630042028,27209010
2017-07-06,314.6419677734375,316.2669227096757,313.6495286282109,315.98335202817526,13590313
2017-07-07,325.2423400878906,326.6818878555257,314.0857648086871,314.74009146669783,35845310
2017-07-10,325.6131286621094,327.3689780131679,324.79520577087874,326.1038882208501,3504540
2017-07-11,325.9403991699219,328.1324377025652,324.3372547767871,327.39086730466556,20995547
2017-07-12,329.5937194824219,332.62552013786365,326.62735148803216,327.0417583413621,17104482
2017-07-13,334.6322021484375,335.2697754999661,331.12560741803645,331.6972279419762,23010262
2017-07-14,337.19342041015625,337.6880812587091,333.19216507304014,334.170509308723,20530867
2017-07-17,341.1507263183594,342.8765359785552,337.9079429402156,337.9079429402156,18749450
2017-07-18,334.1485290527344,341.1616887626977,332.19186990933974,340.0624456806391,19640167
2017-07-19,337.0175476074219,338.12779749377114,332.5436156776203,332.5436156776203,11790198
2017-07-20,336.127197265625,340.7659969567694,334.9839561985099,338.51253526414393,13626050
2017-07-21,348.46075439453125,349.93373036330405,339.65580161993427,340.76602232810484,97142371
2017-07-24,355.1111145019531,357.2326408971597,348.46068106117417,351.7584101021349,43429394
2017-07-25,352.2310791015625,357.2436400510245,351.23075066319774,357.1886646933455,20063064
2017-07-26,356.760009765625,358.3319295298749,352.0002819207915,352.6818238295933,21954323
2017-07-27,350.615234375,358.6836689403043,349.19720457864884,357.9142192981585,18409364
2017-07-28,350.53826904296875,353.0665487377584,346.92175305334956,349.83474288721385,14331863
2017-07-31,355.10015869140625,355.8916219933319,350.8790602164746,352.1871686895664,16567422
2017-08-01,352.5499267578125,356.76001845260976,349.88974123745953,356.76001845260976,12311920
2017-08-02,358.17803955078125,359.6070468448205,353.53921054903253,353.9569411452772,20786240
2017-08-03,362.7728576660156,366.0266478093563,355.5068639103855,357.6613815881096,19707381
2017-08-04,356.62811279296875,365.60893926253345,355.0781772670211,365.60893926253345,18579866
2017-08-07,355.3529968261719,358.7056723964085,354.5175649613818,358.7056723964085,9537088
2017-08-08,352.31903076171875,356.38623879868186,348.85640492672985,355.715703775665,10961296
2017-08-09,351.4945983886719,356.1554114571411,348.4607097285341,352.08820316656966,10436651
2017-08-10,348.3177795410156,353.2204193855858,346.9107566578007,350.230470076191,10188164
2017-08-11,339.9414978027344,347.3613801982895,337.0284791067634,340.97478791188695,16996281
2017-08-14,345.83349609375,348.3507690384517,343.1843174949378,343.1843174949378,13440617
2017-08-16,344.30560302734375,346.48210520503886,340.8099854953141,345.6027047526509,13576650
2017-08-17,344.5254821777344,351.2418704546294,343.21737349980276,344.9431834947547,15828719
2017-08-18,346.35009765625,346.8777495577848,341.4584648502155,343.84383184058265,7935890
2017-08-21,343.9317932128906,348.2738195025065,343.0194311466276,346.7018998506369,7573558
2017-08-22,342.9754943847656,347.3394760018056,342.0960939729541,345.6026888061943,9533641
2017-08-23,347.8121032714844,348.8014249254596,341.45847215325404,344.03072019418977,8320052
2017-08-24,344.7342224121094,350.24144441651515,343.95376601869066,349.55993193066377,12654347
2017-08-28,344.40447998046875,347.7901464035598,343.22827723425917,347.1526024250601,12316426
2017-08-29,336.8416748046875,344.61333598676276,336.36899822657466,343.371180448652,15164812
2017-08-30,343.8658752441406,344.89916560047584,338.8423359367572,340.22737472026887,10334911
2017-08-31,350.54925537109375,351.1978061253657,346.0423324747119,346.2621752131938,25104625
2017-09-01,353.97894287109375,355.40795023557746,351.5386294074586,351.72548108724953,15431918
2017-09-04,354.69342041015625,359.70598198220995,350.8460547912308,355.16609700920856,21560532
2017-09-05,358.9255065917969,359.42016744025676,356.3862495264694,358.35388610738715,25216776
2017-09-06,361.7395324707031,363.30047456598976,356.77096933714165,357.5624031698509,48745984
2017-09-07,359.7168884277344,366.04856398291565,358.3538342641833,361.87143505611704,16205339
2017-09-08,359.18927001953125,361.98136054348487,357.0787212608805,360.5523241986398,13248413
2017-09-11,359.6290283203125,363.56433110666393,359.0354528718815,361.1240177823302,12690592
2017-09-12,362.20123291015625,362.7508397404784,359.2332679719178,361.7615180943989,6500191
2017-09-13,373.3036804199219,378.09637024228743,361.4318185466942,362.31121898376716,29377106
2017-09-14,371.0391540527344,378.7998374866457,370.2257359252255,376.2935715799691,11867640
2017-09-15,370.1378173828125,374.99645952368064,367.0379465789162,370.225754482086,28595395
2017-09-18,371.7866516113281,374.20500979350754,370.7093928393166,373.74331069035946,5061995
2017-09-19,368.73077392578125,373.1937285783475,368.0272771147383,373.17174430300236,7718697
2017-09-20,372.4902038574219,383.63655436704994,371.588819213282,376.42550656543386,24942703
2017-09-21,369.9399108886719,374.49080230392065,367.697456267361,372.4242218722812,12950541
2017-09-22,359.4091491699219,369.30236582373954,357.56241148100924,369.30236582373954,12294087
2017-09-25,361.2339172363281,364.04799243111563,354.0448540033758,358.3538892179402,14229631
2017-09-26,360.5964050292969,363.6523077617996,357.1228010098755,361.2999312850872,10564143
2017-09-27,351.38470458984375,363.0587077764853,349.7798230336181,363.01473922293127,18448855
2017-09-28,345.80059814453125,353.0336316397017,343.05247512244847,351.6046241050633,29547622
2017-09-29,343.36029052734375,348.85650731823716,342.56882709103263,348.13099672232624,16666208
2017-10-03,351.0329284667969,353.4512574244829,345.31684084671826,349.5599526874431,18345748
2017-10-04,360.0467529296875,362.72889324399273,349.8237713060179,351.4066684936975,18907611
2017-10-05,362.3771667480469,364.26787325859016,359.9588375935405,362.7508994541874,10631751
2017-10-06,368.0492858886719,369.0605919733645,361.6956244305018,362.31121353264257,12997688
2017-10-09,365.2351989746094,369.2584389106859,364.07000298871617,368.90666114125344,8850408
2017-10-10,370.7533874511719,372.5561567397226,365.3890774878893,365.3890774878893,14732024
2017-10-11,369.4123229980469,377.4368184671019,367.5875694059078,371.6767621056397,15420644
2017-10-12,383.7464599609375,385.52724490054436,370.26971810699587,370.26971810699587,18642942
2017-10-13,385.3733215332031,391.6390158155488,384.0102671755721,386.62648387087313,21509701
2017-10-16,385.5272521972656,392.2106478886648,378.71192150471217,386.4945896462184,32009221
2017-10-17,384.4499816894531,388.69306403032414,381.3061130622782,386.05486306295046,13898844
2017-10-18,402.1038818359375,403.5988419456188,384.73580493449094,385.791079527061,36671941
2017-10-19,400.081298828125,405.35767217440934,397.04738048507335,402.6755022706082,8014767
2017-10-23,413.2062683105469,415.3827998520189,399.7295245439685,401.40038834807666,27455320
2017-10-24,410.7878723144531,416.7018181492623,408.1277164485432,416.7018181492623,13857773
2017-10-25,413.2721862792969,415.91035788990115,408.699310481948,413.36012337621696,10011782
2017-10-26,416.5699462890625,421.14279307324165,409.3588983475855,413.3161854077807,16840049
2017-10-27,408.8532409667969,420.6591496176772,407.02848732165654,417.71316852405994,11498547
2017-10-30,414.4154357910156,415.75650599319505,409.18303128823794,410.67799142410144,7823263
2017-10-31,413.68994140625,415.84445926459415,409.88654406275253,415.4927108310701,9504986
2017-11-01,418.8343505859375,421.14275806197656,415.84440126350086,416.7238015761588,17571371
2017-11-02,416.2181091308594,420.5711418868121,415.18481896154464,418.9442470025723,10277678
2017-11-03,415.64654541015625,420.32931321375895,413.3821064679399,420.32931321375895,4798537
2017-11-06,410.0184020996094,414.41540376544935,408.4794735301914,414.41540376544935,9757496
2017-11-07,398.6742248535156,411.1176774385511,397.0693433345378,410.39219632174775,20447574
2017-11-08,390.3639221191406,398.3664332566556,388.7370563717959,396.82750461178887,17752793
2017-11-09,395.9480895996094,400.0812506693049,392.23262975124413,393.41980994231596,15007224
2017-11-10,388.6271057128906,396.14593286877397,386.5825095313214,396.14593286877397,13923102
2017-11-13,384.845703125,392.1666720043009,384.076224164917,389.1327540645319,9088619
2017-11-14,389.8802490234375,393.52972665263053,383.8563816887379,384.73578202209205,12481463
2017-11-15,388.5611572265625,391.59504577032317,386.032877638094,388.91290561389684,15272059
2017-11-16,397.4211120605469,398.3664653398233,389.3526474463649,389.3526474463649,15160866
2017-11-17,400.960693359375,406.6767521703506,399.4657038116165,404.06056448903047,12219276
2017-11-20,404.8959655761719,406.4349236727002,397.9267736422081,398.4543962914145,9231195
2017-11-21,410.0403747558594,413.16222970682384,406.9405040788137,407.51212455220184,13082246
2017-11-22,409.2489318847656,412.7225351419553,406.03911055729304,412.19488322802147,11058315
2017-11-23,416.39410400390625,417.6692214528438,407.4462388807907,409.35892972994975,16031638
2017-11-24,418.1968078613281,421.89028357421563,416.56994211274895,417.71315379733244,13987125
2017-11-27,418.30670166015625,421.01085543962597,415.07492530020517,416.50396182534405,10237135
2017-11-28,414.7891540527344,418.30672618333006,412.48074642479656,417.6471979190636,10153618
2017-11-29,415.9543151855469,417.71311577936956,413.75582911901864,414.1295617708184,8038351
2017-11-30,405.2037048339844,413.9536804010444,404.3023202790737,413.9536804010444,20637767
2017-12-01,400.169189453125,409.4688018990885,399.1139149064519,406.4788524582643,11114967
2017-12-04,396.4317321777344,401.7960418329414,394.563010170205,401.664136187916,10103208
2017-12-05,401.7520446777344,404.85191516960856,393.7275797162294,396.1898769510448,18306627
2017-12-06,407.4461669921875,409.0510483210935,399.5975464824616,400.12519840187605,24078081
2017-12-07,409.6007385253906,411.5573978424175,405.841309827271,408.94118087702634,12095301
2017-12-08,404.96185302734375,411.9750417346528,404.104466360806,410.6119874260927,12224184
2017-12-11,402.82940673828125,407.16045631025173,401.68619491798904,405.5995138517814,10792248
2017-12-12,402.5875244140625,408.47948628420266,399.2458265248869,402.74141434065905,15782031
2017-12-13,402.1697998046875,406.6986776443967,400.4329834596337,403.15912148393954,9147866
2017-12-14,405.1817626953125,406.6767227835391,399.5755963235818,404.082519566807,10983157
2017-12-15,404.41229248046875,410.21631745807645,403.510907812253,409.3589013418954,24408414
2017-12-18,404.96185302734375,410.0843355105695,379.30550141571325,400.98261146916843,18581421
2017-12-19,407.1383972167969,407.6000669751246,404.52218053177035,406.1051069776101,8891691
2017-12-20,403.708740234375,407.77594844103834,403.20310191861756,407.11642020309387,10443493
2017-12-21,401.4223327636719,406.2590201230297,400.12523115985636,403.84066176759944,9071450
2017-12-22,404.69805908203125,405.5774594112423,399.81740339823574,402.16980881811315,10658428
2017-12-26,408.8312072753906,412.8324625046236,403.7087247332023,406.654705470742,11596338
2017-12-27,406.1710510253906,412.216873058955,404.0824863179319,410.23825907165235,9520350
2017-12-28,406.368896484375,410.8538055880025,404.12644193256125,406.8305662179546,15511891
2017-12-29,404.98388671875,409.9304956175748,403.8626592818835,407.3802608772716,11089700
2018-01-01,400.0152893066406,405.70936311758567,399.0259676099473,405.70936311758567,9453202
2018-01-02,400.630859375,404.3243349654804,398.5422945557765,401.44430689808223,9499419
2018-01-03,402.2357482910156,407.1603723602456,401.4662693595577,406.7206575344839,13507800
2018-01-04,404.65411376953125,405.3136713921885,402.63150170165216,403.7087605627071,9008932
2018-01-05,405.9512634277344,407.5561744471402,404.6321773778227,405.3137193568385,7441284
2018-01-08,408.2816162109375,409.3588750180191,406.06114577296336,407.20435740385597,8827020
2018-01-09,413.7338562011719,415.03095773275516,406.2809817737514,408.1057058870631,14294571
2018-01-10,414.3494567871094,416.5699272501448,411.3375230779073,414.6352523601828,11727682
2018-01-11,412.3268127441406,414.48133021513206,411.1176190182887,414.1075682202053,7849171
2018-01-12,417.2734069824219,418.944270505838,412.5466706765614,414.6352354050813,15071161
2018-01-15,417.33941650390625,421.450593697631,415.6026292741727,417.71317856338413,11120925
2018-01-16,405.8193054199219,416.701844644829,404.52220381560244,416.701844644829,10825151
2018-01-17,406.5008850097656,408.47952868870186,398.8061530691234,407.1604426865795,13204016
2018-01-18,404.3903503417969,408.7433548528326,402.36773803443594,408.47954351313507,9381821
2018-01-19,409.4907531738281,410.85380745924664,405.4455295123285,405.8412464286276,9973533
2018-01-22,427.16668701171875,428.39783588683053,413.31621080157726,416.8337832092546,45700733
2018-01-23,432.33306884765625,435.71873504339794,428.70557564182593,428.70557564182593,22526810
2018-01-24,424.9022216796875,431.67355475299144,423.27532656318414,431.67355475299144,14289485
2018-01-25,424.704345703125,427.3864859503366,420.4172653298735,425.5837167012259,13669901
2018-01-29,424.0887451171875,429.7168661094507,421.802321881315,424.8362397967424,9897064
2018-01-30,417.8890380859375,424.6604006057876,417.27344900176803,424.6604006057876,9182956
2018-01-31,422.6817321777344,424.08875512111547,413.997679439338,417.7131392989015,12551686
2018-02-01,415.0090026855469,427.6503134810664,411.82119464193335,423.5391658544019,16524809
2018-02-02,397.64093017578125,415.05297576450937,396.1679543304869,411.11767294971105,28965593
2018-02-05,396.6736145019531,401.2245066473689,387.7257788547849,393.09008925793955,19191099
2018-02-06,392.254638671875,394.8488713165877,382.97700995694254,385.61521115403156,24062503
2018-02-07,393.2658996582031,398.10258662281103,391.33122487236,396.8494536721968,15532284
2018-02-08,397.72894287109375,400.4111131106305,392.36463174352923,394.804974900811,13825894
2018-02-09,394.78289794921875,396.60762212940665,389.5724486546818,390.89156386035035,11580639
2018-02-12,402.54351806640625,403.73069816875363,396.62957247633346,397.04730301794615,11877059
2018-02-14,410.5240173339844,414.4153508368687,404.9618204763312,405.8412206971833,22247829
2018-02-15,411.40350341796875,415.8444446410589,408.10574456363065,412.28290382235866,13363743
2018-02-16,405.0937805175781,414.4593450190421,403.6867283365745,413.14022993041374,9628162
2018-02-19,407.6000671386719,409.798553263164,401.68612126585737,404.9618661783807,8941900
2018-02-20,405.00579833984375,408.7212577543578,403.9945218168144,408.47943075972034,8458450
2018-02-21,408.63336181640625,410.0184004584889,405.4675382405737,408.919157384304,11917390
2018-02-22,406.43487548828125,409.3588720438302,404.52218490865516,405.4015852379144,11196908
2018-02-23,410.7878723144531,412.4367515729764,405.73134252001597,406.89653839741874,10610664
2018-02-26,412.74456787109375,415.4707061515473,411.82119892693214,412.8764735271878,8435611
2018-02-27,417.9330139160156,420.2634059332672,412.5906879569748,412.8764835521179,14021366
2018-02-28,419.71380615234375,420.8350336269253,414.7232285332822,415.93239311555607,56650480
2018-03-01,417.0096130371094,422.06614301404807,415.93235421712035,417.6032178100225,8956590
2018-03-05,406.324951171875,417.77908094069085,405.22570810614127,414.6352416634823,12325694
2018-03-06,400.49896240234375,411.6453128884909,397.9707120301943,408.47948917870684,16019726
2018-03-07,391.2213439941406,399.79544642431404,390.47384926054247,399.79544642431404,15853546
2018-03-08,400.7627868652344,402.1038864106876,392.7822891783494,394.69495055104676,13283967
2018-03-09,401.48822021484375,404.2363422547351,400.5868357161354,402.2796833541362,10638527
2018-03-12,409.0511169433594,410.28229517803504,403.44497946128604,404.52223840299837,8315150
2018-03-13,409.73260498046875,411.5573584635263,405.11578993817983,409.7545892549272,11148731
2018-03-14,408.50146484375,409.8205506904809,404.1704452784072,408.39154346914756,14724464
2018-03-15,400.9166564941406,408.67734037844394,400.12522259441727,406.72068120112385,12711836
2018-03-16,395.750244140625,399.99332672388886,389.5944708832624,399.68551751496886,30814962
2018-03-19,393.7496337890625,398.76216623768994,392.21067573086674,396.1679629073655,12630833
2018-03-20,391.2433166503906,397.48702694206247,390.0341521578806,392.7822746237687,15192983
2018-03-21,394.3651428222656,396.76148735593546,392.7822457661031,393.4637582500549,14715126
2018-03-22,399.3117980957031,400.9826617944784,393.85955082567887,393.9694722069794,22129723
2018-03-23,393.0461120605469,395.72825252739256,390.935562789273,391.59509109185586,23469999
2018-03-26,396.2119140625,397.6189370483925,392.43050126406655,393.06807460615215,13227705
2018-03-27,395.64031982421875,400.4550232441875,394.40917096085593,398.8941102258626,15179544
2018-03-28,388.1214294433594,393.90346947628746,386.93424932420874,393.8814852028125,19160609
2018-04-02,392.6283874511719,396.1459891913898,389.7923570037146,392.6503717282606,12494499
2018-04-03,395.53033447265625,396.4756875821662,389.24265615921826,391.7709356595587,13922126
2018-04-04,393.4857482910156,400.9166383628737,392.232615321624,397.7947834006433,14214534
2018-04-05,399.3337707519531,400.1252340257902,397.2671901406303,397.9707163119858,8527915
2018-04-06,400.5649108886719,403.8626402150307,397.9267391681857,399.2458250284288,9664888
2018-04-09,402.7633972167969,404.08251242890424,401.2464528798263,401.2464528798263,7813897
2018-04-10,403.22509765625,406.2370314163251,401.9499803418064,403.8186730872744,8455132
2018-04-11,409.29290771484375,410.12831012022974,402.7853572018601,405.3136367463454,13140816
2018-04-12,408.34759521484375,411.84318315544266,406.36895167065467,408.8532335631459,10822592
2018-04-13,412.8105163574219,414.0636494286388,408.34759096716544,410.10636238142484,12616816
2018-04-16,412.0190124511719,413.31614329755917,408.2596136082108,410.8758008716018,8934275
2018-04-17,415.1848449707031,416.4819758454091,411.55735169024786,413.3161523209842,9599816
2018-04-18,412.4367980957031,416.92170791862156,411.13966707604186,415.6246062504644,7360987
2018-04-19,414.3274841308594,415.5146643576494,411.11766250647923,412.92043179788385,9802587
2018-04-20,407.9958190917969,414.12960823320816,405.0498673911544,412.43678962186937,7326696
2018-04-23,411.5573425292969,415.22880427622164,408.2596134336968,408.9191416419167,7674482
2018-04-24,426.529052734375,429.0133637586765,411.11763633948044,411.4694140760855,19921115
2018-04-25,426.7269592285156,431.69552279157006,423.67105694467574,428.1119979069819,14079382
2018-04-26,428.8594970703125,434.4216654685655,423.09944084321853,427.82620678159736,34096999
2018-04-27,438.0711975097656,444.5347509131841,433.3224470257517,435.21315350875267,25518647
2018-04-30,423.5611572265625,436.44429527158326,422.1101362973087,431.78351132065546,19406069
2018-05-02,427.6943359375,430.55235065688134,424.33062414298183,425.18804029939815,13381914
2018-05-03,422.8135986328125,429.98067703758335,421.7803084580587,429.98067703758335,8634812
2018-05-04,419.449951171875,424.17668762438456,417.7131347727149,423.36324011139175,8302649
2018-05-07,426.9468078613281,427.9361296028641,420.50523907942835,421.6044821976347,7683268
2018-05-08,425.2319641113281,431.78348344312815,424.3965323198635,429.8048400138968,10792648
2018-05-09,429.4530944824219,432.79479254745905,423.099462498123,424.7043733772384,9831044
2018-05-10,431.4097595214844,432.92673331523554,428.37584128548633,430.9041211579035,8781584
2018-05-11,434.9713134765625,435.8726687866166,429.91478327240196,431.45371193375354,8774740
2018-05-14,433.80609130859375,436.15849689669636,429.4530872516334,436.15849689669636,5642499
2018-05-15,430.4424133300781,439.69805778847046,429.4311072717727,432.2451826843407,10501479
2018-05-16,420.4172668457031,428.26588784406755,418.7904011418488,428.26588784406755,18840763
2018-05-17,415.66851806640625,422.1100863263397,413.9756702998503,421.82429077015496,10353948
2018-05-18,410.6120300292969,419.25208522362976,409.7985824738615,415.77848159557163,11440117
2018-05-21,409.5127868652344,411.425477561161,405.44557843979345,409.248975555866,14491208
2018-05-22,407.49017333984375,410.677981371206,406.7206943387555,410.30424868426456,11310073
2018-05-23,401.1145324707031,407.1603840239931,399.75144875844427,407.1603840239931,9991028
2018-05-24,402.6974182128906,404.9618571093157,400.1911523055173,401.8839707336553,11632489
2018-05-25,404.8739318847656,406.0171435033568,402.08187033713955,402.7633828425202,17782410
2018-05-28,404.69805908203125,407.60007136297725,403.68675310616374,406.67670248488076,11369679
2018-05-29,403.4010009765625,408.0398007894918,402.0599307396476,405.18178610118196,17878384
2018-05-30,402.807373046875,405.9292282293453,398.6302432865486,402.25776615814925,13105124
2018-05-31,405.11578369140625,405.5334848996768,402.12583435665135,404.96186442106887,37080158
2018-06-01,409.1610412597656,411.44746465964994,403.8406703753189,404.5222122806992,19174278
2018-06-04,413.68994140625,415.07498021475556,409.16106291860933,410.4141960645434,12250151
2018-06-05,416.67987060546875,419.9116472336744,413.75587384142466,414.54733712934325,17436812
2018-06-06,419.6478271484375,420.3513239660994,414.48137563621924,416.394066312243,9164022
2018-06-07,427.10064697265625,429.1452430384665,419.6697573333403,419.867615787806,14999572
2018-06-08,432.8168029785156,433.7841111323126,422.37394890621266,424.9022287263294,14289325
2018-06-11,432.0693054199219,439.67607040391886,430.4863788391981,434.0259646939955,15018718
2018-06-12,438.4448547363281,439.69798763327526,431.0359493667822,432.3990036273651,16285583
2018-06-13,440.7973327636719,442.2923223585391,435.08127377257733,439.69808952109577,12962502
2018-06-14,443.1936340332031,444.8864524978692,434.1578331747486,438.5767896943391,11997529
2018-06-15,445.9417724609375,450.03096528434185,439.3682976970795,442.3362630706637,24705890
2018-06-18,446.53533935546875,448.6898569663923,442.77591099788714,443.5673742339309,12363932
2018-06-19,437.9612731933594,446.20561164199324,436.9059692248665,445.8098653159325,13881382
2018-06-20,448.1622009277344,449.76711165971903,437.43358152034756,437.93921983084886,15735681
2018-06-21,453.7464294433594,455.5272145536468,449.06363176299374,450.0089850097201,22988909
2018-06-22,445.1942443847656,452.5371971416547,443.4134595410246,452.18541941667513,35370008
2018-06-25,441.6547546386719,446.9531124194019,440.70940132866957,444.71065734972433,11369371
2018-06-26,430.4424133300781,442.33625899115987,428.81554753719774,442.33625899115987,17649122
2018-06-27,427.5212097167969,436.17475776935953,426.12688301200467,433.1205591247422,19595831
2018-06-28,418.27008056640625,428.69418605939774,416.21181694555554,425.81703732695695,18770484
2018-06-29,430.4426574707031,431.7927219188633,420.0628126422111,420.1070751127927,17425606
2018-07-02,425.1973876953125,430.3983754914588,423.6039092788918,430.3983754914588,14570004
2018-07-03,429.9336242675781,433.0984794484109,425.0867361670919,427.1450000737451,11084063
2018-07-04,438.25518798828125,439.09620441578414,429.8008203413119,430.1549200801727,10938521
2018-07-05,426.9236755371094,446.35546030550455,424.3121308417971,441.30939123835054,40946479
2018-07-06,432.7000732421875,435.11243665609027,426.92364433094065,427.03430049233924,20039239
2018-07-09,441.3536682128906,442.63730936884104,435.33379510867593,436.92730309708384,11309207
2018-07-10,454.0130310058594,455.252409534271,442.63725283675956,443.8545001333729,22846197
2018-07-11,459.8116455078125,460.74118690119207,450.538392356147,453.7032475214379,18953870
2018-07-12,479.0884704589844,486.45837816909665,461.49363722739486,462.26825996028464,52736376
2018-07-13,486.8124694824219,490.884734386246,478.048235627263,478.26957749632805,39301408
2018-07-16,476.3662414550781,490.84048121382574,474.9719147087107,486.8124786980212,14427529
2018-07-17,483.51483154296875,485.10830981860164,473.44482535470144,477.2957779713499,14150770
2018-07-18,483.6034240722656,488.9371995484613,476.8531904333908,486.1928377125174,10241565
2018-07-19,489.04779052734375,493.54054891068466,480.8589981297776,483.93532808698376,11885426
2018-07-20,499.5826416015625,503.94258356066035,492.16844145922533,492.8324080601286,17538801
2018-07-23,495.8865966796875,500.091649702542,492.69963960632134,500.091649702542,12779803
2018-07-24,491.74786376953125,498.7415101516092,490.1764872506868,496.63901362888686,9775749
2018-07-25,493.60693359375,497.0816552197648,488.76007557931655,491.32735759499656,13014255
2018-07-26,491.6151428222656,496.4177982417859,490.35363284323904,491.3716992302574,14053674
2018-07-27,500.11376953125,503.4556745303604,492.2790762620405,495.5324563245686,14610585
2018-07-30,509.6525573730469,512.264101892655,499.29484512883414,500.18009442517126,30344461
2018-07-31,524.9678344726562,526.9154422077543,507.77142201803036,509.47555662545886,30350826
2018-08-01,527.778564453125,532.4484024548143,524.702234357026,526.915416799906,21227054
2018-08-02,517.1553344726562,527.402421736804,516.0930351476295,527.402421736804,13668930
2018-08-03,520.9620361328125,523.8613167444269,517.6864949546758,520.0988883654771,14536058
2018-08-06,527.8892211914062,529.3941449850735,520.2537392278248,520.8512529511331,8785462
2018-08-07,524.1710815429688,531.7844621932755,520.9840657513095,528.9072836683633,8879612
2018-08-08,538.9994506835938,541.1241082944092,524.5252096295219,524.5252096295219,17307566
2018-08-09,539.110107421875,545.196344330461,536.476402010622,540.6814545371221,14976885
2018-08-10,533.02392578125,537.8044504958418,532.1829387336777,536.0338923528925,7833494
2018-08-13,525.7202758789062,531.1425752585429,523.5070936646752,530.0802170660986,10211072
2018-08-14,535.8567504882812,538.7781325107724,524.2153666760712,526.7383864812343,11592139
2018-08-16,531.518798828125,538.2469297718325,529.1728291288373,532.6033178447335,13086024
2018-08-17,532.8246459960938,537.9813709699346,531.1868756757327,535.1484549846034,8379864
2018-08-20,546.6128540039062,547.4538409504962,534.5509465707307,534.6616322956245,16639535
2018-08-21,552.0571899414062,553.9605350562346,543.1159355150601,547.6529859742922,15923396
2018-08-23,561.9058837890625,563.9198554134165,548.1620048381349,551.6587985281662,17429373
2018-08-24,565.4691772460938,566.553637289523,557.7451695344503,560.0468770289477,14550512
2018-08-27,571.666015625,573.5914622985424,566.0224038969507,566.3100803565542,12188510
2018-08-28,583.838623046875,585.6091808781202,573.2153351548222,573.6579598387789,19018790
2018-08-29,572.861083984375,588.2648932667877,571.090585533899,582.6433834002996,24230135
2018-08-30,564.119140625,574.1670165820664,562.3485827665904,572.5956102867835,21545859
2018-08-31,549.6006469726562,562.1493822055606,547.3653036011001,562.1493822055606,33479841
2018-09-03,544.067626953125,556.7934703656733,542.6954313774909,551.0834348230343,26686176
2018-09-04,549.7333984375,555.4212731824157,544.0012612256086,546.723432492321,19333815
2018-09-05,543.115966796875,554.4696148937215,534.9271738135313,549.9768266412864,22584608
2018-09-06,558.3426513671875,560.2459965298393,542.3855889134629,544.5102464095141,24487897
2018-09-07,565.9560546875,567.1733021176628,555.2885043132686,559.8919192232029,23389269
2018-09-10,555.8860473632812,565.2478248682096,553.3408669206563,564.3625164512283,15440786
2018-09-11,547.8521728515625,561.4411643250952,546.3250881432887,557.2803741025751,23787332
2018-09-12,554.4031982421875,557.1475301010046,543.9348004989483,554.0933018992939,17642490
2018-09-14,554.69091796875,564.628107824439,552.2564231675549,557.4574108229871,17233514
2018-09-17,542.6290283203125,553.6285756317748,540.7256832758947,553.6285756317748,14773803
2018-09-18,538.7559204101562,548.6046437585512,537.5165714076329,542.6732962459503,16660044
2018-09-19,535.9231567382812,541.7880820259376,531.6074770684515,541.7880820259376,24642640
2018-09-21,538.9109497070312,547.7194178254392,523.8612958858874,539.5748867726132,41713856
2018-09-24,545.3512573242188,548.82594937841,533.1565644174077,537.5608273075529,22098277
2018-09-25,544.7094116210938,551.0833835775716,528.951502034145,546.8783314029075,21250513
2018-09-26,553.9163208007812,555.0450433187049,543.182406037007,548.4276564018437,13992341
2018-09-27,554.9564819335938,559.0509078246089,547.7636242912354,555.5097923127173,23642923
2018-09-28,556.815673828125,562.9019710013282,552.1015724813706,557.6788216421263,24220992
2018-10-01,545.1963500976562,556.704946131616,532.9352921219858,556.704946131616,16039441
2018-10-03,533.4222412109375,548.6932669178199,531.1869568120767,544.2226390246745,16135428
2018-10-04,496.7497253417969,526.9154556769621,489.55686709787676,526.5170934450266,50774608
2018-10-05,464.2601623535156,493.6734015355921,459.52393023943023,486.6797538630286,47998260
2018-10-08,491.06182861328125,494.4258648450093,453.9466852504677,464.7691837675426,53983473
2018-10-09,482.49676513671875,497.2144483003737,478.5794188244638,496.4840880859601,24042005
2018-10-10,487.83056640625,493.91683291284284,479.9516108884304,484.2009259167395,20784941
2018-10-11,481.5008544921875,493.42991434329895,461.67070791989903,470.9660918957569,28926389
2018-10-12,498.65301513671875,499.73747508395496,487.7420219664262,489.0920567053838,19814528
2018-10-15,504.4958801269531,507.66073530336155,494.93492089423233,500.1358791922086,19406012
2018-10-16,515.141357421875,516.7348063938479,504.6065346457416,507.26240112320806,16358598
2018-10-17,509.6083068847656,522.0242535824618,504.60647095666945,521.8693644996696,27967162
2018-10-19,487.4764099121094,491.7700167155231,473.73253053784686,486.90099787248624,55606079
2018-10-22,470.3685302734375,493.4520573561572,468.0225603769544,491.3273997993972,28798142
2018-10-23,466.849609375,471.27597468215515,461.95845857292113,465.9864616396083,23128845
2018-10-24,462.88800048828125,476.2556509134501,456.536158583615,475.7908654180512,29869514
2018-10-25,456.2705078125,460.63050852172944,449.896535320371,458.5722447244144,30833933
2018-10-26,462.5116882324219,467.86762393617505,452.37531752942397,457.20004454263693,20085933
2018-10-29,481.5008544921875,484.1787928343291,462.9986114742478,462.9986114742478,16781215
2018-10-30,467.86767578125,480.48283463585625,465.69872605102347,480.48283463585625,19263668
2018-10-31,469.748779296875,471.784911714554,463.44120095796404,468.75284431979924,35999348
2018-11-01,467.53564453125,472.6923697947122,464.7691811842669,472.6923697947122,20552752
2018-11-02,475.790771484375,478.4908703381473,470.5897844056496,472.2939483061466,36739798
2018-11-05,482.607421875,483.66975057554976,471.40869328067197,475.14898973880054,16585905
2018-11-06,488.7158508300781,492.2126744103127,483.18286509903413,484.24519386814285,18886485
2018-11-07,491.63720703125,493.54055213197415,489.8666788739522,493.54055213197415,2808599
2018-11-09,484.0017395019531,493.00941737855555,480.2614724335663,489.66751250930923,23712291
2018-11-12,478.0482482910156,486.3698281761939,475.6358848288891,485.88294105630706,12690610
2018-11-13,486.65753173828125,488.2288787059007,473.64398363347124,475.3924099989272,14899604
2018-11-14,485.99359130859375,492.5003509359988,480.4827666892778,489.1363149600316,17034346
2018-11-15,485.5067138671875,488.228914608546,480.92540091962326,485.5509763329752,14943663
2018-11-16,499.029296875,500.1580193355547,485.6173852021472,485.993616173096,24131016
2018-11-19,509.0329284667969,509.785390436092,500.6228230165289,501.4638099233881,15987574
2018-11-20,503.4556884765625,511.64448171893866,500.1801475414441,506.8197543507155,12511640
2018-11-21,492.61102294921875,507.0410301884581,490.0216095734906,503.4999146912165,16422494
2018-11-22,488.1625671386719,498.1219183611258,486.9453196665298,493.3192926298162,12670591
2018-11-26,491.21673583984375,494.6471656942796,485.7501733968261,490.88476733552335,13969873
2018-11-27,499.3834228515625,500.18014730249286,489.31341556409285,490.39787561445803,14896607
2018-11-28,510.2059020996094,512.4633470527494,498.5424168099133,501.26458812722854,17507771
2018-11-29,517.2216186523438,522.2676572802367,513.4591913637076,513.9018159634514,27640198
2018-11-30,516.8011474609375,524.9677789775235,514.4772794365788,518.9036440678603,23443212
2018-12-03,511.887939453125,520.0545716674077,508.36892549379166,520.0545716674077,12182825
2018-12-04,510.0509948730469,512.574014835583,505.58036707556204,512.574014835583,11358720
2018-12-05,511.3124084472656,512.9280769901476,504.29660122667514,506.26636947361516,12729759
2018-12-06,497.3694152832031,508.59021642539426,494.9791534586504,508.59021642539426,12831451
2018-12-07,501.862060546875,503.25635755117946,490.5969397219815,499.9366140352938,15779984
2018-12-10,482.5853576660156,493.2307773823426,479.42050235716954,491.3274320404078,20521072
2018-12-11,485.8165588378906,487.8305601586093,466.98234748758017,471.8513369923307,29518062
2018-12-12,491.5487365722656,492.8766697720291,481.4787586849396,486.45840476706644,27572962
2018-12-13,490.0216369628906,499.29489010674473,484.70999296784566,499.29489010674473,20337275
2018-12-14,492.3011779785156,493.4962940984288,483.2713690591499,488.2731754146962,15795834
2018-12-17,500.13580322265625,501.5079986485464,491.99130333038806,493.96104199697106,11077711
2018-12-18,503.0130310058594,504.16385513832273,495.9750624295153,497.2144705906611,12841994
2018-12-19,503.1900329589844,507.8377097037546,501.5965252165056,505.2704277880674,16118419
2018-12-20,499.4940490722656,501.2867084210237,494.0495886865368,496.1963477490829,12609700
2018-12-21,486.98956298828125,500.7334434966957,485.1304802268269,497.9669505886336,18115814
2018-12-24,482.0984191894531,488.31747334945453,480.9475654515845,487.29940701814274,9065704
2018-12-26,486.170654296875,486.90101453525165,471.69641421389167,480.61556706264236,15771193
2018-12-27,495.84228515625,498.852251139613,488.6715881289746,490.08801663787307,27294221
2018-12-28,498.21038818359375,502.50396548742816,496.2848823093823,498.18822740334554,16768547
2018-12-31,496.30706787109375,501.8843160362173,494.0717541773984,500.6006453893138,15799099
2019-01-01,496.1963195800781,498.9849728586727,491.3715930627903,498.0775628458981,9746670
2019-01-02,489.7339172363281,498.8522514846727,487.343655344541,493.31926575244586,15628818
2019-01-03,483.6919250488281,493.36354038015054,482.5189400816617,490.22081646225075,16288287
2019-01-04,486.30340576171875,488.87071724900716,478.5351367010187,485.75012497633685,18516544
2019-01-07,489.0035400390625,495.06767517209585,487.3436384673368,489.99947507255644,12060290
2019-01-08,488.95928955078125,491.30525940351646,485.1304679541355,489.1584706528177,12304389
2019-01-09,491.65936279296875,494.425855651597,486.32558772693704,492.21267318377784,12614237
2019-01-10,490.2208251953125,491.7700707213868,488.2289549747655,490.33148136893067,8925160
2019-01-11,486.03790283203125,493.0094485923321,481.8549812853927,490.2650868480433,14139060
2019-01-14,485.4845886230469,487.1223294251018,480.88114438580243,484.6878346813324,8994060
2019-01-15,500.0252685546875,501.0654661570828,489.11424457328434,489.11424457328434,22011407
2019-01-16,502.7917175292969,506.8197201745907,500.3350619936165,502.393296235088,13961606
2019-01-17,502.1499328613281,508.10338294893256,500.1801642588443,506.57629815183714,16379077
2019-01-18,524.2374877929688,526.6941435340066,502.5040239545783,508.5017364096409,56181172
2019-01-21,547.8521728515625,548.8481079387703,526.1408115885986,528.5089422923119,48206814
2019-01-22,546.7235107421875,551.9466598791307,539.8404893083788,545.7054738560403,36207430
2019-01-23,542.8060302734375,550.7292469993979,540.9026853969897,545.9044615705386,19313542
2019-01-24,552.1678466796875,554.713026959405,540.0617379573561,542.2306577517834,28775487
2019-01-25,551.5260620117188,559.8033797795792,546.8341222864655,553.4958304499542,18703992
2019-01-28,544.24462890625,555.9302737653469,541.0797741438378,553.5178808774523,18744303
2019-01-29,535.8788452148438,545.1742589755294,531.7623174984154,544.8865233857091,20405845
2019-01-30,529.2613525390625,542.2306681873968,527.225220095184,537.804303586863,17164298
2019-01-31,543.182373046875,544.3110954962458,531.6074129717023,532.0500376390211,22279301
2019-02-01,553.2743530273438,555.5096958411901,543.1380135744545,546.2143431060041,20187323
2019-02-04,571.4004516601562,574.0784193450475,549.7776177383931,551.9686392293681,25528059
2019-02-05,571.688232421875,577.3761668533017,565.9560946142955,571.8874430916759,20479210
2019-02-06,579.9655151367188,583.2410560216659,572.8833428361716,573.7685922129579,20586783
2019-02-07,571.1792602539062,584.8124564704674,569.2759148250642,579.9655679526219,20150710
2019-02-08,565.5576782226562,575.6498162527372,563.145285109626,568.7003724990501,14230054
2019-02-11,554.7351684570312,564.8052045928157,553.7392334148291,564.7609421263937,16457901
2019-02-12,556.1295166015625,563.1895874760552,553.9605964529412,553.9605964529412,13998153
2019-02-14,541.87646484375,549.3127945825377,539.1321331998678,549.3127945825377,14496604
2019-02-15,550.8399047851562,553.252297636153,537.3616008246254,544.3331455070256,20994460
2019-02-18,540.061767578125,554.4032201240432,537.8043227333932,553.2965993868063,21106139
2019-02-19,538.2913208007812,548.737560329687,536.122400440368,539.1323078218984,13658461
2019-02-20,546.3693237304688,548.8702417164039,539.57482832799,541.7216465839695,13776558
2019-02-21,551.9243774414062,556.7491632550892,544.1561082536389,547.0996507231351,23142949
2019-02-22,545.484130859375,551.2162685698074,542.673375318835,550.9064312740302,19152470
2019-02-25,545.4618530273438,550.1981136755784,540.3051285442053,547.0996231918582,17176522
2019-02-26,540.128173828125,546.5685699194651,533.8206242395728,535.369810658872,22160532
2019-02-27,541.566650390625,551.0391128042148,535.1484160679546,543.5806810693128,24308835
2019-02-28,544.9086303710938,548.8038457853164,542.916760195535,546.1037761145965,24688859
2019-03-01,542.6954345703125,549.910453132345,541.0134608104729,547.5423224852349,17329606
2019-03-05,547.8300170898438,548.7816896146917,539.3977517583712,541.5224091283327,15577500
2019-03-06,559.84765625,563.5215593191119,546.7013485588425,548.7817436696697,26332276
2019-03-07,562.260009765625,566.4871638440499,556.9040741791548,559.4935170418076,17738092
2019-03-08,560.8656616210938,564.1190411676282,558.608217000862,560.4008762300434,13211934
2019-03-11,577.243408203125,580.7402027272578,561.2641824047415,562.171592664967,21258869
2019-03-12,589.3051147460938,590.4780995651925,581.7359971792328,582.9089819983315,24561597
2019-03-13,596.3653564453125,601.986809067563,587.866724702752,591.8062032431679,24577591
2019-03-14,593.820068359375,602.8720089653071,591.4076752180963,597.4497089144025,22753310
2019-03-15,585.0115966796875,601.4555465859182,580.3860210833575,595.3471487793354,34764353
2019-03-18,597.58251953125,601.079372818546,588.26500375624,589.1502531477479,22104063
2019-03-19,609.3123779296875,610.8394625509037,594.5061398709255,601.9866738940681,21448030
2019-03-20,608.825439453125,614.3805267326183,603.7572393047114,609.8656369626848,21639437
2019-03-22,593.9085693359375,611.2378271135251,591.6732852516752,607.5196617727818,25078643
2019-03-25,586.2509155273438,591.7396385052343,582.8204858269424,588.9731457836614,17394088
2019-03-26,605.1959228515625,607.1213698963418,588.7076500196026,588.8404374331935,20734876
2019-03-27,597.2283325195312,609.9320140041797,595.0151502686878,609.9320140041797,22079870
2019-03-28,601.9866333007812,606.324531952595,594.3733123933253,597.6709545235412,22930248
2019-04-01,616.0848388671875,622.7022266149268,603.1155791261481,606.4132221551301,22088854
2019-04-02,615.1331176757812,621.0644661420826,610.8838022216285,618.8070210005278,17526740
2019-04-03,608.7147827148438,621.0201023548342,607.2983247627387,616.48305202846,17169813
2019-04-04,598.910400390625,612.4772302504579,596.3430591887059,610.3968352667464,18320845
2019-04-05,599.28662109375,603.7129859979176,594.4618939853823,602.4072136697757,14717266
2019-04-08,588.3756103515625,600.8801417011313,585.9190138260517,600.2162046801037,19081843
2019-04-09,590.6773681640625,593.4438019252227,584.7238594627548,588.2207125793918,20774977
2019-04-10,589.3272705078125,596.6750764335661,587.1583505228762,592.2265507481526,16651949
2019-04-11,596.1439819335938,598.888314244937,588.2650256739382,590.0134228350183,12558520
2019-04-12,594.506103515625,600.6145007223635,591.65108599662,597.5602725712885,12948769
2019-04-15,593.2003784179688,597.0955936790656,590.9207727394057,595.347137600993,9285737
2019-04-16,594.7938842773438,601.9866828312216,593.1339531383726,595.3471355615848,17360317
2019-04-18,613.4730834960938,615.155056968795,604.1998322370023,608.6261964086086,39286534
2019-04-22,595.5020751953125,605.0851649965012,593.7093566824035,601.9866741912256,23607922
2019-04-23,603.69091796875,607.7410225803753,595.7898603109938,596.6751097030148,19807450
2019-04-24,615.0446166992188,617.3905868751744,604.7532666512986,606.5459854597473,16101112
2019-04-25,607.4754028320312,625.180921221674,603.137562941129,614.8674710903454,30469914
2019-04-26,616.505126953125,617.8994831602779,606.7228863920471,608.6262313685243,15069884
2019-04-30,616.505126953125,618.0986346931494,604.9965912649715,618.0986346931494,22348580
2019-05-02,621.927490234375,625.844806825793,611.7689300216467,616.1510320190431,18992003
2019-05-03,623.6094970703125,627.4383480359272,620.865165141616,623.211134884836,14240262
2019-05-06,613.0084228515625,620.9316411509761,609.9984567813605,618.8069835524767,15832114
2019-05-07,594.6831665039062,617.4789856008622,593.2224460908922,617.3904606725227,19417647
2019-05-08,575.1849975585938,593.1339293378248,571.9758802189367,593.1339293378248,31958919
2019-05-09,556.1516723632812,570.4709655524047,554.0712771743898,570.4709655524047,42670173
2019-05-10,553.8056640625,565.5576740793575,551.083433698049,559.9361634824019,24557430
2019-05-13,545.3512573242188,558.0770407016413,543.3372265765931,552.3670646760603,17603659
2019-05-14,557.9221801757812,561.8616578495395,545.107812119542,547.3209945199728,28438234
2019-05-15,556.3508911132812,565.6905689037826,553.5622960664704,563.4773860374158,24419559
2019-05-16,560.0911254882812,562.9904057923432,556.8820079074782,557.700893115146,14451308
2019-05-17,560.9984741210938,565.2256280048427,554.1818183985337,560.821424268083,17276949
2019-05-20,586.8927612304688,592.1159095094665,576.9776733603718,581.448359716685,26979100
2019-05-21,593.04541015625,605.0851552655346,588.7297311552686,589.6814037049653,30343560
2019-05-22,593.31103515625,601.8539280461488,590.9650652062413,595.634903419491,24689918
2019-05-23,590.433837890625,616.15103811441,586.4943604811834,607.2983091066549,38766006
2019-05-24,591.73974609375,599.2424421525802,582.7320668471959,596.6751596055866,22269265
2019-05-27,580.1426391601562,592.0274976827403,578.5270292933205,591.8504477847542,16076686
2019-05-28,585.9411010742188,590.8322514138105,581.3376863176912,584.1927040808862,42594251
2019-05-29,581.2049560546875,590.1683724282613,577.2654779155396,584.7239111684964,15558515
2019-05-30,588.596923828125,594.019223371127,582.6213139410421,582.6213139410421,23494381
2019-05-31,588.77392578125,593.9749125825582,584.3696632619011,592.2043550827968,25724066
2019-06-03,602.0751342773438,605.1957261254778,584.8122442632339,590.9206405890753,18556942
2019-06-04,598.2907104492188,608.2943239066423,596.7193632541569,600.8579927431291,15442761
2019-06-06,587.53466796875,602.82779506063,584.7681748617575,602.82779506063,16764835
2019-06-07,582.0238647460938,587.4904279138191,577.9073365559552,586.9150157633808,14722419
2019-06-10,583.9049682617188,587.3796605611984,579.89912635872,584.6795909812258,11768468
2019-06-11,588.3312377929688,590.699368034628,583.3958848837236,585.1000191331866,11492074
2019-06-12,589.6592407226562,592.4257334309978,586.4943858289229,590.7879631289733,10297599
2019-06-13,587.4902954101562,590.7879375562793,579.2572408867777,588.7075426938709,15686169
2019-06-14,583.19677734375,586.4944198237544,579.5892975904819,585.1222242324548,14942768
2019-06-17,567.59375,584.281171161653,565.911717325974,584.281171161653,14908257
2019-06-18,567.0184326171875,570.0947629240811,561.7510214030443,566.0888616521408,16797371
2019-06-19,565.4027099609375,576.3137327970071,558.8738485219341,569.6299231801156,14492763
2019-06-20,573.9898681640625,575.428486953255,565.6904489489388,566.575698269597,10748848
2019-06-21,566.3543090820312,573.6578513679913,564.6059123632908,573.6356905902745,23236832
2019-06-24,558.7853393554688,565.0043637095691,556.4393695082755,563.1010185325224,11267228
2019-06-25,573.5914306640625,574.5431031065344,555.177715353136,557.2360083965599,14966899
2019-06-26,572.8390502929688,577.4646257823792,569.3864597139271,571.4447530500222,11593027
2019-06-27,563.986328125,574.0563053208624,562.5919717680536,572.3964332567001,24905533
2019-06-28,554.6687622070312,567.837229088313,552.6989939576308,565.2920488190996,18942165
2019-07-01,561.6404418945312,563.3224158949637,551.7253523095914,556.8599174491309,13478857
2019-07-02,565.9118041992188,567.0184250293855,559.1837315656976,563.8978322942693,10146746
2019-07-03,567.7044067382812,569.4528627467002,564.3846627720479,567.859354913293,8806492
2019-07-04,568.3463134765625,571.4448046030109,566.5757555607951,567.1954892433374,9351405
2019-07-05,559.205810546875,571.2234546184956,557.7229883348122,568.8331631776572,10926753
2019-07-08,554.2040405273438,561.3083734997786,552.4999059557646,556.8377460255429,14009219
2019-07-09,566.6200561523438,568.1250393463115,551.3048266580228,552.8319115410211,17535754
2019-07-10,566.066650390625,570.7143270299403,561.5738628185551,566.597799927596,12018196
2019-07-11,567.2617797851562,570.913580866762,566.265844780248,569.6741727579423,8608376
2019-07-12,566.7970581054688,575.4284751870541,565.7125390667155,567.9036197336648,15692436
2019-07-15,564.8494873046875,570.7807762086532,562.3043067510758,568.7889060528559,10659498
2019-07-16,572.3299560546875,573.171001945822,565.2698863829655,566.5535569034281,10070773
2019-07-17,567.39453125,574.1005010711244,566.5756461560046,572.90535550275,9482233
2019-07-18,558.5418090820312,569.4085686468941,556.8376747286476,567.4609612021368,11942908
2019-07-19,552.8539428710938,563.4550687182115,550.0652895035726,561.3525721722013,16336536
2019-07-22,566.7970581054688,568.5675567105824,543.2487175124882,553.7392172248569,29092589
2019-07-23,563.720703125,572.7283212128182,557.8999823849913,568.7888438003976,20316348
2019-07-24,557.3246459960938,566.044588804399,554.8679903139908,563.6986188429327,15189179
2019-07-25,545.1078491210938,561.7289085810165,543.1159789159576,559.4935652480942,21805071
2019-07-26,537.2731323242188,549.9768149769168,535.5910994760233,545.1078253964605,20387504
2019-07-29,536.0116577148438,540.9028083982834,533.422214571478,538.645363328299,17626045
2019-07-30,522.71044921875,540.0176084680503,520.5194272008885,537.3396401391742,20853117
2019-07-31,516.2257690429688,524.5251884932695,514.5215754092878,520.4308216260823,21229950
2019-08-01,522.4226684570312,525.9416230925917,509.1877776603354,514.9641771223088,22628222
2019-08-02,527.38427734375,533.5738699720014,517.4764941575648,523.5325023050001,23766807
2019-08-05,509.1271667480469,519.6583423312425,502.29188726944534,519.6583423312425,30399133
2019-08-06,502.4255065917969,511.9103009753535,499.62017334179836,505.29766180019584,29067994
2019-08-07,494.0094299316406,506.9897732425716,491.20406705572293,501.62398206269296,25349369
2019-08-08,513.1348266601562,515.6506970351464,487.7307721921939,493.54184479656,31198568
2019-08-09,517.4764404296875,523.4433916370499,513.1125622758229,517.365149765636,21970009
2019-08-13,567.6387939453125,580.1292670325504,545.9306965304685,549.1145484399736,104827144
2019-08-14,573.6502685546875,580.8640071757616,570.1324258187218,580.6636602266428,31688983
2019-08-16,569.0860595703125,575.2311234055627,566.8595923358139,574.9639544714397,21977767
2019-08-19,575.5872802734375,577.4575220402612,569.9765549729664,570.4441302772058,16317602
2019-08-20,568.1732177734375,575.5873639681415,566.6814947931508,574.3405755757227,14969299
2019-08-21,565.9467163085938,569.3755030810053,563.9651837223562,568.0395990053597,10677848
2019-08-22,555.1705322265625,565.9688757117198,551.6749834108462,565.9466413626419,14031953
2019-08-23,568.128662109375,571.7577958939527,546.1533935304763,551.7195912204171,21307915
2019-08-26,564.0987548828125,576.2107097858199,560.6254400381222,576.2107097858199,19202504
2019-08-27,567.6834106445312,572.2031077629373,561.605109128187,572.2031077629373,28401906
2019-08-28,562.540283203125,570.422005132932,559.311902506049,567.1936244358561,11605488
2019-08-29,552.9441528320312,561.1820993687841,550.0719976379863,559.4899700160746,18890222
2019-08-30,555.97216796875,558.5771544234956,543.7043332919267,554.6140294056329,24735240
2019-09-03,537.2030639648438,553.5008462348404,534.3531428055209,553.1668553075369,18730619
2019-09-04,534.8651123046875,536.6908258693913,528.141183434771,534.5979434098722,32949395
2019-09-05,533.7296142578125,540.2309023757294,531.3695629057722,537.3810413836705,22995486
2019-09-06,544.3721923828125,547.266641257182,532.2379435925851,535.6889646599803,23186819
2019-09-09,544.2386474609375,549.0478072829346,540.2087601059558,543.5484313072873,11747929
2019-09-11,549.6713256835938,552.1649622017335,544.3722960636661,544.3722960636661,12127900
2019-09-12,538.9619140625,552.3652459694027,536.8913250448002,549.9384316970572,11880005
2019-09-13,545.7526245117188,547.043940961514,537.4256220176591,539.6966172932991,12947715
2019-09-16,539.1400146484375,542.858204835973,528.1634972590346,529.454873228426,20547730
2019-09-17,533.217529296875,539.2513017834867,531.4586376216965,539.2513017834867,15640772
2019-09-18,536.891357421875,541.6114612308611,533.1063449627244,536.5573665004321,14933909
2019-09-19,525.0241088867188,538.6723734072475,522.1742478115991,537.8485728999581,13766222
2019-09-20,558.5547485351562,565.4790838872689,522.9089837818785,528.9872248397661,48165560
2019-09-23,551.8086547851562,570.4219587525063,549.9384128123469,567.3716909391333,21610844
2019-09-24,569.3978271484375,578.3482253501293,553.3895073211065,553.7680264163764,34958974
2019-09-25,569.7761840820312,576.6559911048386,565.0115532894308,571.757716416527,18192270
2019-09-26,577.4576416015625,578.3482047938991,571.5352180220854,575.3202304898084,18350457
2019-09-27,582.9124145507812,585.5619288812624,571.7577850305494,575.5427970097883,19058663
2019-09-30,593.2432861328125,594.8018310804109,581.3539114942233,583.3355036590597,25263770
2019-10-01,581.0645141601562,597.5849362038297,575.8990695365911,595.3584688773351,17920384
2019-10-03,583.8031005859375,585.428408104072,570.5555869425716,572.648469852276,13524851
2019-10-04,582.4893188476562,591.6178868813973,580.5968427407329,587.7438189170942,14992253
2019-10-07,583.3799438476562,588.144574835985,579.6394603175088,582.4893213904081,10061584
2019-10-09,589.903564453125,592.2191475563906,575.5428471529523,582.7566465089587,17588647
2019-10-10,606.82470703125,609.6077461918198,588.233639225813,590.0148247146693,35006390
2019-10-11,602.304931640625,608.0937694300144,595.1579555654829,607.2476751387983,16597126
2019-10-14,604.7095336914062,607.8043293742732,601.5256817061605,607.8043293742732,13394275
2019-10-15,607.4481201171875,610.0531062053814,603.0619484845057,606.7133758781993,9672791
2019-10-16,611.099609375,614.350224276401,607.2477751806866,610.0086398066982,19403660
2019-10-17,621.8533325195312,622.9665957225824,610.9436384902717,612.2795424439064,16038940
2019-10-18,630.6925048828125,635.835655393317,622.8330774763288,625.1931291335094,28121951
2019-10-22,629.7128295898438,639.820957644229,624.9036109424554,634.5442231374791,27786502
2019-10-23,620.0276489257812,634.967289889059,615.9087056654171,630.6702340196068,18446160
2019-10-24,639.6428833007812,641.8471160772802,617.4227401722367,623.8572069872114,22642488
2019-10-25,637.30517578125,641.8694010565094,628.4215409194215,641.7135822318234,13539957
2019-10-27,638.663330078125,643.450255707178,636.7707941805185,641.6690699300784,3014841
2019-10-29,653.2689208984375,659.0354654669868,642.1588194992843,643.6728361854762,25768505
2019-10-30,658.6346435546875,661.0615168704819,650.2631136728371,659.0353968990061,16341366
2019-10-31,652.0665893554688,663.3325688124955,650.886563570956,660.8166389822482,19463741
2019-11-01,648.7492065429688,650.9311456801099,641.669051249015,647.9031715622959,13904301
2019-11-04,649.0831298828125,655.0277868325503,643.4946981510161,652.7567916180376,14063434
2019-11-05,644.4744262695312,654.1150403827486,641.669092754645,651.5101133118455,12685356
2019-11-06,638.95263671875,644.0957868351248,636.1027755766117,642.4259514311492,14625505
2019-11-07,649.5062255859375,651.4654644310114,637.7504358146491,638.9972836207461,14084039
2019-11-08,643.6727905273438,649.9736724969666,641.8025487418026,645.2313352569838,12019353
2019-11-11,635.7911987304688,643.1162891024297,633.4533811627655,640.8229996945832,11357841
2019-11-13,655.606689453125,657.2097624735924,636.7707449505183,636.7707449505183,25225749
2019-11-14,651.3541870117188,659.7479525828084,648.2593909614728,657.25431637005,14258133
2019-11-15,654.9611206054688,662.0635700076792,651.5323334784945,652.6455968983422,15691605
2019-11-18,649.7733764648438,661.7072190766786,648.0812471500655,655.7625618479275,14076051
2019-11-19,672.2830200195312,674.5763092701517,652.356105073382,653.2466682094622,30176255
2019-11-20,689.1594848632812,700.1805277345366,687.177952684269,692.4546864959441,43538120
2019-11-21,684.6843872070312,692.8778052437542,680.6545001439249,687.9795894631586,14897371
2019-11-22,688.6475219726562,698.889294670371,684.6843973559228,686.6882237413482,22352865
2019-11-25,695.3492431640625,696.7964379518986,690.6513741041939,690.7181960629307,15146156
2019-11-26,694.7703857421875,701.9395972615475,692.8778499230012,698.2659351892099,35330983
2019-11-27,699.0452880859375,701.5612183832231,692.9224578107072,694.6368812018491,9642739
2019-11-28,703.6985473632812,705.4129111039688,696.417985740945,700.2919947848181,13747479
2019-11-29,690.7181396484375,704.4331672085468,689.2486511776627,704.4331672085468,18559594
2019-12-02,706.4593505859375,718.9052971997955,702.2290568533912,712.4708300137888,31225364
2019-12-03,703.0750732421875,709.7990029904348,700.2697400300401,709.2424307785986,12990426
2019-12-04,691.4083862304688,702.4516656991397,682.9700335019947,700.4478393142873,20987607
2019-12-05,690.5845336914062,703.4535259601828,687.5342661895404,700.8930681166133,19942460
2019-12-06,692.3880004882812,698.2213669831782,686.2429369169616,691.5419655665626,13085234
2019-12-09,700.269775390625,702.407186386415,688.6475696603118,692.9446854555637,12642677
2019-12-10,695.52734375,700.7150224336392,692.0540287591915,700.0248063059641,10173333
2019-12-11,695.7277221679688,701.115747607188,690.473221738255,692.6996888491133,12364641
2019-12-12,698.3104248046875,700.8263546736185,693.1672744072167,699.2232816841165,10326606
2019-12-13,704.8563232421875,708.0179414327434,700.1807476450258,703.5649471805253,12668303
2019-12-16,697.5979614257812,709.7544444582198,696.5960482571616,708.9084095503324,11892718
2019-12-17,695.861328125,703.1195956735934,692.6774758966036,697.664748110966,20324601
2019-12-18,701.7168579101562,703.5648058632917,695.5495604995814,695.9948420003209,14742077
2019-12-19,716.9014892578125,719.1057222184004,699.9135513793175,700.7595863676426,20507816
2019-12-20,712.070068359375,720.2857211455093,710.7341642408371,719.1502234523015,21271510
2019-12-23,699.7353515625,702.4738626190867,693.6793445765387,694.703492066375,25107772
2019-12-24,688.6253051757812,700.0248101711578,686.8663538680914,698.6221435556297,18048449
2019-12-26,674.7989501953125,691.5197189547852,672.461132787399,686.4879183345943,29761019
2019-12-27,686.799560546875,688.5139241722563,677.4261167611049,679.9642809467703,17677571
2019-12-30,687.6233520507812,689.1596030429098,680.4318473193537,688.4026244475469,17123749
2019-12-31,674.1976928710938,687.4006758831533,671.5259443984595,686.6436378766443,22203005
2020-01-01,672.2161254882812,680.0087898882745,670.3904712564104,675.9566091562889,14004468
2020-01-02,683.66015625,686.1760857885324,673.2848005098356,673.2848005098356,17710316
2020-01-03,684.4840087890625,686.4878350527088,678.1830672888824,682.6360013302883,20984698
2020-01-06,668.6093139648438,680.3650438391912,667.0507691289934,676.8472602327319,24519177
2020-01-07,678.8956298828125,683.304036115152,673.9528263419015,676.4019343098523,16683622
2020-01-08,673.7970581054688,683.2817936051865,672.394391396721,674.6208587574616,16047902
2020-01-09,689.3154907226562,690.206053788195,681.8568169732863,685.1297254143482,14982742
2020-01-10,689.1594848632812,693.7460027018882,685.597114360423,691.0519607522283,12478359
2020-01-13,687.4007568359375,694.0801585291999,685.0407051379933,688.0019166618636,18282382
2020-01-14,681.0330810546875,690.2061193009722,677.6711159879618,685.7531846503401,15816535
2020-01-15,678.5615844726562,685.7085608303954,676.0679485502039,683.9051409780271,15817859
2020-01-16,684.8179321289062,687.2448055274269,680.4095262908653,680.8548672498658,12847975
2020-01-17,704.0101928710938,705.7690846391494,691.6310096398801,691.7645940988411,29463471
2020-01-20,682.3465576171875,716.4783645776641,679.6970435900896,716.4783645776641,32545850
2020-01-21,683.036865234375,688.3581283514012,677.73783646965,680.6768135829059,18922720
2020-01-22,682.7919311523438,688.7588822425179,681.7900179448524,687.534328261155,10322817
2020-01-23,679.8974609375,686.6213898607012,677.158890568742,684.1945165383646,11247739
2020-01-24,677.5374755859375,684.1278207028573,676.201571520967,679.9642896946181,14628445
2020-01-27,670.8580322265625,678.8288097703885,670.1678160991427,674.5762817936037,13387750
2020-01-28,655.3616943359375,672.3942157283439,651.732561214589,671.7707622261146,24532236
2020-01-29,658.9686889648438,665.4476838598071,651.9330029814765,656.385937187332,24746565
2020-01-30,642.8934936523438,658.9018091461028,641.2236583343256,658.5901121020851,22402689
2020-01-31,628.599609375,647.1238564671794,626.6180767993984,647.0125063572486,34750310
2020-02-03,616.9552001953125,623.3897268292178,606.9583616221806,610.0086294911721,30712290
2020-02-04,635.167724609375,637.8840014691701,622.4323157911366,623.411935184783,25383901
2020-02-05,645.0087280273438,646.9234982397322,636.9044250553178,638.9527202893477,18472100
2020-02-06,649.1500244140625,653.2467341538742,641.2683615136813,647.5024824459969,15538577
2020-02-07,638.3961181640625,646.7231209827357,636.0137726868787,646.121961162775,12209212
2020-02-10,639.2643432617188,643.6727488097293,628.0651870747986,635.8800851167206,15142476
2020-02-11,646.9012451171875,652.8904307204514,643.4724582072458,644.5188995976021,13999816
2020-02-12,654.7161865234375,656.742306925112,647.9031998730488,648.4153034245885,13533565
2020-02-13,656.4304809570312,658.0335539553153,651.2873305313852,658.0335539553153,13565659
2020-02-14,662.4197387695312,668.5870368609382,647.0570496970056,657.8109261027595,21227841
2020-02-17,658.2561645507812,670.6798756802237,656.4972728187931,663.0430895240688,13149130
2020-02-18,653.4246826171875,657.2096942768698,648.9717487058438,657.2096942768698,11127161
2020-02-19,669.6334838867188,670.813509728984,656.8535465958774,658.7460229239962,14084409
2020-02-20,661.6849365234375,671.5036613641485,660.7275515499585,666.605445844099,16892268
2020-02-24,643.4278564453125,657.6995152268572,641.0232768478887,654.4711351131652,21370214
2020-02-25,630.71484375,646.3001152119884,627.864922735704,646.3001152119884,27745062
2020-02-26,619.8495483398438,628.9112950285784,617.7789594939649,627.8648537048206,29362748
2020-02-27,617.2891235351562,620.6510881290094,609.6077499205786,618.0683364567957,25054993
2020-02-28,591.6400756835938,604.2641917083236,590.0147686027638,603.3290411767952,39315769
2020-03-02,586.0740356445312,609.6077893226085,579.3723403742132,603.4181975497225,29500495
2020-03-03,597.96337890625,602.8838887991839,588.6789907987993,592.1077777316948,27398798
2020-03-04,596.5606689453125,602.8393168736188,582.4003001293128,602.0378101189941,22105261
2020-03-05,583.84765625,604.687430011387,581.554366792972,602.1269715894884,30510390
2020-03-06,565.9689331054688,573.6057788366949,552.654658716733,565.5236515774449,33734039
2020-03-09,496.12457275390625,552.6101407818697,487.59719353402716,552.1870935973562,88187018
2020-03-11,513.6691284179688,524.7569350107589,493.385961606044,493.385961606044,59578576
2020-03-12,473.34771728515625,490.2688894431241,466.9800136515013,483.1442072792915,55970485
2020-03-13,492.1837158203125,507.6354013912499,419.64530200918597,444.40363928088584,73297403
2020-03-16,452.2853698730469,480.78419157795764,447.5207086747309,472.2568121164352,38482258
2020-03-17,448.8565979003906,472.0118916262875,446.7191870864638,466.3343737158094,45445979
2020-03-18,431.2674560546875,461.280292373532,427.9277554968568,456.5601596607462,44730415
2020-03-19,408.64654541015625,430.5995508438921,397.29153849959346,409.715250893795,61404010
2020-03-20,453.28729248046875,460.8350229658722,414.123649892298,418.35394359459445,63360475
2020-03-23,393.662353515625,423.02950129195114,389.9218699453738,407.9785404343475,40670949
2020-03-24,420.090576171875,431.9353918898189,398.8945807634273,414.1236252972025,45734887
2020-03-25,481.919677734375,512.778550360912,428.9296884312166,429.17459327724464,73130298
2020-03-26,474.772705078125,497.34913321338615,464.15244304869213,487.9534251497577,45744488
2020-03-27,474.50555419921875,493.0743302616386,465.86685415365895,487.59721846033517,41657940
2020-03-30,458.85345458984375,478.6022562103133,454.20014346811496,463.37321097095526,30229866
2020-03-31,495.94647216796875,503.0934193486525,466.668378147016,478.2237612689132,44292810
2020-04-01,481.1181640625,500.7778787446454,465.42154418897144,499.7314374197435,41597459
2020-04-03,479.7822570800781,505.1640473665368,470.36428521360847,505.1640473665368,41367807
2020-04-07,537.0693359375,540.5871191109118,489.8236031363708,490.7587239777516,54373624
2020-04-08,530.8574829101562,547.2666119015739,516.5412959187852,525.4471639311407,49880330
2020-04-09,543.2366333007812,548.9586489969397,531.2359703282597,540.5871192951221,33032857
2020-04-13,529.521728515625,541.0325844995617,525.447253374809,536.1120743446078,23673784
2020-04-15,512.0215454101562,550.3836477833194,508.97127785494433,533.0394274350746,35321842
2020-04-16,520.1259765625,528.7646769192855,509.8619687316648,512.0216140957893,37455706
2020-04-17,545.0401000976562,547.7119081332823,531.0801379395491,541.477788467049,33269335
2020-04-20,553.8569946289062,559.7348298724658,535.2436911572639,545.9307453957434,36030932
2020-04-21,550.9848022460938,557.5083250081677,518.3224819342147,538.8059664932713,61371628
2020-04-22,607.2032470703125,616.6880417343276,578.8825664491623,587.7884356237253,142683366
2020-04-23,610.453857421875,617.1110242514935,602.6166648338456,608.8730782936495,65464502
2020-04-24,630.98193359375,665.6926093550011,599.9003914322975,601.2140016546114,134986308
2020-04-27,636.659423828125,656.8089776563307,633.6536843523593,638.5519000387314,58482901
2020-04-28,635.947021484375,648.1035053145215,619.9164097345322,645.6766910891598,78453401
2020-04-29,635.4126586914062,647.3020336819599,632.3178625081999,643.4057306477636,37494672
2020-04-30,652.8013305664062,665.6926172797448,640.3553848329962,647.4355395070829,71345899
2020-05-04,639.0863647460938,652.3561123219903,631.1823492999154,641.2237757465786,53456868
2020-05-05,650.4190063476562,658.5901902105282,644.4298209519568,647.3242698899517,44903763
2020-05-06,650.463623046875,661.2397341507669,643.6728711176166,651.9108178555344,40489094
2020-05-07,671.0361328125,674.0196380436263,643.4501981639638,647.9031324834183,50026966
2020-05-08,695.4605102539062,703.5202838378564,684.4617003890888,687.9795431758226,84262770
2020-05-11,702.1400146484375,719.1502462326481,700.1361881322265,703.5649156731971,67085063
2020-05-12,658.7015380859375,698.3773161288631,652.3561269036683,696.796477334206,100683202
2020-05-13,672.677001953125,686.4096865474885,653.5950534044931,686.4096865474885,66430125
2020-05-14,645.4813232421875,672.7893884091039,642.8291930409412,660.3377943598729,49266771
2020-05-15,656.0224609375,659.3039301915819,636.1089238922658,649.0999085460102,62152260
2020-05-18,647.6390380859375,666.1815376925038,641.9077470485184,660.7873884161261,62796089
2020-05-19,633.3219604492188,657.0564195102567,630.7822503273412,654.9436803175768,42315854
2020-05-20,644.469970703125,650.3810982575258,626.1746653038855,633.8164459231173,55320985
2020-05-21,647.86376953125,656.9439458804737,640.5591310175457,645.054274887475,39167981
2020-05-22,643.5034790039062,655.3931503743523,641.233434844536,652.6061872445827,37828973
2020-05-26,640.1322021484375,651.662261081613,636.6484234818872,650.9655053483029,33216635
2020-05-27,649.7967529296875,653.5951416505152,634.7154993719518,643.256285680101,35667956
2020-05-28,661.7987060546875,665.1700639694456,651.3474905739236,654.0445650157022,40126278
2020-05-29,658.2700805664062,661.6863829805953,652.9882921441282,659.8883134336163,40022527
2020-06-01,683.42041015625,691.5116927649323,663.4619289082036,665.282470467664,39943702
2020-06-02,690.3204956054688,692.2534575560194,683.6227235911691,685.9602437650542,22153960
2020-06-03,692.9951171875,701.243705152625,689.2640858781962,694.5009892228203,25381289
2020-06-04,710.1441040039062,714.5044150378368,692.7029193183236,694.0514268333575,34202350
2020-06-05,710.9981689453125,727.3155677405333,707.4020299835134,716.976712812966,33076685
2020-06-08,705.5140380859375,727.495369555277,703.4912471731864,727.495369555277,31414953
2020-06-09,690.9722900390625,711.5825840206448,689.1068040465735,701.3785617206731,25857161
2020-06-10,706.7053833007812,710.0317972109347,692.2759415871488,693.6469213591369,22132647
2020-06-11,691.219482421875,704.8172743086072,688.2077385143969,703.9407414982666,20385805
2020-06-12,714.1897583007812,716.0777164159133,672.9242267053721,674.2727936948124,38548899
2020-06-15,725.7647705078125,731.3387563203479,701.7381741898191,703.4912994111404,53107403
2020-06-16,727.1807861328125,741.0483050918923,712.6164520349436,738.5535392456209,51187003
2020-06-17,726.1243286132812,735.159560417052,720.1682571993283,722.9327480146142,41782053
2020-06-18,744.3521728515625,748.4427585087822,721.74156125064,722.3709004133316,40471557
2020-06-19,790.8770141601562,804.0927203501327,747.0942467519249,750.6903261392612,105804173
2020-06-22,784.9209594726562,811.0152901303186,779.90883714488,797.1702444845414,60198705
2020-06-23,773.5707397460938,792.8324674172671,771.4130562292277,786.6516143231465,37962078
2020-06-24,776.69482421875,796.8556158794696,769.4351890087056,780.3134354719743,51586221
2020-06-25,772.2221069335938,786.2020448440715,770.0419514480267,776.3126926255497,39679374
2020-06-26,782.8980102539062,787.5505181031782,771.8174569248488,777.1217760170375,30921913
2020-06-29,774.5820922851562,782.0440358258111,771.1657900960829,776.7847199037966,25621946
2020-06-30,766.0188598632812,782.6059245493964,762.1754677566296,780.807914512527,30276420
2020-07-01,781.0775756835938,786.2020588284339,767.7943931621406,773.1661294381369,28464103
2020-07-02,794.5242309570312,797.7964904471671,783.1051979902952,786.6934075977497,28789533
2020-07-03,806.9586791992188,809.2605842388523,797.9769338084662,803.3027790862244,29434266
2020-07-06,835.7996215820312,838.5979258395846,808.8543255351691,814.6766894354603,47016185
2020-07-07,823.00390625,841.463914285067,815.2633981823944,839.5005827702558,35189589
2020-07-08,811.5172729492188,828.1943991602055,807.9065001671087,823.2747585521189,26204095
2020-07-09,823.364990234375,828.2169399112072,806.2139095305935,816.4820182311743,36418942
2020-07-10,847.6473999023438,850.6037089763864,823.3650271392274,825.2832912510764,43759967
2020-07-13,873.3515014648438,879.0835514065949,857.5544142629645,859.066414273634,69608392
2020-07-14,865.227294921875,876.3755044340146,851.8223671864567,872.9001726962613,67331128
2020-07-15,832.2791137695312,893.1203699369507,811.5173183412455,874.6829238098223,139669773
2020-07-16,832.00830078125,843.5627139468717,818.039164673242,833.6331186808312,60961724
2020-07-17,862.8351440429688,866.581298459645,829.5710262803591,832.7304674212536,49726765
2020-07-20,866.5361938476562,871.9974807956106,857.3965026239393,865.5884031998371,36592938
2020-07-21,889.8480224609375,892.3078725048149,874.028433084142,875.1567920683302,42173371
2020-07-22,904.4942016601562,907.2022513326309,884.950961621849,895.0159382684053,59771457
2020-07-23,928.7765502929688,938.6609588483409,898.7846915588252,904.4716140026857,58333751
2020-07-24,968.65283203125,976.2579590026274,928.776564146926,928.8668185460966,120597372
2020-07-27,973.1889038085938,992.4161962400035,960.4158758519521,983.389323046393,80304827
2020-07-28,982.8927612304688,990.2496888244225,970.6838835389933,973.1888610354255,55114422
2020-07-29,946.3113403320312,985.1946329524699,934.4861032246416,982.9831015871683,72663399
2020-07-30,951.8177490234375,965.7416994124951,935.1856889845394,947.372003332624,72857444
2020-07-31,932.97412109375,960.9123366610667,926.5199162983887,954.3678774596883,74958061
2020-08-03,906.7509765625,928.4154946857375,904.0879942280135,925.8428264432459,46715383
2020-08-04,970.6613159179688,978.0633706821992,902.8017056351508,911.9865832893145,92041055
2020-08-05,959.7613525390625,991.152334357933,956.082888808404,978.9660801786949,74549993
2020-08-06,963.2141723632812,978.379359794549,951.3438079467057,973.549973124917,49322975
2020-08-07,968.7881469726562,973.9109194619942,956.940407442753,961.2732749175092,32984416
2020-08-10,956.782470703125,977.1606844285126,951.4791890501768,974.497761802115,26958997
2020-08-11,963.0787353515625,974.9039718853056,947.9812395926484,963.5300670431569,46828306
2020-08-12,960.2802734375,968.1337186534236,950.892324503551,957.3014010080316,30264617
2020-08-13,957.775390625,965.3805171577782,952.3366680076899,960.4608766898883,24830322
2020-08-14,954.0518798828125,973.549934599968,942.9713613334557,958.0011068702576,33224635
2020-08-17,943.919189453125,950.0800072856482,934.3281075225127,950.0800072856482,30979066
2020-08-18,956.1957397460938,963.3044077157676,939.8570673079405,941.0531171539242,30547672
2020-08-19,962.063232421875,972.1959605908819,957.4595415393626,966.3284692913196,34087543
2020-08-20,946.4918212890625,958.6104445458395,942.4071530026558,956.850185253758,22537845
2020-08-21,939.6314086914062,957.7529046597705,937.4423813079499,955.9475181738237,25280895
2020-08-24,945.905029296875,949.8542559602391,934.5085615853247,943.9416977644579,32717218
2020-08-25,939.744140625,952.9234309193323,937.893627107895,950.5312716600185,19388008
2020-08-26,964.6583862304688,969.4652088235415,923.9020199231386,941.0531010310551,59870421
2020-08-27,952.6076049804688,970.3905879404774,949.2902183763626,969.4878648165206,28085062
2020-08-28,955.112548828125,962.6725488024437,950.6442396447251,956.8501848269598,27166900
2020-08-31,939.1123657226562,981.2227882057733,929.9274882908779,981.2227882057733,62076132
2020-09-01,942.0686645507812,957.9333821236513,930.8527051045198,947.8232778251647,38616258
2020-09-02,960.5511474609375,964.9743291453718,941.0530940448734,944.2124754240062,26949439
2020-09-03,953.2846069335938,965.3129161947521,949.177375013291,960.4609660708118,18586429
2020-09-04,937.55517578125,946.4466666938623,935.2758940537118,940.3986668867657,28475945
2020-09-07,939.992431640625,950.4184857636033,922.6607820696723,940.6017681981718,21926473
2020-09-08,951.0278930664062,957.3015291324416,939.0220876589311,944.2125515075138,27397082
2020-09-09,975.5132446289062,978.4244265500107,939.4508218895586,941.053135941398,55310877
2020-09-10,1044.4110107421875,1058.3801472724467,981.8320607367515,985.3300156152798,140304404
2020-09-11,1047.006103515625,1055.1754392235675,1032.2698057113957,1043.5082682863067,59470807
2020-09-14,1039.2431640625,1065.1729199258552,1029.9679721043801,1049.3758922384438,44063445
2020-09-15,1046.60009765625,1049.7143521325797,1032.7437783357252,1043.4858431799203,27178393
2020-09-16,1049.1724853515625,1069.3926909721251,1042.8537233256836,1047.118839939509,33952295
2020-09-17,1037.528076171875,1053.3025400234242,1034.4137023752521,1047.1190390154095,25828669
2020-09-18,1040.6646728515625,1046.870616756089,1027.5079476144977,1044.5236446456088,33074915
2020-09-21,1018.1654052734375,1054.3405874780703,1014.3288768661703,1038.0921685931473,33627381
2020-09-22,997.9901123046875,1027.7110854758969,993.6571853396003,1027.7110854758969,34792254
2020-09-23,1006.859130859375,1027.5984225615102,995.3499037941469,1020.0384225209982,42988708
2020-09-24,984.4724731445312,1004.6926220511629,982.1480045429355,996.5233454684201,29826318
2020-09-25,993.7249755859375,998.7349303522368,978.198771791248,987.9929259452438,28374935
2020-09-28,1000.2921142578125,1010.1088922605071,996.1397551110359,1005.1440644113056,19666849
2020-09-29,1013.2908325195312,1021.8437503790619,1000.2921093414723,1004.2413960622814,25842539
2020-09-30,1008.46142578125,1023.1977241154949,1004.2413164953268,1020.0383427428203,24465159
2020-10-01,1004.354248046875,1021.753530546787,999.2766020471888,1021.753530546787,20783227
2020-10-05,998.4641723632812,1015.1412998899507,995.6658680054296,1012.8168908433682,18922799
2020-10-06,997.629150390625,1008.2582772733267,993.7024274130506,1004.3541775876134,18412175
2020-10-07,1018.91015625,1042.154366526615,1001.9847094184659,1008.7548642742527,53170865
2020-10-08,1010.6729736328125,1023.6491928550894,1002.9324648078214,1019.5870284539118,21077808
2020-10-09,1008.0552978515625,1016.8790987960083,1000.6758061956652,1008.7548888939575,18545499
2020-10-12,1009.6799926757812,1018.1200919736274,1004.8055389601913,1008.7547657275612,14226473
2020-10-13,1029.38134765625,1031.6606295627953,1004.6250177214829,1006.7689180188713,23112012
2020-10-14,1032.450439453125,1039.8976215416956,1023.8748385588287,1028.5689032035948,26742011
2020-10-15,995.8914794921875,1033.5787209899615,990.7010157207518,1033.5787209899615,20036197
2020-10-16,982.0352172851562,1007.6263990747995,980.6134716986062,999.7279451318866,21583600
2020-10-19,982.2156982421875,1005.9112981674255,972.7149304876791,988.4668301104947,31200385
2020-10-20,973.0535278320312,989.7984063552932,971.4060864555798,983.479583144778,18482288
2020-10-21,958.9263916015625,989.3470196032074,946.8077683832299,978.5147603722606,34082321
2020-10-22,950.9601440429688,962.4919944695694,943.7612212611413,960.1901490428081,30802210
2020-10-23,953.71337890625,963.6203515996452,946.198506037611,950.5313739814042,23422125
2020-10-26,915.822998046875,948.7034169019341,911.0387387404159,948.7034169019341,37324416
2020-10-27,918.26025390625,929.7017897460652,904.9455811340416,918.4407627043238,36478896
2020-10-28,907.8568115234375,928.7314851710537,906.0288613850042,921.555066223106,29924017
2020-10-29,914.8299560546875,921.6452970796064,898.6267252669395,901.3347749825296,30655304
2020-10-30,927.287109375,932.0713684328344,912.5281277212341,917.8088456567091,34021563
2020-11-02,847.3765869140625,914.875118139784,839.1169961667077,914.875118139784,99366895
2020-11-03,835.167724609375,861.6165021715815,828.2621884933044,853.0409611809424,88691623
2020-11-04,863.5121459960938,870.6434375225641,829.1197275153525,829.1197275153525,80180117
2020-11-05,882.3783569335938,885.063843200435,871.9974294692396,882.3557933334056,37205373
2020-11-06,915.8455200195312,920.7425971059893,892.8269476303738,898.1754160907856,66674086
2020-11-09,925.572021484375,933.831612463532,918.9372485037195,930.7173580690493,35838510
2020-11-10,940.85009765625,943.3099481329342,921.2843506217042,937.4424565059559,36934242
2020-11-11,901.425048828125,945.5665526357731,892.8043809348467,942.858502861752,56724780
2020-11-12,893.6619262695312,906.502703689629,886.8917719189561,894.1133176465529,40046527
2020-11-13,901.0640258789062,919.2306494130244,894.4518760870695,894.5646940909385,45388670
2020-11-14,903.7269287109375,909.5944198559474,900.5901107359409,909.4139110537326,5226220
2020-11-17,899.6422729492188,941.0531655438715,895.9186819311539,941.0531655438715,46542562
2020-11-18,896.91162109375,905.6226031588405,884.6801802584594,899.6422344929193,30402290
2020-11-19,890.5703125,907.405445431904,888.3361577898231,896.9116993129645,27796343
2020-11-20,857.3287963867188,895.377116449163,855.297714134409,891.4052660410506,57471248
2020-11-23,880.4376220703125,889.1485449890283,869.4022304000791,880.5730036765486,45327567
2020-11-24,886.4630737304688,890.953946718642,871.9974772270936,886.4405101290448,30936268
2020-11-25,879.1287231445312,899.5069386120454,876.6012415932056,893.6620106789601,32637879
2020-11-26,881.2951049804688,886.8917730806558,871.1173098416299,881.4982370696008,25838637
2020-11-27,871.0044555664062,882.8748194602481,867.2131737985623,875.8338420233673,47336811
2020-12-01,882.3333129882812,887.4560864032676,871.1174118745283,875.7662302567136,19750687
2020-12-02,883.8001098632812,885.5378055525415,873.3514915114731,883.9580550659119,22188887
2020-12-03,886.4630737304688,894.1585153494483,884.0257869322113,890.0512832775495,27785372
2020-12-04,878.65478515625,888.6971991448669,875.6082215278506,888.6971991448669,18464552
2020-12-07,883.8226318359375,886.8917588790096,875.8789913444388,875.8789913444388,18242188
2020-12-08,899.867919921875,909.120487964561,880.1216067950427,885.1541251431139,43403061
2020-12-09,914.8525390625,917.9442894095523,902.3503351540464,907.179721423537,29175254
2020-12-10,905.8482055664062,915.5521050393417,903.1401558672769,912.4378508699459,16065507
2020-12-11,905.306640625,919.8399265746882,891.0666814664153,908.556276462948,26944202
2020-12-14,898.7621459960938,909.4590234227397,896.5279914527346,906.2770186070177,17312747
2020-12-15,891.1118774414062,898.0399769590505,885.1315087967429,898.0399769590505,18551265
2020-12-16,892.1047973632812,900.40957493361,887.2077202532149,897.272697360613,18561011
2020-12-17,896.1895751953125,904.945685521438,892.3757294754389,895.693116251279,20252358
2020-12-18,898.875,904.9004961820984,886.8918178223723,893.7071594170455,18466344
2020-12-21,875.4727172851562,912.6183705411303,837.3567098855556,907.2022710782971,44135540
2020-12-22,874.1187744140625,884.13862467934,852.3413781920493,879.6703154945026,28140001
2020-12-23,877.3458251953125,880.7760293674728,866.8745845082068,871.0946936975114,19501410
2020-12-24,900.0485229492188,902.1472362313513,878.2711268911072,878.7675857883312,20776988
2020-12-28,904.1783447265625,910.8131178458168,900.5675716632815,905.7129083554405,17221499
2020-12-29,898.1979370117188,908.2403499939302,894.8128003282234,906.7509137300159,18611939
2020-12-30,900.6577758789062,905.9384938821528,891.6534670154136,900.5449578807359,22043630
2020-12-31,896.0540771484375,908.0598221912284,893.0300772883096,899.7551043755919,18781189
2021-01-01,897.047119140625,901.3348599535196,894.5647051802756,897.27275515116,10015175
2021-01-04,898.5591430664062,902.1924201612024,888.2459057329365,900.4773476672782,24513534
2021-01-05,887.3883666992188,895.2868807865033,882.8297431826808,888.6972346672048,24123091
2021-01-06,863.9861450195312,887.3431733969305,859.8789129484342,887.2980461940915,46401468
2021-01-07,862.5868530273438,877.8648566159659,859.878803357666,866.8069025676972,32325918
2021-01-08,872.7647094726562,874.8860460383853,863.0156822176616,865.678604878862,27540187
2021-01-11,856.313232421875,875.0665690475399,854.1693322211945,875.0665690475399,33307825
2021-01-12,883.3036499023438,884.6350813991116,857.5092762592445,858.9084582491231,41161546
2021-01-13,875.0665283203125,891.3826371793065,865.8817107313442,886.2373008139729,26619458
2021-01-14,884.9058837890625,887.7493749036234,875.1794202704835,877.8649064942006,21553242
2021-01-15,874.4573364257812,890.8637012770374,866.6039495178113,884.9059553680901,20593268
2021-01-18,895.44482421875,901.3348792931557,868.0933816341949,879.7154868801754,35100458
2021-01-19,910.0908203125,916.6804055030773,900.2740437805934,900.2740437805934,32006615
2021-01-20,927.3773803710938,928.8668167227358,903.3207030552749,912.3476352561834,30924537
2021-01-21,947.5524291992188,956.8501242760648,936.5396618324675,939.6990432246472,39087742
2021-01-22,925.0755615234375,954.7514714069698,918.5536065523528,952.7880800202875,30532660
2021-01-25,876.0595092773438,918.4633177239738,871.9974047459384,918.4633177239738,54207104
2021-01-27,855.2977294921875,868.8380990078514,852.1383477435087,868.8380990078514,42370131
2021-01-28,846.9703369140625,868.0707040284875,844.0140279643443,848.5951547796549,34067814
2021-01-29,831.3538208007812,863.4669551342889,825.9602253530458,854.9816691410504,43712383
2021-02-01,855.43310546875,859.8111004411335,834.084477925657,839.2298143671649,34180952
2021-02-02,869.1990966796875,875.6081736879117,837.2213427448476,863.9860695183817,41470034
2021-02-03,871.38818359375,881.0243335187519,857.554427887479,870.3275152709535,30301696
2021-02-04,868.5220947265625,875.6081993096957,859.8111124753323,868.3866534338506,25626981
2021-02-05,868.2738647460938,877.7070019033696,866.5813559125976,871.1173559922115,20248046
2021-02-08,880.7760620117188,888.6971388465231,870.6659579070334,872.4712846072483,21183400
2021-02-09,882.8973388671875,897.9948340740815,881.1597029642736,885.5151939052565,19604141
2021-02-10,891.0892944335938,895.8058629486737,869.8761074541144,881.8142219915239,21234156
2021-02-11,927.8287353515625,931.6652040177879,890.1640575276463,893.6619528050209,42539278
2021-02-12,921.4647827148438,937.8937101488065,909.6395460369704,927.7384783498696,30497029
2021-02-15,917.4026489257812,930.3562442810988,913.9724445678881,924.3759353313053,15791099
2021-02-16,929.5439453125,938.5256915998244,918.4859894698833,920.6298898317912,21421660
2021-02-17,940.2633056640625,945.9953555067547,925.5268870227972,929.7695004811927,23742994
2021-02-18,933.2449340820312,951.6146304224952,929.3633380518262,941.0531936529034,18646877
2021-02-19,938.9318237304688,950.0574695218014,926.745509641073,928.4155145358285,23403483
2021-02-22,906.3446655273438,943.2646823971752,900.4095436576987,938.7963735267837,23804335
2021-02-23,913.2728881835938,926.5649977273687,908.8271426020757,924.3534067368045,25644108
2021-02-24,930.2208251953125,932.139029538801,914.4914301945876,916.22912574907,10807663
2021-02-25,967.8403930664062,971.2931609562635,935.6369439506498,936.9909986645049,34855693
2021-02-26,941.4141845703125,963.123829134179,934.5988434646592,955.4961387654923,37481215
2021-03-01,948.5906372070312,953.2395150981274,930.8979084680462,952.4270463705083,17680764
2021-03-02,950.5313720703125,961.3636314461147,942.9036812135959,957.7529181155573,17150760
2021-03-03,993.9055786132812,1001.9395335212855,951.0730007855624,957.3241328149178,31924461
2021-03-04,982.0577392578125,988.4216890350315,973.865839474236,983.9308164628377,21435754
2021-03-05,983.3440551757812,998.3512962856287,971.7670781260525,973.0985692708165,25511666
2021-03-08,988.9407958984375,1007.3556183257853,978.5147413680846,978.7403773670584,19506841
2021-03-09,988.9181518554688,999.1862609710787,968.8559482883367,992.9576927650287,15154484
2021-03-10,984.8109130859375,999.7730267712369,979.5301951697431,996.1171267701603,11519358
2021-03-12,964.7938842773438,995.8463528292266,958.6104430105866,990.7010162557301,16864952
2021-03-15,951.8402709960938,969.894016181107,939.022056998036,965.899662068002,16698099
2021-03-16,948.0941162109375,959.5582754400099,945.7922708635552,954.1421160708194,13873801
2021-03-17,927.6707763671875,949.1773492874154,918.5310260738679,946.9431947370554,19210236
2021-03-18,906.796142578125,940.9629260845496,903.1402423037733,935.5918936777657,20647480
2021-03-19,939.6990966796875,945.9502287147974,894.9257507304794,898.6267780925764,41787429
2021-03-22,930.8527221679688,936.088313055874,917.6734905482226,934.7343179799378,18572478
2021-03-23,942.1815185546875,952.2013688377597,927.9641819762402,930.6496682735799,17421165
2021-03-24,924.0374145507812,938.6835185270156,920.9231603023551,938.6835185270156,16822814
2021-03-25,898.829833984375,927.0614339788925,895.9186520687285,927.0614339788925,22001648
2021-03-26,900.2741088867188,908.8722130154059,890.8184686126791,908.1049312659724,20180202
2021-03-30,915.9132690429688,924.7596332154852,898.8750045089173,906.2996230548414,20441701
2021-03-31,904.0880126953125,925.210945158364,902.2374989986004,910.8130997767836,16250796
2021-04-01,912.5506591796875,916.2291226638978,904.1105004046987,910.813023323116,11723312
2021-04-05,899.3489379882812,913.9724790288182,885.582933146535,913.9499154284324,14875099
2021-04-06,895.6028442382812,904.9231041323316,888.6972479019207,904.4943360038118,14009194
2021-04-07,903.9751586914062,923.8569132620463,899.6648545655975,902.6888544411458,24266353
2021-04-08,905.1035766601562,912.6184496390974,899.5294718287386,907.6536814191865,15369188
2021-04-09,894.5872802734375,905.5549215962554,893.6619935421585,901.989335355401,14037885
2021-04-12,862.5868530273438,885.2669107795369,857.6672125480122,884.1836789732539,20901482
2021-04-13,871.9072265625,875.8790770428972,865.610966973059,868.3867078045856,19411189
2021-04-15,877.5489501953125,885.0863863250735,863.421868505896,869.4247410901053,19723716
2021-04-16,872.04248046875,880.0764346591261,869.4923760258712,874.07356246059,15656948
2021-04-19,858.3217163085938,864.9564895083129,853.0409979470431,859.3598210383852,18478808
2021-04-20,858.0734252929688,866.1298835841033,853.2440391612164,862.2934748740392,17203668
2021-04-22,860.4429931640625,864.0763296197583,847.0380660893645,854.05647971313,14490954
2021-04-23,859.5177612304688,866.084783440233,855.4556567138424,860.2624793969826,11828857
2021-04-26,874.6377563476562,885.5377655993291,862.7448293401166,866.5812978436229,20846778
2021-04-27,897.5661010742188,901.4250736005504,874.8183510247649,875.6081964100579,19992524
2021-04-28,901.4702758789062,906.2996626850728,893.729766581547,901.7185351920124,17122437
2021-04-29,913.543701171875,922.7737059327087,905.9837012820783,913.0246189844161,17412606
2021-04-30,900.2064819335938,918.9372550182458,897.0696639164535,906.5253048610995,19828769
2021-05-03,884.2063598632812,893.2106694861402,877.007436823715,887.3431780134558,23640186
2021-05-04,865.0466918945312,888.1555786981006,862.5192105636345,880.1216239409943,21849830
2021-05-05,866.6265258789062,874.9312446342352,861.1878024199247,868.0933987760891,12393609
2021-05-06,871.5460815429688,873.351467984722,860.5332540943049,867.4162861727356,14624666
2021-05-07,871.8845825195312,882.6717141211767,869.289350739611,874.5926322966467,12288548
2021-05-10,869.3795776367188,878.6772726130321,867.0100416182049,875.1568139833493,13941237
2021-05-11,872.5165405273438,874.9537675806936,862.0678622246373,864.324640162575,13478264
2021-05-12,863.4895629882812,872.4036175039552,860.7138223730607,871.1398768410697,13177961
2021-05-14,874.3895263671875,876.5108030934095,860.2624453618109,870.2145443263449,13291616
2021-05-17,884.7930908203125,886.1922131252846,871.2752855358857,874.3895996285223,11873078
2021-05-18,897.2501831054688,903.8623926091062,890.2768962963072,894.1133650520243,12064918
2021-05-19,901.357421875,910.1135316770341,890.0512670062741,893.661980396703,16317002
2021-05-20,896.0992431640625,907.6085298258828,894.1133478678807,901.7410386469029,11422532
2021-05-21,903.8397827148438,907.0217278069957,896.3700373777015,899.0780871843959,10785605
2021-05-24,896.2119750976562,907.1119838096187,894.5645936578591,906.2995151967815,8551760
2021-05-25,886.0567626953125,901.3347663974367,884.6350172082499,901.0639435208391,14780102
2021-05-26,889.1710205078125,893.4362569865272,887.0271801611135,891.4051749417887,7480204
2021-05-27,891.9017333984375,899.5294239766795,885.6506014850115,889.283937975624,26819294
2021-05-28,945.476318359375,950.0800090423911,898.1754320907405,898.1754320907405,56469931
2021-05-31,975.0393676757812,989.2115769657272,941.0757172389948,948.7259715836556,59124142
2021-06-01,978.9209594726562,993.860450495012,968.8107952002592,977.6120318921522,28013832
2021-06-02,993.5220336914062,997.2456250100269,973.5500221853252,973.5500221853252,24630162
2021-06-03,997.3131713867188,1015.5249208069228,991.1974809457165,1002.4358843892015,23974257
2021-06-04,988.6699829101562,1000.38234182816,985.8490553582253,999.6376236399614,14468646
2021-06-07,1005.3245849609375,1011.9142309078353,986.1876070242225,993.8604848949419,16336573
2021-06-08,999.5474243164062,1005.2117836404444,992.1228056254331,1004.9635840254113,9674735
2021-06-09,981.674072265625,1002.4358661639994,973.9786315641471,1001.5332028305284,11409161
2021-06-10,985.284912109375,1006.4980988117626,982.8250618353879,989.9788572705107,14155653
2021-06-11,1002.3753051757812,1009.1011952964063,987.4063735342977,988.6745798453265,13762778
2021-06-14,1016.7554321289062,1022.8018743951756,994.1774433422952,1003.2132032493698,20332436
2021-06-15,1019.0653076171875,1030.3429509893165,1014.6719900296001,1024.0474438114227,15174215
2021-06-16,1001.6732788085938,1017.7292188167856,999.0689992893482,1016.7554817175181,10797349
2021-06-17,1003.5075073242188,1012.2714997953356,987.315715260484,996.4193416411849,15745975
2021-06-18,1008.0366821289062,1012.2715036865906,989.3311797612216,1007.9687553467284,29369026
2021-06-21,1013.29052734375,1017.9329096042337,996.4873342427861,998.0046053152495,12186448
2021-06-22,1008.08203125,1024.0474616919707,1005.1833424900376,1020.8769459855561,12871913
2021-06-23,998.842529296875,1019.3370107371757,997.1893446925246,1019.0653035968686,16653951
2021-06-24,975.3587646484375,1003.0320420254984,969.24439537304,999.5219522378009,91461975
2021-06-25,953.14306640625,975.3587188779936,942.5674531142881,975.3587188779936,55355022
2021-06-28,944.7867431640625,963.129909816626,942.5221576464701,961.0918068108575,20277042
2021-06-29,945.60205078125,955.2039275943256,943.9262837366043,946.3720075153033,27144063
2021-06-30,955.9512329101562,961.3862145219897,947.0740283906408,949.4291830957576,19762858
2021-07-01,950.19921875,961.6127163035006,948.863085632743,959.2802038142157,12534407
2021-07-02,964.2848510742188,966.0286046961062,947.9345027993265,949.7688254664646,14086620
2021-07-05,973.8640747070312,975.3813457995719,965.3944913619939,967.6364346091955,11702287
2021-07-06,962.3599243164062,973.2752309763289,960.2765368506975,971.486252797126,10070124
2021-07-07,955.6793823242188,963.6960603661638,950.2217589268929,963.6960603661638,10454892
2021-07-08,947.7760620117188,958.8046409163389,942.522218479792,958.8046409163389,11185460
2021-07-09,938.0836791992188,947.3685050042008,935.7738088550897,945.6926779563895,9037675
2021-07-12,943.92626953125,951.8070347554016,939.5782363454429,941.9560333000883,8585292
2021-07-13,950.9917602539062,952.5090313833667,945.7152147930674,951.1276138236502,6717133
2021-07-14,944.7867431640625,954.2300635744198,942.6353689523012,951.2860904215172,8532544
2021-07-15,943.1337280273438,948.8631192701956,941.3899742142286,948.8631192701956,9448356
2021-07-16,956.7438354492188,957.808201493028,945.5114761829108,945.5794029707818,8828185
2021-07-19,950.6519775390625,961.9975465567177,947.6174355638851,951.1275248888638,8354449
2021-07-20,948.3194580078125,954.7509382666392,943.8809159970199,950.9010950356152,6741464
2021-07-22,960.5030517578125,961.9523961689722,950.2897739918685,959.7330950269046,7972397
2021-07-23,953.7092895507812,966.7306870173245,952.0561048845019,966.7306870173245,9937030
2021-07-26,940.6426391601562,960.6389323639107,938.0383595793566,954.7510454031105,12389668
2021-07-27,930.7462768554688,943.745031435626,924.8583903750485,940.6199201537044,10824523
2021-07-28,922.7523193359375,932.1050710097164,913.1957274047861,932.1050710097164,12897848
2021-07-29,929.9536743164062,939.5329082786225,925.4924300252735,930.2933681370648,13765738
2021-07-30,921.8239135742188,936.6116474595756,919.9216040760916,932.1051183084293,11350608
2021-08-02,938.6724243164062,941.7975357253354,924.4734496016514,930.4293230086479,10925104
2021-08-03,945.5794067382812,947.051393415347,934.9132237953986,946.5984882609035,11817299
2021-08-04,952.826171875,957.4685547431583,945.2397556194825,948.5913497541121,13169800
2021-08-05,966.6400756835938,975.9474827845528,953.0525024475675,957.604315821072,21252078
2021-08-06,946.168212890625,972.3921457790564,941.5031281309346,964.6925186543999,16620987
2021-08-09,940.7784423828125,946.5078930939915,935.9548618556917,942.522196064497,7494143
2021-08-10,945.7151489257812,957.0154935941663,939.2384442496343,942.9750161589803,11919198
2021-08-11,958.963134765625,960.1859966454768,943.6092248291548,949.7462363911606,9184963
2021-08-12,955.8832397460938,962.994047792915,953.3921717385531,962.4052292074406,8137612
2021-08-13,971.80322265625,973.7281741555446,955.1811682235809,958.9630246419113,12780901
2021-08-16,984.4170532226562,997.7781437654177,963.8772277608733,973.4791039346753,21935444
2021-08-17,980.2276000976562,989.716205298415,972.7997402220516,982.3110475847799,12658169
2021-08-18,984.0321044921875,990.4408829212671,974.9511198541776,984.6435653646352,10075860
2021-08-20,972.9808959960938,983.7376470917055,967.88554870858,970.6030393085123,9426282
2021-08-23,979.3671264648438,984.6436123486905,965.756910089194,984.6436123486905,9854395
2021-08-24,989.036865234375,992.7960796490014,976.3098177521405,980.5899239821464,11864472
2021-08-25,997.5969848632812,1005.4778098902966,987.4063495975512,989.8068486851395,13380559
2021-08-26,1010.210693359375,1016.7553848783828,998.6839258042111,1000.0427010414176,18589616
2021-08-27,1008.829345703125,1015.7817181947378,1003.6887734868195,1013.1773788430729,10480636
2021-08-30,1028.23681640625,1030.7732288164937,1013.0867479284576,1019.0652631807153,14027062
2021-08-31,1022.7565307617188,1034.351165067264,1015.5550939662595,1031.2486961976206,26485463
2021-09-01,1026.8101806640625,1038.495504793424,1024.9532755584123,1029.482446811587,11145486
2021-09-02,1039.1748046875,1045.2438888621152,1021.32982832915,1021.32982832915,9956770
2021-09-03,1081.79443359375,1084.7384068201698,1042.8435137983438,1046.2403322593964,30664428
2021-09-06,1098.5977783203125,1123.2365131929273,1092.4380047519112,1092.8909697996994,33641710
2021-09-07,1105.5274658203125,1113.2723180946527,1092.4380808510261,1100.5906136768078,17349882
2021-09-08,1101.2020263671875,1111.4606486919852,1090.0149514607642,1110.554838373318,14301651
2021-09-09,1098.5977783203125,1104.145971203985,1094.2950296674799,1099.6394421897962,8963249
2021-09-13,1074.1175537109375,1101.949327153265,1072.5323557228828,1101.949327153265,16311160
2021-09-14,1072.7135009765625,1084.2854942866497,1071.6037904973264,1075.6801166083583,8908356
2021-09-15,1077.1746826171875,1085.0780298856923,1072.7360805602518,1072.7360805602518,9071075
2021-09-16,1099.7752685546875,1103.6476943262978,1072.0567074838173,1078.6466838742622,13448882
2021-09-17,1082.7227783203125,1112.2983612101125,1075.9516645338,1107.8371172912175,34882133
2021-09-20,1084.444091796875,1095.3140549772365,1073.415512979037,1074.3666078022443,11779819
2021-09-21,1089.1317138671875,1094.521410709491,1079.756260196694,1089.2675674362638,9915736
2021-09-22,1100.817138671875,1106.0255780999046,1086.210482648724,1090.6264428510565,10995912
2021-09-23,1127.7203369140625,1130.9360171926044,1107.6107744419755,1108.4713001643795,15748397
2021-09-24,1124.4593505859375,1134.7632574948414,1119.6131874834832,1133.9027316972313,15192163
2021-09-27,1143.36865234375,1145.837138258342,1121.1078331879216,1126.4069614315592,15373834
2021-09-28,1154.057373046875,1161.6890123387186,1138.0919448330371,1147.6938200602945,18035258
2021-09-29,1144.90869140625,1163.9991145771864,1141.3758992926414,1163.9991145771864,9719875
2021-09-30,1141.0135498046875,1147.965922997723,1132.4534560345573,1143.6178894191034,13590654
2021-10-01,1143.0289306640625,1150.320936930379,1130.0302358504632,1133.1779894261922,8958928
2021-10-04,1157.7261962890625,1166.1957202690803,1149.0754144086845,1156.2994941506686,10918552
2021-10-05,1181.7535400390625,1183.021746414647,1153.7405072590436,1157.2506571555696,13533634
2021-10-06,1159.40185546875,1186.6221652780882,1155.438860897584,1186.6221652780882,10258881
2021-10-07,1165.0860595703125,1177.0204479976474,1162.9573276219362,1175.3219190109808,6336665
2021-10-08,1209.8570556640625,1215.8129290316733,1169.207605953432,1170.906015220909,15772493
2021-10-11,1201.4326171875,1231.9366542030143,1198.1263679197398,1223.5124154081877,14768666
2021-10-12,1208.2943115234375,1215.1787568517786,1196.269354160262,1197.9678831315707,6682011
2021-10-13,1220.5911865234375,1231.7103344750674,1208.9737889938256,1213.3671067441883,9959762
2021-10-14,1223.0594482421875,1230.7817769408248,1217.0809330176019,1223.036805981498,8623469
2021-10-18,1226.320556640625,1243.2596035729455,1205.8033136478314,1208.6567177514992,13594479
2021-10-19,1237.3038330078125,1246.1357531841286,1226.501796349313,1233.6578296621897,8833409
2021-10-20,1223.0594482421875,1242.2405578545067,1219.0285268378586,1242.2405578545067,12710570
2021-10-21,1187.7772216796875,1235.5600608138357,1179.0358711096487,1235.2883536749923,20831669
2021-10-22,1189.9964599609375,1206.9809106504802,1182.7950231580921,1186.6448064236538,11027475
2021-10-25,1178.40185546875,1213.8201056097269,1163.9990998346134,1213.8201056097269,17198417
2021-10-26,1205.2371826171875,1208.7926167498356,1179.013250231775,1185.3315195274101,9750178
2021-10-27,1189.9964599609375,1212.3706072222662,1186.6221641632774,1201.1382490708493,9896298
2021-10-28,1176.9525146484375,1194.7748510901267,1173.283988789091,1186.6449607541927,9886181
2021-10-29,1148.7132568359375,1175.843002928945,1133.0649360229452,1175.843002928945,14233025
2021-11-01,1149.4151611328125,1157.6582624374937,1129.6225892164332,1148.7131311991511,15481114
2021-11-02,1132.6571044921875,1154.0348738636576,1130.143454028727,1152.6760985535552,10569130
2021-11-03,1124.8670654296875,1141.353269066621,1114.6310849978502,1135.034999269857,11989430
2021-11-04,1131.77392578125,1134.514118637374,1127.7656464746356,1129.1016597099565,1705656
2021-11-08,1133.177978515625,1141.3531527093287,1112.5475239087214,1141.0813257713814,20337183
2021-11-09,1142.123046875,1145.384011549245,1126.429444729638,1134.5593339553402,15682497
2021-11-10,1154.8955078125,1158.5641535733516,1133.9480592535028,1139.858648545967,10253470
2021-11-11,1157.0015869140625,1164.2255472479787,1148.3960890914113,1150.4342522284085,10722478
2021-11-12,1174.4615478515625,1177.0206028987552,1158.111197547698,1160.783463915503,8712341
2021-11-15,1167.5318603515625,1178.583081524526,1163.9990683781703,1177.586582367733,4803269
2021-11-16,1140.4019775390625,1166.2635115241296,1130.030145313062,1164.9273785910239,11337581
2021-11-17,1115.9898681640625,1131.819326460902,1114.631092727357,1131.819326460902,10202029
2021-11-18,1120.2020263671875,1127.3128958685732,1109.671695510959,1114.178225230509,8505625
2021-11-22,1070.5848388671875,1109.1961291306902,1064.8101030658254,1103.353466536403,24124307
2021-11-23,1080.5941162109375,1087.5691305828452,1045.7874503355001,1056.6800550508478,25326999
2021-11-24,1064.9912109375,1091.4868494573443,1061.4357769402945,1077.9446209027212,16820296
2021-11-25,1129.1016845703125,1133.2006528139436,1067.5954770563671,1074.7742721480843,42401936
2021-11-26,1092.709716796875,1122.1493269988055,1087.6822964764374,1117.7107252384765,15763138
2021-11-29,1105.7991943359375,1132.2949564813318,1086.5954393266575,1104.712245845007,24325354
2021-11-30,1089.4486083984375,1121.3793456985663,1081.9528225027632,1117.8012696969345,32172299
2021-12-01,1117.3485107421875,1120.5189065172979,1098.3711810133602,1101.9492572911422,10104610
2021-12-02,1124.5272216796875,1130.5736640269113,1114.9027029403865,1118.571348380323,12720411
2021-12-03,1090.739501953125,1131.6153710496726,1087.0029299803193,1131.5700865288095,19222481
2021-12-06,1070.06396484375,1098.326063585159,1067.5955985919252,1094.2498569399281,10332254
2021-12-07,1078.7825927734375,1088.8146726752468,1068.8863664494722,1076.2010153934032,11235122
2021-12-08,1095.2008056640625,1101.405743762558,1089.8563933091182,1097.9183562650253,8744178
2021-12-09,1112.5701904296875,1120.9265028973477,1098.3259314492311,1102.8551026436394,13213547
2021-12-10,1113.70263671875,1116.8956751250603,1100.7491053819138,1105.232992429202,8364414
2021-12-13,1091.3736572265625,1120.5642045309762,1088.8146024741634,1120.2924973928066,12901733
2021-12-14,1078.0125732421875,1089.7205393231307,1074.9553887174345,1077.944646457222,12991523
2021-12-15,1074.8648681640625,1089.2676234327396,1069.38448219365,1079.7563157042177,9366969
2021-12-16,1088.769287109375,1094.0231302341062,1072.8039773873268,1089.5845283011158,9761279
2021-12-17,1060.03173828125,1090.6263454753455,1050.7694958949853,1086.1198166210095,21049821
2021-12-20,1031.4527587890625,1049.7958677716224,1017.7519129116022,1049.7958677716224,14325846
2021-12-21,1046.806640625,1062.545530320319,1038.1786200134966,1046.8519251541745,12836561
2021-12-22,1071.649169921875,1074.276151843881,1051.6755775302054,1052.9889486908655,17658543
2021-12-23,1071.26416015625,1077.944705915956,1068.0031950967277,1075.2271551661324,9072401
2021-12-24,1074.6837158203125,1083.3796623765666,1058.718285237532,1073.4155095265614,7886494
2021-12-27,1073.5286865234375,1077.0388360812635,1063.4966072069749,1069.588333994207,4017223
2021-12-28,1086.2783203125,1089.1996512774408,1074.7968966086662,1075.9517717574063,6374613
2021-12-29,1088.135498046875,1095.6086434721246,1078.8958965572567,1082.9269385141147,15425312
2021-12-30,1068.478759765625,1089.245070757408,1062.3643899373753,1087.003127167027,29333171
2021-12-31,1072.5775146484375,1079.710904759357,1068.8862272626782,1074.7741732718725,9477290
2022-01-03,1088.7467041015625,1090.603728995159,1070.4941656370397,1071.1509110384136,5421611
2022-01-04,1113.3173828125,1114.6308734629547,1088.8145046450295,1094.2043208037267,10847728
2022-01-05,1118.526123046875,1121.877776996668,1101.9267085410534,1115.0840198447643,11643813
2022-01-06,1094.47607421875,1111.4605249543165,1091.0791361515087,1110.1923187691705,14447422
2022-01-07,1103.30810546875,1113.2949007403674,1092.2342419850618,1101.020877531252,13112115
2022-01-10,1104.2138671875,1112.8193642531028,1094.2723568788356,1110.5547786779957,9246731
2022-01-11,1112.1627197265625,1120.9492358826358,1102.8551919025351,1103.3081569787676,16205164
2022-01-12,1141.851318359375,1143.595131948247,1116.4426269818646,1119.2960312179016,14800442
2022-01-13,1148.28271484375,1150.8644117443653,1136.0992618786104,1141.9192812349345,11856712
2022-01-14,1149.9586181640625,1162.7761757448827,1144.0027445379585,1148.1469975068374,19930176
2022-01-17,1155.959716796875,1161.7344520199854,1149.0527486713804,1149.5057137125311,8036453
2022-01-18,1142.1683349609375,1160.5340832716051,1139.4281422634044,1157.0919805047831,6215029
2022-01-19,1142.077880859375,1151.3173615953267,1136.3710722869748,1145.882379974198,9755485
2022-01-20,1122.08154296875,1136.8014098425185,1111.913489734347,1132.3175229917704,16494486
2022-01-21,1122.2626953125,1133.3139167394952,1110.5548482538704,1110.5548482538704,13338594
2022-01-24,1076.993408203125,1134.4460429942571,1066.6668610593797,1120.971622898134,21868937
2022-01-25,1074.8875732421875,1081.8624687571998,1043.9758512681215,1064.1533431011624,24510205
2022-01-27,1058.96728515625,1067.1198169153088,1046.7159051568356,1058.0161903944513,20020431
2022-01-28,1057.9483642578125,1076.0876922422228,1054.5741878483832,1071.1509600753575,14667727
2022-01-31,1080.9339599609375,1089.9017336429354,1067.1651879580827,1068.9769283849403,12143683
2022-02-01,1077.35595703125,1096.3331695818495,1063.0437697429202,1090.6264803582178,13200509
2022-02-02,1079.5523681640625,1090.1732649193555,1075.7252273627023,1090.1732649193555,10017691
2022-02-03,1065.6025390625,1087.6596951339798,1063.0888887078768,1083.3795890325775,9572839
2022-02-04,1055.8873291015625,1063.654941472206,1051.2675896241456,1060.2806459968438,11061241
2022-02-07,1049.4561767578125,1067.4370085401163,1043.9757907846413,1060.7338205814565,10714467
2022-02-08,1067.09716796875,1068.8862659765236,1046.240291320876,1055.5931024543218,12060849
2022-02-09,1079.5299072265625,1081.2056742872649,1067.9805561051007,1073.9363098694528,11486225
2022-02-10,1078.42041015625,1085.0555521861236,1071.1963296372755,1085.0555521861236,12464491
2022-02-11,1076.314208984375,1079.982854527415,1061.6849113374171,1074.887506839841,15943370
2022-02-14,1059.1712646484375,1066.599124811997,1047.5991516117767,1059.9412213800138,10719633
2022-02-15,1095.1329345703125,1097.8278430466569,1057.880422222606,1064.9006018983252,11212671
2022-02-16,1092.8682861328125,1101.9492706042658,1085.16871921443,1100.5904953127101,10392840
2022-02-17,1106.7049560546875,1111.8682307103675,1091.5322435754686,1096.106699582626,12853252
2022-02-18,1098.0543212890625,1112.5476464311962,1096.129369451274,1107.1126644779383,6775458
2022-02-21,1086.957763671875,1103.9875007758346,1080.0281530233087,1092.4380298945582,11107193
2022-02-22,1082.0208740234375,1085.146105195485,1063.066305633856,1065.6705251768456,13494914
2022-02-23,1075.2498779296875,1089.9697459260428,1072.5098045121515,1087.5013796836981,7310110
2022-02-24,1021.6695556640625,1059.7827129241718,1016.0760782454672,1043.975778151862,24846650
2022-02-25,1034.442138671875,1045.312103838105,1030.9546306158638,1032.6983247436933,14570089
2022-02-28,1068.682373046875,1072.2151647642706,1015.8948766365417,1015.8948766365417,21297446
2022-03-02,1086.3463134765625,1087.4560239699686,1054.9364629191114,1057.3142599474093,21471786
2022-03-03,1077.1746826171875,1093.7288113845136,1073.4381104672327,1087.002981514595,10186748
2022-03-04,1053.283203125,1070.8337101992126,1050.9280486616494,1065.7157207883167,10805667
2022-03-07,1014.33251953125,1047.1917178849474,1006.3837665616244,1032.0641687706516,17983310
2022-03-08,1012.4979248046875,1017.2536381523959,987.361002125067,1001.6279025675499,21289374
2022-03-09,1066.2139892578125,1072.05665089973,1011.8864606126765,1012.7244638561707,20414228
2022-03-10,1083.4927978515625,1089.267532756051,1068.8862634347242,1087.0029472759036,17980493
2022-03-11,1086.617919921875,1091.9850941858494,1076.1555181267943,1076.1555181267943,12257423
2022-03-14,1095.540283203125,1098.0540530902786,1075.2269427815568,1081.0696038594047,8340678
2022-03-15,1070.4488525390625,1099.6620420875429,1060.2128731362302,1099.6620420875429,15925769
2022-03-16,1088.5203857421875,1090.581191192119,1076.6312801930274,1078.850581492875,11149828
2022-03-17,1124.0064697265625,1131.1172183134404,1093.8420644373464,1101.8361008572806,21422098
2022-03-21,1117.529541015625,1125.047969025694,1104.6667012659022,1106.9312865725458,11999466
2022-03-22,1146.4031982421875,1148.124249688356,1111.2794206216663,1114.2232739689239,22557065
2022-03-23,1150.049072265625,1161.6664689349448,1142.7119015169374,1142.7119015169374,15462187
2022-03-24,1167.916748046875,1170.4078760728964,1136.8240104486479,1136.8240104486479,13168266
2022-03-25,1175.70703125,1184.833300668766,1167.169460657995,1169.660588741769,14222488
2022-03-28,1187.5283203125,1191.060992805179,1171.4723190412603,1182.1158606493575,9891424
2022-03-29,1187.7998046875,1194.7973413665754,1180.9381215710694,1194.7973413665754,8684065
2022-03-30,1210.6270751953125,1217.4434746814534,1185.331593767139,1195.6581430818142,15811550
2022-03-31,1193.3255615234375,1209.1551399202813,1190.5402036058347,1207.003765404827,13223718
2022-04-01,1202.8819580078125,1207.094137293246,1187.5507515318518,1193.891542920345,7922880
2022-04-04,1206.4375,1211.555489970758,1196.45070474843,1202.7009276541294,7929162
2022-04-05,1189.3851318359375,1209.2456310104756,1186.9620503043643,1200.7307025551163,13149870
2022-04-06,1186.2147216796875,1193.2122590361132,1171.744039651222,1171.744039651222,12257215
2022-04-07,1165.2899169921875,1180.3041331292436,1162.6402930619627,1175.3672812713683,15496499
2022-04-08,1184.6748046875,1188.9096265891387,1159.4698932414146,1159.4698932414146,15152495
2022-04-11,1182.2064208984375,1195.0466201854251,1169.8869936426172,1177.5865608022991,9254209
2022-04-12,1159.945556640625,1178.7642727503164,1157.3865016457235,1171.6986884850992,13217742
2022-04-13,1155.6881103515625,1174.2351195875087,1152.9026326764838,1166.0373022107094,10354235
2022-04-18,1152.1551513671875,1159.3792305452218,1142.1683569783831,1147.2410619855225,9974224
2022-04-19,1196.0655517578125,1208.3849780863475,1155.416224906424,1158.5639783200388,26141820
2022-04-20,1231.234619140625,1238.2775602010167,1199.8247720277507,1203.4481327307994,25072240
2022-04-21,1260.0631103515625,1263.1882220689733,1237.3718474027373,1245.9320610290454,21708633
2022-04-22,1249.5098876953125,1269.075915209395,1242.8972695502077,1249.5551722154648,15054154
2022-04-25,1220.6138916015625,1249.3288344946673,1206.41491600151,1242.0822318802027,17063215
2022-04-26,1257.1414794921875,1265.9054714118893,1226.3657374070801,1227.4074011312523,12227666
2022-04-27,1258.364501953125,1280.8518611647926,1247.8114113086813,1248.1738072854712,19338945
2022-04-28,1277.16064453125,1291.269050141953,1261.874601680994,1272.6767577965609,25614076
2022-04-29,1263.7542724609375,1293.6015662528664,1257.8889681093667,1293.6015662528664,18214862
2022-05-02,1259.315673828125,1270.6612443033114,1249.1702630612974,1250.9593611931234,9467006
2022-05-04,1220.0023193359375,1263.6410258882418,1212.1442565160846,1261.3764403153348,19247660
2022-05-05,1196.11083984375,1236.4658174286478,1192.079918457506,1233.5218443509423,17210669
2022-05-06,1186.9393310546875,1204.3087009820067,1174.6651887519583,1183.112189870724,19649948
2022-05-09,1140.583251953125,1176.2732081933118,1135.4652620079833,1166.2410086662385,18083752
2022-05-10,1120.813232421875,1144.3423749690376,1113.2721615832613,1130.0301899582084,19511677
2022-05-11,1109.3319091796875,1125.478478168712,1096.9445548183617,1119.9075231154202,16643899
2022-05-12,1086.731201171875,1102.7870793042052,1073.4153958980505,1099.4581878859078,20490321
2022-05-13,1099.0506591796875,1122.3306194635952,1093.9553113783713,1098.7789520224087,19308778
2022-05-16,1099.322265625,1123.6891694506164,1094.5439104656627,1102.6058723181322,13437911
2022-05-17,1145.497314453125,1150.366239393939,1101.496331090796,1102.9003909379085,16551828
2022-05-18,1149.6641845703125,1163.9990123371506,1136.0313867118257,1150.2530031709177,17276788
2022-05-19,1123.1683349609375,1137.9561265637965,1116.918112875952,1125.0480019185666,14699118
2022-05-20,1188.660400390625,1197.6961004424857,1133.2006360812218,1137.956229855782,21793091
2022-05-23,1180.7119140625,1201.8405013117845,1174.4162863101842,1191.8535854335655,15252755
2022-05-24,1184.7652587890625,1194.7973375363194,1176.5448004718992,1180.7569797022973,13527818
2022-05-25,1183.0216064453125,1203.2670225299603,1178.2658929997126,1193.4387237828619,12714544
2022-05-26,1171.743896484375,1193.393371125466,1154.0347740615534,1188.6376579513867,17882023
2022-05-27,1166.3089599609375,1179.9191164627784,1150.4568600156867,1174.4388502012214,16521973
2022-05-30,1206.935791015625,1211.1025664956994,1174.9597635821942,1184.3803827895526,13853398
2022-05-31,1192.374267578125,1213.2764285050255,1184.6973432373502,1196.337262181718,70620653
2022-06-01,1192.75927734375,1202.587575606305,1184.9237375655662,1193.1215535044294,9776989
2022-06-02,1233.88427734375,1237.5755649319342,1192.98576447725,1192.98576447725,22126569
2022-06-03,1258.8853759765625,1276.0283243723425,1241.9009234208313,1242.8068535360608,23939791
2022-06-06,1253.4730224609375,1274.5110388345443,1246.3395117355965,1259.1119042533815,11093152
2022-06-07,1255.828125,1264.139152836091,1246.4527910651425,1254.5372764842177,12358255
2022-06-08,1233.7711181640625,1259.564728048269,1230.260968517713,1255.8281557796806,12479250
2022-06-09,1267.6038818359375,1269.5287134718806,1227.407402469765,1227.407402469765,17278305
2022-06-10,1229.3326416015625,1263.5958986630922,1223.5579057416696,1255.443365625697,18093057
2022-06-13,1206.074951171875,1210.5588374187555,1184.9690106078476,1200.2324095352897,17620803
2022-06-14,1190.3135986328125,1210.1288135182253,1183.6783373201108,1200.2552293704455,14714312
2022-06-15,1175.910888671875,1194.4805402025763,1170.5211912252462,1185.5354082981676,11195535
2022-06-16,1159.4698486328125,1204.331357067944,1156.752298028243,1188.0036507794862,17111475
2022-06-17,1173.057373046875,1188.8415454022556,1157.7035234680366,1159.4698594973618,24457187
2022-06-20,1151.79296875,1185.331550638825,1141.8513382748356,1179.851164692969,12066797
2022-06-21,1170.38525390625,1174.5973137201734,1145.112415821389,1159.4698864092793,11720049
2022-06-22,1134.8310546875,1158.6998308652678,1132.747607320494,1158.6092618232658,10617206
2022-06-23,1116.419921875,1143.6177098347453,1107.3842221697334,1139.1111811125647,19446323
2022-06-24,1132.3175048828125,1137.2768791745684,1117.8014186070498,1123.2365200121847,14240234
2022-06-27,1128.9658203125,1152.6534598644344,1123.9383995696694,1152.6534598644344,15474529
2022-06-28,1144.840576171875,1147.67133814574,1124.187598454475,1124.187598454475,13572847
2022-06-29,1168.59619140625,1176.2279518820312,1132.7477384681235,1135.555858296585,19205146
2022-06-30,1175.6163330078125,1184.7878859438251,1162.1873163749465,1168.5281075997498,23112959
2022-07-01,1090.943359375,1173.9631898181497,1071.150907551117,1166.2183382001654,81997149
2022-07-04,1093.2078857421875,1106.0254419629423,1071.648979247077,1077.4689986763794,41857728
2022-07-05,1102.0625,1116.3973279805082,1094.7478514073186,1097.42011751126,17647327
2022-07-06,1092.3699951171875,1106.0027924376789,1081.5679595799388,1096.106567126978,23943726
2022-07-07,1081.61328125,1102.0624779330788,1075.6800503518655,1098.7335863010783,23301033
2022-07-08,1083.1080322265625,1095.155633472675,1079.0996326989614,1095.155633472675,19010108
2022-07-11,1097.82763671875,1100.046817658232,1073.4153285810387,1076.359301395055,13847467
2022-07-12,1096.26513671875,1104.983845261713,1088.8146344584836,1088.8146344584836,10778989
2022-07-13,1076.8349609375,1102.4022679488555,1074.7742754785731,1099.3677256155834,14224132
2022-07-14,1085.712158203125,1102.3796184650857,1076.5632467388843,1081.5680252499114,16970315
2022-07-15,1087.818359375,1093.7968755659167,1079.348834704648,1093.7968755659167,9603210
2022-07-18,1097.0804443359375,1098.3258884954794,1083.5154537448523,1096.5142680086967,15160908
2022-07-19,1103.8062744140625,1108.2901609105513,1087.1388148491112,1087.1388148491112,16439888
2022-07-20,1133.653564453125,1151.5438277746334,1126.0672081991272,1150.4115948025603,23924246
2022-07-21,1126.0897216796875,1132.2947793542016,1117.484344754926,1129.5772288514759,16523230
2022-07-22,1133.698974609375,1139.6774905895736,1130.0303289124045,1132.29491466853,10969995
2022-07-25,1096.242431640625,1117.5522733397709,1088.361726850526,1117.5522733397709,23110452
2022-07-26,1096.74072265625,1106.886133119494,1092.143624721455,1096.5595845623452,11303288
2022-07-27,1095.6990966796875,1099.2317688342157,1087.908840568981,1096.0387306174957,8655086
2022-07-28,1112.86474609375,1117.7788361232904,1096.5143960795697,1103.3081533989875,12496073
2022-07-29,1136.5748291015625,1140.0396942059215,1115.989778235377,1120.8359411287292,15130683
2022-08-01,1166.19580078125,1172.038463313215,1135.7370437974075,1140.968245399228,15700044
2022-08-02,1170.63427734375,1181.1193216829413,1160.1718752661886,1165.1313691654111,13917913
2022-08-03,1180.462646484375,1182.1157712823,1162.8442104812696,1177.5865998850716,14250977
2022-08-04,1164.859619140625,1185.6259288355277,1148.1469933470867,1182.1157790494954,14467127
2022-08-05,1147.69384765625,1167.9845468317753,1144.5008098568317,1166.7164604960217,13942438
2022-08-08,1162.708251953125,1170.1361123075012,1146.3352600049257,1146.3352600049257,10165178
2022-08-10,1169.66064453125,1173.012178752456,1158.133815529184,1167.1242318013608,10724688
2022-08-11,1173.5556640625,1182.0704726435374,1168.618812190309,1178.990645714219,8198226
2022-08-12,1192.5328369140625,1196.3146936661199,1169.5247047340195,1173.193230375856,12650587
2022-08-16,1200.8212890625,1203.5388398516432,1189.9513255065965,1198.511418811862,6607378
2022-08-17,1207.0941162109375,1212.4158859762824,1202.7460834374597,1207.0261894301318,6595965
2022-08-18,1209.2833251953125,1212.7820913718717,1199.6955520359063,1208.6925853891362,7410035
2022-08-19,1187.72216796875,1209.464997552082,1183.6779742626552,1204.148579928399,9460724
2022-08-22,1184.4276123046875,1195.6511862435966,1175.0671220726035,1189.1534098834666,9471680
2022-08-23,1202.694580078125,1205.6027266806439,1177.4982950302235,1178.7024907985585,9678484
2022-08-24,1199.4908447265625,1213.236390851307,1197.4915843453323,1199.6499778722127,10369622
2022-08-25,1195.9921875,1210.0102083418858,1191.6981161929027,1203.671444195302,7871946
2022-08-26,1189.6077880859375,1204.1485194816453,1184.6095168359632,1196.4237108559755,10742038
2022-08-29,1180.36083984375,1206.4204546360302,1171.4546722003442,1174.6126958822672,19838975
2022-08-30,1198.6729736328125,1201.990130578996,1170.795826558723,1187.790261371782,23139054
2022-09-01,1163.4346923828125,1183.6780172121637,1159.0270403092493,1173.5450568236956,19909939
2022-09-02,1149.84814453125,1170.2277638288456,1147.6670348863252,1163.4345573963137,12999345
2022-09-05,1167.7060546875,1173.0224725362493,1150.0754462865928,1150.0754462865928,11327815
2022-09-06,1179.997314453125,1184.1550886922698,1168.705591439244,1169.1600343727337,10899618
2022-09-07,1173.1361083984375,1179.1114147484413,1167.796974159679,1170.0689487334319,7488501
2022-09-08,1174.79443359375,1180.5198614611618,1168.2512248209334,1176.0894937430355,7057077
2022-09-09,1167.478759765625,1185.972579330713,1165.0703685493695,1185.972579330713,8314850
2022-09-12,1180.542724609375,1186.8816091364133,1168.046804859231,1168.046804859231,7435419
2022-09-13,1190.403076171875,1194.9243089400052,1181.8832020191865,1189.607891122723,8888657
2022-09-14,1176.135009765625,1185.9726599528265,1169.046493026583,1170.0688394223355,8678219
2022-09-15,1164.4798583984375,1183.041828116281,1161.776157155841,1173.7040529111878,10365600
2022-09-16,1135.6256103515625,1160.0721402601105,1131.8995628990685,1155.8689337357673,20217708
2022-09-19,1137.1025390625,1146.3040180403946,1127.5147655140897,1135.6257495827476,7580254
2022-09-20,1137.2841796875,1153.119972213298,1133.5808482063046,1146.1903481529216,8411448
2022-09-21,1140.419677734375,1150.9843653188254,1133.7173348356014,1134.5125199123227,9207309
2022-09-22,1129.673095703125,1137.3523524884633,1123.3116153435435,1129.6276634257686,10308170
2022-09-23,1108.498291015625,1134.1488981287762,1106.9533532004177,1129.1733426023927,9528051
2022-09-26,1080.257568359375,1098.6379294477279,1079.257938059937,1087.845960638479,12479523
2022-09-27,1088.8455810546875,1102.3638454814661,1072.4191704410875,1087.8231145473603,16154822
2022-09-28,1059.8551025390625,1080.5528678614462,1057.4241154049128,1072.5327497220442,16997059
2022-09-29,1056.6063232421875,1075.7817488504493,1051.0171916607421,1072.3738473223364,14671827
2022-09-30,1080.439208984375,1091.4582168624277,1050.1082416737165,1050.1082416737165,18613024
2022-10-03,1076.6905517578125,1098.251530811662,1073.7369732258553,1086.687214378407,11852723
2022-10-04,1096.5474853515625,1098.7285948569065,1086.073664575446,1089.5498341414104,8948850
2022-10-06,1100.591796875,1113.269446039468,1098.7969814617613,1103.7272251000825,13352162
2022-10-07,1105.2493896484375,1110.4976589700225,1097.2065545320427,1097.2065545320427,7714340
2022-10-10,1093.1851806640625,1098.547030597458,1085.0969133921378,1092.8216022630288,6329527
2022-10-11,1071.41943359375,1096.9110251312234,1068.32955827905,1096.9110251312234,9215177
2022-10-12,1079.3033447265625,1082.2342073300697,1064.6944639855953,1068.7386577474495,7417103
2022-10-13,1082.7340087890625,1087.8231445652352,1072.419200033899,1077.5538882747444,7328492
2022-10-14,1077.2357177734375,1097.9789154976827,1076.508681223135,1097.3654596284905,9106089
2022-10-17,1094.525634765625,1096.9111900194368,1064.9218171343564,1070.1019383497958,16729355
2022-10-18,1113.83740234375,1119.1765361724479,1099.7056807153497,1100.5462980220425,12415820
2022-10-19,1133.21728515625,1148.6440655761994,1109.4977929604431,1115.314085328947,19247142
2022-10-20,1136.2618408203125,1144.6227018334394,1129.173323936751,1129.173323936751,8717053
2022-10-21,1123.084228515625,1143.6229813098248,1120.994103570685,1139.4879233106462,8243452
2022-10-24,1126.8331298828125,1137.1252236758137,1115.6778227953112,1117.8133802746593,3370033
2022-10-25,1109.4296875,1135.5347355693707,1107.8166013928017,1135.5347355693707,12233241
2022-10-27,1113.7918701171875,1121.6529753517277,1105.4537260220727,1116.90446154382,12513059
2022-10-28,1147.87158203125,1151.8929390234955,1117.5633290375395,1120.085180684718,17609592
2022-10-31,1158.5272216796875,1163.6846262416873,1150.62068370947,1154.6194450652783,12419943
2022-11-01,1149.5528564453125,1181.428644108962,1139.6243422706675,1181.428644108962,13963166
2022-11-02,1156.7322998046875,1158.7998289194838,1142.8051438822936,1150.666129478395,8981896
2022-11-03,1161.0491943359375,1163.0485752218901,1147.3719146666933,1149.5530246719463,6693449
2022-11-04,1178.1343994140625,1181.428720196316,1159.2088516372303,1160.4810755593053,12575815
2022-11-07,1184.4276123046875,1186.1089669253427,1169.6144081491448,1177.3390962233107,11789748
2022-11-09,1183.2464599609375,1191.4028762322173,1176.9075752515669,1186.109174333478,11254205
2022-11-10,1168.9329833984375,1179.8611290593667,1164.616195791804,1176.8848340514855,5966242
2022-11-11,1195.878662109375,1197.787058206641,1175.9760787775724,1181.428793587036,12310132
2022-11-14,1190.0850830078125,1200.5134736804264,1183.7689145270133,1195.4015009715274,9043112
2022-11-15,1184.7459716796875,1193.4248592098502,1176.8848651845096,1191.561895358841,7086433
2022-11-16,1177.9527587890625,1188.6764594316192,1172.954366703904,1185.9727580356148,9716161
2022-11-17,1180.997314453125,1187.3360795772503,1172.3410220887527,1174.5902807120274,6661451
2022-11-18,1180.36083984375,1185.518244075579,1168.2966485184213,1184.4957775689334,5303197
2022-11-21,1159.1180419921875,1175.9760614312995,1155.5737233322704,1175.9760614312995,6390268
2022-11-22,1165.547607421875,1167.1152613187112,1152.5746494360667,1156.4369938334312,6611488
2022-11-23,1161.9124755859375,1171.3866679891707,1159.7313656787815,1170.0688915510787,6413408
2022-11-24,1171.931884765625,1178.702375351731,1157.8910283853108,1165.9792953074673,9389439
2022-11-25,1189.4261474609375,1192.7431844497548,1173.295044904841,1176.430472976704,7349922
2022-11-28,1230.299072265625,1236.4333911015242,1136.8980043426527,1185.472920181286,31527484
2022-11-29,1232.411865234375,1241.2498849313702,1224.141869160624,1228.6631016268889,11058913
2022-11-30,1241.1136474609375,1247.5206802015884,1226.0504438987869,1232.54834119291,26164986
2022-12-01,1237.455810546875,1251.8601266305577,1234.1387734132652,1245.862104269674,9485801
2022-12-02,1236.9332275390625,1248.6793948058917,1227.1410088571656,1240.50026242272,11589592
2022-12-05,1218.8936767578125,1234.4794719283639,1216.871700030192,1232.3210781772725,14828536
2022-12-06,1222.415283203125,1225.5051588426245,1209.146894711336,1211.0099786652759,8594245
2022-12-07,1204.3758544921875,1224.5964643493226,1200.5816581384124,1220.052515180835,8462111
2022-12-08,1203.8077392578125,1210.9645247591304,1199.6500849785011,1208.6925503476532,7757008
2022-12-09,1185.5638427734375,1208.6925984914808,1182.2694016212881,1202.3309977712286,12655763
2022-12-12,1187.38134765625,1191.8798642806923,1174.6128344148897,1174.8401159938364,9479842
2022-12-13,1192.78857421875,1196.4236366510218,1184.473026360029,1187.3811724588006,8333348
2022-12-14,1188.471923828125,1199.127475241392,1186.4271108317469,1198.5367354613884,7268947
2022-12-15,1171.591064453125,1188.244637773301,1168.2513114103942,1182.564761948623,8688551
2022-12-16,1165.7974853515625,1189.9714223850988,1162.412300039899,1168.2513090093973,15837349
2022-12-19,1181.110595703125,1183.246273075343,1166.2972711057284,1172.7951677670053,7729933
2022-12-20,1191.3345947265625,1193.242990634255,1165.9792991040035,1174.1129983269077,7467588
2022-12-21,1174.3857421875,1196.423883640869,1170.5688296926967,1190.9711686756098,8527550
2022-12-22,1171.3411865234375,1183.541675654874,1166.3200787009303,1180.5199485444361,7451122
2022-12-23,1136.9888916015625,1177.112082738486,1132.4676588679463,1164.7524600759673,10257115
2022-12-26,1146.91748046875,1155.073896863254,1132.5358801607608,1142.6916774565434,5990242
2022-12-27,1156.300537109375,1158.1635005411677,1142.9185703008357,1149.6209117724798,5763271
2022-12-28,1156.1871337890625,1158.6181211536698,1145.7587436629801,1153.2562711921107,7459393
2022-12-29,1155.66455078125,1158.209118855438,1147.5762834083114,1148.2578877514563,6930648
2022-12-30,1157.4366455078125,1170.97762738263,1154.6649160603042,1156.4824475075623,7289476
2023-01-02,1170.4779052734375,1171.8865462707408,1157.8911210447166,1158.7090222381169,5316175
2023-01-03,1161.9124755859375,1169.160125804233,1157.7093889350726,1165.5476587645308,7658932
2023-01-04,1144.418212890625,1163.7300547153022,1142.3506838068283,1161.8896870062515,9264891
2023-01-05,1142.3734130859375,1152.5292093307505,1137.8067482537933,1146.6674842652508,13637099
2023-01-06,1152.7564697265625,1157.777577935928,1144.3047436595773,1148.0989399434065,6349597
2023-01-09,1179.974609375,1182.3375684218504,1155.687212453628,1156.5732620005954,10722753
2023-01-10,1162.52587890625,1184.155127696438,1156.891435377878,1184.155127696438,8047142
2023-01-11,1147.87158203125,1162.344044167369,1145.5767715508584,1159.8449086559888,11509553
2023-01-12,1123.084228515625,1150.7569299071174,1120.0852177263125,1147.280880250268,17688773
2023-01-13,1121.266845703125,1123.675117069892,1106.2717897707075,1117.0863548772086,20618583
2023-01-16,1110.5885009765625,1126.7421991055548,1102.8182596793808,1123.584175159578,13623855
2023-01-17,1126.3560791015625,1128.2644751675343,1113.5421334042796,1116.9046027544262,10751000
2023-01-18,1124.492919921875,1131.9450149571076,1117.9724269094495,1123.947732620178,13448286
2023-01-19,1123.2886962890625,1127.4236337375953,1116.290924928179,1123.674870576832,11940054
2023-01-20,1109.9295654296875,1124.6291897175156,1107.4758620574123,1124.6291897175156,14930286
2023-01-23,1104.3177490234375,1120.6305800710875,1101.9094778576764,1112.8150268033937,10954118
2023-01-24,1097.7972412109375,1110.3839043654414,1084.8014472016187,1108.7253859560433,16488755
2023-01-25,1082.620361328125,1097.2292417944516,1081.4617181061994,1096.2068953996695,12385018
2023-01-27,1062.081787109375,1084.8015319770323,1050.403768536496,1083.4611595770739,25830975
2023-01-30,1072.26025390625,1077.781116815708,1045.564464693845,1059.5144571522903,21772103
2023-01-31,1069.579345703125,1084.9379802131518,1063.7403362487162,1082.3705756526113,22691594
2023-02-01,1063.240478515625,1081.438989315294,1047.3819702702858,1081.438989315294,19347800
2023-02-02,1057.35595703125,1066.920892525141,1050.1083077780725,1053.2890475640809,13662663
2023-02-03,1058.2874755859375,1067.3753725425988,1041.929212987467,1067.3753725425988,24699575
2023-02-06,1050.312744140625,1054.652247201578,1047.7454602358487,1051.9258301558875,14837879
2023-02-07,1047.7908935546875,1057.5603943899198,1041.9291690153093,1050.5627428744976,15135435
2023-02-08,1068.7159423828125,1072.3284093286718,1048.290888887822,1051.017186057536,21160332
2023-02-09,1070.5789794921875,1077.3040386110727,1060.559599329042,1069.3976200283605,13172763
2023-02-10,1061.763671875,1070.0563840638993,1054.7886158361225,1070.0563840638993,10790445
2023-02-13,1055.7203369140625,1067.8299624778901,1051.2672523692866,1063.3768779331142,10352493
2023-02-14,1080.598388671875,1082.3250555378218,1055.8565481440585,1058.7192622894795,14321920
2023-02-15,1105.067626953125,1107.4533024427076,1078.2810909230323,1079.6441795283704,33503591
2023-02-16,1104.2042236328125,1119.5401413378127,1101.9322491792432,1113.019527781497,17264487
2023-02-17,1108.81640625,1112.1335637259278,1095.3662876043543,1099.6376431744663,11809520
2023-02-20,1097.093017578125,1113.1558521216361,1095.1390690194628,1110.9974583087273,8836937
2023-02-21,1106.044677734375,1111.8154187780797,1096.1614739086865,1101.4552961916092,13311592
2023-02-22,1080.9617919921875,1104.181409716533,1079.2124090771258,1102.34116225432,11024335
2023-02-23,1075.78173828125,1088.1640768500556,1072.9872927091903,1080.5529686414243,9851910
2023-02-24,1083.1429443359375,1088.800224148405,1076.0089953829322,1077.8265267799054,9434053
2023-02-27,1075.9407958984375,1085.8467152410444,1068.6024012348664,1082.3705449963543,11199715
2023-02-28,1055.356689453125,1075.55458156191,1051.3126158801917,1070.6016220746747,21994038
2023-03-01,1065.0579833984375,1065.7850199744744,1055.6746563210354,1065.1034156724897,11551145
2023-03-02,1056.9471435546875,1068.57973034707,1054.925046511839,1061.9228195758383,9333535
2023-03-03,1083.9154052734375,1087.5733043694927,1063.9902277008234,1067.443561368033,14643807
2023-03-06,1094.5029296875,1101.7278641326047,1090.5497203643376,1090.5497203643376,10171916
2023-03-08,1098.433349609375,1099.1831022898903,1083.7336057675889,1094.5027369272827,15782657
2023-03-09,1072.032958984375,1098.2288726400263,1070.147279158801,1097.8199821583767,16235128
2023-03-10,1055.4248046875,1065.1034417835135,1051.9486346812796,1063.967514713159,13334091
2023-03-13,1038.0670166015625,1065.1035499544928,1033.7502288751577,1058.2876262665352,12771592
2023-03-14,1034.181884765625,1047.3592882483779,1031.0465769110588,1036.0221323528851,16027522
2023-03-15,1016.5057373046875,1044.3374508988734,1012.1208019221261,1037.8851067638673,21728555
2023-03-16,1011.4393310546875,1024.207844384365,1000.6701985245505,1019.2095726723305,18363159
2023-03-17,1010.1670532226562,1023.2763079373278,1005.4413153341551,1020.0047033408911,34014213
2023-03-20,1000.238525390625,1008.7584596340857,990.5826039210764,1006.4864851819102,19524589
2023-03-21,1031.341796875,1033.2957451749278,1007.3951430408976,1008.2811925498517,21400360
2023-03-22,1034.4771728515625,1041.2249475152355,1031.47816188993,1038.294084967167,10920094
2023-03-23,1021.390625,1031.4327203269945,1019.2322313496287,1030.569386905087,16249370
2023-03-24,1001.1699829101562,1022.3902814688943,998.7617116838695,1020.231887763167,12375945
2023-03-27,1016.7330322265625,1024.2078438429432,999.7614322476102,1007.6224783212151,14054323
2023-03-28,1021.4815063476562,1025.3438507677042,1016.4831146440141,1020.118297683826,12576424
2023-03-29,1015.4380493164062,1020.0274303318191,1004.7142894261991,1017.3918775634875,18804065
2023-03-31,1059.2191162109375,1064.8536804760474,1024.5260415402947,1024.6623383806666,28171201
2023-04-03,1059.4007568359375,1067.3754434349298,1051.9259454677697,1065.5579119993613,10293043
2023-04-05,1056.856201171875,1066.9210129823457,1048.995215362799,1066.9210129823457,16262928
2023-04-06,1063.94482421875,1069.647537063385,1053.357419977002,1053.357419977002,18435046
2023-04-10,1056.40185546875,1068.0117263349803,1054.9023498118622,1067.8299972108045,12961408
2023-04-11,1061.6273193359375,1063.7402807994256,1056.0383079017138,1060.559540630498,10542367
2023-04-12,1066.3074951171875,1075.9178623263667,1058.764536534493,1061.6271300614383,18179087
2023-04-13,1070.3289794921875,1075.0092249147228,1064.1946609026813,1069.1929322468407,12378208
2023-04-17,1075.759033203125,1101.8867990924884,1067.3981721567704,1101.8867990924884,17929479
2023-04-18,1063.4449462890625,1080.0985197030036,1056.9243329412964,1080.0985197030036,10405576
2023-04-19,1068.738525390625,1071.419389949788,1059.741493449773,1062.854084774079,12273475
2023-04-20,1066.034912109375,1071.9193532094926,1059.6961482625013,1069.692811176778,7007330
2023-04-21,1067.3753662109375,1072.828080314349,1061.6499382780762,1068.1251189073266,7647317
2023-04-24,1071.465087890625,1081.8706418346944,1066.9210188410907,1079.1897769115358,12936186
2023-04-25,1079.6668701171875,1081.7343994033272,1068.0571198634168,1075.1002048906516,9236126
2023-04-26,1073.328125,1084.2336751201349,1069.6702254865136,1081.0073822687018,8617834
2023-04-27,1080.1212158203125,1083.2792397187284,1074.191342363561,1079.189733985385,9167125
2023-04-28,1099.864501953125,1101.4095596588436,1082.2567334760838,1082.370314147566,15565210
2023-05-02,1109.20263671875,1111.361030519598,1103.3181951274973,1106.9988106394346,12981805
2023-05-03,1099.682861328125,1110.997299985596,1096.4794053699195,1110.997299985596,7061872
2023-05-04,1112.360595703125,1114.564421653396,1097.1838117593734,1100.1601065895743,8635233
2023-05-05,1109.5206298828125,1118.4267984938415,1106.9079133744922,1109.1798878043744,8746585
2023-05-08,1123.220703125,1128.5598368262858,1110.6112034431017,1113.269352129285,9153782
2023-05-09,1126.69677734375,1129.9912183396398,1119.290114376559,1124.6292481933926,6464721
2023-05-10,1134.4443359375,1135.9211253467272,1127.446563252221,1131.4453248412979,10872255
2023-05-11,1127.03759765625,1140.3058651251242,1125.3335267806174,1135.51203899488,10557860
2023-05-12,1128.8779296875,1130.2638545526538,1116.2229969798393,1122.2664514997994,6955341
2023-05-15,1131.1043701171875,1138.056589765274,1123.7885720856236,1131.3998000896127,6833343
2023-05-16,1114.99609375,1135.8073202110538,1113.3374551908087,1133.2627523170945,8717229
2023-05-17,1108.4073486328125,1120.0852459817609,1103.7271032383842,1119.1764803056624,8798967
2023-05-18,1106.0218505859375,1116.4502407386783,1102.8864225456616,1113.0649351771951,10525531
2023-05-19,1109.611328125,1111.428979511196,1099.1147910054287,1106.021698005306,8050447
2023-05-22,1115.5413818359375,1120.5397737195674,1105.2494084549478,1106.4534840047638,7434906
2023-05-23,1115.3369140625,1121.4485168171577,1113.9282731003457,1118.1087637100431,6092034
2023-05-24,1108.839111328125,1119.6310808484723,1105.7492354797112,1111.4065159491756,8112254
2023-05-25,1108.7027587890625,1112.8151011277312,1097.8427615845399,1105.9537453747698,11487863
2023-05-26,1138.94287109375,1140.0787982471202,1113.6102893364032,1116.904610291511,12626260
2023-05-29,1145.3497314453125,1149.6210865747194,1139.2608448772517,1145.5314605509366,10010304
2023-05-30,1145.054443359375,1153.1199946776444,1142.509755067562,1145.349753161613,11342504
2023-05-31,1122.311767578125,1140.4649655887667,1118.267694287889,1135.9891655098565,27107927
2023-06-01,1119.2901611328125,1129.1279320638168,1116.9046059479208,1126.969538270473,14592692
2023-06-02,1115.63232421875,1128.196393125224,1113.723928040502,1122.811826505655,15800644
2023-06-05,1125.6517333984375,1128.6053121788445,1117.1090229973545,1121.085068396339,10908682
2023-06-06,1126.6058349609375,1130.4000307352399,1118.7221336360576,1128.4689187387335,7493309
2023-06-07,1135.1485595703125,1135.989176828128,1123.5386905370437,1130.0820196952836,10312545
2023-06-08,1135.8302001953125,1143.6458744813403,1131.8997070078415,1138.7156307485393,12071109
2023-06-09,1127.787353515625,1139.874261684162,1125.9924180855612,1139.1699412328312,5877018
2023-06-12,1128.7869873046875,1131.0816777652867,1120.0852643496842,1124.8564945620458,6391969
2023-06-13,1145.4632568359375,1146.6447363478687,1129.7411659431393,1133.7172110839526,11248016
2023-06-14,1159.549560546875,1160.9809175855808,1143.7138887627082,1145.5314201372407,13277380
2023-06-15,1159.86767578125,1164.4116242878063,1152.1201510303479,1159.5268135380984,11813494
2023-06-16,1171.159423828125,1173.4313981302719,1163.3437504987226,1163.3437504987226,24171579
2023-06-19,1159.5269775390625,1174.1585755296505,1155.369322961202,1174.1585755296505,6798554
2023-06-20,1161.9351806640625,1165.070488566,1151.893084884151,1157.5957972211602,6921096
2023-06-21,1165.206787109375,1167.7286388194623,1157.8001247424693,1161.889630244124,6961603
2023-06-22,1152.1201171875,1169.2962804989265,1150.5297472760415,1161.4352954861522,7619166
2023-06-23,1142.691650390625,1151.1660925456156,1141.4420223330224,1149.1212794125972,6628570
2023-06-26,1133.9671630859375,1142.9869124040958,1130.8545713330911,1139.1700001634836,12641159
2023-06-27,1134.376220703125,1140.305974461151,1129.9231362063101,1134.4216529822017,9689466
2023-06-28,1149.3939208984375,1153.1881169201986,1135.0122016455275,1141.896393407388,11354006
2023-06-30,1158.8226318359375,1161.7307784588775,1151.1888070463274,1157.0732487107562,11151555
2023-07-03,1188.5628662109375,1191.425580555085,1161.1400387375704,1162.3669506539804,12154387
2023-07-04,1176.31689453125,1192.7887391966194,1169.2736896643748,1192.7887391966194,8061643
2023-07-05,1174.3857421875,1185.5184537103503,1170.4325328520283,1185.5184537103503,10248062
2023-07-06,1199.03662109375,1201.6266214253383,1170.546016490242,1170.546016490242,19117987
2023-07-07,1196.696533203125,1210.9418359205672,1194.1518448825288,1197.332705283274,13375267
2023-07-10,1242.7947998046875,1252.3144236363512,1215.508392547687,1221.8244401255106,33240016
2023-07-11,1256.2677001953125,1258.6759714064597,1243.9536302912918,1250.9058502676546,20069348
2023-07-12,1257.653564453125,1273.2166423107678,1254.8817149747802,1256.9946762890331,18733835
2023-07-13,1246.4073486328125,1271.8535100977601,1243.794632147719,1264.992154591986,14682934
2023-07-14,1245.3621826171875,1254.5409440468316,1238.2735461254954,1249.5879849572364,15124144
2023-07-17,1270.80859375,1279.146739590943,1239.591568020239,1248.2251438850676,22220040
2023-07-18,1281.60009765625,1289.324785415803,1269.1268963755451,1280.0324439694932,25867313
2023-07-19,1291.3243408203125,1297.7540895736324,1270.944719940005,1285.9397747939042,39122156
2023-07-20,1289.760498046875,1295.224991076979,1270.1421687973038,1270.1421687973038,38717624
2023-07-21,1249.834716796875,1287.3235564344566,1242.3763715855305,1284.4190157057792,30249238
2023-07-24,1224.5548095703125,1238.117785416934,1215.6441946530279,1221.4041174807796,23727866
2023-07-25,1223.7672119140625,1233.317845084984,1220.9118295647436,1227.8040737638994,12026020
2023-07-26,1243.6561279296875,1253.896056948107,1223.3732632571832,1223.3732632571832,12911012
2023-07-27,1232.0870361328125,1249.2930067215675,1226.007164509522,1247.520787544234,17226898
2023-07-28,1244.4686279296875,1251.853175548335,1231.0287272255082,1236.6902137331379,20827852
2023-07-31,1255.00390625,1257.2930680054526,1239.594792375287,1244.4686660676819,8551174
2023-08-01,1237.25634765625,1259.803857697837,1233.3672005487501,1257.8346449464532,9536632
2023-08-02,1224.0380859375,1236.665614699006,1212.8381883521488,1235.2871417271826,12748214
2023-08-03,1218.8934326171875,1231.201012494138,1210.1058926997707,1218.5981228148664,10168350
2023-08-04,1235.45947265625,1238.6348041373592,1216.776590964359,1230.1672134573323,22885610
2023-08-07,1242.49951171875,1244.7393951840495,1233.2195480808575,1241.0963994857652,5982870
2023-08-08,1235.0162353515625,1247.7176805176769,1230.5363488514104,1244.5423492739476,9844072
2023-08-09,1243.1639404296875,1245.034716513302,1221.453442754676,1233.1456430382627,11486586
2023-08-10,1248.702392578125,1255.3731247892663,1234.9179033647526,1243.0409059369185,15470598
2023-08-11,1253.969970703125,1259.7300139419374,1236.837916549459,1246.733138146324,22179330
2023-08-14,1268.788330078125,1271.274485095857,1243.065489745762,1249.9577340453427,9575812
2023-08-16,1267.7545166015625,1271.5207081344915,1255.8654425931288,1255.8654425931288,10203112
2023-08-17,1249.465576171875,1269.2069834305885,1246.9302626576266,1263.7916479940673,13673744
2023-08-18,1258.7208251953125,1268.960755625946,1234.9671961841154,1246.142454602955,18639978
2023-08-21,1244.986328125,1262.5000997685252,1242.8371963360953,1254.8424457661688,9221746
2023-08-22,1244.68994140625,1253.8544488619668,1234.6115281978846,1243.4548358358238,7713044
2023-08-23,1246.0732421875,1256.2752862282496,1243.4795205761563,1247.061326610869,9517952
2023-08-24,1225.1258544921875,1254.8177179260883,1220.7782590700385,1254.8177179260883,14140020
2023-08-25,1219.4691162109375,1237.5757146480018,1206.747529523438,1213.3676467766436,22222400
2023-08-28,1207.315673828125,1227.2008731617648,1201.0660879981488,1221.272366528133,12580826
2023-08-29,1195.755126953125,1212.107851949824,1189.7277154191993,1211.4162410930335,16876644
2023-08-30,1194.6187744140625,1206.9451032694478,1193.1119215700844,1201.5106390304122,12168946
2023-08-31,1189.1595458984375,1198.0523052778192,1185.6517981191516,1197.0642209023324,21638600
2023-09-01,1191.950927734375,1198.3734766692594,1186.5164632510111,1188.9373425267036,18112842
2023-09-04,1190.987548828125,1197.3853714174265,1188.3197691016735,1191.950907028467,9347626
2023-09-05,1197.36083984375,1202.4741047382813,1191.852196412095,1195.5822395056102,8675876
2023-09-06,1199.8802490234375,1203.5608392350891,1194.2234900414205,1196.1256007292052,8200370
2023-09-07,1201.5106201171875,1204.5983838407617,1191.1357340059783,1196.421961377583,13652572
2023-09-08,1209.51416015625,1213.3677136631895,1197.039593881822,1205.463038004146,23109288
2023-09-11,1222.556884765625,1223.668479723262,1211.391482722607,1211.391482722607,13271074
2023-09-12,1204.8948974609375,1226.7068128830886,1203.462102676104,1226.7068128830886,16255666
2023-09-13,1210.9222412109375,1216.653058753229,1198.6699696902265,1205.4630504045967,12803338
2023-09-14,1212.033935546875,1218.2094639750317,1207.9333605474212,1215.343994661209,9209636
2023-09-15,1214.28173828125,1219.2962186489121,1210.156437431325,1219.2962186489121,25468592
2023-09-18,1203.7091064453125,1210.8974446523887,1201.5353689892672,1205.4877066299114,7516300
2023-09-20,1176.8826904296875,1199.3370070481767,1163.4694916701224,1197.089090701199,57081884
2023-09-21,1168.31103515625,1180.8103271156433,1165.9396084396587,1173.3255153106452,12226182
2023-09-22,1163.4447021484375,1177.0308632017375,1160.9992172819989,1173.8443150051187,19176786
2023-09-25,1156.2811279296875,1166.2854832156668,1153.638074334712,1161.1968240581607,14254884
2023-09-26,1157.2939453125,1161.0980464311394,1153.8851021083722,1155.342502590839,10087782
2023-09-27,1170.336669921875,1171.769464855697,1155.3178333556975,1157.7880446735417,11722778
2023-09-28,1153.1439208984375,1177.3025356797164,1148.648088734931,1177.3025356797164,14518346
2023-09-29,1158.5289306640625,1170.4353956391562,1153.1439190620806,1156.9480197858836,12342014
2023-10-03,1145.2637939453125,1153.8849261975774,1144.201651539282,1151.0935156022144,8859056
2023-10-04,1143.287841796875,1145.683994991749,1133.8764332853668,1140.743572417399,10286386
2023-10-05,1143.26318359375,1150.8219332922222,1140.743519950406,1145.8074528562056,10953682
2023-10-06,1145.18994140625,1148.5494528467332,1142.2504141267464,1144.7206253894863,5431026
2023-10-09,1135.4326171875,1142.200971985465,1133.8269798521974,1140.2989816654238,7576878
2023-10-10,1140.447021484375,1145.1404226117538,1138.1497733893898,1139.5331157395624,10236032
2023-10-11,1158.5535888671875,1160.850836659799,1142.7195135510772,1143.4358505583396,9814118
2023-10-12,1160.70263671875,1165.618452848462,1155.1446622546925,1157.9607991424273,12554450
2023-10-13,1160.6534423828125,1164.7045645712087,1150.6984190160554,1156.058825491677,10150316
2023-10-16,1158.0596923828125,1163.2471357038708,1154.0826283801794,1158.5290083696577,5929036
2023-10-17,1163.593017578125,1165.7914814830851,1156.7011522648252,1163.963549268257,7928180
2023-10-18,1148.1541748046875,1169.3979912920374,1146.6720480730119,1163.5929949263082,8918320
2023-10-19,1139.33544921875,1147.0672825471008,1136.7911799610206,1142.2256445327594,12032556
2023-10-20,1135.8524169921875,1143.559402581249,1134.4690747739153,1136.2970067050267,8913312
2023-10-23,1118.1162109375,1139.3847504014805,1114.1885998234964,1131.3565651682993,7853962
2023-10-25,1115.5225830078125,1127.0090643806484,1108.1366760976812,1111.6196977984057,11620688
2023-10-26,1099.9849853515625,1115.5473150342816,1096.9219477593886,1112.089019549233,15222534
2023-10-27,1119.4007568359375,1123.2048573671625,1104.6535500268835,1106.654444909806,11771084
2023-10-30,1142.47265625,1148.6481841216216,1121.4511352518443,1123.4520304054054,16813304
2023-10-31,1130.3192138671875,1150.1303563093797,1127.8490026208185,1150.1303563093797,12808438
2023-11-01,1135.0126953125,1144.942993469817,1124.0449807279863,1130.9368464684328,10309190
2023-11-02,1146.2767333984375,1148.302354744411,1140.2247162104195,1143.1889695269997,10562104
2023-11-03,1146.0296630859375,1153.5638066087804,1144.078220526126,1149.7349795725816,8850156
2023-11-06,1155.564697265625,1156.0587394619763,1148.9445800808262,1152.2546386732256,10647304
2023-11-07,1148.055419921875,1155.6142905704303,1145.9557403314866,1153.1193530516352,6960204
2023-11-08,1154.033203125,1156.552866758098,1147.042553778562,1152.1064866637696,7884494
2023-11-09,1141.50927734375,1154.0331752710283,1138.3720609954937,1154.0085696526105,14513610
2023-11-10,1143.6583251953125,1144.3747829309668,1135.3337858785344,1139.039102652828,7734954
2023-11-13,1143.5101318359375,1148.4505538682092,1142.0773370771153,1147.610585630105,3854810
2023-11-15,1164.1856689453125,1166.9029009306619,1149.6361508923676,1156.0586992213753,12220648
2023-11-16,1166.285400390625,1172.9302438744137,1159.4923201233041,1161.542667627995,13134910
2023-11-17,1163.7412109375,1172.4857343750468,1162.012063114762,1162.4319266451018,7758634
2023-11-20,1160.6781005859375,1165.1490860409533,1154.2801575494677,1160.2828426994563,4490186
2023-11-21,1175.2769775390625,1179.7728099438689,1166.0384122376151,1168.9038812090425,8214450
2023-11-22,1179.87158203125,1182.9593458443583,1171.9669066696931,1173.3502489811203,8534814
2023-11-23,1183.4781494140625,1185.7013394254852,1179.8716170501546,1179.8716170501546,8531542
2023-11-24,1182.6876220703125,1186.9858858764198,1181.2796741129466,1181.5514214570694,6749486
2023-11-28,1182.9346923828125,1185.5531403805655,1173.4738317237427,1182.6876712625676,13792174
2023-11-29,1186.047119140625,1191.605094048659,1184.7379555197092,1189.6536514263266,12531306
2023-11-30,1174.560791015625,1186.0472739919132,1170.830747689414,1183.083020320613,28439984
2023-12-01,1182.88525390625,1183.9226701483003,1174.6347733568996,1174.8323419889748,14342842
2023-12-04,1195.6810302734375,1210.4035134582498,1185.0097900344595,1210.4035134582498,15590990
2023-12-05,1204.3514404296875,1205.8830195816831,1196.3973123183705,1204.9689932142376,12693624
2023-12-06,1215.887451171875,1221.7417795681863,1202.992899973077,1208.9708595498532,16422442
2023-12-07,1213.886474609375,1215.813191043024,1206.4511149904754,1215.3438750518303,8142096
2023-12-08,1213.244140625,1223.5943006598802,1207.9331869400896,1217.2459307176134,10204894
2023-12-11,1215.0228271484375,1219.0986756148789,1211.589137099235,1213.3677374036308,7066138
2023-12-12,1197.5830078125,1217.7892853568703,1195.6561708810905,1215.3438006129375,9197124
2023-12-13,1202.473876953125,1204.6477348008102,1188.813659637376,1196.5700973342687,10031182
2023-12-14,1217.39404296875,1222.7297228698085,1206.7721356331074,1212.3795628682321,16972354
2023-12-15,1232.9317626953125,1235.1055001292314,1220.3089603608373,1224.236571728094,15932152
2023-12-18,1245.4803466796875,1252.3474847954778,1230.634354917611,1232.9317234441762,14165188
2023-12-19,1263.8094482421875,1271.615218807123,1247.5553868731267,1262.2778691174958,16820604
2023-12-20,1248.518798828125,1283.9417239360823,1244.9864450577063,1270.207325538083,17736722
2023-12-21,1266.0079345703125,1271.4176728398502,1244.1218397625619,1248.44470925444,13765454
2023-12-22,1267.242919921875,1275.07341611771,1258.6465136069178,1264.5504141598008,16541784
2023-12-26,1273.66552734375,1280.5326657287192,1266.0819312708138,1268.7003790735205,7465664
2023-12-27,1278.01318359375,1284.4603381656593,1271.2201029702012,1275.6170305456778,9204156
2023-12-28,1287.2518310546875,1290.4383794995902,1278.0132649417642,1279.470665481518,12302636
2023-12-29,1277.074462890625,1291.4264140714613,1274.2831724837226,1289.9937398232034,10864584
2024-01-01,1279.69287109375,1287.8940202608817,1271.2447008145452,1274.9006856426909,4030540
2024-01-02,1290.2900390625,1291.920402508132,1271.1706293129728,1277.099135940161,7448800
2024-01-03,1276.25927734375,1301.3071935056118,1273.2455715878027,1289.450180352941,9037536
2024-01-04,1282.854736328125,1289.3761903993159,1274.1843914947026,1278.581319191514,9612778
2024-01-05,1288.3138427734375,1294.3165279752034,1283.521657474919,1285.9424160498672,8086406
2024-01-08,1278.26025390625,1300.2944657165137,1269.1698042070248,1289.4502625359673,7734652
2024-01-09,1274.8759765625,1287.8693113555237,1273.245613077726,1284.5098000629723,5403074
2024-01-10,1309.261474609375,1313.6584025883456,1272.183577934786,1273.1469362430112,11102740
2024-01-11,1343.696044921875,1346.265040325212,1312.6701695941608,1313.6582540274271,23725852
2024-01-12,1354.39208984375,1356.961085397271,1329.7147038034357,1343.6961234746648,15012164
2024-01-15,1377.5130615234375,1379.810309335981,1349.7231898438201,1358.6159487812977,8610594
2024-01-16,1358.24560546875,1379.6623844587446,1354.1697570573224,1373.4126778584214,9069024
2024-01-17,1345.35107421875,1369.7568331827044,1338.8791932605309,1343.30084717423,12197382
2024-01-18,1351.6500244140625,1354.663730119792,1335.1490629645289,1335.2972997496222,10279438
2024-01-19,1351.156005859375,1359.6041759840746,1342.8067406703178,1359.6041759840746,10422704
2024-01-23,1312.7442626953125,1355.4048574857818,1306.791150318716,1355.4048574857818,20055420
2024-01-24,1327.8619384765625,1333.4199132911328,1308.1497027138623,1319.314984194113,21919128
2024-01-25,1336.952392578125,1347.895500834099,1319.2903820615336,1326.9480369708251,11808872
2024-01-29,1430.795654296875,1435.1925816017736,1343.9677382154596,1348.241154971167,23893438
2024-01-30,1390.8524169921875,1442.5786154279806,1387.6905949006082,1442.5538891928095,14093978
2024-01-31,1409.6259765625,1417.1601204834947,1385.788439238697,1387.2705659116798,15130226
2024-02-01,1409.650634765625,1426.1515960154993,1401.1531330404457,1417.9011153905622,13349362
2024-02-02,1440.3306884765625,1457.3258137867138,1416.0980132616144,1416.0980132616144,19652588
2024-02-05,1421.8782958984375,1452.978230847658,1414.4676622830975,1443.344407147716,8814432
2024-02-06,1410.7869873046875,1424.6695010773788,1402.9069175392074,1424.6695010773788,9047984
2024-02-07,1424.966064453125,1432.2284612961826,1412.2197504708995,1418.8152626559165,9296568
2024-02-08,1432.845947265625,1442.0845126481563,1410.515263064875,1432.7224367107362,14694634
2024-02-09,1443.344482421875,1454.4357071881138,1433.6612057465102,1436.6749118202338,12556798
2024-02-12,1435.0443115234375,1443.591265452315,1425.1634678173984,1443.344244359664,6674430
2024-02-13,1447.642578125,1461.376976810473,1436.6748642883217,1438.1569910396506,7715594
2024-02-14,1463.7236328125,1465.9715491065435,1440.1331160740654,1440.1331160740654,7117888
2024-02-15,1453.076904296875,1467.0335965408115,1449.0505085860837,1465.674980481667,10006782
2024-02-16,1443.17138671875,1459.4007219371786,1441.170612214809,1458.8819534815811,9767498
2024-02-19,1456.4364013671875,1461.8708655513933,1436.2053974591388,1444.6288410678121,6729828
2024-02-20,1453.496826171875,1457.9184795791293,1444.3817720340203,1457.4491636292228,7117496
2024-02-21,1450.2115478515625,1470.7884795851646,1440.1825868389801,1456.4365283424868,12720292
2024-02-22,1464.0941162109375,1467.2559381666686,1440.6271108051608,1450.6561919754163,18493728
2024-02-23,1475.82763671875,1479.7059164315408,1465.6750448712426,1471.7517883622584,14438584
2024-02-26,1469.6026611328125,1476.7169415654328,1464.8352018923576,1475.753583346703,7513106
2024-02-27,1467.94775390625,1482.0772898132236,1460.4383358684995,1465.3540321072526,10826044
2024-02-28,1438.2803955078125,1473.5056294891751,1432.8953836215212,1465.3292067243183,8647950
2024-02-29,1443.393798828125,1461.352161163495,1437.1935448412644,1447.5437052316252,23628976
2024-03-01,1474.345458984375,1482.1266237591103,1445.0734581651325,1446.061542580972,12132926
2024-03-04,1489.4384765625,1494.4282305064353,1469.503825173054,1472.7150995331629,10024420
2024-03-05,1482.32421875,1489.4384990399915,1468.3429205099196,1487.8328618357061,7107668
2024-03-06,1485.0909423828125,1491.0194491388315,1460.8828731290673,1475.654687549837,7805676
2024-03-07,1461.302734375,1485.1896018011073,1457.9679496051947,1485.0660912540775,8315726
2024-03-11,1449.12451171875,1471.257625711574,1446.0614742974403,1471.257625711574,11277130
2024-03-12,1457.844482421875,1470.269595576354,1447.568380480176,1449.1245651727334,9432678
2024-03-13,1415.10986328125,1465.4279903850718,1410.7622676768488,1462.142657909758,13522134
2024-03-14,1414.4180908203125,1431.2649780682007,1408.514310659922,1422.5450608782721,18571102
2024-03-15,1401.3260498046875,1416.1473166057365,1396.0645483366263,1408.9589780840722,19223818
2024-03-18,1422.32275390625,1424.5459437848976,1399.6462653903534,1403.0798345242215,9169392
2024-03-19,1408.267333984375,1420.4701525728194,1400.3626585436627,1411.7256294896865,8275764
2024-03-20,1426.5469970703125,1427.7821026954816,1407.0570544283007,1410.9352137218616,8488806
2024-03-21,1433.685791015625,1440.5283239841642,1427.460931435626,1435.2173701383908,13006936
2024-03-22,1437.6876220703125,1442.6033181580033,1430.1040255590262,1432.6977472783171,19527608
2024-03-26,1424.3978271484375,1435.0939139473653,1421.853557874578,1427.7820647176966,11415906
2024-03-27,1475.061767578125,1482.1265951381042,1429.7581221098912,1430.74620650665,16326644
2024-03-28,1468.1451416015625,1488.0056133770977,1461.0309823617722,1475.0864584455267,21854364
2024-04-01,1467.0831298828125,1476.1734586788064,1464.8352136106084,1474.691331987126,5013880
2024-04-02,1469.232177734375,1476.198221604726,1457.4246163768214,1466.317376747934,8910166
2024-04-03,1454.0650634765625,1466.7619246317818,1451.397283687729,1464.4152240453116,7008292
2024-04-04,1445.4935302734375,1462.1180033355356,1432.7224901750476,1462.1180033355356,14490272
2024-04-05,1442.7021484375,1453.2747249138113,1438.651026127194,1443.4679380450307,7442298
2024-04-08,1468.268798828125,1473.2092211870183,1443.5914132686094,1445.542855977216,8357118
2024-04-09,1446.2098388671875,1472.0482715276003,1445.0735176190665,1471.2577557160955,7071414
2024-04-10,1461.9449462890625,1469.281521297736,1448.877554057703,1448.877554057703,9138330
2024-04-12,1449.6680908203125,1468.7627741208264,1445.6415744118667,1458.2891033204971,15551012
2024-04-15,1447.3707275390625,1464.4646364315843,1429.0911655763507,1443.591352839028,12902062
2024-04-16,1448.2847900390625,1453.6451964542034,1433.6364862387566,1436.0325186728678,9366184
2024-04-18,1446.876708984375,1468.2934876101954,1441.9610129858208,1446.0615875622616,19005692
2024-04-19,1452.607666015625,1456.4364932961696,1425.8306012864564,1439.4167626045175,15741778
2024-04-22,1462.2166748046875,1465.1562017707047,1450.3103301575065,1454.9048261235944,10350362
2024-04-23,1441.936279296875,1475.7041133303053,1438.20635702296,1461.3768889290402,14605554
2024-04-24,1432.895263671875,1451.0513135165108,1432.2282584925008,1446.0614393265091,10462776
2024-04-25,1442.57861328125,1450.4832891142164,1424.3237766526493,1425.31186113177,15943926
2024-04-26,1435.2421875,1447.5437912682185,1432.7225237808307,1446.5062542977878,9413848
2024-04-29,1447.568359375,1450.4091019997668,1432.7223672737166,1432.7223672737166,7247974
2024-04-30,1449.5198974609375,1465.403306850403,1445.4440490785064,1450.5079819172845,11474262
2024-05-02,1449.0753173828125,1459.7218309784546,1446.6791643138517,1454.460329459568,14512646
2024-05-03,1416.9129638671875,1457.374969923783,1399.275682268563,1453.4720849711525,17226958
2024-05-06,1402.610595703125,1422.841600588335,1401.1037428015688,1418.3952205864964,7394208
2024-05-07,1384.775634765625,1403.8209867220144,1375.4135586957902,1399.1028593353728,14517472
2024-05-08,1401.6473388671875,1415.8756594095175,1380.8481115524094,1380.8481115524094,9439002
2024-05-09,1377.5130615234375,1406.7850596926346,1373.4372136770937,1396.1631531839807,11009612
2024-05-10,1390.6546630859375,1393.1989320382118,1371.535134440886,1380.1068144144485,10505096
2024-05-13,1385.9859619140625,1390.210046915121,1367.5088315833425,1383.2193979190515,8456620
2024-05-14,1403.154052734375,1410.0706442572628,1383.3430308132884,1384.281662845081,7188300
2024-05-15,1399.399169921875,1412.935877106148,1396.1878958233801,1403.5738021267655,5046534
2024-05-16,1408.3660888671875,1410.4904944706304,1381.3667306256436,1401.6471872524828,14711774
2024-05-17,1418.5927734375,1420.0749000882806,1396.4103261437938,1406.0936018418706,10916476
2024-05-21,1419.0128173828125,1424.6448506468714,1408.6132041549795,1408.6132041549795,11176128
2024-05-22,1443.2454833984375,1451.2736690394956,1419.1609264752628,1419.1609264752628,10281604
2024-05-23,1468.343017578125,1474.444366988288,1437.6629456463684,1441.1706938631594,14608260
2024-05-24,1462.6119384765625,1470.7636348065282,1458.5113640783345,1465.9467233388211,7094776
2024-05-27,1448.77880859375,1467.2066075031105,1444.134859977049,1462.587264504762,6629010
2024-05-28,1438.8485107421875,1460.8828419616084,1435.4396676765145,1450.5079553599196,7820162
2024-05-29,1423.607421875,1440.6271526936466,1421.310053120064,1429.264181324664,7383556
2024-05-30,1407.8720703125,1423.2368313836507,1403.178669288835,1418.3951935729253,13206858
2024-05-31,1413.3560791015625,1425.0648561889025,1405.3031663821573,1414.2453792660226,31069832
2024-06-03,1492.32861328125,1496.4539141466187,1441.6152266357983,1465.3292536675044,21527942
2024-06-04,1380.625732421875,1480.1999676014107,1343.1032493273078,1480.1999676014107,36709098
2024-06-05,1403.821044921875,1414.097147783154,1367.6077240917773,1405.0561505394378,17464890
2024-06-06,1414.541748046875,1426.497546390369,1404.41388190777,1417.9012594747105,17855722
2024-06-07,1452.4346923828125,1454.4603137562979,1409.5024711775536,1411.4786400821138,18558696
2024-06-10,1453.867431640625,1475.5558362929214,1450.5819785928986,1452.4346368701142,9251760
2024-06-11,1439.31787109375,1456.1153056542432,1437.3417023219272,1451.4959629037996,11774902
2024-06-12,1445.888671875,1458.4126908916728,1437.835879864395,1440.1331280315808,10081742
2024-06-13,1447.790771484375,1454.7073627830548,1442.7021123343332,1454.4603416652449,9181160
2024-06-14,1459.944091796875,1462.0437710581825,1439.8612048457326,1452.4840066456875,8157998
2024-06-18,1463.377685546875,1469.676723437239,1453.8179209728387,1469.6272709721836,7196766
2024-06-19,1441.2694091796875,1469.7756214798555,1438.650961260282,1469.7756214798555,8725874
2024-06-20,1456.139892578125,1465.1808887163045,1432.8211254931246,1441.6151005379975,16113776
2024-06-21,1436.872314453125,1457.1280450509373,1423.4096642387256,1456.0659025463858,31170360
2024-06-24,1424.2989501953125,1432.2283517054532,1420.3713387903338,1428.3007403004744,8878386
2024-06-25,1436.822998046875,1438.576872033328,1423.8296636688654,1425.8058325289194,7045386
2024-06-26,1495.9844970703125,1500.875466568816,1427.905458276952,1428.8194845866847,22014882
2024-06-27,1512.3126220703125,1519.1797603831344,1488.0551018777237,1495.7127559544517,28383030
2024-06-28,1546.747314453125,1562.161406676686,1512.781913849386,1512.781913849386,28957336
2024-07-01,1541.5599365234375,1560.5805616644209,1537.138282854078,1543.9066370278445,7724306
2024-07-02,1546.525146484375,1554.7509013864856,1538.4475077589818,1550.7985635373939,7749246
2024-07-03,1533.927001953125,1556.2329594590622,1524.391963189475,1547.661278880494,9049620
2024-07-04,1535.5079345703125,1548.822348177101,1532.321386398175,1538.447461634288,6837176
2024-07-05,1569.6956787109375,1579.4530127748421,1529.5547474353805,1535.3102911811948,12269710
2024-07-08,1581.824462890625,1589.6303543798022,1563.6684106310508,1570.0662334946016,9500806
2024-07-09,1571.325927734375,1581.4290665009253,1561.6673786971023,1578.563597646217,6960002
2024-07-10,1565.3480224609375,1578.4648673124634,1544.5241914718106,1575.9946562525065,7134578
2024-07-11,1561.815673828125,1585.1344421846698,1551.786592769845,1568.5840280306456,11940946
2024-07-12,1577.6990966796875,1586.023756297877,1555.7389442164904,1565.619788574804,12924784
2024-07-15,1578.193115234375,1586.7153433656392,1566.6078495211154,1585.332001053062,5329688
2024-07-16,1557.4681396484375,1580.9351457176842,1550.4280378276635,1574.5125966882063,9386838
2024-07-18,1567.7689208984375,1574.9078068261192,1539.2625884242743,1557.2210712967385,12298374
2024-07-19,1536.61962890625,1571.029623251694,1534.2976544625544,1567.1020115011324,13140390
2024-07-22,1482.7935791015625,1519.179738244426,1481.4102368427714,1518.9327171487766,19674376
2024-07-23,1470.1708984375,1487.808182000688,1445.5675711552426,1483.1147807956386,18052044
2024-07-24,1477.8779296875,1491.5135439533938,1458.8079713194404,1467.3054738461674,11913362
2024-07-25,1474.6171875,1482.595920809754,1459.474721651074,1463.3530011800513,12519876
2024-07-26,1491.044189453125,1494.4037007697482,1472.59166375446,1474.6172851615388,9859940
2024-07-29,1501.9871826171875,1509.2990318372968,1493.7614276294273,1493.9342700426573,7538550
2024-07-30,1495.1199951171875,1506.8287716127938,1492.0075050067665,1498.9488223237445,8228208
2024-07-31,1487.4869384765625,1492.4519658681731,1483.2628537354879,1486.0788700242824,10057346
2024-08-01,1497.244384765625,1499.9121644798522,1486.37545603751,1493.9836579008804,10764222
2024-08-02,1481.459716796875,1491.3405616106625,1475.4818780540024,1487.067144475012,10268248
2024-08-05,1430.079345703125,1466.2186085334113,1416.1721046606897,1462.3650548737628,17046704
2024-08-06,1438.700439453125,1459.8948030686215,1434.0316438440889,1437.8111393077952,10236186
2024-08-07,1447.3707275390625,1454.954323788822,1444.0853950542364,1451.4960282823629,8174568
2024-08-08,1431.8577880859375,1447.5436277380477,1428.6959662921352,1440.1577210643813,12387192
2024-08-09,1456.7330322265625,1458.9067698886504,1438.6510375603623,1442.6033755756382,6249776
2024-08-12,1443.2208251953125,1455.4483700557605,1440.3800824499558,1452.4841167562581,8184584
2024-08-13,1446.18505859375,1452.5581548536697,1440.6270837336665,1443.344315887485,6265064
2024-08-14,1444.43115234375,1454.460233101401,1436.3782403810737,1446.1109681889411,6267466
2024-08-16,1460.5863037109375,1462.760161748311,1440.676499654279,1451.1501701128775,9416902
2024-08-19,1475.65625,1485.47150978375,1467.8238660907393,1469.8067419652286,13797742
2024-08-20,1483.1416015625,1491.0484162933285,1477.2674041310693,1484.4057091952604,8411808
2024-08-21,1485.8433837890625,1494.964564922092,1477.2426107826689,1480.464784262564,7769996
2024-08-22,1485.2979736328125,1493.6012664349316,1477.8869991875908,1490.1312336221058,10445782
2024-08-23,1487.1322021484375,1498.3849993365056,1485.5955458508122,1490.8749048344312,9249654
2024-08-26,1499.6490478515625,1509.9600269352031,1490.131267553257,1494.0722092753902,8816114
2024-08-27,1487.6031494140625,1500.516654009415,1486.6117113802566,1497.5671500638725,6251156
2024-08-28,1485.4715576171875,1494.567928369235,1480.2168879705305,1492.1141436005682,9610286
2024-08-29,1507.90283203125,1523.8401488737275,1481.2083164719252,1490.2303777286736,38335358
2024-08-30,1496.6995849609375,1526.5418444404818,1490.4534771750382,1520.865886117465,41620730
2024-09-02,1503.267822265625,1513.7275412609433,1493.7252318027681,1497.9388431759776,11240852
2024-09-03,1496.203857421875,1509.9600595401412,1494.5927706873033,1508.2250430567562,10923800
2024-09-04,1501.5823974609375,1504.50709100704,1486.6612078847159,1487.850885016148,11983304
2024-09-05,1480.192138671875,1512.7113538076746,1474.3179410781217,1506.0439573959175,16264168
2024-09-06,1452.2830810546875,1484.182646260627,1449.110527949692,1479.721175380084,19394228
2024-09-09,1449.9283447265625,1457.339440034618,1443.1370191466497,1453.943716732093,9010298
2024-09-10,1449.0113525390625,1459.4462610127246,1445.0951000796938,1447.9951044503912,10768260
2024-09-11,1439.0721435546875,1456.1744477064742,1435.1560121734635,1450.5232999620255,9760202
2024-09-12,1467.1298828125,1473.2767495080643,1433.4953029575859,1444.5250498204912,22349376
2024-09-13,1460.016357421875,1470.451266381587,1456.918113729867,1463.7590600068495,8711328
2024-09-16,1458.752197265625,1468.2204780575375,1452.2087310287416,1464.8991851443227,5481774
2024-09-17,1459.6942138671875,1464.8248328952707,1454.0677548146177,1461.3796100548857,5935328
2024-09-18,1450.919921875,1469.3111455549956,1448.0448484372855,1457.413889315684,8574714
2024-09-19,1457.0916748046875,1463.8581906691413,1443.0876132109174,1453.6959512825117,16955902
2024-09-20,1473.2025146484375,1482.1997658201985,1458.7770437683578,1461.3795684407844,30897320
2024-09-23,1480.5887451171875,1488.6441789861601,1476.2015834923338,1478.2340798324108,8832314
2024-09-24,1476.6229248046875,1487.6526722077606,1475.1357678514642,1475.7554165819738,17137444
2024-09-25,1481.15869140625,1483.6869066134093,1467.5264194610884,1471.1948125268714,7069002
2024-09-26,1485.12451171875,1491.122760061236,1475.309372285805,1477.8870868947113,18818998
2024-09-27,1513.10791015625,1520.345334807694,1479.2254687210307,1486.1655345930462,20597478
2024-09-30,1463.9324951171875,1511.9181178232873,1461.7761901136828,1506.3908994638518,27008814
2024-10-01,1452.2830810546875,1475.2100841908111,1450.3002051077794,1467.9726595996829,16431642
2024-10-03,1394.928466796875,1436.9902726871705,1390.070396353704,1424.2750076222521,37757294
2024-10-04,1374.653564453125,1405.2145916660443,1369.9442340651563,1391.9046094477658,37072876
2024-10-07,1358.9888916015625,1384.5432314460647,1349.7189700751067,1381.5689173076198,22181340
2024-10-08,1385.3858642578125,1389.004637160655,1353.4119887771337,1361.2195630224157,17020808
2024-10-09,1362.8306884765625,1388.979866453412,1360.7486928237201,1385.5594536683957,14310610
2024-10-10,1359.31103515625,1374.132983939481,1357.699948504806,1368.209166456891,22358646
2024-10-11,1360.35205078125,1371.4314188021033,1357.1050671377104,1358.2700551936466,7980122
2024-10-14,1360.7734375,1368.2587216327886,1356.5350159311083,1367.6390728953818,12221432
2024-10-15,1332.5174560546875,1359.9554295521655,1329.2208521541709,1346.8933067731043,33762794
2024-10-16,1342.4813232421875,1352.3213935222657,1326.1722170162907,1328.5268821992931,20034438
2024-10-17,1344.811279296875,1356.7332239102464,1340.4737382347967,1354.0067695283685,15543660
2024-10-18,1347.66162109375,1356.70849216764,1329.840427555484,1340.5976258716714,12082452
2024-10-21,1357.476806640625,1362.2357572594483,1346.1000802528206,1355.4196212833501,14067408
2024-10-22,1331.8482666015625,1364.2187428070656,1328.7500227270916,1357.4769157261562,15831960
2024-10-23,1327.0645751953125,1345.8522769141389,1323.56973203491,1326.0483270387208,17214742
2024-10-24,1328.3287353515625,1332.1952468902052,1311.7964576126847,1323.8424540123256,22155934
2024-10-25,1316.4808349609375,1332.8395608533488,1310.6809472586556,1331.996862815434,18597496
2024-10-28,1322.9251708984375,1341.4155124030337,1310.7800563182918,1325.552505604476,10824350
2024-10-29,1328.52685546875,1331.6994085045892,1308.995576227512,1316.728719636798,12008361
2024-10-30,1332.3935546875,1338.4413022928309,1314.0023313459362,1323.569732267355,11984423
2024-10-31,1320.64501953125,1331.5012170832633,1314.7955112005386,1328.5269031210519,9331650
2024-11-01,1327.1884765625,1330.4601492824747,1321.5868277686543,1321.6364480777281,2127335
2024-11-04,1291.0009765625,1328.52687951389,1274.0969107675833,1326.3952636738204,19796890
2024-11-05,1294.1240234375,1298.337634786513,1275.1379622128013,1281.9292880644173,16267479
2024-11-06,1314.002197265625,1316.9270116872763,1289.0675098622075,1298.783649697479,21625209
2024-11-07,1294.470947265625,1312.6638089321268,1291.447013193,1312.6638089321268,9611974
2024-11-08,1272.758544921875,1290.5053095001092,1264.083462337208,1286.5395574614042,19814406
2024-11-11,1261.802978515625,1274.9891511168566,1256.151830843746,1267.9994654475693,9056552
2024-11-12,1263.33984375,1278.2610337323058,1256.6476373969983,1264.6287615317467,10671091
2024-11-13,1241.3299560546875,1264.5295076822267,1238.8017408266169,1259.374078659472,14633633
2024-11-14,1256.746826171875,1261.7040163358736,1240.38809863068,1242.866693712679,12612633
2024-11-18,1249.9554443359375,1262.0014401044657,1233.24973843027,1256.7467703539512,13620611
2024-11-19,1231.0189208984375,1270.5276979121372,1224.5745744010292,1249.9553610165642,14183746
2024-11-21,1212.528564453125,1233.299140266532,1206.8277964681656,1231.0189056876295,19433843
2024-11-22,1254.565673828125,1257.9860865301255,1211.9833389629089,1218.8739057022901,20471957
2024-11-25,1275.9805908203125,1293.2811339485756,1271.4694999174592,1278.9549045518283,28923341
2024-11-26,1284.6060791015625,1286.7376948587628,1273.2045428922675,1283.8625006531302,9247557
2024-11-27,1282.1275634765625,1292.6864023015983,1274.9892583407009,1282.4250432843673,9572746
2024-11-28,1259.91943359375,1285.4984608667178,1258.184417128475,1278.905374093644,15027412
2024-11-29,1281.1361083984375,1288.3736540571424,1264.3312830599236,1269.0406134614407,13202307
2024-12-02,1297.9410400390625,1300.1221551586505,1266.115905470633,1276.9721028104004,11024152
2024-12-03,1311.969970703125,1315.4400037478053,1295.8094826849822,1305.7238628126408,16869482
2024-12-04,1297.74267578125,1317.0262168141671,1292.884726573221,1314.6467414933138,19608540
2024-12-05,1310.7305908203125,1318.5628538088617,1294.966703202915,1303.0964459866593,16858723
2024-12-06,1300.320556640625,1312.564791729292,1298.7837793313574,1312.564791729292,9037514
2024-12-09,1284.0609130859375,1303.7409326166044,1282.0284168341586,1291.8436769577456,14650002
2024-12-10,1273.8489990234375,1283.812998621138,1269.238788448007,1278.2113501165884,16043729
2024-12-11,1267.2559814453125,1278.9549980546296,1265.1244866020038,1273.9978081396894,11724373
2024-12-12,1252.0870361328125,1267.25596445406,1249.8066803924569,1259.1262215126183,20906813
2024-12-13,1261.9517822265625,1264.281637225772,1228.9864700814942,1249.211828655226,28630222
2024-12-16,1257.4407958984375,1270.032009408355,1255.7057794921418,1264.0833817296273,9486781
2024-12-17,1234.6378173828125,1253.0785403896136,1232.1592223274588,1250.2529662315405,17462791
2024-12-18,1242.5196533203125,1249.162239402372,1230.027558928225,1230.027558928225,12670179
2024-12-19,1219.914794921875,1234.2411461229626,1218.4772582835096,1228.3916379278016,14244653
2024-12-20,1194.9803466796875,1228.8874800507767,1191.2128336272758,1213.5201900622435,20312896
2024-12-23,1211.834716796875,1216.6926661807136,1202.8125341694108,1204.5971709809228,10052824
2024-12-24,1212.2808837890625,1222.988463211123,1210.545867189896,1211.8347850736238,6734917
2024-12-26,1206.1339111328125,1217.1883476811242,1203.8535553911518,1213.767935093776,10016178
2024-12-27,1210.595458984375,1217.3867853075249,1206.5800865394056,1207.86900439277,7000397
2024-12-30,1200.3338623046875,1212.7268365212021,1197.7561478726802,1205.9851311625014,8818766
2024-12-31,1205.043212890625,1208.6619856280877,1195.8229125326573,1197.6570485426987,6405475
2025-01-01,1210.7935791015625,1215.800389087432,1201.2261788160188,1204.4483521073844,5892590
2025-01-02,1231.167724609375,1233.7949384205442,1209.554328364606,1210.7936258321927,15486276
2025-01-03,1240.4376220703125,1251.2443199889096,1224.9215938636924,1233.2496968938563,15521102
2025-01-06,1207.571533203125,1251.1948069805778,1204.597219081935,1243.2136823453243,14816766
2025-01-07,1230.2257080078125,1233.8444805890147,1210.7935491517349,1211.5371275851955,10070505
2025-01-08,1254.664794921875,1260.167324257905,1234.6872949225542,1238.3060678446636,19346579
2025-01-09,1244.0068359375,1258.878406002503,1237.3642497185242,1256.1519514905858,12794704
2025-01-10,1231.266845703125,1245.9896754309787,1225.4173374439545,1243.114481097643,8120332
2025-01-13,1229.234375,1234.5881643828388,1215.899582365329,1219.4687349455062,13764861
2025-01-14,1228.143798828125,1242.6187691440975,1216.742262047884,1233.4479678208604,13095266
2025-01-15,1241.478515625,1246.2374660533972,1231.2171573529768,1234.2905907014622,9578856
2025-01-16,1255.6065673828125,1264.0834104275011,1240.586378973141,1248.1212833322295,14117603
2025-01-17,1291.19921875,1314.6467509950228,1273.997794139219,1310.9288585996749,29366277
2025-01-20,1294.272705078125,1304.7324245206253,1289.1172758229052,1304.7324245206253,14040244
2025-01-21,1262.7945556640625,1301.7581181984158,1259.324522599558,1299.2795231523412,14562976
2025-01-22,1266.16552734375,1271.9159165250771,1257.8374234010246,1267.355325635656,10273590
2025-01-23,1252.8306884765625,1266.4133410521551,1250.7981921087953,1259.1262957502838,8720682
2025-01-24,1235.6292724609375,1262.1006196074513,1232.8531975505623,1255.1605533566642,14235970
2025-01-27,1218.82421875,1229.8291557820492,1209.5542981292017,1228.4907387555406,9536019
2025-01-28,1223.8310546875,1234.0924134746083,1208.0671667554209,1227.4002071753887,10568025
2025-01-29,1224.921630859375,1232.1095562529247,1217.53546627882,1225.4173498520336,5928156
2025-01-30,1242.3214111328125,1246.237542749693,1221.8481926097397,1224.971246456504,9269259
2025-01-31,1254.2681884765625,1256.1519448799122,1238.306060895825,1245.09738698474,6584612
2025-02-01,1253.7724609375,1259.6715896071485,1230.374548522757,1254.2681799336815,7118453
2025-02-03,1235.232666015625,1245.2461659154887,1226.9541826685895,1240.2889757645512,9252345
2025-02-04,1274.196044921875,1277.7653184740125,1235.9265630557768,1237.3642207434832,16691069
2025-02-05,1267.2559814453125,1279.4507170461238,1265.7688244708304,1271.6679530846961,10112028
2025-02-06,1270.577392578125,1276.9721191435924,1259.4732145791813,1262.7945076095025,9956001
2025-02-07,1255.8544921875,1272.7089385364054,1251.1947819010975,1265.2236540965398,8764283
2025-02-10,1242.916259765625,1255.6562137259161,1234.8856362555493,1253.673337746878,6970972
2025-02-11,1224.2772216796875,1253.7230036544372,1219.567891058193,1253.7230036544372,8859714
2025-02-12,1206.1339111328125,1216.3952699200001,1183.1324776076385,1209.0089844264594,21131654
2025-02-13,1205.6876220703125,1217.4857574427408,1201.622750831109,1206.6295607029597,8511216
2025-02-14,1206.827880859375,1213.5200872227356,1195.1288642881832,1208.56289732395,10298145
2025-02-17,1214.4124755859375,1216.9901902768092,1194.1871154284454,1200.7305822668588,8166683
2025-02-18,1214.908203125,1219.3696743222742,1205.6877809072391,1214.362863790828,6673250
2025-02-19,1216.9404296875,1222.1950990873443,1207.125291073852,1209.0585466128707,6217338
2025-02-20,1222.4429931640625,1228.738599945727,1211.5371757067999,1213.4704313005311,7795582
2025-02-21,1217.634521484375,1229.3830367840985,1211.6858938870325,1218.1797397323817,6904025
2025-02-24,1204.151123046875,1212.7765856074127,1200.1357505642943,1206.13399913207,7172498
2025-02-25,1193.69140625,1210.5458530159883,1191.2128111373545,1200.631472565407,11552182
2025-02-27,1196.7647705078125,1204.597154814102,1190.370043898487,1202.416039651657,11509215
2025-02-28,1189.82470703125,1206.9270123506615,1183.0830013175257,1191.7084634163882,23007298
2025-03-03,1161.2216796875,1196.1202465389174,1146.1022512006402,1193.6912720117396,17944938
2025-03-04,1151.9517822265625,1163.948157257321,1149.6219272411693,1152.2491409974891,11377373
2025-03-05,1165.534423828125,1172.8710888254677,1147.093702257875,1151.0594540375048,8664095
2025-03-06,1199.2432861328125,1203.5560168880775,1175.0026773522586,1186.7511925218207,14468014
2025-03-07,1239.0992431640625,1244.0564330934674,1201.622838887705,1205.5885908312287,16474965
2025-03-10,1227.796875,1247.2290360950196,1224.8225609234617,1234.340341763354,11931051
2025-03-11,1236.62060546875,1238.801720552263,1219.2208210077197,1229.3830600118497,10089838
2025-03-12,1246.2872314453125,1252.186239348891,1233.3489166666827,1247.2290491693625,11977555
2025-03-13,1237.2154541015625,1253.326320946517,1233.2000819547634,1249.2614495168184,9505270
2025-03-17,1228.242919921875,1246.6341428999226,1222.5421515247892,1231.514713672869,16640917
2025-03-18,1228.242919921875,1228.242919921875,1228.242919921875,1228.242919921875,0
2025-03-19,1236.471923828125,1242.5196714129374,1228.1934407470596,1230.4241762433128,16162399
2025-03-20,1258.283447265625,1262.1004590128364,1239.3470073959113,1241.1315230182402,15971477
2025-03-21,1265.421875,1270.0320859338292,1259.225387461291,1264.0834578966683,21780769
2025-03-24,1290.951416015625,1294.8180484818179,1273.2542716407156,1279.946478246575,20299319
2025-03-25,1274.4439697265625,1296.50346593687,1271.6183955406093,1296.50346593687,13713899
2025-03-26,1262.150146484375,1282.7224842048433,1257.8869148358597,1279.9464094999762,12074747
2025-03-27,1267.2559814453125,1273.9978081396894,1260.4151561828103,1267.2064821612498,15028056
2025-03-28,1264.1824951171875,1284.6557128160619,1258.1347478785124,1269.0405652360093,18147129
2025-04-01,1241.8751220703125,1266.9585500115554,1238.603449529153,1253.7723771839194,12099648
2025-04-02,1240.4376220703125,1244.7999732789833,1233.2496968938563,1236.868469635997,10142590
2025-04-03,1238.008544921875,1241.0820994494682,1222.4926375090713,1222.4926375090713,7434366
2025-04-04,1194.38525390625,1234.7863505024063,1182.9342181609516,1230.473619610667,17908652
2025-04-07,1155.71923828125,1161.2217676393545,1105.3046397460778,1122.506064991245,22156106
2025-04-08,1172.0780029296875,1186.3547349162204,1153.3399207865864,1161.9653833278503,19555040
2025-04-09,1175.2010498046875,1179.613021672609,1157.9996241138485,1159.4867811653644,10223104
2025-04-11,1208.5133056640625,1212.1816988912137,1184.917153801556,1184.917153801556,11224242
2025-04-15,1229.4822998046875,1240.288998738938,1226.5079856590305,1240.288998738938,13378535
2025-04-16,1228.689208984375,1230.2754856402491,1218.477348782242,1223.5336585713449,8248464
2025-04-17,1263.5877685546875,1269.238916912585,1217.0893007676923,1229.5813957339365,15398401
2025-04-21,1284.407958984375,1289.761748514388,1256.151975324742,1259.126289394177,10429964
2025-04-22,1280.1446533203125,1292.7359881039044,1275.286704106908,1288.8693558313819,13051707
2025-04-23,1288.869384765625,1294.8180126953125,1274.3944143417477,1285.8950708007812,10480888
2025-04-24,1290.4556884765625,1293.3308829080645,1279.2525115884996,1281.3345072026398,10468940
2025-04-25,1289.2659912109375,1313.85358083958,1277.071255478384,1292.3394247863746,14431012
2025-04-28,1357.080322265625,1362.830589793996,1308.8963407951755,1328.5268607294433,31104496
2025-04-29,1387.7156982421875,1398.8198762816546,1358.2700385179512,1359.2614765022709,32538970
2025-04-30,1392.9703369140625,1400.3070020394923,1357.2785702742715,1389.9960230274132,25480745
2025-05-02,1407.6436767578125,1414.4845019236116,1397.0352178747166,1401.8932881277126,13007841
2025-05-05,1419.0452880859375,1427.1750314493302,1414.6829365878357,1418.747808269532,12685649
2025-05-06,1408.7342529296875,1419.7391903256466,1398.5223933042987,1418.7477523435755,14084117
2025-05-07,1393.9617919921875,1412.2042749259901,1390.6899982666434,1408.7342420156256,13440169
2025-05-08,1394.9532470703125,1408.6351396947061,1386.030305191398,1392.0780527042998,16106175
2025-05-09,1365.408447265625,1382.8578539346386,1362.731612914777,1373.6374315703338,13668904
2025-05-12,1424.20068359375,1426.679278587822,1388.0131966802994,1388.0131966802994,10674081
2025-05-13,1403.5787353515625,1435.3047515134413,1400.307062549957,1421.2263802516663,11407896
2025-05-14,1412.2042236328125,1417.6571322938998,1403.380401776207,1407.8418724989147,5570160
2025-05-15,1441.7491455078125,1448.8875719918406,1400.6044669576877,1412.7992032271827,20177211
2025-05-16,1443.9302978515625,1448.4908883531898,1434.9082364412498,1440.757623701411,9036695
2025-05-19,1428.4638671875,1442.1456384779733,1425.886031660542,1439.667043567546,6195791
2025-05-20,1412.402587890625,1432.6279478297215,1409.6266340324114,1425.8861208416395,11270560
2025-05-21,1416.963134765625,1423.9032007341596,1405.9581972205492,1411.7085860045363,6136364
2025-05-22,1397.332763671875,1411.6094953044076,1384.9397884743898,1409.031659643212,12134466
2025-05-23,1414.5838623046875,1421.5239286750705,1394.5567410207764,1394.5567410207764,6474883
2025-05-26,1422.5152587890625,1428.6621258406371,1412.898237790455,1419.7391840414937,4842944
2025-05-27,1409.9239501953125,1424.696400543767,1401.794207036506,1413.8897021801247,12640414
2025-05-28,1400.802734375,1410.4196342901241,1398.6214982222443,1407.9410393609537,5944611
2025-05-29,1405.660888671875,1407.842003929875,1396.5395861721686,1400.0096192804465,13771917
2025-05-30,1408.7342529296875,1418.3511529457182,1397.6300749154059,1405.8590585766528,13788484
2025-06-02,1401.5958251953125,1405.3633379328091,1383.650821945961,1400.0095486308933,8098668
2025-06-03,1393.4661865234375,1414.2863856817387,1391.384190812638,1410.1223942601396,11252626
2025-06-04,1411.31201171875,1413.4931269376204,1394.0609660849138,1402.5873087929724,8126827
2025-06-05,1430.0501708984375,1442.244785474372,1411.4110884077945,1415.7734397380668,13716817
2025-06-06,1431.1407470703125,1439.0722510374496,1424.6964000970136,1428.6621520805822,8182161
2025-06-09,1436.3953857421875,1445.0208477095387,1432.9253528317358,1444.5251287223314,7885125
2025-06-10,1426.1834716796875,1441.4516401070769,1423.704876838395,1437.5850079496329,7913181
2025-06-11,1436.4945068359375,1456.0257865422643,1430.7441181682645,1433.4210733170682,8195700
2025-06-12,1429.257080078125,1444.5252503749707,1422.1187744712338,1441.0552171722854,8828114
2025-06-13,1415.67431640625,1423.2092208521976,1402.1907840779525,1411.8076840776937,9757276
2025-06-16,1425.4896240234375,1430.0502146798779,1412.204330439343,1414.6829254727506,8458093
2025-06-17,1418.946044921875,1435.6022520574631,1413.59237643736,1435.6022520574631,10366599
2025-06-18,1417.85546875,1430.4468040463896,1413.4931173168031,1417.7563491543892,6681735
2025-06-19,1421.0281982421875,1427.5716651338516,1413.4931722804179,1417.8555238832446,10007230
2025-06-20,1453.6463623046875,1458.4053131642288,1415.8725983169522,1418.7477927518771,29010635
2025-06-23,1444.326904296875,1451.266970188698,1429.6535737155343,1440.5593915455418,5989078
2025-06-24,1438.3782958984375,1462.3710470398119,1430.744150698803,1452.4566670598808,16402744
2025-06-25,1454.737060546875,1459.7933702625824,1447.9952335758323,1451.4652666586912,7525851
2025-06-26,1482.497314453125,1485.9673475108061,1452.5558137403293,1456.5215658062507,14657893
2025-06-27,1502.4251708984375,1508.9686374999123,1484.083567880206,1486.5621628826696,11117052
2025-06-30,1487.7518310546875,1511.7447031481738,1483.191240482831,1500.838885203447,8409527
2025-07-01,1515.3138427734375,1518.2881567329412,1487.256099345396,1487.7518183386467,10368523
2025-07-02,1505.7960205078125,1516.900077238324,1495.7824003020085,1515.3138007089854,6361002
2025-07-03,1504.8046875,1518.7839394915495,1500.0457365549344,1507.7790015843786,11283291
2025-07-04,1514.223388671875,1516.900223008299,1504.2097675037892,1510.9515946827762,6603501
2025-07-07,1528.3016357421875,1531.5734294639212,1511.9429091838053,1513.5291857359532,7251074
2025-07-08,1524.4349365234375,1531.672481820406,1517.0982716385254,1522.8486600409224,7171261
2025-07-09,1505.9942626953125,1537.7202774459709,1497.1704406377573,1523.5426661942138,8870660
2025-07-10,1504.2095947265625,1511.6453792793734,1494.5926951149827,1506.6881895774993,10047129
2025-07-11,1482.3980712890625,1502.0285923917668,1477.540121836759,1499.0542783474266,7234991
2025-07-14,1470.9964599609375,1487.1569471972039,1466.4358695278945,1479.4236826617216,10311846
2025-07-15,1472.6820068359375,1483.6869442622558,1469.7076928815193,1473.4750846086956,8132454
2025-07-16,1472.8802490234375,1478.234038357326,1458.9009976142222,1460.388154594461,10409983
2025-07-17,1463.7591552734375,1476.8460890701654,1461.2805601585153,1474.6649737790947,11854613
2025-07-18,1463.362548828125,1472.0872520008465,1456.5216021387357,1472.0872520008465,10296318
2025-07-21,1416.3682861328125,1463.362470991638,1410.9153771961905,1452.4566531183941,22442744
2025-07-22,1400.70361328125,1419.640054314783,1398.6214967228645,1415.178583447059,20396320
2025-07-23,1412.402587890625,1413.7906253323065,1402.2899684336514,1413.7906253323065,8354596
2025-07-24,1390.888427734375,1410.81630780687,1384.0474811654185,1407.0487949065318,14740507
2025-07-25,1379.7841796875,1389.0046012536307,1372.2492752918665,1386.9226057137396,11854722
2025-07-28,1375.71923828125,1395.7463569486692,1373.1415238854815,1380.3790691362324,7748361
2025-07-29,1404.9666748046875,1408.04010820105,1371.1586653944225,1371.1586653944225,10750072
2025-07-30,1398.026611328125,1411.113664716939,1389.3020300940545,1405.9581148273558,7209849
2025-07-31,1378.2969970703125,1390.5908519212596,1370.365493427784,1376.215001569177,17065827
2025-08-01,1381.76708984375,1393.8627060383,1372.4476694796913,1375.025384070285,10321171
2025-08-04,1399.4146728515625,1403.975263237478,1379.7841529413568,1383.155066191865,6312820
2025-08-05,1379.7841796875,1398.918980991344,1376.2150271869518,1398.918980991344,9315972
2025-08-06,1380.874755859375,1383.9481891450812,1371.4560958071288,1379.9824375441353,5834312
2025-08-07,1377.5040283203125,1381.7671392504185,1354.3043541251445,1375.818511047819,9976705
2025-08-08,1356.0888671875,1385.2370458989403,1353.312792536344,1373.1415514013454,8793606
2025-08-11,1374.331298828125,1376.1159356273254,1349.5453489789295,1358.2700517359046,9997486
2025-08-12,1368.5810546875,1389.8969719255274,1363.4255044148417,1370.0682117041065,12244664
2025-08-13,1370.7620849609375,1379.8833867126677,1365.7057756228248,1376.115874093997,7457021
2025-08-14,1367.4774169921875,1374.3455639562076,1363.794372575189,1370.961308962897,7126128
2025-08-18,1375.3409423828125,1388.4802648218374,1370.6626218339861,1383.602791829514,11785109
2025-08-19,1413.564208984375,1414.460091190419,1382.7068811681168,1383.6027633741608,14384719
2025-08-20,1406.4969482421875,1418.342205158243,1403.510755146132,1406.4969482421875,8725641
2025-08-21,1418.24267578125,1425.3099750709036,1413.7633861810953,1418.4417067156319,11021323
2025-08-22,1402.71435546875,1416.84907536351,1401.4204113959267,1413.464698965694,5818868
2025-08-25,1406.0987548828125,1412.9670232567023,1399.230486508923,1408.1890657335161,5979407
2025-08-26,1378.5262451171875,1403.5107021083375,1375.241384232256,1401.519906786198,12145259
2025-08-28,1379.521728515625,1385.7926612650012,1360.2109883890075,1383.50331940736,13161813
2025-08-29,1350.9537353515625,1397.0406983353935,1343.7869203796088,1374.7437651325777,18758842
2025-09-01,1347.6689453125,1356.9260708455383,1334.430107544873,1349.759256141992,11232238
2025-09-02,1360.2109375,1378.128095842481,1348.2661652716795,1348.5648331807902,11517006
2025-09-03,1366.2828369140625,1370.1649121838109,1354.2385492379765,1363.3961593284287,7847563
2025-09-04,1353.0440673828125,1367.6763641601647,1350.8541196588233,1365.4865379446771,13223177
2025-09-05,1368.671875,1374.6442613636364,1353.0441792852228,1356.7271022727273,5777575
2025-09-08,1372.15576171875,1379.6212446443146,1366.0838599076599,1373.6488583038629,6986720
2025-09-09,1369.8662109375,1374.843199236951,1362.4007284883235,1370.2643943031567,9754452
2025-09-10,1370.66259765625,1382.1096709119122,1367.7759200987732,1377.5308659113482,7790815
2025-09-11,1376.9337158203125,1379.1235422027225,1368.6718661340626,1369.6672638548873,9766072
2025-09-12,1388.579833984375,1389.873899637371,1374.146566892781,1376.9337291414593,7403368
2025-09-15,1392.8599853515625,1394.3530818320328,1382.2091575524387,1386.5889315301856,5396697
2025-09-16,1398.8323974609375,1401.5199225726963,1391.7649767809332,1398.2350616507645,8686961
2025-09-17,1407.2933349609375,1409.6821922648512,1400.4250664409112,1400.5245819104894,7519417
2025-09-18,1408.4876708984375,1415.4554544293837,1404.2074124117412,1413.8628424954393,9332642
2025-09-19,1400.9227294921875,1410.4785229891424,1397.1401696768169,1408.3882121473878,13461373
2025-09-22,1384.199951171875,1404.2074196840813,1381.6119415772491,1397.4387885526373,7757970
2025-09-23,1383.40380859375,1388.5798281670254,1370.4636381520502,1384.5982372618869,14014702
2025-09-24,1376.635009765625,1389.5751797778832,1374.0470000648747,1378.9244730635044,5922759
2025-09-25,1366.0838623046875,1378.128150477363,1362.6994857374575,1374.942926360271,11411143
2025-09-26,1371.2598876953125,1376.3363918134596,1359.7132983361805,1365.685684712474,9879109
2025-09-29,1366.48193359375,1382.6073268149732,1361.7039763015719,1375.2413599514077,14231999
2025-09-30,1357.722412109375,1370.7620971908361,1356.5279835173724,1370.7620971908361,14604684
2025-10-01,1362.4007568359375,1372.255218175594,1356.4283707523282,1360.7086293823172,12045916
2025-10-03,1357.125244140625,1365.287456651113,1350.6551591113212,1356.926091696157,12842347
2025-10-06,1368.671875,1371.0608538471567,1352.7455113636363,1353.740909090909,12396580
2025-10-07,1378.4267578125,1389.47564777439,1369.5676941462978,1369.667209612737,11244040
2025-10-08,1361.1068115234375,1382.6073771032557,1358.2201339506064,1378.426755451918,8525081
2025-10-09,1371.458984375,1373.6488106871855,1362.7989515764332,1367.676424553763,8826633
2025-10-10,1375.3409423828125,1381.6119964455866,1368.7713419175536,1371.45898859096,6373084
2025-10-13,1368.671875,1371.3594002602317,1361.505059967041,1370.5631549835205,7600682
2025-10-14,1369.5677490234375,1381.612037149334,1363.7943936365562,1373.6488553790207,9768174
2025-10-15,1367.97509765625,1377.6304066718624,1366.382364141153,1376.6350089791804,10882743
2025-10-16,1391.8646240234375,1394.0544503152107,1368.671809484766,1368.7713249510273,12315932
2025-10-17,1410.279541015625,1416.7496262080865,1392.6609284325848,1394.5522084059296,19335561
2025-10-20,1460.04931640625,1467.0170999313523,1426.7034952504036,1433.3726108781723,24721978
2025-10-21,1458.4566650390625,1467.2162134241023,1453.2806455896807,1461.2438272093502,2066169
2025-10-23,1441.7340087890625,1476.0752283864208,1437.9514490416038,1468.2115624957596,18707090
2025-10-24,1444.9193115234375,1453.0816457634617,1434.3681199531734,1443.3266994671071,9700837
2025-10-27,1477.2696533203125,1478.16553552233,1451.289798512833,1456.266786847925,14113867
2025-10-28,1480.056884765625,1485.1333888036675,1470.79963742504,1477.26972256393,17631577
2025-10-29,1497.277099609375,1501.3583271895798,1481.2512217130793,1483.1425015536738,11884745
2025-10-30,1481.6494140625,1496.1821955688695,1477.1701246011085,1493.0964871305005,9318663
2025-10-31,1479.5592041015625,1490.6080945575152,1475.4780977270138,1483.540795005222,8758053
2025-11-03,1477.866943359375,1488.1195884585134,1472.4918928888083,1479.1610089962214,8452085
2025-11-04,1466.3203125,1485.9297198935935,1463.334119430687,1477.07065615293,10007806
2025-11-06,1489.2144775390625,1494.6891648996161,1469.406038969176,1477.1701896475465,16772678
2025-11-07,1471.19775390625,1491.5038906434634,1469.1074431042953,1487.7213309001133,7821765
2025-11-10,1482.44580078125,1494.0919049344996,1468.7092643110286,1471.0982430243503,7068438
2025-11-11,1486.5269775390625,1491.9021495222175,1473.3876547459602,1490.1103850249956,7127506
2025-11-12,1504.5435791015625,1517.6827797499902,1493.0965058897411,1498.0734942427068,12384459
2025-11-13,1503.9464111328125,1515.0948167835015,1499.8653048593553,1508.0275174062697,7196443
2025-11-14,1511.9095458984375,1513.900341239272,1498.5711928131457,1498.5711928131457,7682823
2025-11-17,1511.3123779296875,1516.6874283079178,1504.5436249599409,1513.900387650411,5871416
2025-11-18,1512.4072265625,1520.7685911952462,1503.5481631005248,1514.696568271851,11045042
2025-11-19,1511.9095458984375,1515.2939222795571,1505.0412776708577,1510.4164493928117,5692366
2025-11-20,1541.9705810546875,1543.7623455509595,1519.6736478639639,1522.9585089376258,18171724
2025-11-21,1539.4820556640625,1550.6305827884978,1533.0119706260582,1533.9078528560988,9615271
2025-11-24,1528.831298828125,1542.8663816107544,1524.7501927010492,1542.8663816107544,18433951
2025-11-25,1532.61376953125,1552.4222077972818,1518.0809876078647,1528.8313312270848,15033482
2025-11-26,1562.6748046875,1564.3669320995493,1533.4100892950657,1535.2018536795324,14054299
2025-11-27,1556.2047119140625,1568.2489991897637,1548.8387449947777,1567.7513003642512,9794643
2025-11-28,1560.285888671875,1574.0224254817672,1555.806599039324,1560.7835875199362,8959508
2025-12-01,1558.892333984375,1570.2398922139623,1556.403839701944,1567.7513979315313,8920233
2025-12-02,1539.1834716796875,1560.2858537619331,1534.9032130787248,1553.9152843475838,11389150
2025-12-03,1531.718017578125,1545.2554018922647,1525.9446623591427,1538.0884656023031,6090883
2025-12-04,1528.53271484375,1553.3181423785347,1510.6155558800758,1528.9308982335338,11867930
2025-12-05,1533.5096435546875,1538.685784402705,1513.6016899280953,1523.356635808528,10183266
2025-12-08,1535.898681640625,1543.861863398969,1527.9354998822807,1532.1161217020071,11301491
2025-12-09,1522.3612060546875,1535.4008911036892,1513.1039592099478,1533.211064854301,11503971
2025-12-10,1529.8267822265625,1540.3779737710465,1524.3520947592017,1526.9401045329791,7991629
2025-12-11,1537.889404296875,1542.8663926602953,1516.9860531705099,1529.826707449835,4706197
2025-12-12,1549.3365478515625,1552.62140892391,1538.9843872841,1543.6628294631555,5106655
2025-12-15,1549.037841796875,1551.4268205626304,1539.3825327747268,1544.060853330096,5774543
2025-12-16,1535.201904296875,1544.5585453663573,1531.7180123854912,1537.8894294536826,11731856
2025-12-17,1537.292236328125,1542.8664391614582,1532.2157323461342,1542.8664391614582,7116649
2025-12-18,1537.292236328125,1544.3595357154854,1528.1345045583196,1528.1345045583196,6580829
2025-12-19,1557.8968505859375,1566.9549449740825,1543.8617679066683,1547.2461442463334,13937275
2025-12-22,1568.1495361328125,1570.2398469681211,1558.0960438231807,1566.2582562309594,10184852
2025-12-23,1563.4710693359375,1573.6241984599117,1560.8830596994947,1573.6241984599117,7506564
2025-12-24,1551.0286865234375,1568.448146711295,1546.4498812900458,1565.4619535362338,8815745
2025-12-26,1552.0240478515625,1553.8158123179846,1547.1466963201515,1547.5447581940155,2311495
2025-12-29,1538.4866943359375,1550.9291658570105,1536.495898892566,1547.7439417510202,5972105
2025-12-30,1532.71337890625,1546.449793829553,1530.7225835687998,1539.8801935176687,8815884
2025-12-31,1563.172607421875,1569.7422080874378,1533.9078900841737,1533.9078900841737,5771830
2026-01-01,1568.3485107421875,1585.1707553042595,1563.8692213237453,1566.457230908256,6408128
2026-01-02,1584.9718017578125,1587.2611435561273,1570.9365970213464,1572.7283614795997,6602230
2026-01-05,1570.8370361328125,1604.3820104615531,1568.049995566515,1585.6684856930358,8704973
2026-01-06,1500.6614990234375,1561.77894010158,1489.4135782872731,1561.77894010158,27417125
2026-01-07,1497.277099609375,1513.004431115157,1491.1056827700695,1503.0504545946628,11199340
2026-01-08,1463.831787109375,1496.9785780764303,1462.040144211037,1493.0965028672745,16518684
2026-01-09,1468.51025390625,1473.0890589574892,1458.2576091430024,1458.2576091430024,8335311
2026-01-12,1476.373779296875,1478.4642116159973,1444.322022844729,1468.5102348906719,8883745
2026-01-13,1446.11376953125,1478.9618923221497,1438.050951275772,1478.165525590484,13499760
2026-01-14,1452.086181640625,1460.2483939989072,1433.5716876182923,1437.3542473990606,8321764
2026-01-15,1452.086181640625,1452.086181640625,1452.086181640625,1452.086181640625,0
2026-01-16,1451.1903076171875,1473.1885721290346,1448.4031454989463,1452.0861898343726,17167161
2026-01-19,1407.0941162109375,1443.9238298491432,1396.8415931572963,1443.9238298491432,20392765
2026-01-20,1387.5843505859375,1409.4830993039366,1383.6027599099377,1404.207443054835,13189498
2026-01-21,1398.1356201171875,1406.3974698374059,1366.681076311502,1383.105138772638,17352720
2026-01-22,1396.0452880859375,1412.9670491536458,1388.5798052619484,1403.610286379211,15721693
2026-01-23,1379.720703125,1400.5245389866304,1374.6441992470054,1395.348519642108,9837802
2026-01-27,1374.146484375,1385.195374217857,1361.7040134914885,1373.6487855396595,26302396
2026-01-28,1390.2718505859375,1403.4111724845945,1378.526231208921,1378.6257466723232,11121657
2026-01-29,1384.59814453125,1396.4434009824272,1377.6303609139109,1396.4434009824272,20846683
2026-01-30,1388.9779052734375,1391.5659148620384,1372.1556606847782,1376.236766748553,11239835
2026-02-02,1384.0009765625,1386.4894707948447,1329.35361891851,1333.8329085367304,15711165
2026-02-03,1430.4859619140625,1482.6448239290096,1423.6176937150067,1467.1166446366906,25456171
2026-02-04,1450.095458984375,1457.2622740237098,1433.6713964697635,1437.3543194605445,8333387
2026-02-05,1436.757080078125,1454.7737543419996,1432.8750047042822,1450.2944646433757,11763658
2026-02-06,1444.123046875,1446.113842295832,1426.9026178813986,1434.865799564727,8277304
2026-02-09,1454.873291015625,1459.153549837875,1446.3128948796364,1451.2898835062008,5775864
2026-02-10,1451.7874755859375,1464.2299462371711,1445.5164217743147,1464.2299462371711,10259630
2026-02-11,1461.9405517578125,1463.234617369774,1446.91007080626,1452.882456999606,7106877
2026-02-12,1442.231689453125,1466.2207486838624,1438.8473131178025,1463.2345557130195,11135399
2026-02-13,1413.0665283203125,1444.0233720001163,1409.7817888672503,1438.8473526451965,10755693
2026-02-16,1430.4859619140625,1432.9744560797708,1402.8139796964888,1413.564201587246,5896514
2026-02-17,1416.450927734375,1425.2104761017015,1412.0711535507119,1424.5136248062843,10731630
2026-02-18,1434.666748046875,1435.4629932986807,1412.6683617554224,1420.4325123887006,5521096
2026-02-19,1403.0130615234375,1436.3588845536149,1393.5567833507007,1436.3588845536149,11884664
2026-02-20,1412.8675537109375,1420.8307355027325,1399.6287153786739,1403.013091941889,8177670
2026-02-23,1421.4278564453125,1428.2961245911818,1411.772547760535,1418.4416634695872,7758856
2026-02-24,1422.2242431640625,1426.7035326906043,1408.4877066792656,1418.7403513100855,12529409
2026-02-25,1392.063720703125,1433.8704252219175,1387.0867320699354,1428.395737725409,10728792
2026-02-26,1400.3255615234375,1406.397463315574,1385.4941111892442,1392.0637118415314,16683858
2026-02-27,1387.48486328125,1403.9089251530934,1381.711508080472,1391.5659695052796,12031440
2026-03-02,1351.75,1372.2551671563263,1335.3259388807069,1369.1694587628867,23728722
2026-03-04,1338.8099365234375,1346.5740873609554,1300.9848230751916,1323.8789706886037,32495007
2026-03-05,1383.005615234375,1392.5614090361375,1346.8726294272453,1346.8726294272453,25957532
2026-03-06,1398.334716796875,1417.7449716586152,1383.9014503612218,1390.0728674061675,19311971
2026-03-09,1417.4462890625,1422.8214608086796,1363.6948146177142,1368.6718029922313,24870822
2026-03-10,1402.3162841796875,1424.9117626543534,1394.1539503917586,1424.015880450879,18071259
2026-03-11,1383.8017578125,1427.4002232775151,1377.2321576556008,1418.34212900751,21848087
2026-03-12,1385.7926025390625,1404.4066120742223,1374.7437125844203,1383.6027762448114,20939959
2026-03-13,1374.3455810546875,1394.3531723993444,1372.0562392077015,1378.8248707870416,17265090
2026-03-16,1388.6793212890625,1390.8692691567512,1357.224777946389,1373.6488401657623,22837802
2026-03-17,1391.167724609375,1399.429573667814,1381.8109624429321,1392.5613056143347,19007744
2026-03-18,1401.6195068359375,1406.3974645008152,1390.7696473738063,1390.7696473738063,9559327
2026-03-19,1378.4267578125,1409.1844489610974,1369.7667250791762,1381.6119817895922,16498373
2026-03-20,1407.8905029296875,1423.4186824363833,1389.6746767818195,1391.5659566755692,22994918
2026-03-23,1401.3209228515625,1409.0849519631759,1384.598192981382,1393.5567722314413,18979554
2026-03-24,1405.302490234375,1415.8536813182018,1400.1263494042955,1413.4647025895886,18620893
2026-03-25,1406.596435546875,1423.9163794589117,1401.9181150601291,1413.464703831985,19041331
2026-03-27,1341.8956298828125,1398.235116023098,1338.809921280448,1394.552193095842,23266517
2026-03-30,1337.7149658203125,1358.7178325566667,1327.960019957529,1328.855902170806,24393861
2026-04-01,1362.8984375,1378.028554948465,1356.6275051009459,1377.8294025098971,14404619
2026-04-02,1344.2845458984375,1351.9490593116357,1321.8880984473344,1350.7546307176451,21280051
2026-04-06,1298.6953125,1352.7454554606609,1284.0630151171836,1352.7454554606609,29274881
2026-04-07,1298.5958251953125,1302.2788696189978,1285.058440671965,1289.040031502862,28388922
2026-04-08,1341.5970458984375,1344.3840865060406,1320.0963587364665,1342.7914745147666,21817543
2026-04-09,1323.87890625,1343.7868597274437,1320.195983460075,1339.8052690319548,20725390
2026-04-10,1343.9859619140625,1346.0763943468285,1325.3720730291864,1330.8467605257397,19364461
2026-04-13,1309.0474853515625,1321.4899565481755,1303.970981405046,1315.1193869938081,28753269
2026-04-15,1337.9140625,1340.8007402141902,1328.059600686701,1330.8467629297493,15313779
2026-04-16,1337.1177978515625,1347.5694738488123,1323.8789596516422,1345.7777093601655,30211012
2026-04-17,1358.7178955078125,1362.1022720767137,1333.832952366644,1333.832952366644,13869105
2026-04-20,1357.0257568359375,1366.6810660920328,1346.5740808024586,1356.9261198573818,13614733
2026-04-21,1347.07177734375,1363.4958396538184,1343.8864317482064,1352.7454957201878,27293629
2026-04-22,1355.8311767578125,1359.7132520720183,1342.8910067161314,1344.085556855853,9525953
2026-04-23,1337.21728515625,1349.261572940554,1334.529638479888,1339.8052948565,16385079
2026-04-24,1321.6890869140625,1339.7057606040942,1318.9019248091768,1333.8328899956957,11744802
2026-04-27,1359.51416015625,1365.2873936261717,1304.9663202853897,1306.9571155871217,24673098
2026-04-28,1382.5078125,1388.7787447541255,1350.75460334444,1351.7500009887617,41027699
2026-04-29,1418.83984375,1427.2012083655534,1384.896807968084,1385.5935377241706,30542143
2026-04-30,1424.215087890625,1430.386505071105,1386.6885214286783,1402.5153692729207,30957881
2026-05-01,1424.215087890625,1424.215087890625,1424.215087890625,1424.215087890625,0
2026-05-04,1456.3663330078125,1460.6465916696056,1426.8030702776819,1426.8030702776819,24035700
2026-05-05,1456.864013671875,1466.6189594959255,1443.3266295857375,1453.280606341501,23543341
2026-05-06,1431.2823486328125,1466.519450812893,1420.9301884572374,1456.2668061036345,14221786
2026-05-07,1429.590087890625,1442.828925531327,1423.717338832762,1432.1782190445704,19816903
2026-05-08,1428.5947265625,1436.1598462687914,1410.9762359236815,1419.4371163507371,8663105
2026-05-11,1381.81103515625,1421.427912122738,1375.6396180347506,1413.4647305422184,15261787
2026-05-12,1357.722412109375,1387.0866431630602,1354.0394893602804,1385.593546668805,24357500
2026-05-13,1352.54638671875,1366.0837705701026,1346.1758174038478,1355.1343963286624,13797989
2026-05-14,1355.5325927734375,1371.6579863902991,1352.148216400817,1358.9168476375535,17303059
2026-05-15,1330.24951171875,1358.5188307246153,1323.082575367519,1350.5556491178086,19976192
2026-05-18,1329.7518310546875,1335.8237328112184,1312.6309174607939,1327.860551095503,13022473
2026-05-19,1316.6124267578125,1337.8144453658963,1312.3322897558653,1332.5387892026445,21665501
2026-05-20,1353.442138671875,1356.6274840630256,1306.558933569541,1312.6308349443716,13248515
2026-05-21,1343.388671875,1364.590690861155,1339.0088978228712,1360.9076465750106,17150630
2026-05-22,1348.26611328125,1361.106767233248,1342.8909416840763,1343.7868238683554,7105813
2026-05-25,1360.7086181640625,1364.7897243191815,1350.7546414401118,1360.5095872329855,6750071
2026-05-26,1350.0579833984375,1362.2017870434288,1346.1759079681497,1353.8404218493883,13769747
2026-05-27,1344.2845458984375,1354.736221375619,1342.393266034199,1346.7730400596713,13215138
2026-05-28,1344.2845458984375,1344.2845458984375,1344.2845458984375,1344.2845458984375,0
2026-05-29,1315.119384765625,1362.6994431442622,1310.9387630540493,1357.7224546740495,42634247
2026-06-01,1313.9249267578125,1329.353590670499,1312.4318302501333,1326.3673976551404,10700603
2026-06-02,1308.5498046875,1321.689127358814,1294.3156903458798,1301.6815361898255,23302785
2026-06-03,1307.15625,1317.906594083847,1295.0124463014238,1308.9480145168118,20012293
2026-06-04,1297.699951171875,1305.1654340270677,1287.1487597049047,1295.0124259474096,23474327
2026-06-05,1291.0,1306.0,1288.0,1304.5,17785223
2026-06-08,1263.300048828125,1282.5999755859375,1259.199951171875,1277.0,16494759
2026-06-09,1269.199951171875,1274.199951171875,1257.5,1269.0,23620214
2026-06-10,1258.800048828125,1300.5,1254.4000244140625,1275.0,21012796
2026-06-11,1263.0,1276.0,1253.199951171875,1258.0,13117486
2026-06-12,1293.0,1297.0,1262.5,1277.0,11988785
2026-06-15,1307.0,1325.0,1303.300048828125,1315.300048828125,18633321
2026-06-16,1328.800048828125,1333.4000244140625,1306.4000244140625,1313.4000244140625,18513223
2026-06-17,1332.699951171875,1334.0,1317.0,1333.0,10029170
2026-06-18,1328.0999755859375,1333.9000244140625,1322.0,1330.0,15494549
2026-06-19,1309.5,1338.199951171875,1305.300048828125,1328.0,24887034
2026-06-22,1326.5,1344.9000244140625,1314.0999755859375,1316.699951171875,12931213
2026-06-23,1309.5,1333.0,1304.0,1328.9000244140625,15400184
2026-06-24,1313.5999755859375,1322.0,1297.5,1305.699951171875,11030917
2026-06-25,1318.0999755859375,1328.0,1314.5999755859375,1318.0,12694362
2026-06-26,1318.0999755859375,1318.0999755859375,1318.0999755859375,1318.0999755859375,0
2026-06-29,1301.0,1313.699951171875,1292.5999755859375,1308.0,13757656
2026-06-30,1293.9000244140625,1306.9000244140625,1290.0,1306.9000244140625,15695263
2026-07-01,1308.0,1312.199951171875,1296.5,1298.9000244140625,7001401
2026-07-02,1303.5,1313.199951171875,1299.0,1310.0,17795024
2026-07-03,1304.0,1312.0,1302.0,1312.0,7839550
2026-07-06,1321.300048828125,1325.5999755859375,1299.4000244140625,1304.0,7610709
2026-07-07,1308.4000244140625,1328.0,1304.0999755859375,1323.5,14335554
2026-07-08,1275.9000244140625,1302.300048828125,1271.5999755859375,1297.0,19960868
2026-07-09,1279.800048828125,1296.5,1274.199951171875,1277.0999755859375,14651963
2026-07-10,1307.800048828125,1311.0999755859375,1287.800048828125,1291.9000244140625,8412537
2026-07-13,1296.9000244140625,1306.4000244140625,1295.0,1300.0,9488352
2026-07-14,1293.0,1308.0,1286.9000244140625,1290.0,13511284
2026-07-15,1295.5,1310.9000244140625,1294.0999755859375,1294.0999755859375,9577965
2026-07-16,1296.5999755859375,1309.4000244140625,1291.800048828125,1295.5,15631046
2026-07-17,1327.199951171875,1330.300048828125,1296.0999755859375,1300.0,18302218
2026-07-20,1323.0999755859375,1345.9000244140625,1314.9000244140625,1317.199951171875,14305844
2026-07-21,1303.699951171875,1326.9000244140625,1302.699951171875,1321.0,12753410
2026-07-22,1288.5999755859375,1304.5999755859375,1280.699951171875,1302.0,10840383
2026-07-23,1272.199951171875,1287.300048828125,1268.0,1283.0,12580741
2026-07-24,1278.0,1283.4000244140625,1249.800048828125,1265.0,9817000
2026-07-27,1280.0,1288.699951171875,1278.0,1288.199951171875,7163132
2026-07-28,1267.699951171875,1279.199951171875,1265.9000244140625,1275.0,9312184
2026-07-29,1275.9000244140625,1282.4000244140625,1268.699951171875,1275.0,9448307
2026-07-30,1292.9000244140625,1297.0,1275.300048828125,1279.800048828125,12158451
2026-07-31,1307.800048828125,1309.699951171875,1293.5999755859375,1295.0,8624996
2026-08-03,1319.0,1319.0,1306.0,1315.199951171875,7508023
2026-08-04,1290.9000244140625,1315.0,1286.4000244140625,1315.0,10759546
2026-08-05,1280.0,1299.0,1270.0999755859375,1293.0,24813341
