Price,Close,High,Low,Open,Volume
Ticker,SBIN.NS,SBIN.NS,SBIN.NS,SBIN.NS,SBIN.NS
Date,,,,,
2016-08-11,204.03878784179688,208.03603688868716,203.095630270665,207.94620583129603,16673286
2016-08-12,218.5456085205078,222.72249192772932,201.56856803521154,203.90403827328208,86616475
2016-08-16,221.6445770263672,222.67756551985931,217.9617234554685,220.29719357939837,27709873
2016-08-17,221.19546508789062,224.38427554919826,219.4438692223621,221.37511348578948,18294050
2016-08-18,223.126708984375,224.92322037299735,221.46494417367586,221.77932544290826,14314950
2016-08-19,232.19908142089844,233.54646487208356,227.70780325028147,229.05518670146657,39822529
2016-08-22,228.8755340576172,233.90575729134378,228.15692682242968,233.3667984383799,19769886
2016-08-23,228.8306427001953,229.7738139393353,225.46218377919146,228.9653755745177,17583721
2016-08-24,228.51625061035156,230.13312736044898,227.70782594159746,229.01029399961,11560293
2016-08-25,224.69866943359375,229.549258686941,223.3063839919938,228.96538422812316,21230706
2016-08-26,221.50985717773438,225.19269725870407,220.83616541467106,224.83340046758792,16531983
2016-08-29,223.7105712890625,224.4291785468369,219.39894144870942,220.83615596425827,11786129
2016-08-30,226.58499145507812,227.16885215470455,224.38426781748674,224.6986490764034,15323228
2016-08-31,226.8095703125,229.77381694299157,225.6418351300282,227.4832621055074,15601566
2016-09-01,226.36044311523438,228.92047741869834,225.5969202650659,226.31552758764306,12175873
2016-09-02,228.6959228515625,229.2348680858428,226.04605738441055,226.3604523841288,11380257
2016-09-06,233.6363067626953,234.8938592263225,229.95345300932527,231.03137078534158,16620963
2016-09-07,239.6546173095703,242.79851235815022,233.90578613182777,236.151425452242,30862337
2016-09-08,241.0469207763672,243.96625177955337,239.74443905606418,240.7325258011987,14339143
2016-09-09,237.22930908203125,241.09179719112774,236.55561738305497,241.09179719112774,11455826
2016-09-12,227.03411865234375,232.4236526262866,226.18077851439486,231.30083304838186,18989750
2016-09-14,231.34573364257812,231.7499596535203,227.2586813656614,229.05519268080496,12754966
2016-09-15,229.9534454345703,232.06435168572534,228.3365825300998,232.06435168572534,7783662
2016-09-16,228.42642211914062,235.34298811248541,227.61798378352748,231.70506357425506,18013477
2016-09-19,229.63906860351562,232.01944077141047,229.23485627206296,229.95346358703134,11433295
2016-09-20,228.56114196777344,230.31273770237493,227.84253472359782,230.31273770237493,9914599
2016-09-21,225.59690856933594,230.17801802025667,225.14778072929641,228.60607058011834,12817180
2016-09-22,231.66014099121094,232.15419807684304,229.14503598057198,231.66014099121094,20797370
2016-09-23,228.65098571777344,232.46855864534393,227.9772939588562,232.46855864534393,12730223
2016-09-26,226.0460205078125,228.56113897636266,225.14776489092264,228.11201116791773,8800173
2016-09-27,223.66567993164062,228.06712758833967,223.03690365301145,227.39343578131667,11345387
2016-09-28,227.93238830566406,229.77381526771748,222.8123334573967,224.56392936518625,17277539
2016-09-29,222.09371948242188,230.6271485424138,218.72526064295135,229.05520108399423,27870695
2016-09-30,225.68673706054688,226.80955664791279,220.7912464008903,221.7344175955364,14826293
2016-10-03,229.32467651367188,230.53731345085427,226.94429075171738,227.2586857204094,9314647
2016-10-04,233.32192993164062,235.34300535934491,227.97731098630382,229.77382247759653,21532806
2016-10-05,234.30999755859375,237.94792206570017,233.14224873726732,235.34298609902996,20868556
2016-10-06,230.67205810546875,235.34299881803798,229.63906950920511,234.7591380821141,11081154
2016-10-07,232.3787384033203,233.45662869301634,229.2797455686992,231.07625679744515,11934100
2016-10-10,230.49241638183594,233.8159459994719,229.9983593029711,232.96261953839527,9399844
2016-10-13,224.24951171875,229.36957975587433,220.8361513023913,229.01026928142548,18050638
2016-10-14,226.45025634765625,227.75272430752585,223.75548937980452,225.46216964359317,12133951
2016-10-17,227.43833923339844,230.35768394845104,226.36043514065415,227.9323826069087,16865537
2016-10-18,230.76187133789062,231.4804923064873,227.97728704261937,228.96536003527942,20218355
2016-10-19,229.4145050048828,231.74997535532248,228.9204753247811,231.74997535532248,9546481
2016-10-20,233.7261199951172,234.35488247270436,229.32465929537145,229.68395605579065,14179531
2016-10-21,232.19908142089844,233.3219009635527,230.04327338151958,233.3219009635527,8833390
2016-10-24,236.1963653564453,237.94794765794305,232.91770987045481,232.91770987045481,14483254
2016-10-25,234.8489532470703,237.6335238627045,234.22016332010224,237.1394942147919,9079178
2016-10-26,232.4236602783203,237.903025481409,230.67205071408608,233.90577668743254,15020687
2016-10-27,229.4145050048828,231.83980640968343,228.4264319383849,231.74997535532248,10938008
2016-10-28,231.74998474121094,232.4685783800236,228.15696172196738,229.86364217359002,11430184
2016-11-01,232.6033172607422,234.35489937382536,230.40257989901093,230.8517077350714,10000632
2016-11-02,225.50709533691406,229.95345829311984,225.0579674886853,228.24677795236826,13716294
2016-11-03,220.65650939941406,227.07904594155346,219.93791579736003,225.59691579815464,12902390
2016-11-04,218.1414031982422,222.22845568639408,215.85084841179042,221.19546710931502,12657669
2016-11-07,226.9892120361328,228.06711613196487,220.52177375484627,222.76741299878563,11224419
2016-11-08,226.94427490234375,228.24675650485304,223.35125245413695,227.88744603625662,9367228
2016-11-09,233.54647827148438,234.48963577639168,211.09008612999548,211.09008612999548,31761606
2016-11-10,252.6793212890625,255.28428478876353,238.2623280497672,239.83427554868177,50227559
2016-11-11,245.22381591796875,259.41624558115234,242.9781765780606,250.38878639975746,57937113
2016-11-15,249.8947296142578,254.61057171673238,243.15781232500845,247.15503346907778,48658808
2016-11-16,248.99649047851562,255.8232118540093,248.05330554795697,255.1046182605642,27532708
2016-11-17,249.22103881835938,253.48775311752425,247.55926039827256,249.7150684563859,19500760
2016-11-18,247.73890686035156,251.51159170090028,246.8855804074906,249.84981320178744,13389671
2016-11-21,231.16610717773438,249.35578489029757,229.81872364347043,248.9515588649831,26002028
2016-11-22,231.16610717773438,235.92685136709835,225.59691093774148,234.26507285898853,25631435
2016-11-23,232.33383178710938,233.8608774451986,228.83064003262132,233.3668203616575,16190033
2016-11-24,235.11843872070312,236.24125838985643,228.651000167639,231.57031760114282,28927720
2016-11-25,234.3998260498047,237.58862268603795,232.06435584523166,236.6903670237089,19303589
2016-11-28,227.7527313232422,231.52540245318957,222.76740953788948,227.66290027236252,22315183
2016-11-29,226.9892120361328,230.4025864281795,226.36043578908863,228.38151110863407,12656706
2016-11-30,232.06436157226562,233.68121083932468,226.98920873108233,228.15694386218695,16501691
2016-12-01,229.63906860351562,234.44474217271554,228.7408128863788,233.232091472063,12986151
2016-12-02,228.2467803955078,234.80403608480066,227.25869363631045,228.11203381582035,21139754
2016-12-05,230.76187133789062,231.57029594154827,227.4383281693186,228.51623220962662,8406973
2016-12-06,232.73806762695312,233.6812251885543,230.26786434290375,232.1991087006426,10048459
2016-12-07,229.5941619873047,236.01668474817208,226.04604101368594,233.8608765545885,22193202
2016-12-08,233.45664978027344,233.99560868009652,231.79487126106412,232.1541954693384,9047721
2016-12-09,239.51988220214844,240.01393929559188,232.46856931920072,234.2650807588007,16004173
2016-12-12,236.82513427734375,241.94520326108392,235.6124834746062,241.54097718930763,14296268
2016-12-13,239.07077026367188,239.6097292139628,234.93878819489603,237.94795053914532,9084137
2016-12-14,236.15142822265625,239.16059042983122,235.61246929691617,238.93602649515532,8672531
2016-12-15,238.39703369140625,240.28337595713833,232.6482032631732,233.45662783060527,12274497
2016-12-16,237.81320190429688,239.25041653902196,236.286156215041,239.25041653902196,11017555
2016-12-19,234.75912475585938,237.58862463286368,234.30999692101463,236.5556360952383,8371299
2016-12-20,228.65098571777344,236.15141240994248,227.48325059439142,235.20825491249346,12765309
2016-12-21,229.3695831298828,231.74995509308906,228.24676358001318,230.04327485980457,8778450
2016-12-22,224.38429260253906,228.38152801133086,223.0818244859164,228.38152801133086,12981595
2016-12-23,223.80039978027344,226.18078558360597,222.58776282201188,224.3393586770302,10557157
2016-12-26,219.35403442382812,223.03688819617722,218.81508923933646,222.7674087507844,8592983
2016-12-27,223.44110107421875,224.51900515221246,218.36596194942243,219.71334547348806,8756536
2016-12-28,222.54283142089844,226.8095456459207,222.0038725625889,223.89021486037916,11747088
2016-12-29,222.45301818847656,223.53093599140894,220.52177391976213,222.45301818847656,10658616
2016-12-30,224.7435760498047,226.62991852457358,222.09372444480604,222.54285230010393,10538497
2017-01-02,218.81509399414062,227.84255281375962,217.91683829417502,226.80956424131688,25988990
2017-01-03,219.98281860351562,221.33020217284616,216.56945785958047,219.17439394443508,15963085
2017-01-04,218.186279296875,221.330173890238,217.55750311946093,220.7912287551514,11225978
2017-01-05,220.38702392578125,220.88105355640107,218.9048939150423,220.07262897330213,11970913
2017-01-06,220.8810577392578,223.66565572274104,220.52176096358602,220.97088878632246,12354302
2017-01-09,221.91407775878906,223.08181293284613,220.97090651411625,221.33020331861326,8329253
2017-01-10,223.03689575195312,223.66567200830798,221.33020167751067,222.49793684290933,9352013
2017-01-11,226.4951629638672,227.4383341638557,223.66566307019554,224.24952377641543,13415303
2017-01-12,225.68673706054688,228.56115246294482,225.05796083288072,227.16885343335235,11282323
2017-01-13,225.37232971191406,226.89937523187288,223.7554805599697,226.36041637702942,9333736
2017-01-16,229.72889709472656,230.31275782183374,225.19270303253566,225.50709801254374,13234727
2017-01-17,229.9534454345703,232.33381741455923,228.51623091808688,231.2559270866368,9480201
2017-01-18,232.06436157226562,232.91768802498478,230.49241412439625,230.94154196664465,8048897
2017-01-19,232.10928344726562,235.3430096733875,230.4026029817706,231.03139298028526,13029151
2017-01-20,225.50709533691406,233.99560892717858,224.83340356457094,232.1990975342636,15341756
2017-01-23,228.2916717529297,229.23484294233802,224.65374727510192,225.46217189099838,9339939
2017-01-24,228.96536254882812,230.85170491979528,228.15693793629572,229.14502464609635,13540202
2017-01-25,232.827880859375,234.44473010193954,228.3365887986379,229.54923943685512,16343545
2017-01-27,239.34022521972656,240.91217258300563,233.0973375833836,233.81593112727654,18039379
2017-01-30,237.0946044921875,240.6426980822636,236.6005474064834,238.80128485055474,11884795
2017-01-31,233.8608856201172,237.00478068630346,233.23209564184413,234.57947924163824,8899165
2017-02-01,243.15782165527344,244.23571201536134,234.9836895481487,235.34298633484468,27253142
2017-02-02,245.49327087402344,247.0203165230193,241.36131660043637,244.19081656172781,20139955
2017-02-03,249.31085205078125,250.20910772729292,244.32554401117653,245.22379968768823,15366890
2017-02-06,248.86172485351562,253.7572292681487,247.9185673557842,251.51159007108544,14725291
2017-02-07,249.62525939941406,251.51160189615305,248.18804476320395,249.58035757839684,10981984
2017-02-08,248.99649047851562,250.83790369458646,244.86450878473528,249.80491512428847,13622088
2017-02-09,247.7838134765625,251.78103446085277,243.29253546325734,250.43365105686124,16080181
2017-02-10,248.23294067382812,254.02667284934165,247.02029013066957,250.38874863245144,37580487
2017-02-13,244.0111541748047,249.93964724700882,242.7086998640175,249.5354212190403,19853043
2017-02-14,242.70867919921875,245.22378396718105,240.822336916954,244.32552834825364,13306738
2017-02-15,241.5858917236328,244.7746886288071,239.87918389119508,243.38240319980753,12201568
2017-02-16,242.97817993164062,248.81684229598687,242.2146570630158,248.81684229598687,21794688
2017-02-17,241.94515991210938,245.80764816388285,240.46304360213054,243.5620090843433,17830528
2017-02-20,242.21463012695312,243.92131037652544,240.73251378949786,242.43919403907017,9229363
2017-02-21,243.15782165527344,243.8764152286654,241.31638107800163,242.52903171911476,7754157
2017-02-22,244.5950469970703,246.75088287906843,242.07994168486178,244.23575015426795,12617613
2017-02-23,242.93324279785156,245.22378365819594,242.16972004020812,244.05606232009606,13146194
2017-02-27,240.95709228515625,243.8315214992597,240.373231560832,243.2476333623469,9645350
2017-02-28,241.8104248046875,243.65183786777817,240.7325070914822,241.5409316700931,7941592
2017-03-01,244.10098266601562,245.49326801425482,242.34937311331257,242.5290352155445,7656892
2017-03-02,240.10372924804688,246.7508431256545,239.38513567821295,245.223797524023,14220808
2017-03-03,238.0826416015625,241.5409312281333,237.36404806913126,239.16055931279547,10120034
2017-03-06,242.39430236816406,242.84343021119844,239.25040746692352,239.4749713884407,9515073
2017-03-07,240.55287170410156,243.33746992849515,239.29531917415937,243.24763887365873,11599142
2017-03-08,242.4391632080078,242.79845993918585,238.9359721070008,240.55282110359374,9122987
2017-03-09,245.4483642578125,246.0322249665761,241.09181873265857,241.6307776225126,15594429
2017-03-10,244.37042236328125,247.5143169291666,242.0798815731703,246.57115952443505,9557026
2017-03-14,246.70596313476562,250.07442256427524,245.94244018155817,250.07442256427524,15734886
2017-03-15,249.13124084472656,251.96074100991342,244.90942780216247,244.90942780216247,20055974
2017-03-16,250.8828125,251.69126458087172,247.9634813998877,249.71509102499078,18005184
2017-03-17,246.25682067871094,251.06249466373723,245.67295989456935,251.01759283903073,14265642
2017-03-20,246.0322265625,246.79574937703023,244.14588414206878,246.79574937703023,9678185
2017-03-21,244.63995361328125,248.86173909785384,242.6637800417183,246.4813668952367,11898233
2017-03-22,240.2834014892578,243.42729646201445,239.654611529671,242.79850650242764,9887203
2017-03-23,241.1816864013672,241.99011115259637,239.5648368989088,241.63081430900473,7998170
2017-03-24,248.36773681640625,250.56847456336075,241.31642307345814,242.0799460109276,20133467
2017-03-27,251.01756286621094,252.230186114407,247.19997619389034,247.91856977893897,15966114
2017-03-28,253.39793395996094,254.11652754218542,250.1642080147748,252.09545225301758,18673371
2017-03-29,259.10186767578125,260.4043219934581,254.3410960173876,254.3410960173876,31008407
2017-03-30,261.4372863769531,263.86258750801863,259.46114046699785,259.5958733270379,19683170
2017-03-31,263.5482482910156,264.9854630647325,259.1468003192384,262.29069564373526,20185269
2017-04-03,263.3236083984375,265.61417649325523,262.47028207543724,264.8057245700349,10509610
2017-04-05,267.0962829589844,268.3538351978973,260.1797045260891,263.45833167444226,21936647
2017-04-06,263.0541687011719,267.2759537462874,261.7966162922563,265.3896388392074,18413111
2017-04-07,260.0001525878906,264.80579919359997,258.38327569839015,262.02122814032253,10765502
2017-04-10,259.9102783203125,260.8085339720761,257.3951460478222,260.3144769160539,10307875
2017-04-11,264.53631591796875,265.1201766675278,259.4162472254883,259.86537509631677,11682024
2017-04-12,260.6288757324219,265.3896472047518,259.6857182491519,264.0871655253909,13251421
2017-04-13,261.88641357421875,263.2787262249459,260.49412833607755,260.71869223981554,9944020
2017-04-17,260.4043273925781,262.9643616736265,259.1467748688002,261.48224522015295,8146800
2017-04-18,260.76361083984375,266.69210376263754,259.05693054409994,261.4373025944206,13457050
2017-04-19,255.14952087402344,262.06610073594584,254.11653230051257,261.88643863073156,18149995
2017-04-20,255.8232421875,257.70958485969646,253.48779902559093,255.01481744587056,14514929
2017-04-21,253.48773193359375,257.79934768949937,250.837867046316,257.79934768949937,12042308
2017-04-24,256.9460144042969,258.56289100100037,252.32000334896398,254.43090958176248,10077853
2017-04-25,256.9460144042969,259.41621740994503,256.00285694899316,258.2484960450369,11531902
2017-04-26,257.30535888671875,260.0450278349705,254.52076070545002,257.8892196152294,13836891
2017-04-27,253.35301208496094,258.65274270496275,252.45475637480317,257.30535913972614,22622372
2017-04-28,260.2695617675781,261.1678173733333,253.75720862585268,254.2063364287303,14152004
2017-05-02,258.9671325683594,262.73981784085424,257.88924207092595,260.71874231900154,9754789
2017-05-03,260.31451416015625,263.3686057431816,256.7214910390356,259.9552173305624,13950914
2017-05-04,268.62335205078125,269.47670591788983,263.27874716429596,264.08717179953203,24534923
2017-05-05,265.8836364746094,273.8781051969036,262.4253472068655,270.3749141177616,34756331
2017-05-08,268.9377746582031,270.150425441957,263.9973678753909,265.97354155355214,11560550
2017-05-09,266.33282470703125,270.2851444478217,265.21000504131865,270.2851444478217,7843574
2017-05-10,264.4913635253906,267.81489268651137,263.18888198398554,266.7819042636304,8699405
2017-05-11,267.7700500488281,268.93777158273923,264.4914219766095,265.79387639326563,11934889
2017-05-12,267.59039306640625,271.8122062240575,265.8837125561653,269.4767356988162,13376269
2017-05-15,270.7342529296875,271.2732118131583,267.2310613060086,268.03948592492105,10383539
2017-05-16,276.213623046875,277.02204768059215,268.89284469904453,271.27321678099594,17533439
2017-05-17,276.348388671875,277.38137734920576,274.4171442033712,276.66278368130384,14120513
2017-05-18,272.1265563964844,276.57290535538783,271.2732025756653,273.8332366255358,15471393
2017-05-19,276.6627502441406,283.22000576216465,271.27321614847557,273.4739535359073,55250969
2017-05-22,264.3566589355469,277.92032638034425,263.36859953061867,277.51612773630734,35771221
2017-05-23,259.4611511230469,265.79384251828805,258.0239365942257,264.9854179122596,19846852
2017-05-24,254.34112548828125,260.8984093067945,252.99374178191997,260.5390850550248,16435958
2017-05-25,260.583984375,261.7068040013895,254.70039308516573,255.23935198835042,15018467
2017-05-26,261.445068359375,263.7563240523364,258.589952001546,263.30313449210905,12304394
2017-05-29,257.41162109375,263.6203224163135,256.7771447662946,261.85287240446667,10619968
2017-05-30,261.8075866699219,262.623322259596,254.73781368492965,256.86780992387907,9643418
2017-05-31,261.3091125488281,264.2095370558358,260.31211755626117,261.94358905364174,10697171
2017-06-01,260.5386962890625,264.11887731544067,257.95551019376666,260.99188586155316,12186700
2017-06-02,260.17608642578125,263.3031051065622,259.541637708567,262.7592721628839,12004368
2017-06-05,260.3573913574219,262.62333906288245,259.90420181632976,261.0824835589715,7917410
2017-06-06,260.4027099609375,265.5237741143671,259.76826117360247,264.6627028866677,12346121
2017-06-07,263.3484191894531,264.2094903422443,260.31207153175325,261.21845057237846,10864355
2017-06-08,261.58099365234375,264.6626768229785,260.81056594456186,264.6626768229785,8370299
2017-06-09,261.5356750488281,262.3061028065242,259.0431325542489,261.30908027659365,10804887
2017-06-12,258.27276611328125,260.13083242353576,257.68359750029975,259.9042376217731,10326846
2017-06-13,257.27569580078125,260.13078424207123,256.5052680853873,258.68057224729904,9171049
2017-06-14,257.59295654296875,259.4963305634302,256.1427444212636,259.1337844481278,11566255
2017-06-15,257.41162109375,259.04309213507764,255.0097224149381,257.27566978372107,11925641
2017-06-16,259.1791076660156,259.8135564224775,256.7318730983211,258.0461338218041,19246907
2017-06-19,261.8075866699219,262.71396569411377,258.5899245377451,259.7682338654902,14848661
2017-06-20,262.9405822753906,263.75631793277444,258.8618763279766,260.6746345268273,14927701
2017-06-21,263.6656494140625,265.0705534808514,261.26375056112374,261.26375056112374,10537576
2017-06-22,266.92864990234375,268.1975751337872,263.80163088513,263.9829177726914,26110402
2017-06-23,261.8982238769531,267.88030316598184,260.8558658955238,267.1552110280669,20648597
2017-06-27,253.46893310546875,262.3514656990788,250.8857469006817,262.17017879819997,25523129
2017-06-28,250.52313232421875,252.3812257389116,248.12123367643525,251.61079811137992,17241351
2017-06-29,246.94297790527344,253.15165213533527,246.21785808463247,251.202942752006,30457363
2017-06-30,248.0306396484375,249.02766220848684,244.450458735277,246.53511963861118,12235472
2017-07-03,249.11825561523438,249.70739639040957,247.03356747012754,248.43847141453452,8951033
2017-07-04,247.44149780273438,250.56851680619786,246.5804265813472,249.25425602839545,7856082
2017-07-05,249.16360473632812,249.79808115952156,246.85234913561328,248.25722565204867,10048734
2017-07-06,254.69248962402344,256.2333449314968,248.891669769667,249.29952370835753,16115817
2017-07-07,253.87677001953125,255.9614307094259,253.06103443046342,254.3299595312903,5914038
2017-07-10,258.8165283203125,260.1307890154241,256.68655966757063,257.5022952856945,2095795
2017-07-11,257.0037841796875,262.578037804292,256.50528673609455,260.58399270893,12400820
2017-07-12,260.7199401855469,261.39972450429616,256.6865698239312,258.04613846142985,7524835
2017-07-13,261.71697998046875,262.84995391977816,259.7229347830856,261.85293132108654,8434324
2017-07-14,264.3001403808594,266.1128985073941,260.3573859235476,261.7622624074145,13750192
2017-07-17,265.5690612792969,266.56608376500384,262.5326859339366,265.3877744053525,10549310
2017-07-18,263.75628662109375,268.65072764485075,262.84990762926867,264.52671429624337,11913832
2017-07-19,265.8409729003906,266.4754493201125,264.1188581817813,264.2095016218122,9006728
2017-07-20,263.71099853515625,266.70203836854995,262.8952352528727,265.56906454370477,6256500
2017-07-21,263.4390563964844,264.8439604725298,261.26375228251857,263.8016024720633,7266604
2017-07-24,266.97393798828125,268.56010132503843,263.4844007758101,263.5750165523729,11195781
2017-07-25,268.3788757324219,269.4665141318697,267.0646148816967,268.2882322840103,10846999
2017-07-26,268.10693359375,271.59649875036945,267.6084361401597,268.5148152634117,12527914
2017-07-27,270.4181823730469,271.7777508840622,268.46947303935667,269.19456518103465,22286060
2017-07-28,271.09796142578125,272.59348122709844,267.92563496096045,269.19456001479045,15766196
2017-07-31,283.2434387207031,284.467055908075,270.1009431640625,271.36986823743285,41547584
2017-08-01,280.0711364746094,285.32812408857575,279.11944950224296,284.6030318868199,14888804
2017-08-02,278.8928527832031,282.6089848668582,276.71752087214406,280.9775135940581,17005571
2017-08-03,272.4122009277344,278.6209026905589,271.0979679569418,278.2583566179435,14459919
2017-08-04,276.6722106933594,277.6238976512028,269.7384163505877,272.1856232395397,9615344
2017-08-07,282.065185546875,282.6089908757079,276.5815754235209,277.1707163034198,11420767
2017-08-08,275.22198486328125,282.6089683702815,273.0013728527312,281.8838762159167,13578680
2017-08-09,273.99835205078125,278.66622588291915,272.00433490955373,274.4062336521981,15852734
2017-08-10,268.92266845703125,274.0890123162097,264.66267596463626,273.00137407977394,14519518
2017-08-11,253.92210388183594,274.6328722199619,251.474896864292,266.92864973194315,67652562
2017-08-14,252.15464782714844,255.96142301519697,250.6137924692888,255.1003795650334,23773509
2017-08-16,256.5959167480469,257.32100892995595,248.52914866721048,252.92506496833636,21074533
2017-08-17,254.5565643310547,258.0461292413837,253.78613659856742,257.2303659596362,12134114
2017-08-18,252.60784912109375,253.46889261146475,250.16061465268547,251.97337272987883,12653217
2017-08-21,248.93704223632812,254.3753174469983,247.7587603382155,252.87979729616364,9247153
2017-08-22,248.25721740722656,251.06699800727677,245.8100105572424,250.16061895309886,11814388
2017-08-23,252.8797607421875,253.51423715591753,248.5291522667346,249.02764969145525,11317821
2017-08-24,254.0580291748047,255.10038718002667,251.5201789736817,253.51422388920167,14138226
2017-08-28,253.197021484375,255.6895641508105,252.8797832492748,255.6895641508105,10505317
2017-08-29,251.06703186035156,254.55659722155698,250.20596057858103,252.38129273031765,10335964
2017-08-30,250.70443725585938,253.1063360768628,250.16060432305866,251.97336232539968,7648702
2017-08-31,251.74681091308594,253.3329744381909,248.5291759692146,250.93107520370276,14222467
2017-09-01,251.83740234375,254.14865765302744,250.7044286312628,251.65611548555563,8255209
2017-09-04,251.74681091308594,253.42361788601053,250.52319351876278,252.83447696592805,7168751
2017-09-05,250.6591033935547,253.33293252916854,250.11529811759243,252.06400745110298,9565430
2017-09-06,248.574462890625,250.74976715228183,248.0306299100872,250.1153183920664,7306781
2017-09-07,248.52915954589844,250.9763665123316,247.53213700676127,249.61679786637043,16102724
2017-09-08,246.35382080078125,249.61679099334336,245.71937204643208,249.1636014571679,7077895
2017-09-11,245.58340454101562,247.89465995906963,244.31445179491539,247.0789243797854,14489224
2017-09-12,247.84938049316406,249.8433979533441,245.17555103505308,246.53511970992398,8375133
2017-09-13,247.80404663085938,250.70447088789402,246.98831095247326,249.2089508674369,10150073
2017-09-14,248.52915954589844,249.7980847500299,246.80701713261837,247.80403967175556,8015217
2017-09-15,246.08192443847656,248.80106172508957,244.63171235351734,245.40214011682332,18404860
2017-09-18,245.08486938476562,248.3478392278872,244.22382595454027,247.44146025260292,17538678
2017-09-19,242.7283172607422,245.4474546206183,241.50472757719442,245.13024405702924,14331316
2017-09-20,244.7676239013672,246.58038179779797,242.4110607643995,243.04550943185606,12355806
2017-09-21,243.36280822753906,245.99130230013182,242.32047770950192,244.49578219507882,8509419
2017-09-22,237.33534240722656,242.36573470242263,236.65555816947082,242.22978338696976,12860892
2017-09-25,234.5255889892578,237.29003414309759,230.5828344248757,237.0181314809311,13937050
2017-09-26,234.0723876953125,235.34131282254953,232.0330348499516,234.29898245590817,11728345
2017-09-27,226.95730590820312,235.56790678153723,226.14157030493325,235.56790678153723,17080769
2017-09-28,228.90602111816406,229.8124001256957,226.14156237914335,226.8213466347921,17776419
2017-09-29,230.08433532714844,231.57985527924032,229.35922929603677,230.85474924812868,10073641
2017-10-03,227.77304077148438,232.39556527806326,227.1385782506103,232.39556527806326,10547836
2017-10-04,229.49517822265625,230.80942511076805,227.81838523790913,228.09028789526207,14063896
2017-10-05,228.0449981689453,230.3109460290094,225.86967992513493,229.94838607325022,13476692
2017-10-06,232.71282958984375,233.7551600033274,228.49817238545668,228.54348027541465,11932139
2017-10-09,232.80348205566406,234.38964551260875,230.44689081610431,232.75814650345404,8009211
2017-10-10,232.89410400390625,234.02707779715254,231.76111638041345,232.80346056834793,9742878
2017-10-11,228.18093872070312,234.2536897627709,227.00264312312666,233.0753803349469,14192548
2017-10-12,227.68243408203125,229.26859755529614,225.23521320361502,228.4075401501448,13404759
2017-10-13,228.49815368652344,231.44388546558682,226.77602527138487,227.59177467758084,15697555
2017-10-16,228.45281982421875,230.85471853812,226.68538361679657,230.76408894019178,12171830
2017-10-17,227.63710021972656,230.8547487170879,227.18391068010519,228.45284968919339,13505216
2017-10-18,220.92990112304688,224.60073916929466,219.8422489912598,222.9692540564904,20677891
2017-10-19,220.0235137939453,222.28946141283248,218.57330178575884,220.97521455992725,3458869
2017-10-23,222.92393493652344,223.87563574928038,219.6156567824488,221.1564984729733,8901335
2017-10-24,230.62814331054688,231.39857102446945,222.92392149230727,222.96924321022857,17197805
2017-10-25,294.4825439453125,297.3376323832165,253.65017934328208,253.65017934328208,262677081
2017-10-26,290.4945068359375,318.41097255971704,287.7753694864591,299.1051084426189,112804243
2017-10-27,281.92919921875,293.30427316611866,281.06815569683783,290.2678977434946,27580765
2017-10-30,282.790283203125,292.1713125530201,281.52135797726135,282.790283203125,28530254
2017-10-31,277.1706848144531,284.46705229964005,275.81111632583975,283.6966246239941,16455750
2017-11-01,289.90533447265625,291.35554643372114,280.4336626692727,280.4336626692727,34907283
2017-11-02,284.9202880859375,292.8964134507951,284.1951681779074,290.04132469294814,23110527
2017-11-03,294.5732116699219,296.8391594519982,283.3341162029224,285.9173022065885,26898400
2017-11-06,298.1986999511719,299.1050789783791,291.3555493599545,293.30425873635147,17143407
2017-11-07,287.5035095214844,300.6460086628167,285.9626537303697,298.1534657222192,21883541
2017-11-08,280.56964111328125,289.40683739410963,277.94114723877493,288.2285556208639,20242447
2017-11-09,284.3311462402344,288.22856546375334,279.3460609885028,283.83262111876354,21846178
2017-11-10,302.3226623535156,306.8092488439368,280.5242614983706,285.5093453052883,82984969
2017-11-13,300.0567626953125,312.5194741866076,298.87848103669614,305.22313415953727,38777555
2017-11-14,298.28936767578125,303.36509617355824,296.83915558205996,299.4223415520487,25647162
2017-11-15,294.5278625488281,300.14739566542664,292.080628222565,297.2923073917807,17389606
2017-11-16,302.1867370605469,302.9118568184312,293.34954227866837,296.7484633486216,22506014
2017-11-17,305.9029235839844,314.24162175032274,304.5433550347222,312.70076633029515,26518142
2017-11-20,301.82421875,305.58568621433534,300.23805543825074,305.5403783267683,13507662
2017-11-21,299.6942443847656,303.99954511697524,299.10510350087804,303.6369990084671,14189920
2017-11-22,303.9089050292969,307.8516596965188,296.3859694678582,299.8755345793189,22861716
2017-11-23,303.5916748046875,305.1325025981774,300.6006073341008,304.0901722195385,13338423
2017-11-24,301.2803955078125,305.44974473661284,300.464659881861,304.5433656721125,11716981
2017-11-27,304.2261047363281,305.44972191407635,297.3376188287194,299.0144255048565,13114683
2017-11-28,300.9178466796875,305.1778393083263,300.1927544988737,304.54336290474396,16054996
2017-11-29,298.1080627441406,303.5010291328853,296.56723496199453,301.2350815175293,11264624
2017-11-30,290.35858154296875,295.9328080772554,288.6817744949643,295.29833157460575,27276288
2017-12-01,283.47003173828125,292.12594010845885,282.11046324073556,291.4008479739646,16425620
2017-12-04,284.240478515625,286.3704748369817,282.0198387562437,285.23750101290835,13887727
2017-12-05,289.22552490234375,290.6757367365176,279.88980523643664,283.24341837418297,15130931
2017-12-06,283.15277099609375,287.68466562682664,282.3370354946598,287.0502169748179,18658202
2017-12-07,286.7783508300781,288.00196818609936,283.1981698674926,283.2434777597358,12278558
2017-12-08,283.7872619628906,288.9989410573558,282.8808829899402,286.9595883682173,16418832
2017-12-11,288.591064453125,289.40680001080904,285.60002485478634,286.37045252723465,14014369
2017-12-12,288.6363830566406,290.4944488101068,285.19212650565584,288.0019067376332,17658856
2017-12-13,283.96856689453125,289.0896310448454,282.0198573209449,286.5517529155623,17540585
2017-12-14,284.60302734375,285.8719525068144,280.5243215378682,284.8749299999445,13894451
2017-12-15,283.016845703125,289.45214220237216,282.3370614460318,288.59107107919056,16050711
2017-12-18,289.0442810058594,293.213630276041,272.2762681461785,279.16475463684895,32119915
2017-12-19,289.8599853515625,292.0806249061236,288.5910603177381,289.54277483847477,14741481
2017-12-20,287.77532958984375,289.134898076095,286.86895059900957,289.134898076095,9895770
2017-12-21,287.0955810546875,288.40984181905696,285.8719637327737,286.95962972125153,9916409
2017-12-22,289.90533447265625,293.53085054507216,286.8689592299094,287.4127921728703,13821639
2017-12-26,287.4581298828125,289.99600799309917,286.6877021053952,288.7723906596123,9329690
2017-12-27,285.37347412109375,290.31322377478836,283.7419750936062,286.8689941509188,14276027
2017-12-28,279.5273132324219,286.86898958810275,278.84752889690503,285.7813235870776,20353152
2017-12-29,280.8868408203125,282.79024221346293,280.11641315397884,280.97748425055613,11939569
2018-01-01,278.3489990234375,283.4700348890143,277.6238792203917,281.52132555297084,12182400
2018-01-02,274.8594665527344,280.07114646263784,273.1373517667784,280.07114646263784,14797364
2018-01-03,274.4969177246094,277.75988803760004,273.862441286349,276.7175299375302,13857373
2018-01-04,279.617919921875,281.1587752773754,274.76878676714443,275.9924039423369,24517099
2018-01-05,277.66925048828125,282.2464540055379,276.9894661445008,282.2464540055379,14580575
2018-01-08,277.1706848144531,280.52429815056286,276.44559268472267,278.439637532219,13557197
2018-01-09,275.8111267089844,280.5243087111392,274.90474768245406,278.7115506580786,15574755
2018-01-10,272.91070556640625,277.2160055503417,271.91368319592317,276.1283397533619,13064599
2018-01-11,273.9077453613281,274.6328374984474,271.91370049351224,272.72943606289437,12298455
2018-01-12,273.95306396484375,276.128368121796,272.4122085375688,276.128368121796,17594228
2018-01-15,274.2702941894531,276.67219303588075,273.31857963185496,275.4939113860837,18189668
2018-01-16,268.42413330078125,274.9500731159377,267.65370562447237,274.0890020082116,18040940
2018-01-17,278.3489990234375,279.52728067021013,265.2065034010851,268.2881864976762,26277307
2018-01-18,274.8594665527344,288.0472716083789,272.36692398712836,285.50942115123274,40000111
2018-01-19,280.2976989746094,280.97748320817755,274.17964087249584,275.4939014549241,18461642
2018-01-22,277.80517578125,279.84452862140597,275.58453606888287,279.4819825374769,12622645
2018-01-23,288.3191833496094,290.53979544131346,277.6692294377711,277.71453732639,35252217
2018-01-24,299.0144348144531,300.55529022114536,286.59705876828815,287.95662730578385,38070520
2018-01-25,283.83258056640625,301.59761463923815,282.6542989212687,301.59761463923815,42466150
2018-01-29,282.8808898925781,287.23149800470406,281.88386746590584,283.832576773202,23600898
2018-01-30,284.19512939453125,288.9989547754903,281.8838739679939,282.83556087056985,25810404
2018-01-31,283.9232482910156,286.959623756953,279.02880676558385,283.69665351983366,16409938
2018-02-01,277.3973388671875,287.68474816246703,276.44565178589414,287.2315585693754,19515991
2018-02-02,269.51177978515625,277.1253572486046,267.834973236182,274.54217177158915,23274673
2018-02-05,270.1462707519531,272.2762670985728,262.84993030257914,265.2518293060039,18940578
2018-02-06,264.4360656738281,269.4664579155091,256.41460622154693,258.3180075991123,30577218
2018-02-07,265.3877258300781,270.01026366463753,262.84987602233366,268.83198218114654,21463818
2018-02-08,273.1826477050781,274.9047624156821,265.1611873582845,265.4784255666707,18932796
2018-02-09,268.6507263183594,272.45752912942487,267.3818012681681,269.1945592428675,15750824
2018-02-12,261.71697998046875,265.02525835115284,258.4540095031584,261.263790404745,50839665
2018-02-14,250.34188842773438,261.67162581746726,249.25422257412336,261.67162581746726,45641149
2018-02-15,252.60784912109375,255.87079153164734,248.57445133514125,249.0729487421722,26058237
2018-02-16,246.21786499023438,254.873801569922,244.76765296877164,254.23932516662776,30338112
2018-02-19,243.36280822753906,246.53513533665037,232.62220948316275,246.08194574963446,43847791
2018-02-20,244.4051055908203,248.52914686951686,240.00916166099805,243.81596473971894,33458021
2018-02-21,247.71339416503906,248.43851403313752,242.36576306760088,246.71639929470757,23714454
2018-02-22,247.0789337158203,247.98531276271586,244.22384525019808,245.0848887484528,25584062
2018-02-23,250.2058868408203,251.24824471487645,246.9882527770942,247.84932380509994,15482147
2018-02-26,248.75576782226562,253.78616102116516,248.21193480226384,253.78616102116516,15306032
2018-02-27,242.54705810546875,250.06999373917398,241.05153808918948,247.44149982260802,20824909
2018-02-28,242.90960693359375,244.4504625193858,236.38366613088093,239.51068519478414,26810799
2018-03-01,237.60728454589844,244.72236628288906,236.79154885705466,241.36875242148068,22859175
2018-03-05,238.83091735839844,240.19048614791495,234.52561619159619,236.06647188391403,18484565
2018-03-06,232.5315399169922,241.09683321378483,231.1266634192298,240.96088188504882,20778164
2018-03-07,223.55841064453125,231.44392027243012,223.0145914555284,231.17200376280462,31262500
2018-03-08,232.75814819335938,233.8005063153159,221.42842296317318,223.87564383417737,33133336
2018-03-09,229.5404815673828,233.3019488822919,228.0902696364382,232.93940281467872,21536191
2018-03-12,229.17794799804688,231.35325218284862,224.1022197931805,230.31092180893253,25332474
2018-03-13,230.85475158691406,237.8338678177936,226.23222652346016,227.77306821127812,37647221
2018-03-14,232.98472595214844,233.70984579533467,226.59476465312773,228.860712299659,25471485
2018-03-15,229.94837951660156,234.57090472117864,228.9060490627919,232.93943337265011,18339890
2018-03-16,228.67942810058594,231.76111121746658,226.68539703494284,227.18389442866896,25728297
2018-03-19,224.73667907714844,229.85772892566564,223.05988615968872,229.2232525366439,18167594
2018-03-20,225.77903747558594,228.63412608488395,222.3801158786848,223.73968451744526,20556571
2018-03-21,224.78201293945312,230.49220393743224,223.9662772955621,228.18093450607793,19533972
2018-03-22,218.9358673095703,224.19286868606235,218.1201178477327,223.87563047919545,26828240
2018-03-23,212.8177947998047,217.21372471019072,210.59716898628537,215.53693183601112,27150262
2018-03-26,223.4224395751953,224.6460568453327,212.31929602632658,212.77248555893348,30373940
2018-03-27,230.53753662109375,231.57986708566193,224.78202362913567,226.59478188420934,31205051
2018-03-28,226.5041046142578,232.2143088613013,225.41645258968822,228.407506029939,36673566
2018-04-02,223.10519409179688,228.40751698241587,221.97222029724125,228.22624394133626,14993188
2018-04-03,227.04795837402344,229.1326330133673,225.0086054544963,226.18690101849472,19883309
2018-04-04,224.1475372314453,229.31389494438008,222.51605220887473,228.13559943750985,18824449
2018-04-05,235.02407836914062,237.38066944897048,226.59476420491526,228.95135528474512,22880821
2018-04-06,235.38665771484375,236.97282110197747,230.99071365268853,235.34132216462905,24868860
2018-04-09,236.2476806640625,238.15108209492143,233.4832357800594,236.2476806640625,20208874
2018-04-10,238.64962768554688,240.1904833599797,234.29901867379152,236.6556100803663,21201141
2018-04-11,232.98472595214844,238.37769241509037,232.30494165818905,238.37769241509037,14885838
2018-04-12,230.03900146484375,233.39260112269335,228.63411119689087,233.39260112269335,18660913
2018-04-13,227.45582580566406,231.987721174696,226.32285196340607,230.22028474682295,25654020
2018-04-16,225.6884002685547,227.77307500495635,223.96628547731945,226.00563849179434,16408377
2018-04-17,224.91793823242188,228.8606923253731,223.51306187838344,227.86366991581775,15922452
2018-04-18,223.37713623046875,226.50414149662845,222.33480575183154,226.14159537281935,16142387
2018-04-19,223.10519409179688,225.18986863982855,222.2441367739839,223.96626523985637,13166927
2018-04-20,218.61863708496094,222.83330821605804,217.07779537444858,222.83330821605804,15546939
2018-04-23,219.75160217285156,221.92692023323264,216.8965136420197,219.2530909196238,12111837
2018-04-24,218.07481384277344,220.6126642219251,217.1684347558629,219.34373903234928,9486349
2018-04-25,214.99310302734375,218.21075134805807,214.58523523012565,217.2590506010515,13124853
2018-04-26,211.3675994873047,216.44332788655103,210.7331368949607,216.08076795503501,24495144
2018-04-27,219.8875732421875,222.78798357041785,211.4129232002397,211.4129232002397,31401889
2018-04-30,223.331787109375,226.32284066972971,221.60967248717648,221.881588961799,17263193
2018-05-02,218.43734741210938,223.24115906315527,217.3043736184781,222.87859915104536,12887066
2018-05-03,219.25308227539062,220.61265082318405,216.39799385712297,218.39202496117073,12939642
2018-05-04,219.2984161376953,221.06585258165742,217.8482179045521,220.70330648093343,12777310
2018-05-07,223.4224395751953,224.96328122000935,219.3890555010434,219.75160159503014,15122614
2018-05-08,226.6400909423828,228.95136035450165,221.70032773938198,224.78201106870898,23293920
2018-05-09,224.78201293945312,226.41349805748249,223.241171261966,226.41349805748249,11429823
2018-05-10,224.73667907714844,226.77603190694154,223.2411592007321,225.0085955538368,13160967
2018-05-11,226.91201782226562,228.04499172025925,223.01458484711793,224.4194752466796,11958589
2018-05-14,229.8577423095703,231.85177353764718,224.9179652144686,226.5494503393487,18673849
2018-05-15,224.78201293945312,233.34730635154543,222.87861133004435,229.31390836161953,18026861
2018-05-16,220.34072875976562,225.4164425927371,218.07478137980195,222.51603271243263,17222004
2018-05-17,219.97817993164062,222.96923338950018,218.5732897194381,221.33774842791806,11721064
2018-05-18,216.48863220214844,221.1564785743864,215.58225319159766,220.25009956383565,11873041
2018-05-21,221.56434631347656,222.74264179297796,217.80287895263154,220.74861073626198,18780730
2018-05-22,230.129638671875,235.3866538360447,218.43735428577267,220.83925327175396,68713602
2018-05-23,238.55897521972656,244.49574688812316,230.49219343759603,230.80941780454847,71202072
2018-05-24,243.36280822753906,244.4504743005761,236.24772617928994,239.1481506003906,34679642
2018-05-25,241.95790100097656,243.272134040973,237.9698110107279,242.72830107316693,22317308
2018-05-28,246.58038330078125,248.52912017971474,241.142109578341,242.36572669798815,18959368
2018-05-29,239.5559539794922,245.58339634072877,238.19638550591847,245.1755147344601,16107543
2018-05-30,242.13916015625,242.90958788874215,235.61324752568453,236.1117449440945,19320209
2018-05-31,244.31443786621094,249.0729274113218,238.51361804807868,241.86723126787692,31935892
2018-06-01,241.7313232421875,244.5410763959498,239.82792155120654,244.0425789423457,16574717
2018-06-04,238.37770080566406,243.22683447202272,236.83684528758928,242.90959625824323,12933824
2018-06-05,238.87620544433594,240.4170610088738,236.47430631414093,236.47430631414093,14102731
2018-06-06,244.85830688476562,245.991280753065,237.6526096786784,238.37770189019207,18315171
2018-06-07,244.4051055908203,247.35083750682062,243.27213177697402,245.67403073022945,18773700
2018-06-08,247.44149780273438,248.25723347218278,242.0032231257512,243.7706734599689,14096549
2018-06-11,248.34788513183594,252.3359478281311,247.5774573283423,247.71340866766556,18219428
2018-06-12,256.36932373046875,257.7742002151751,248.3478634836605,248.3478634836605,31358021
2018-06-13,260.7652587890625,262.5326813066475,257.09440711009137,257.41164530365575,26748300
2018-06-14,256.1427307128906,259.7229114430773,254.96442132559972,259.7229114430773,18513730
2018-06-15,251.47486877441406,256.9131428643809,250.70444107957027,256.2786664896878,16949917
2018-06-18,250.9310302734375,253.55952382658344,249.6621052126593,251.97336058548774,13542420
2018-06-19,247.0789337158203,250.79509334019068,244.49574790006938,250.16061694316645,20726975
2018-06-20,247.71339416503906,249.02765490937742,245.71937676388137,247.62277838445962,14002946
2018-06-21,243.4987335205078,249.0276514226826,243.00023609232161,249.0276514226826,12954943
2018-06-22,247.48680114746094,248.07596968837316,240.87024480955264,243.8159768721342,20784133
2018-06-25,243.31747436523438,247.5774394322452,242.18450051861007,246.39915769595365,10934401
2018-06-26,242.36575317382812,245.81001017058247,240.5529950683238,242.22980184801403,16867009
2018-06-27,237.1994171142578,242.32045340173417,236.56494069188255,242.32045340173417,16277655
2018-06-28,232.93943786621094,237.4713335445419,231.76114222379528,236.02112139537678,21349738
2018-06-29,235.06942749023438,238.78558736984976,234.02709704681058,234.07240493806998,16244724
2018-07-02,234.61622619628906,237.24471994920535,230.22028220476852,234.70686963476766,21896701
2018-07-03,233.39260864257812,236.47429192362407,232.39558614152077,235.2960102063251,16099030
2018-07-04,233.3472900390625,234.16302562592836,230.67346086270445,231.80643463904386,14206935
2018-07-05,232.44091796875,234.4802708271444,231.2626086098261,233.75515099230813,11215032
2018-07-06,233.1207275390625,236.38367033799628,231.62519364922022,232.1237049458343,16174019
2018-07-09,237.06344604492188,237.83387382340885,233.80050336508714,234.02709814343652,13220744
2018-07-10,239.0574951171875,240.8702533740003,237.8338777617397,239.14813856212731,11487165
2018-07-11,234.84283447265625,238.06046927005195,233.75516846932774,238.06046927005195,12857179
2018-07-12,238.15110778808594,239.73727120817784,236.70089570047435,236.92749047477318,10642215
2018-07-13,233.61920166015625,237.83385873802735,232.75813049284665,237.56195608545255,11976239
2018-07-16,228.0449981689453,233.39262958659722,227.5011651504307,232.9394400145844,8965623
2018-07-17,234.79747009277344,235.52258989279605,227.0026189508518,227.22921370201658,16067598
2018-07-18,235.2506866455078,237.92451608090082,232.16900320741615,235.74921175168876,17641125
2018-07-19,235.83982849121094,238.83086814764877,232.2143124661992,235.1147086899133,9958284
2018-07-20,237.01812744140625,238.37769605005676,234.34429811352925,235.56791539341353,6120163
2018-07-23,241.41407775878906,242.4564081871207,236.20239795663602,237.47132315897431,17013119
2018-07-24,241.86724853515625,243.99724477760586,240.6889392054749,242.18448672624325,9320281
2018-07-25,246.39915466308594,247.30553372922898,240.77959338880146,242.9095897263364,13099277
2018-07-26,260.7652587890625,262.30608654845764,248.52914184681126,249.3448774441961,53496546
2018-07-27,259.9042053222656,269.1945910399752,258.40868534858697,262.396747831895,32175436
2018-07-30,269.55712890625,271.50583836756897,262.1248371555576,262.1248371555576,40949610
2018-07-31,266.0222473144531,274.08901521028855,264.48139188761684,269.19457394341595,36510328
2018-08-01,267.4725036621094,270.1009977727649,261.3544441488001,266.9286706177157,33885474
2018-08-02,266.3847961425781,268.65074375804835,263.3484208057494,265.5690605331075,15665209
2018-08-03,271.2339782714844,271.86845478193277,266.92867702907984,267.01932048207226,18254462
2018-08-06,279.617919921875,282.2011055893943,272.4575313943856,272.4575313943856,31576923
2018-08-07,275.5845642089844,282.518386701926,274.6781850763641,280.8415797744793,23928622
2018-08-08,279.7992248535156,281.7932421747332,274.678161073324,275.5845401267394,20498279
2018-08-09,287.6846923828125,289.9053320225971,281.1134445570938,283.65132238263226,46464355
2018-08-10,275.9471435546875,295.8421493205713,272.3669348444471,287.9113317502255,111510771
2018-08-13,266.61138916015625,274.4515623263,263.84694415156287,268.2881959167345,58127432
2018-08-14,267.29119873046875,270.9620507871372,265.8863221493399,268.92269775359773,25294933
2018-08-16,265.29718017578125,270.46352457687374,263.0765402618277,266.02227240946223,31083900
2018-08-17,273.8171081542969,274.36094109974636,266.5207404288762,267.3818115642122,21931134
2018-08-20,278.8475341796875,279.7992488637386,275.17670976255084,275.62989932814776,20240462
2018-08-21,278.2583923339844,279.93519925311244,274.95011404843194,279.4366741363469,14139592
2018-08-23,274.1343688964844,278.21307483216066,270.3728735162981,278.21307483216066,22721004
2018-08-24,272.3216247558594,277.08011525970767,271.0073639334551,272.45757609529863,18869585
2018-08-27,279.1647644042969,281.2947608336365,274.9047715456177,275.53924798346185,28111768
2018-08-28,276.7628479003906,281.2040997044787,274.9953976922006,279.2100547342383,16890236
2018-08-29,280.7055969238281,282.79025763062594,277.1253886877048,278.07707560591837,24320824
2018-08-30,279.7085876464844,281.4307023542343,277.3519965230135,280.34303640171106,19935935
2018-08-31,280.61492919921875,281.5666160350564,276.0376988932379,279.07407391592017,18100140
2018-09-03,277.66925048828125,283.24347657518166,276.2643462481709,283.24347657518166,14708076
2018-09-04,268.6507263183594,278.66623072486874,267.7896828766721,278.0770622546982,42859084
2018-09-05,268.78668212890625,270.8713704309649,263.2124567955938,268.74137424297777,22922686
2018-09-06,268.6960754394531,271.77775862004086,266.928625260627,270.1009518766277,18001336
2018-09-07,264.3454284667969,268.1975391971082,262.35141127328376,268.1975391971082,23716678
2018-09-10,258.1820983886719,265.79567748004195,257.2303837144408,263.43908623115476,23354395
2018-09-11,256.1427307128906,264.1641910144516,255.28165953219704,260.4480312953703,28361400
2018-09-12,258.5899658203125,259.85891878515713,253.78616728939073,257.41168396495345,22717796
2018-09-14,263.4390563964844,264.4813867364584,261.6716339053526,262.940559000125,15149585
2018-09-17,258.5899658203125,261.4903902249615,257.50232741394194,261.4903902249615,16089996
2018-09-18,248.16659545898438,260.0401676289714,246.8976702053551,258.31805280901057,33901000
2018-09-19,246.08192443847656,256.36933270492807,245.1755453429389,249.6167973789745,40759431
2018-09-21,245.2661590576172,253.2876186130002,229.67642943969213,248.5291289381703,39308482
2018-09-24,239.601318359375,247.4414919683993,238.01515494932116,247.1695893051594,24633374
2018-09-25,245.5380859375,247.3961796379408,236.38365174595876,239.28407585077187,28948831
2018-09-26,239.14813232421875,248.34787470547963,238.15110977687874,248.34787470547963,23951904
2018-09-27,240.50767517089844,243.45340694525723,239.057463226808,239.73724748242927,24829383
2018-09-28,240.64364624023438,247.89467889530735,237.92450899458203,241.4593818818312,33803139
2018-10-01,248.2119140625,249.43553134013848,239.37471812249117,240.64364328947056,17711738
2018-10-03,246.26318359375,252.6078365481367,245.26616116881945,247.75870340089995,19714943
2018-10-04,245.94595336914062,247.16957058202047,240.8249174224137,242.8642702237159,17754204
2018-10-05,234.1630401611328,245.62872995729902,232.0330437973009,245.62872995729902,36628643
2018-10-08,240.8702392578125,243.36278171485478,234.1630396327794,235.4319648060839,21100804
2018-10-09,238.33241271972656,243.04556778575483,235.65858311632334,242.90961644297943,16010883
2018-10-10,252.56253051757812,254.19402949280718,236.74623182922818,237.10877793689187,31772330
2018-10-11,237.60728454589844,246.08193498446064,236.20240795180618,242.90960801412692,46291120
2018-10-12,239.0574951171875,242.81896296797487,237.01814207827312,241.09684815610188,42967696
2018-10-15,238.55897521972656,240.82492282758682,236.6555736970253,239.64661347520354,21965859
2018-10-16,244.99424743652344,245.49277251293577,238.69492960226094,239.82790342070675,33597068
2018-10-17,236.70089721679688,249.25425332546953,235.65856678044392,248.1212794467174,21631573
2018-10-19,236.6555633544922,239.46534379754203,233.93642634389403,235.3866382816448,28474307
2018-10-22,235.97581481933594,241.0968514323217,235.16007912478446,241.0968514323217,19933462
2018-10-23,231.71580505371094,234.752180487873,231.12666418690202,233.84580141263027,20206307
2018-10-24,231.76112365722656,237.2900276437166,229.13262990646456,235.8851511601782,25636533
2018-10-25,226.1868896484375,231.12665259470646,225.144545466039,230.67346307981487,33066232
2018-10-26,224.87265014648438,228.86071247534207,224.23817374077106,228.40752294568793,20543437
2018-10-29,242.81893920898438,244.04255644470547,225.14454793443744,226.59475993008866,37768359
2018-10-30,247.5774383544922,252.970404905145,241.09683351211135,242.45640212214207,33401683
2018-10-31,255.0550537109375,256.27867093450055,243.45341318199016,249.25423344646384,28137370
2018-11-01,259.1337890625,261.9435699119943,252.7438272274612,256.5052951041328,29144808
2018-11-02,258.63525390625,265.3877608788612,256.6865445828922,260.9465092985245,27760214
2018-11-05,267.33648681640625,271.9136895258958,256.9584366019715,259.63226561317254,44619891
2018-11-06,259.6322937011719,270.37286347100735,257.3210104938639,268.3788461283917,40688243
2018-11-07,259.7229309082031,261.85292741442606,259.1791255538451,261.85292741442606,3312160
2018-11-09,256.73187255859375,260.5839836208145,256.00678036402047,260.13079408408265,19201007
2018-11-12,251.92807006835938,257.1397496484059,250.9310475731213,257.1397496484059,24044907
2018-11-13,252.01869201660156,253.51423962632532,247.7587269388117,250.43252862731404,25633628
2018-11-14,257.0491027832031,260.76526240109,251.973374597345,254.1486787740004,52674807
2018-11-15,258.6805419921875,260.1760616998059,254.82843152625122,257.2756657099832,18445463
2018-11-16,263.6656494140625,264.48138499386346,256.1427146685202,259.13375434795455,24805910
2018-11-19,261.173095703125,266.0222287438418,259.2696943265223,266.0222287438418,13799970
2018-11-20,256.91314697265625,261.53565789465233,256.05207583044523,259.1337589986069,12900924
2018-11-21,260.17608642578125,262.4420339740305,256.5505703485825,256.9131440846964,16167419
2018-11-22,256.2333679199219,260.1760946501136,255.23634543507717,259.17909982576236,12066797
2018-11-26,259.5869445800781,260.3573722755682,253.4235783371424,257.50228390803903,16846820
2018-11-27,262.3061218261719,263.30314442839597,257.4569878166477,257.95551294800805,21242956
2018-11-28,257.9101867675781,265.0706044780217,256.50531009099615,262.30613135954104,19837609
2018-11-29,259.5869445800781,262.53267638128125,257.63823522830376,262.2154381936686,27919104
2018-11-30,258.0007629394531,263.66563138472696,256.68653005644387,261.76223005501686,17583510
2018-12-03,259.9494934082031,260.9465158681944,256.7318589323827,259.85887763406157,15772176
2018-12-04,256.0973815917969,260.9918504387978,255.50824075961864,260.9918504387978,11897307
2018-12-05,253.92210388183594,256.6865767826576,251.1123230894006,256.0067924454795,14893748
2018-12-06,249.84336853027344,253.10633849779555,249.34487113905837,251.97336473549566,11083451
2018-12-07,249.61679077148438,251.3842410251954,246.62575089958244,251.06700281805573,10165275
2018-12-10,248.52915954589844,250.52317696367788,244.85830760550635,245.62873537031666,11947887
2018-12-11,254.9191131591797,256.73187129720054,243.22682870104413,243.22682870104413,30927239
2018-12-12,258.5446472167969,259.0884802277044,255.78020193038623,257.185078519776,21765939
2018-12-13,261.9435729980469,266.4754687246567,258.9978407757505,262.84995214336885,24097152
2018-12-14,262.12481689453125,263.57500116077307,260.17607992334655,261.49034053268156,12156361
2018-12-17,262.3967590332031,264.1642094069516,260.402713876179,262.2154721423842,12728014
2018-12-18,265.34246826171875,266.47544208008645,260.1307886972273,260.901216425816,13606582
2018-12-19,272.5481872558594,273.72646893874946,267.10991303853325,267.10991303853325,26124125
2018-12-20,266.520751953125,273.40923835219075,265.70501632992506,270.4181985136263,19222232
2018-12-21,264.5720520019531,268.74140136638044,263.5750294664713,266.15821541642583,15777301
2018-12-24,265.6143798828125,267.3818301633443,262.98588606754294,266.0222615353951,12048877
2018-12-26,266.61138916015625,267.3818168764752,260.2667358783416,265.4331074720165,12684324
2018-12-27,264.7986145019531,269.73839102630916,264.20947369476636,268.9226554732435,15304564
2018-12-28,267.20050048828125,269.28518864689113,266.0675268131096,266.1128623564106,12876558
2018-12-31,268.19757080078125,270.3275672229859,267.8350246920112,269.3758802299027,9526067
2019-01-01,271.5511779785156,272.5482004989024,266.33949826701064,269.6477763778671,11837127
2019-01-02,266.3847961425781,274.1796614718943,265.659703969825,271.09797824695346,25559853
2019-01-03,263.8469543457031,267.8803246343964,262.9405752704245,267.3818272071909,17548347
2019-01-04,269.7837219238281,271.00733918804684,264.2094962318249,264.75332920042143,19514041
2019-01-07,268.5600891113281,273.2732710189699,267.5630943305316,272.8653894010134,14579399
2019-01-08,276.717529296875,277.3520057336664,267.1552408169875,268.1069278116795,22949961
2019-01-09,276.717529296875,278.3490282798407,272.5935154392162,277.3520057336664,21109911
2019-01-10,276.94415283203125,278.7116033319943,275.0860865406838,276.53629878930764,16295468
2019-01-11,274.4062805175781,277.5332995678562,272.7748091542566,276.8081796704388,12702551
2019-01-14,272.2762756347656,275.17669981392356,271.50584786900544,272.8201086259196,10372933
2019-01-15,273.40924072265625,275.1766909719915,272.9107432987381,273.7264789290105,9444374
2019-01-16,274.7688293457031,277.9411563193871,273.81714231779637,274.6328780075016,12111480
2019-01-17,269.55712890625,275.85647448405393,267.9256576503769,275.4485928398386,15974634
2019-01-18,267.33648681640625,271.77773821323103,266.70201047664943,270.7807158195379,9082501
2019-01-21,265.070556640625,268.9679753797401,264.1641776165989,268.19754767721935,10188647
2019-01-22,263.0765380859375,265.56908065178186,261.2184719646881,265.56908065178186,11297989
2019-01-23,259.81353759765625,265.5237419550451,258.7712072686027,263.25779443080165,10304608
2019-01-24,261.0824890136719,262.7592958828445,258.77123337001166,259.81356380420164,11532528
2019-01-25,258.6805419921875,263.7562695499897,256.68652493552617,262.48734457566167,11121223
2019-01-28,255.23634338378906,259.76823858712163,251.33889691262715,258.9071674342912,18905470
2019-01-29,254.32997131347656,259.22441273511777,250.6591195018752,254.69251740758074,17435611
2019-01-30,260.5386962890625,262.30611902547815,254.01275538099887,254.87382663292962,18908654
2019-01-31,266.158203125,267.20053350284735,261.03716701258105,262.8499251168351,25546487
2019-02-01,257.7742004394531,274.3609539178852,255.59889621651772,269.1039387469229,60015958
2019-02-04,257.3663635253906,258.4993374312772,251.83744533256504,255.96145928579384,20642919
2019-02-05,258.0007629394531,260.1307590069742,256.5052432019989,257.5929090076877,13291133
2019-02-06,261.9888610839844,262.62333750194,256.95846827195857,259.08846463453045,12149759
2019-02-07,260.4933166503906,266.475423526972,259.7682245213166,262.3060746335673,19733315
2019-02-08,259.2243957519531,261.03715376420456,255.78016659287226,258.86184968160126,19781908
2019-02-11,254.2393035888672,259.1790800882128,253.78611409940396,259.1790800882128,15420017
2019-02-12,249.61679077148438,255.78018505428906,248.93700646782537,254.37528089709733,15326106
2019-02-14,242.09385681152344,243.226830656897,238.96683793409466,242.90959244809355,26372671
2019-02-15,238.33241271972656,243.68004426603605,236.83686496770616,243.68004426603605,23366091
2019-02-18,235.61325073242188,240.64364351572814,234.57089267166089,239.64662100484475,14781744
2019-02-19,238.2870635986328,242.45641305618406,235.93047236953905,236.4743053701754,19064306
2019-02-20,242.63771057128906,243.18151593524982,239.55599931952938,239.73728621451406,15514595
2019-02-21,242.90960693359375,245.62874432464145,242.27513047815094,244.99426786919864,13760702
2019-02-22,245.58340454101562,246.44444800673529,242.5470293165483,242.8189319561456,12536918
2019-02-25,244.85830688476562,245.991280753065,242.81895392182673,245.9006373115021,20793897
2019-02-26,241.41407775878906,243.0908846185373,238.60429702900757,241.82193175570413,15274303
2019-02-27,242.5923614501953,247.16959251785642,241.59533890453184,242.90959966842846,20571652
2019-02-28,243.8612823486328,245.44744575124366,242.59235715864304,242.6376927093001,31636468
2019-03-01,247.3961944580078,248.8917144895642,244.81300840686723,245.22086241883937,20024726
2019-03-05,250.56849670410156,251.8374218281645,245.81000674349568,246.2631962635534,21533972
2019-03-06,252.0640411376953,256.0974116627387,250.56852110794898,251.3389212386848,22161376
2019-03-07,255.372314453125,256.0520987861857,251.65615456696096,253.28765356260377,14899105
2019-03-08,254.87379455566406,257.6382395357378,253.4235825741119,255.46293539365598,19943319
2019-03-11,260.4480285644531,261.9435484821661,256.9584636494605,258.5899348941484,22931245
2019-03-12,260.0401611328125,262.7592984628743,258.99783068838786,262.1248496821571,20828136
2019-03-13,265.7049865722656,266.8379602721819,258.04610095712604,261.1277838888002,23725641
2019-03-14,264.5720520019531,267.1099300614064,263.52972157597003,266.92864317841156,16164017
2019-03-15,270.4635009765625,273.09199466991663,265.11587015342957,265.2065135898542,37928480
2019-03-18,270.9620056152344,272.72942802002524,267.0645594268023,270.9166700701939,23782967
2019-03-19,274.67816162109375,277.89582386343113,271.14328883782326,272.04966789304615,27218691
2019-03-20,275.3579406738281,276.1283683882089,271.9590192814068,274.4515616358491,18820555
2019-03-22,270.1462707519531,277.71454151862616,269.1492759033386,275.8111399395087,17865957
2019-03-25,266.4754333496094,267.7896940000545,264.84396216880884,266.4754333496094,16895511
2019-03-26,275.0860595703125,276.4456282337572,267.15524236688503,267.15524236688503,18303791
2019-03-27,279.88983154296875,281.74792513843755,275.8564614825225,276.6721970720122,35956450
2019-03-28,289.1349182128906,307.8516401450433,280.1164355618021,281.0681501647551,63244736
2019-04-01,292.5338439941406,296.975095892162,290.9929885154115,291.6727728159401,22372357
2019-04-02,298.1986999511719,300.0114580055863,291.94469019554066,293.34956662351476,27897583
2019-04-03,290.4945068359375,301.3257483422245,289.5881277194447,300.01148755911174,30552104
2019-04-04,291.6727600097656,295.252968232888,288.50043341324954,291.40085736568994,27832294
2019-04-05,287.3674621582031,293.39490487303175,285.50939619951464,293.39490487303175,23117232
2019-04-08,283.51531982421875,289.36147501958567,281.9744922309018,288.4550960845204,17394139
2019-04-09,285.2828063964844,286.1438775594162,279.2553912374421,284.55771421964226,25556039
2019-04-10,281.7932434082031,287.3674690790084,280.97750778865736,285.3734517490625,19237974
2019-04-11,285.41876220703125,285.87195173980217,279.79922859696813,281.8838893835168,14897935
2019-04-12,285.7359924316406,286.7783227958033,282.06516838291753,285.1468515875916,14751964
2019-04-15,286.05322265625,288.86300313475175,284.37641594645925,285.96257922265465,13864791
2019-04-16,286.1891784667969,289.49745639124245,285.2374915503443,286.9596061737071,14940726
2019-04-18,281.7026062011719,286.2345015883239,279.21006373823826,286.2345015883239,15691168
2019-04-22,281.0227966308594,283.0621493717524,277.6692109421304,279.8898228859188,15665440
2019-04-23,276.6722106933594,284.3764327765487,276.08306983086135,281.0228191584922,17324274
2019-04-24,281.65728759765625,282.7449535133972,275.1766829726407,277.216035819285,15228591
2019-04-25,277.5332946777344,282.7902824540278,276.80817479309354,281.8839033435982,30842477
2019-04-26,283.2434387207031,284.14981772460936,277.8958081297547,278.1677107667297,14987906
2019-04-30,280.93218994140625,282.7902558789781,276.44560270220614,282.7902558789781,18178758
2019-05-02,279.3006591796875,282.2463906751063,277.0347118755192,279.2100157554229,16640100
2019-05-03,280.9775085449219,282.60897978840455,279.88984260893756,280.0711294850995,12452689
2019-05-06,279.84454345703125,281.2494199794193,277.2613575237905,278.0770931709995,10639216
2019-05-07,276.8534851074219,284.0591817821808,275.3126296959552,281.61197500340137,15219845
2019-05-08,270.3275451660156,276.7175062507553,268.9679766236886,275.4939166910553,22103678
2019-05-09,271.27923583984375,272.820091273359,268.3788395056588,269.7384080668217,12654440
2019-05-10,279.2100830078125,281.65731774996726,265.0705905524621,273.5452133829137,60739833
2019-05-13,278.167724609375,284.7843082634513,276.7175125988587,280.97750519340775,40101505
2019-05-14,285.1921691894531,287.0955707708615,276.5362601246477,279.02880257017216,30521436
2019-05-15,282.8808898925781,288.1378769997713,281.88386746590584,286.59704930445207,27932459
2019-05-16,286.1891784667969,287.4127956883022,280.56961742162065,283.2434466219288,18147559
2019-05-17,289.36151123046875,291.8087457255894,284.10452381342344,286.09854112380566,25838962
2019-05-20,312.4288635253906,313.42585833261364,300.01145971759513,300.9178387499745,53207071
2019-05-21,305.9482421875,315.01203283338054,304.7699604677331,313.516512908909,33457162
2019-05-22,309.1659240722656,310.5254927553798,302.32274510429346,307.1718789394999,32002499
2019-05-23,310.16290283203125,329.9219538383746,307.44376584984684,319.9517849036984,74413322
2019-05-24,322.0818176269531,323.57733760479226,311.34121979620767,312.6554805509573,35703403
2019-05-27,327.8373107910156,328.562402960939,320.85818109840665,321.80986802899275,31374994
2019-05-28,326.3417663574219,327.8373139204665,323.26008311509065,327.15752963198935,23501608
2019-05-29,316.009033203125,325.3900613966591,314.64946470146765,324.4836823955542,28370210
2019-05-30,320.4502868652344,321.76454748960003,314.9667049370028,317.006057702782,25712604
2019-05-31,319.49859619140625,324.39303723926133,312.3835155384496,321.17540286663683,32588069
2019-06-03,322.17242431640625,323.0788033099418,316.915409557605,319.3626439043477,18380919
2019-06-04,319.40802001953125,323.7586567141494,318.5016408323813,320.85823225107066,18130636
2019-06-06,305.359130859375,316.8701571570902,304.4527517071296,316.32632413364365,41941144
2019-06-07,310.0269470214844,310.66142342893573,304.5433647618451,305.4497438236363,29739710
2019-06-10,312.0662841796875,314.7854212279932,308.3048167949631,313.6071395712577,20500542
2019-06-11,314.60418701171875,315.69182532114235,310.7520758872924,312.7460932848163,16281297
2019-06-12,311.7944030761719,314.4682324225635,310.25354757816746,314.4682324225635,11564970
2019-06-13,314.060302734375,314.9213737916379,307.98755277170767,310.8879764441288,15509948
2019-06-14,311.6131286621094,313.9244120015773,310.4801547683982,313.1539842217547,10347594
2019-06-17,306.2201843261719,311.56781548161183,305.4044486686463,311.56781548161183,13779496
2019-06-18,308.21417236328125,311.7943805294883,302.5493035309868,304.0901589175678,21957480
2019-06-19,307.1265563964844,312.882069079207,304.09018095027693,310.9786674815475,16416903
2019-06-20,312.8367004394531,313.83372285281666,304.18079221630126,309.0752331922324,20626861
2019-06-21,316.6888427734375,317.86715216537567,311.0239735636218,312.5194935029143,24749090
2019-06-24,320.13311767578125,321.53799425384784,316.91545518913523,317.232693414649,17919504
2019-06-25,323.1694641113281,323.57734577945007,318.3656658404253,319.6799266283776,15922634
2019-06-26,324.61968994140625,325.39011775789055,321.13012465062195,322.44438549406567,15835579
2019-06-27,328.24517822265625,329.0156059725973,323.803926263665,324.574354013606,29658120
2019-06-28,327.4294128417969,330.82833408236917,325.11815746240444,328.29048395360525,22708464
2019-07-01,327.7013244628906,329.0155851094809,324.9368795089502,328.8342982408158,12348793
2019-07-02,330.37518310546875,330.82837265705376,326.6137153594122,328.2451866809202,14482172
2019-07-03,331.8706970214844,332.3692221154036,329.0156084308364,331.0549613756556,12626285
2019-07-04,333.003662109375,336.17598882887734,331.91602383041334,332.8677107820665,19252646
2019-07-05,335.94940185546875,338.62323121669425,331.73474464818497,334.8617635512796,30019347
2019-07-08,322.03643798828125,333.95534360960994,320.4049669013534,333.5474620076324,27247892
2019-07-09,325.8432922363281,326.29648179437584,319.4986384236597,320.4050175397552,16579914
2019-07-10,321.03948974609375,327.6560461420251,318.4109682157284,326.79497492890613,18681819
2019-07-11,329.1968994140625,329.9219916281682,323.5773379430111,324.93690658983047,20048321
2019-07-12,329.5594177246094,332.2332192415369,327.6560162475046,329.01558477965193,14661748
2019-07-15,326.3417663574219,330.8283537255688,324.1211542780258,330.0126181114949,15665939
2019-07-16,330.2392272949219,331.73474726277806,324.1664763218152,324.93690408116373,16251836
2019-07-17,337.5355529785156,338.5778833548144,329.06090332162034,329.96728237240075,17545177
2019-07-18,329.604736328125,338.80447816267355,328.607713840035,337.1276990469011,21691056
2019-07-19,322.67095947265625,331.7800583598633,321.9005317058613,330.9190148115001,22213173
2019-07-22,318.00311279296875,325.8885943673132,316.0544032599092,322.67095962624944,19682038
2019-07-23,310.16290283203125,319.9517849036984,309.0752369749608,318.3203137785845,27956145
2019-07-24,307.8063659667969,312.428905180336,304.76999027139885,309.84571906154974,20823143
2019-07-25,309.3471374511719,311.0692796562695,305.81226493108755,309.7097111746608,19857643
2019-07-26,310.52545166015625,313.74308605350353,308.6220502235952,308.8939528600359,16139052
2019-07-29,311.6131286621094,314.1056712282738,305.2684748573271,311.7491076577511,17060483
2019-07-30,296.88446044921875,314.24164218525283,295.343632589485,312.1569536778558,24437235
2019-07-31,301.0991516113281,302.0055307219456,293.57618839690576,294.6638543938449,22741445
2019-08-01,287.4581298828125,300.46467567410747,282.2011420966039,299.83019923141194,40853304
2019-08-02,279.5726318359375,292.0806517869775,278.30367902483727,286.0079010269763,64472348
2019-08-05,272.1403503417969,274.4969417552908,264.3908193729489,270.50887887272285,48815899
2019-08-06,273.1826477050781,275.76583360123124,269.42118007548396,270.8260565777017,30442970
2019-08-07,262.7593078613281,274.13438269525096,261.7622852725446,274.0890471418312,30820114
2019-08-08,266.7926940917969,267.8350245265525,258.86187695268575,262.84993946768265,32929233
2019-08-09,264.0735168457031,270.100931427679,262.8952075955295,268.56007612379454,23377581
2019-08-13,256.822509765625,264.25480139136846,256.05208203977827,263.6656605400128,24231272
2019-08-14,262.6233215332031,263.9828900657305,257.86483166935733,258.363329067087,18523649
2019-08-16,263.6656494140625,265.3877640070851,257.68354239470153,260.99184792135424,20047399
2019-08-19,259.99481201171875,265.025204210419,259.22438435827604,264.6626581560021,19831459
2019-08-20,257.1397399902344,260.4933257803552,254.37526737270363,260.4026823459211,23204417
2019-08-21,251.42955017089844,258.861869658905,250.43252765511792,258.77122621919875,28226325
2019-08-22,243.40809631347656,252.2452925411151,242.2751224381383,252.2452925411151,27728925
2019-08-23,245.71937561035156,249.48084328306544,238.10579682427516,242.09385926836333,35212444
2019-08-26,253.96739196777344,261.03713668890174,244.72231564584538,261.03713668890174,64066440
2019-08-27,258.9524841308594,261.03714470843164,256.14270377724677,257.4116288097034,45164811
2019-08-28,258.2273864746094,259.8135498161739,255.7801796296345,259.8135498161739,18979998
2019-08-29,248.8010711669922,257.68357557615093,247.71340514687253,256.6865806616198,27083514
2019-08-30,248.2119140625,251.92807378475635,241.86726056710904,250.1153156432161,45702652
2019-09-03,243.2721405029297,246.53511073594552,241.95790742802373,246.53511073594552,21241863
2019-09-04,249.34487915039062,250.0246634296117,242.2297981624447,244.45043787209747,27309675
2019-09-05,247.71339416503906,250.47786698507966,245.67404121309696,249.25424968181545,25085139
2019-09-06,248.3025665283203,251.06701173046858,246.6257596543391,249.29956141401635,16675146
2019-09-09,251.973388671875,252.60786510323234,245.628735000281,248.30256439750787,18616889
2019-09-11,258.5446472167969,259.0884802277044,252.4265880802031,252.4265880802031,20999669
2019-09-12,260.17608642578125,261.76224970955576,257.54759280191064,259.9041837841884,21964832
2019-09-13,264.3907470703125,265.11583915594474,255.59886031444927,258.3179971263051,27303181
2019-09-16,258.046142578125,263.2578224383466,257.2303792542159,261.2184694495642,18267680
2019-09-17,248.3025665283203,259.63230532482163,247.44149531558818,258.3180445602294,21533362
2019-09-18,254.148681640625,256.4599648285419,248.71040730739983,251.24828525920108,25478758
2019-09-19,248.39315795898438,253.74081627506948,247.48677894412145,253.74081627506948,23387797
2019-09-20,273.45458984375,278.8475289774439,243.27214874178793,248.8010668710208,84481749
2019-09-23,284.37640380859375,286.41575650522907,272.27623894312586,278.75684309144657,54178171
2019-09-24,274.2702941894531,285.6453397103514,272.63879537378153,283.8325816888223,40096711
2019-09-25,254.01271057128906,269.64774806408025,252.60783420859718,269.1945585715356,73063465
2019-09-26,255.46292114257812,262.75926087016575,251.06697755580242,255.1456829673588,79005946
2019-09-27,254.87379455566406,259.2697107271759,253.7861286543767,256.2333631020268,37851718
2019-09-30,245.44741821289062,255.46292259911098,244.85827740440507,255.05504099143326,41094131
2019-10-01,231.9877166748047,249.7074299900578,222.56138002216076,247.21488758543833,79350077
2019-10-03,230.35623168945312,236.29303110613557,226.68540757463313,230.22028036306972,56207921
2019-10-04,226.54942321777344,236.1117242199871,225.28049817824797,234.29896626052462,60029186
2019-10-07,225.77903747558594,229.67645650916802,223.73968451744526,227.95434176550373,39160623
2019-10-09,236.51962280273438,237.4713097355689,221.4737251270844,226.6854046346398,60328507
2019-10-10,230.35623168945312,233.8457965892598,228.95135521600193,233.8457965892598,37577511
2019-10-11,230.7187957763672,236.92748412768142,227.95433683792936,232.21432954482393,43272106
2019-10-14,231.53453063964844,235.11472519970005,230.2202837543443,232.89411307474396,28265136
2019-10-15,234.25367736816406,235.56791039903277,230.94538552577347,232.44091926172982,23444973
2019-10-16,232.07833862304688,237.42599700668316,231.12665170961614,235.02407045856157,30892295
2019-10-17,240.5983428955078,241.0968403357635,231.67050323819353,232.39559545320083,37061013
2019-10-18,244.4051055908203,245.94596104184865,238.5589773076696,239.64661557266595,33203721
2019-10-22,245.17555236816406,249.25425841495422,243.3627941251462,245.08490892391404,27574295
2019-10-23,249.66212463378906,251.79209330912795,243.49873039264529,245.4021319621234,31789622
2019-10-24,237.92453002929688,251.65616880174548,225.3711731032708,250.16064871651784,63943183
2019-10-25,255.19102478027344,257.54761597458383,238.87620096496357,240.9155539418773,105518180
2019-10-27,255.4176025390625,258.2727186449243,254.0127260905378,258.2727186449243,12183625
2019-10-29,254.37525939941406,258.3180135595262,252.47185797792972,256.6412068867783,51033578
2019-10-30,262.7593078613281,263.75633045011165,253.10637552643874,256.5052973105897,51469048
2019-10-31,283.15277099609375,288.0472116651874,265.3424306294114,265.8862635171973,128449327
2019-11-01,284.19512939453125,285.5093900318909,279.70856986175414,283.15279905825935,44894016
2019-11-04,284.8749084472656,289.134900808643,283.1074859947305,286.4157638104426,31535656
2019-11-05,289.31622314453125,291.85407358980973,283.5153747087599,284.51239726243904,50080853
2019-11-06,287.8206481933594,289.0896009561751,284.6030137202731,289.0896009561751,32157080
2019-11-07,288.364501953125,293.032348734554,287.14088464951874,288.4551453942245,33926772
2019-11-08,286.4158020019531,290.9476976032498,285.0562333215641,286.5970888902032,25423362
2019-11-11,288.4551086425781,289.72403367481485,283.7872624558727,285.2374743472109,20491942
2019-11-13,278.0770568847656,288.7723453252511,277.0347266015401,286.46106235584745,32675829
2019-11-14,277.35198974609375,280.52431642619615,271.64181278610687,278.2130609091761,43617772
2019-11-15,291.763427734375,293.39492671613226,281.0228298313293,282.7902801464426,95199897
2019-11-18,294.663818359375,298.96911860831244,293.4402011775786,293.6667959275227,39009263
2019-11-19,299.4676208496094,300.73654593777235,291.9446860936847,295.29827185093745,41372145
2019-11-20,298.0174255371094,301.37103914213674,294.6638395925759,300.91784960959217,29972583
2019-11-21,300.3287048339844,301.68827341389334,295.97806878197963,298.4253032900131,34116162
2019-11-22,298.47064208984375,302.54934825198524,297.5189550495426,300.4193793845974,28974967
2019-11-25,304.634033203125,305.90295846168164,297.60959489770863,298.1987358041282,27561300
2019-11-26,304.09014892578125,308.1688543510153,301.46165540606205,306.3560963842446,36464072
2019-11-27,311.38653564453125,313.1992938847218,302.7759340036262,304.4980764602037,33971305
2019-11-28,316.5981750488281,318.139030419902,312.2475668936075,314.3775630852124,42538227
2019-11-29,309.845703125,316.1903568712346,308.71272924174383,316.1903568712346,23081823
2019-12-02,306.809326171875,312.11164945317773,304.72466530048865,311.70376779288716,20648850
2019-12-03,304.76995849609375,310.842709253745,302.1414647578916,309.0752590250348,26482178
2019-12-04,309.845703125,310.8427256743645,300.7819120589505,302.82126504881165,26789483
2019-12-05,304.7246398925781,312.3382181860548,303.7729253180855,310.88800621098954,30429507
2019-12-06,290.04132080078125,306.0389068691002,288.22856254577636,305.17786329427037,47027528
2019-12-09,287.0502624511719,296.9750966685394,285.2828122009793,289.08961535808913,52435239
2019-12-10,284.0591735839844,292.44317934921656,283.01684326418905,287.5034303865371,52155809
2019-12-11,283.51531982421875,286.18914874685726,279.1647120001015,282.0651356565063,52557951
2019-12-12,291.7181091308594,292.7151316396822,284.19514625564506,284.6030279012298,37804216
2019-12-13,301.4163818359375,302.2321452171096,294.573230168529,294.7545170666777,40955226
2019-12-16,300.78192138671875,305.67636318207155,299.8302066989721,304.49808137114263,35027613
2019-12-17,301.733642578125,304.31682893664157,299.69428929411174,302.05088084329356,26734601
2019-12-18,296.3406677246094,304.1355061170248,295.2983095963366,303.6370086595433,26449075
2019-12-19,297.42828369140625,298.74254439562844,294.1200056468913,296.703191505935,27516289
2019-12-20,306.2201843261719,307.7157043083846,299.42234107930034,299.42234107930034,51839714
2019-12-23,301.2803955078125,307.12655153803723,299.4223294897844,304.27146301695996,30150335
2019-12-24,300.41937255859375,302.91191515660125,298.38001952386037,302.00553603005307,21747782
2019-12-26,298.9691467285156,302.23211696671456,297.382983329717,301.8242353142542,24616942
2019-12-27,305.6763610839844,306.67338365742495,301.82424978789265,302.18679590719034,33477173
2019-12-30,303.0931701660156,306.2201891732715,301.37105538164815,306.12954572977947,22775554
2019-12-31,302.5039978027344,304.8605887858804,301.416331914977,303.09313863339776,23801635
2020-01-01,303.13848876953125,304.49805736441243,301.0538003277505,303.3650835353448,17379320
2020-01-02,307.5343933105469,308.03291837252516,302.1414546871852,303.1837850378776,20324236
2020-01-03,302.4587097167969,306.31082080242334,300.91785421834857,306.31082080242334,21853208
2020-01-06,289.1349182128906,300.6459432623662,287.9566365069415,300.6459432623662,35645325
2020-01-07,288.591064453125,296.385929287588,285.8719274871838,294.07467393073466,50966826
2020-01-08,289.8599853515625,291.4008406743793,281.8838614299595,282.88088383528265,44527485
2020-01-09,299.286376953125,300.37401522983515,294.5731947725664,296.29530945606115,40348407
2020-01-10,301.14447021484375,306.31084239333757,297.3830023040789,300.0114962862702,42377838
2020-01-13,299.78485107421875,304.0448433932872,298.2439957263451,302.73058279301307,23615129
2020-01-14,297.2923278808594,300.64594142420054,295.93275930823347,298.92379910381305,26296117
2020-01-15,293.8934326171875,298.38002037053025,292.1713178039585,298.1987334805079,32625740
2020-01-16,293.0323181152344,296.29528803040097,292.1712746659976,293.6667944761388,26653623
2020-01-17,288.2285461425781,293.2136310601384,281.0681569749085,283.6966507629778,58396326
2020-01-20,284.60302734375,291.35556246435186,284.059194370867,290.9476808195661,30682902
2020-01-21,284.3311462402344,287.2768784344394,282.79029064368257,284.42176202550536,30591772
2020-01-22,286.5517578125,287.3221856088501,284.3311455294863,287.3221856088501,24994911
2020-01-23,292.94171142578125,294.3918957348207,284.73896466775193,286.415771393133,33293610
2020-01-24,293.71209716796875,296.6578288505935,291.0836036601865,293.21359979356725,22706879
2020-01-27,286.59710693359375,291.8540950978657,286.2345331342668,290.8570724707114,23309355
2020-01-28,285.60003662109375,290.04128831633915,281.92918496954445,288.18322237725965,26488426
2020-01-29,286.82366943359375,289.7694014282234,286.00790613745477,288.09259460687383,23914114
2020-01-30,281.6119689941406,287.09555093115443,277.03473840509923,287.09555093115443,35802330
2020-01-31,288.6363830566406,291.58211459683673,279.70854501040986,284.3310831132771,92656638
2020-02-03,270.1916198730469,278.1224371339771,267.69907730532594,274.63287200706867,56060158
2020-02-04,277.57861328125,278.756895106082,269.2852496328646,274.5422376120334,51141567
2020-02-05,281.8839111328125,284.28581030972276,276.0830901978699,278.1677511452646,35014841
2020-02-06,291.80877685546875,293.21365346630193,281.0681784529655,282.06520104476476,57757656
2020-02-07,290.5397644042969,294.5731618382788,288.59105517346484,291.4008354800204,37126803
2020-02-10,288.6817626953125,292.57918202229064,286.86900437383485,289.8600445400742,24816396
2020-02-11,293.9840393066406,295.29827228325433,290.9929719582071,290.9929719582071,30188757
2020-02-12,290.2225341796875,299.0143928932639,289.3614631624635,299.0143928932639,38930849
2020-02-13,296.7938537597656,299.9661806781791,291.8540764940379,291.8540764940379,62516057
2020-02-14,289.4974365234375,300.8271736107706,288.72700886940066,297.3829446004177,48205947
2020-02-17,284.7843322753906,291.0836506008557,282.47304890923783,290.90239137206646,36950692
2020-02-18,287.8206481933594,289.31619571232187,280.433664675075,285.8719388225962,38588583
2020-02-19,290.35858154296875,293.66686008278947,287.54880049773135,292.1260043823534,39846727
2020-02-20,296.97509765625,298.38000181531754,288.9083294408246,289.45216241657675,40150409
2020-02-24,292.715087890625,300.2833298634892,291.7180655308166,295.2529378424191,45273936
2020-02-25,296.2046813964844,297.42829872424414,292.03535962855517,295.38894573147627,39050709
2020-02-26,297.4736022949219,299.8301655937063,293.8480862531093,294.43722707780535,43915281
2020-02-27,291.80877685546875,299.10511790998345,288.2285681678022,297.2923596196199,47010040
2020-02-28,274.6328430175781,285.19215306684856,272.91072841194267,282.7902541963181,59705346
2020-03-02,260.4933166503906,282.7902453755621,257.45694149647136,281.8838663839738,66711413
2020-03-03,262.7139892578125,266.8380031235851,258.5899477315448,265.56907790800085,61949382
2020-03-04,258.5899658203125,265.5690964849696,249.34491489392582,264.4814304181019,73675736
2020-03-05,261.4903259277344,270.4634719612674,244.72231542630252,263.66562986609233,149245973
2020-03-06,245.17555236816406,248.71042540994972,230.1749751411418,242.90960456439174,106043172
2020-03-09,229.7217559814453,238.15108349143495,227.6370815045291,235.70384911448122,101286241
2020-03-11,222.1535186767578,234.29899285146607,220.3407605115627,229.31390789717955,90845604
2020-03-12,192.69619750976562,210.1893026505019,189.0706811978622,210.1893026505019,99767083
2020-03-13,219.34371948242188,225.5070994901259,167.36287794901398,181.27580122514203,155701316
2020-03-16,202.4397735595703,209.73611410773495,199.94723108329745,206.5637873197513,75583409
2020-03-17,195.00746154785156,208.37655352753677,192.19769458247316,205.929332676966,65403057
2020-03-18,195.05276489257812,202.25847542990286,181.36644980947472,200.3097660434789,101356399
2020-03-19,184.5841064453125,199.17681614061493,179.59902117216853,183.94964381296197,93533467
2020-03-20,190.2036590576172,195.50596847747818,181.27581941912624,186.3062261740565,77391650
2020-03-23,164.59844970703125,180.82263002697678,163.37483239279481,172.21202859712076,61750037
2020-03-24,166.04861450195312,173.9794300101137,157.3020635021939,173.07305109489536,67491360
2020-03-25,172.12139892578125,176.97053301949026,159.93060185002741,161.33549233018832,71567553
2020-03-26,174.70455932617188,182.18218637904306,167.77076522742632,173.6169072481672,107260359
2020-03-27,177.60498046875,192.06172423291258,176.74392309663637,183.0885767462592,114740377
2020-03-30,169.40223693847656,176.74391269000623,168.81309609494184,172.2120174928266,60081554
2020-03-31,178.4207305908203,179.91625056721455,170.44459177947365,174.02478644284733,59543412
2020-04-01,169.0850067138672,176.29071706164888,167.90671123738022,175.83752755763436,52954239
2020-04-03,159.06951904296875,170.58052990566992,158.6163295300258,169.99138907094266,64448494
2020-04-07,168.9490509033203,169.76480035378538,160.97292625597441,167.13629278706046,72130500
2020-04-08,165.8673553466797,176.20007031158764,163.5560861536686,165.7767119154848,80435759
2020-04-09,170.17269897460938,172.21205222463797,166.41123073443413,170.3992937801681,62416005
2020-04-13,166.32057189941406,171.03374065312985,165.9580257761467,169.3116258222379,51847146
2020-04-15,165.2782440185547,173.97947558588402,163.28419881851727,169.49290154629642,72190004
2020-04-16,170.85244750976562,172.1213726223019,163.37482049673875,164.96098380253233,61165773
2020-04-17,175.1577606201172,179.46306133393637,168.858428657526,177.6503031386441,89851063
2020-04-20,174.47796630859375,178.87391021262323,172.25734041253372,175.83753487723214,81958510
2020-04-21,167.4535369873047,170.58054208380568,165.86737357876459,170.39926903173628,53042420
2020-04-22,171.03370666503906,171.7588125977276,164.371829619686,168.1332967645302,61503413
2020-04-23,169.22096252441406,172.12137266104008,167.8160722586314,170.1726632741537,50955312
2020-04-24,162.92164611816406,166.7737573615699,162.24186178109244,166.7737573615699,65137305
2020-04-27,163.96397399902344,166.32056519602526,163.60142789036817,166.32056519602526,42996571
2020-04-28,167.045654296875,167.99735502335488,164.23587383398134,164.9609798079777,49590230
2020-04-29,172.30267333984375,173.84351505182246,166.3205657165763,167.68013437366005,57470466
2020-04-30,172.66522216796875,177.55966387842625,171.94011610672564,175.38435952494464,63063889
2020-05-04,162.10589599609375,166.3205529781555,161.33546828398735,165.36885222503773,58118177
2020-05-05,154.4469757080078,164.2811933671904,152.99677760953466,164.05459861771843,91050439
2020-05-06,155.08145141601562,157.0754824369017,150.95742422698677,155.126759301522,73156432
2020-05-07,154.76422119140625,156.39570623063,152.99678482818328,154.85486462757015,42942399
2020-05-08,151.048095703125,157.52871560542638,150.54959818239004,156.30509809212305,55932236
2020-05-11,149.96041870117188,153.0874238170318,149.55255087392882,152.22636644168594,54591827
2020-05-12,151.274658203125,152.72487021800595,145.79107600430203,148.8274375294793,70752542
2020-05-13,157.80059814453125,161.83398215117188,154.53762803227886,161.83398215117188,81720683
2020-05-14,152.22634887695312,155.67059181116787,151.81848109677216,154.94548585182068,48136531
2020-05-15,150.82147216796875,152.49827898459358,149.2806305103997,152.22636249672914,35495540
2020-05-18,140.76068115234375,150.82148116126433,140.48876464826526,150.82148116126433,77349435
2020-05-19,138.49472045898438,143.0719373896235,138.1321605438392,142.7546991926523,71522334
2020-05-20,139.0385284423828,140.71533506869739,136.99917576022779,138.67598238654233,66168767
2020-05-21,137.72430419921875,141.53109372835922,137.31643636221222,139.26514593360326,61147471
2020-05-22,136.727294921875,141.0325957147251,135.45835586372846,137.76962537120278,87064198
2020-05-26,137.2257843017578,138.85726937758884,136.13813219461943,138.1321633627476,48275988
2020-05-27,143.7517547607422,145.74578634717022,136.68199383590652,137.72432444260193,88195120
2020-05-28,143.38917541503906,147.1959649900803,142.02960672179233,144.52214932607802,76968678
2020-05-29,146.1989288330078,146.74274791018718,140.67001165175625,141.4857610128933,58363280
2020-06-01,154.12974548339844,155.35334878577115,148.05700919501504,148.64614998909317,92740893
2020-06-02,154.31101989746094,155.2627205835825,151.54656126834425,153.99378172533858,70419104
2020-06-03,158.5256805419922,163.05757551266373,155.89718699110105,156.3503764881682,113168889
2020-06-04,157.7552947998047,161.01825146184825,155.44402518695193,158.52570878392336,83494674
2020-06-05,170.21798706054688,172.03074514675026,159.5227115858976,160.02122282565287,201321234
2020-06-08,169.31161499023438,179.00986838477797,168.40523590980513,178.55667884456335,151741826
2020-06-09,167.18161010742188,173.11839554802384,166.18460146785864,170.12734196884114,96654191
2020-06-10,170.12734985351562,171.3056454187416,166.59247698808488,167.27226129530212,67333317
2020-06-11,160.56504821777344,172.57457100741954,159.8399560192001,170.39926675120515,91726802
2020-06-12,162.3778076171875,163.1482353718758,153.9031714668523,154.08444451788273,92758901
2020-06-15,157.43804931640625,161.1995309371927,155.8972075888451,161.1995309371927,63613412
2020-06-16,156.71292114257812,162.196516773762,153.54059469167373,161.3354595031371,63925976
2020-06-17,156.75827026367188,159.70400248307976,153.4046701953187,154.99083369807678,73866905
2020-06-18,162.83099365234375,163.73737271821875,155.08146370331013,156.25974542475007,58261857
2020-06-19,167.22694396972656,167.63481179872517,162.69504846919196,163.420154515327,76895151
2020-06-22,170.12734985351562,173.79818787853807,167.0003448063658,167.68012911358304,80023958
2020-06-23,174.4326629638672,175.02181770381625,170.2633272123532,171.84949070950756,65487085
2020-06-24,167.31756591796875,176.65325838559485,166.6830895652017,176.56262878537507,74668987
2020-06-25,167.90673828125,169.31162873602267,163.51079385217867,165.14227909545505,73620385
2020-06-26,167.31756591796875,170.94308185265717,166.5924599649819,170.3992489303556,49176958
2020-06-29,162.46844482421875,165.95800970121698,161.7886605362513,165.86736626405596,50966428
2020-06-30,161.74334716796875,165.77673138542377,160.65569501711815,164.1452600742716,43613239
2020-07-01,167.49884033203125,168.04265942857847,161.87929335290136,162.6497071972381,54012853
2020-07-02,168.08798217773438,170.39925138544788,166.77373539852346,168.2692552110314,52127276
2020-07-03,167.40821838378906,169.35694176299964,166.22992277802763,169.1756548773074,38048810
2020-07-06,170.444580078125,172.0760651050716,168.72245161569663,169.13033324511815,43773740
2020-07-07,170.94308471679688,171.48690381796436,166.81905750594186,169.49287278652503,55124494
2020-07-08,173.9341583251953,178.96456551755034,170.76183120950728,171.2150207974627,143063102
2020-07-09,180.4600830078125,182.18219775298053,174.52329718065843,174.74989195398305,89539723
2020-07-10,177.2877655029297,183.54177604342107,176.56265942411594,179.46306990912282,111406477
2020-07-13,174.6592559814453,181.09455335115328,173.66224723433075,180.1881742190957,61949761
2020-07-14,168.63182067871094,174.29668959542224,167.3175738560832,174.29668959542224,62239932
2020-07-15,166.5924530029297,172.16667798746283,165.8673470802457,170.35392009587545,58527305
2020-07-16,168.81309509277344,169.44755765056274,164.6437460040211,167.6801213002045,46546803
2020-07-17,170.58053588867188,171.7588314297007,167.68012567015637,169.31161074002347,47035238
2020-07-20,172.89178466796875,175.1577320423851,171.07902676843565,172.21200045564385,45672856
2020-07-21,176.20008850097656,177.83157361918413,173.57159468793185,174.43265205218808,59281860
2020-07-22,174.02476501464844,178.33006519079208,172.30265047628927,177.37836449106908,62276152
2020-07-23,179.6896514892578,180.46007923455144,173.2543545292965,174.38732837223006,70801412
2020-07-24,173.9794464111328,177.9222005961134,172.80115094422226,177.37836766361747,65265493
2020-07-27,169.6288604736328,175.11245735848934,169.03971953015812,174.93118428590088,50697767
2020-07-28,171.71351623535156,172.66521704812297,168.35991636057136,170.39926931783265,51488617
2020-07-29,173.29966735839844,176.9705051872302,169.49287820748808,170.03671115629515,73763368
2020-07-30,169.0850067138672,175.3843380536198,168.63181720985267,174.47795904559078,48472816
2020-07-31,173.52626037597656,176.60795733791585,169.22096003685604,170.3992555272962,145892485
2020-08-03,174.2513885498047,176.38138504727212,172.25735722061594,174.02479376625487,72454278
2020-08-04,173.66221618652344,175.65624715450218,172.6651937874113,175.2483793840456,43866676
2020-08-05,173.52626037597656,178.42071537544027,173.11839258358282,174.70455586641668,68888892
2020-08-06,173.07305908203125,176.29070714559634,172.43859657814758,174.2966762061425,59740172
2020-08-07,172.80117797851562,174.11543879928584,171.80416921995496,173.52628405853585,44822338
2020-08-10,175.65625,177.1970915079329,173.75284860004157,173.8888137458933,48784530
2020-08-11,176.7892608642578,178.37542442063753,175.61096517061173,176.74393913945437,43890305
2020-08-12,184.26686096191406,185.12791828089215,176.38136610718607,177.6502912267068,157818228
2020-08-13,182.9979248046875,187.89237997662775,181.9555944284786,186.26089491931432,70443118
2020-08-14,178.10348510742188,184.90132805045326,176.38137042728602,183.9949489913824,56169088
2020-08-17,175.0218048095703,180.05219760860393,173.57159275834172,179.87092455976216,54787889
2020-08-18,176.83456420898438,177.42370507944815,173.7528670358929,175.6562686378096,46294169
2020-08-19,178.6020050048828,181.54773708951214,177.55966073832698,178.01285028980843,59296062
2020-08-20,176.51730346679688,177.96751534316655,175.15773501904235,175.83751924291963,37504602
2020-08-21,179.8256072998047,182.63538803240215,179.14582297710342,180.36944029006466,68041871
2020-08-24,182.59007263183594,183.81368998715251,180.00690041430352,181.2758256618372,53850253
2020-08-25,188.4815216064453,188.9347111336694,183.72303157059247,184.90132710742444,105394375
2020-08-26,190.2036590576172,190.65684860616503,186.8500453341654,188.98004174443912,66749637
2020-08-27,195.46063232421875,196.23106003196244,190.79278585093806,190.79278585093806,80997993
2020-08-28,203.79933166503906,204.75101858812042,196.50297766318735,196.68425070423874,95974037
2020-08-31,192.15237426757812,209.87208890594445,190.65685424523622,209.87208890594445,119986476
2020-09-01,197.6812744140625,198.40636658281144,191.42725073175336,193.14937920814862,75048313
2020-09-02,196.00445556640625,198.49699777592124,192.4242613406066,197.8172135369626,47608088
2020-09-03,193.19468688964844,197.81722552684164,192.42427300361393,197.13744124668068,38594129
2020-09-04,187.2579345703125,192.42429286678865,186.6234581124706,190.33961809305322,54435758
2020-09-07,188.4362030029297,190.02236637443667,186.1702553293483,188.07365690725547,35687359
2020-09-08,184.94664001464844,188.98002384872794,183.90429585354613,188.43619090987056,34146789
2020-09-09,176.6079559326172,182.54472739407282,174.47795972337622,182.27282475480473,72715826
2020-09-10,179.5989990234375,182.59005258450708,176.9251836545444,179.19113122652948,67789617
2020-09-11,183.72303771972656,184.76538196537686,178.55667970250556,179.96157004997067,48487971
2020-09-14,179.916259765625,186.8953763960253,178.87392928396875,186.62345988725684,63605531
2020-09-15,181.41175842285156,182.18218613512357,178.64731342877948,181.18516366397702,51761038
2020-09-16,179.64434814453125,181.32115513568502,177.87691153482095,181.13988206832346,52404964
2020-09-17,177.15179443359375,179.46306393210216,176.7439265997976,178.556684821334,41223296
2020-09-18,174.56861877441406,178.73795430240605,171.94011110761187,177.65030215728848,55286316
2020-09-21,168.4052276611328,175.38434347254392,167.00033738923108,174.976475672378,57611375
2020-09-22,168.7677764892578,170.67117802799532,164.19055951676754,168.72245477066943,51210889
2020-09-23,166.5924530029297,171.26029904166916,164.05458918865833,170.53519311898518,44320497
2020-09-24,159.83995056152344,164.7797136044356,159.06952283903627,164.14525103722386,46114798
2020-09-25,165.14224243164062,165.6407536217222,159.6586470012336,162.24183254877306,46550127
2020-09-28,169.719482421875,170.53521806029516,166.18460954839142,166.77375041722297,41921548
2020-09-29,167.7254638671875,171.2603370073089,166.093978637036,170.85246915733308,35688726
2020-09-30,168.0426788330078,169.31161786530487,165.32354154554653,167.72545444761911,37641083
2020-10-01,172.48394775390625,173.29968342248543,169.4022504754176,169.49289391870315,43588724
2020-10-05,171.0790557861328,175.6562730248709,169.53821407622775,174.02478787251655,41694686
2020-10-06,173.66221618652344,174.11540567152977,170.67116281943257,173.2090267015171,31098726
2020-10-07,172.8464813232422,175.06710722011243,171.39628314764678,174.52328809060666,34578053
2020-10-08,173.5715789794922,177.46901145630807,172.71052169316272,173.43562766121502,43351606
2020-10-09,179.7349853515625,180.1881749193525,172.71054705081755,174.0247940313589,64907230
2020-10-12,180.09751892089844,186.6687671958374,178.78327203196005,181.0038979933038,69122798
2020-10-13,177.37838745117188,181.27582035485065,176.83456828825584,180.0522030353564,34948525
2020-10-14,181.3211212158203,182.09153506554733,174.97646823332397,175.88284723082344,40548275
2020-10-15,174.7952117919922,183.54176441601447,174.0247840388878,182.18219579071067,49184123
2020-10-16,177.60498046875,178.33008650904208,173.66223971320423,175.8375440038331,36893126
2020-10-19,184.90135192871094,185.44518496648308,177.69564024459768,177.83159158891638,60220779
2020-10-20,184.04026794433594,185.21856346946814,181.91027165543366,182.1821881351175,39316753
2020-10-21,184.6747283935547,187.89237673406836,180.23347665385737,185.53578571081275,54515523
2020-10-22,184.26686096191406,185.4451564758956,182.27282984684726,182.9979220121468,33721637
2020-10-23,183.8136749267578,186.35153904413846,182.68070110919922,184.9013270255647,32707020
2020-10-26,178.28475952148438,184.90132946953173,177.28775084700274,183.72303391764706,45470123
2020-10-27,176.4266815185547,179.05518913572118,174.2513772693971,178.7832726470147,37794381
2020-10-28,172.61988830566406,176.74391577308543,171.35096316041756,176.74391577308543,46458319
2020-10-29,171.03370666503906,172.84646458163778,168.4958428157518,171.62286128608085,44822673
2020-10-30,171.53224182128906,174.02478430482168,168.72246112593524,171.62288526188007,41519686
2020-11-02,177.69561767578125,178.78326978293606,172.2573433097604,174.2060527588191,52600119
2020-11-03,185.5811004638672,186.53280118101316,179.10049613849722,179.46304220681662,69890201
2020-11-04,187.62046813964844,189.43322628592523,179.5083782011092,184.44814138366405,117577856
2020-11-05,198.17977905273438,200.30977540932147,194.64490619525694,195.77788003806984,138023646
2020-11-06,198.67828369140625,201.08019645630722,196.72957427878077,198.49701064864402,73147085
2020-11-09,198.95021057128906,201.8052991772291,196.7295845633082,201.66934784561192,60359458
2020-11-10,210.0080108642578,212.99906432076887,202.122516355453,202.21315978726236,135294550
2020-11-11,212.2739715576172,216.94183198115758,206.4278294287577,210.9597246961289,107094861
2020-11-12,205.5667724609375,211.50355803784012,204.5244282494335,211.3675928814282,58859905
2020-11-13,207.96868896484375,209.05634115663713,199.49405238313264,203.93530459555896,70676525
2020-11-14,208.1499481201172,211.09568010082566,206.42783341734028,210.27994446903597,7753219
2020-11-17,217.71224975585938,218.98118875147085,209.373565081436,210.14399282270892,80501583
2020-11-18,228.40753173828125,229.3139108324808,215.62758097796893,216.98714961926822,104514060
2020-11-19,217.3043670654297,228.22623687272366,216.62458280975056,224.78199387790016,82284278
2020-11-20,220.0235137939453,222.42541273786705,212.0473754094131,218.89053998450171,84411129
2020-11-23,216.35267639160156,223.10519754563808,215.808857259944,220.7032985960955,57538324
2020-11-24,221.0205535888672,222.0628840430928,217.077798891105,217.98417800964825,47636611
2020-11-25,220.25010681152344,226.5041166580236,218.98118168709476,222.47073269439687,74767232
2020-11-26,222.4707489013672,223.1958549525417,217.66693687136447,221.15650196312762,64248318
2020-11-27,221.38307189941406,223.19582990882583,219.3890408551103,222.47072393901192,54355703
2020-12-01,224.8273468017578,225.64308248970352,221.38310332885197,222.06288767888938,37003272
2020-12-02,223.83029174804688,227.36517815352377,221.24711989083843,225.0992306488255,56723083
2020-12-03,232.30494689941406,234.75218147707943,224.7820116073965,225.96030717622665,79266442
2020-12-04,238.83091735839844,239.60134520455736,229.81244715398878,232.93945260382694,79252024
2020-12-07,244.3597869873047,246.03659369036802,238.3776799804126,239.10277212528158,76053084
2020-12-08,246.4444580078125,248.0759568930819,240.4170428612043,245.58341450715045,65617502
2020-12-09,245.0395965576172,249.1636104209801,243.997266119014,246.62575999129447,48495641
2020-12-10,244.31443786621094,245.6286984238188,240.68892202231692,243.8159405018718,38676657
2020-12-11,246.94297790527344,250.3872071567162,244.76764610384342,244.76764610384342,50255223
2020-12-14,248.52915954589844,250.296582189351,246.8523526837807,248.34787266223898,31946501
2020-12-15,245.31146240234375,248.39314536452636,243.04551498007845,248.39314536452636,34890948
2020-12-16,244.17849731445312,248.03060806834267,243.36276174572785,247.26018038546636,24844177
2020-12-17,242.63771057128906,246.67108120998006,241.73133141735894,244.72237156112965,25904699
2020-12-18,246.03660583496094,246.48979536299697,240.1904498590986,242.63768437469068,29816205
2020-12-21,230.85475158691406,243.81597534726026,227.54647343865054,243.3174779116775,55160758
2020-12-22,233.3472900390625,234.4802638154019,225.00859198100738,230.94537733507516,51189571
2020-12-23,238.37770080566406,239.19343645502937,231.67050106794585,232.89411837224117,29056404
2020-12-24,241.86724853515625,243.68000658651886,239.87320361446027,240.19044180554727,28585509
2020-12-28,249.4355010986328,250.16059320314127,242.9095615160937,243.5893457367544,36870242
2020-12-29,251.88275146484375,253.69550970159756,248.98235488233496,250.43253934334157,45032526
2020-12-30,250.9763641357422,252.60786309174324,246.98830167745288,251.97338666543817,30971894
2020-12-31,249.20892333984375,251.2935840277252,247.07892710453456,249.2542312267788,29467966
2021-01-01,253.2423095703125,253.78614255073438,248.7104141676208,249.16360370788996,24531791
2021-01-04,254.73779296875,257.32097850972156,251.7467534963558,255.4629127254298,31450608
2021-01-05,255.372314453125,256.00679089484646,251.0670136770741,252.0187006791609,27393072
2021-01-06,258.3633117675781,262.07947103975795,255.0550340920426,256.5052459617336,40765708
2021-01-07,260.7652587890625,264.4813906949815,260.1307824019338,261.94354046745246,30546600
2021-01-08,259.2243957519531,264.11883685293355,258.4993036112494,262.940555209167,32543357
2021-01-11,256.05206298828125,261.21843426144494,253.42356946669452,261.03714740044245,29703173
2021-01-12,265.1158447265625,266.3394618497063,251.8827064320445,253.7861077724359,44307145
2021-01-13,278.0770568847656,279.16472271277803,266.92860661984787,268.28817507461787,78042133
2021-01-14,278.4849548339844,280.2977128800965,275.3579361402438,277.98645743550054,40123498
2021-01-15,275.4032897949219,281.7932512633978,273.0920065378709,278.077091492439,35307601
2021-01-18,266.88330078125,279.75386565543295,264.84394808346303,275.08601945704106,54969750
2021-01-19,270.6448059082031,274.1796788806815,268.65076081578195,269.7837346954542,35803901
2021-01-20,274.2249450683594,276.1736819734336,269.05860155903315,270.8260239462404,33759304
2021-01-21,267.2458801269531,276.5815736865538,264.20950464439545,275.5392432655102,29995203
2021-01-22,257.1397399902344,270.1009489600251,255.96143066357627,267.8350014016356,44440810
2021-01-25,254.64723205566406,261.0371939688274,251.1123312589391,257.8648669587896,34034630
2021-01-27,249.84336853027344,258.1820664849975,247.16956704754102,253.96740962134038,39211107
2021-01-28,255.91612243652344,256.82250145867476,244.26914646978045,246.4444505908451,48717297
2021-01-29,255.68954467773438,263.43907476807465,252.97040743052804,258.86187146614174,42300984
2021-02-01,281.6119689941406,284.51236522493195,256.27866464335887,258.40866084534906,103414068
2021-02-02,301.9148864746094,305.81230557568534,285.5094190840311,285.5094190840311,121434166
2021-02-03,304.498046875,308.07822745522657,295.2982775714913,302.5040019403347,66420168
2021-02-04,321.8551940917969,324.4836877059195,300.10209770927713,303.0931373976766,145203439
2021-02-05,356.297607421875,370.1198878309798,349.0918829640788,350.7686897261344,214955688
2021-02-08,359.8778076171875,369.62138286167783,357.7931467686107,360.7388788192706,79389205
2021-02-09,357.83843994140625,365.7239487861223,352.58145248525796,359.6058901633061,63869990
2021-02-10,355.5271911621094,360.6482273892608,351.6750801042662,357.1586624282923,54163507
2021-02-11,353.623779296875,359.78717340653003,351.9016646414175,355.11929919081194,36392708
2021-02-12,356.3429260253906,361.9624873265371,349.4544395576771,354.39421655596686,53589755
2021-02-15,368.8509826660156,371.11693039670627,358.6542178779079,360.2856891798072,56608937
2021-02-16,364.681640625,376.8271151730423,362.8235468522633,373.4281935088236,80365431
2021-02-17,373.2015686035156,376.01134915120844,362.6875662388711,365.27075202724177,74161370
2021-02-18,376.32861328125,387.65835202815066,374.9690446316219,385.2564252854117,67154539
2021-02-19,362.1437683105469,376.1473368552603,358.0197543562116,376.1473368552603,66155518
2021-02-22,353.03460693359375,363.4579650330452,349.5450423855923,363.0954189790755,52535049
2021-02-23,358.5635681152344,362.27972786015135,352.5814606795746,355.30059790846593,45462768
2021-02-24,368.21649169921875,372.0686026893029,358.20101418919745,359.8324854266827,39632090
2021-02-25,369.12286376953125,376.056657888352,368.4883873777989,372.5217851670408,46988836
2021-02-26,353.623779296875,363.45799747896564,350.76869083381473,362.0984289098423,64450414
2021-03-01,357.9743957519531,360.46693799246793,354.39418765138055,358.11034706933737,29677890
2021-03-02,357.29461669921875,362.14372227287305,353.9863111853155,358.01970884280473,30534337
2021-03-03,367.12884521484375,370.6184102992803,358.9261253832874,359.379314935539,46268223
2021-03-04,358.60882568359375,365.7239059662117,357.521187540955,361.373298074676,43603653
2021-03-05,347.7323303222656,358.019738465982,342.7019374662452,358.019738465982,72179228
2021-03-08,353.12530517578125,356.56953471385725,349.9076427536754,352.0829747361394,39147858
2021-03-09,351.3125,357.92905552407916,346.4633668997818,356.6148225925659,28054083
2021-03-10,351.4031677246094,356.2069656114055,349.59040962989485,354.4848509535254,22677399
2021-03-12,345.42108154296875,356.3882742168456,342.1581112414152,355.02870556290617,35336355
2021-03-15,347.9588928222656,349.86229425575544,334.7710894268219,346.6899677534364,42722585
2021-03-16,343.1097717285156,351.5391133280401,340.88915969492854,349.4997605046783,38196452
2021-03-17,333.6834411621094,344.1068002195137,331.7800396282238,342.7925671955283,33143064
2021-03-18,332.73175048828125,339.89213935867195,327.2934762585425,336.7198127246577,39405038
2021-03-19,336.402587890625,337.98875127063246,323.8039242900932,329.8766751520337,60309145
2021-03-22,332.6411437988281,337.8981317374449,329.4688168143706,337.17303949091024,28461974
2021-03-23,337.8074645996094,342.56595435292553,332.68640111764705,334.18194859708285,41032380
2021-03-24,326.1605224609375,334.4991935282374,325.0728564840965,334.0006960908073,42318999
2021-03-25,321.94586181640625,327.0668981107431,312.88207097315717,326.29647035696803,57495003
2021-03-26,323.7586364746094,328.1092452367547,321.3567096504187,326.2964869757782,40718848
2021-03-30,327.0215148925781,330.1938412253074,322.9428096076405,326.38706622232655,39405124
2021-03-31,330.19390869140625,333.41157122548157,324.4384232972995,326.56839214179763,38651025
2021-04-01,335.94940185546875,337.0823757101415,329.10625083744304,333.27560015473773,31883453
2021-04-05,320.4502868652344,334.63514045338087,316.3715813336761,333.094285077262,51743981
2021-04-06,317.7311706542969,323.5773266966268,316.5981968213255,322.39904497453415,44147709
2021-04-07,324.98223876953125,329.19692401807066,315.0574035022697,318.36568192469025,48023602
2021-04-08,322.3083801269531,329.2874818781842,321.1300708226339,327.20282122818486,33370259
2021-04-09,319.9518127441406,330.3751720828308,318.3203414770651,321.2207379141432,46473100
2021-04-12,298.0627136230469,311.79434874041795,292.3525098259839,311.79434874041795,75501713
2021-04-13,309.0752258300781,310.2081995318013,299.5582467356036,300.9178151776714,49773360
2021-04-15,310.61614990234375,315.0120667099398,304.63404190064483,310.07231687300805,52992349
2021-04-16,308.0782470703125,313.1539755049519,306.9452732081383,310.88802778060347,37766793
2021-04-19,300.1474304199219,300.96316606963427,291.2195908424435,296.521914056316,53304377
2021-04-20,298.6518859863281,308.07822222739446,296.1140358039038,303.72761401166923,41296147
2021-04-22,305.1324768066406,306.0388557828436,293.03231194223235,295.479546242177,49105833
2021-04-23,304.9512634277344,308.07825476918185,300.6006270919663,300.6006270919663,44223940
2021-04-26,312.0662841796875,314.9214002088024,307.4890812125699,307.4890812125699,49234985
2021-04-27,319.9971008300781,321.71924309046227,310.34416983286343,311.794381791901,46003023
2021-04-28,329.378173828125,330.19390952173904,322.7162816193674,323.5773528662632,56696255
2021-04-29,325.75262451171875,335.314940070069,322.2177517545272,330.8283527156187,63692926
2021-04-30,320.4049987792969,328.56241034652083,317.6405537012685,320.35969089034313,53832840
2021-05-03,317.7764892578125,319.49860385999483,309.43779122762413,316.87011023977,43691860
2021-05-04,318.5922546386719,328.9249708786379,317.41397286921335,321.7645814985164,57749307
2021-05-05,322.1271057128906,323.985199343661,315.419906340057,323.12412819031704,40872501
2021-05-06,322.2630615234375,325.7073185242703,317.7311662543103,324.48370126950726,36294427
2021-05-07,324.7102966308594,328.1092180889633,319.9518065895139,324.0305123392386,38357618
2021-05-10,327.8373107910156,332.6411086528679,325.2087894389335,326.7496448756373,41739324
2021-05-11,330.5111389160156,332.09730236804967,321.5379912051795,323.4413928797194,41892770
2021-05-12,333.2756042480469,338.5325919340973,328.01858890150163,328.834324554786,53436590
2021-05-14,326.7043151855469,337.6261708564378,325.8885519732053,335.36022340102545,51722170
2021-05-17,347.23382568359375,349.13722725411105,329.6047417873769,330.2845260868121,106555796
2021-05-18,346.46337890625,355.79907170793757,344.46933400662135,353.48781628106605,70917710
2021-05-19,348.4120788574219,353.0346172469254,345.511682680443,346.23677480956485,48189573
2021-05-20,348.5480651855469,351.4937972043004,346.2368095888765,350.76870500234344,42898608
2021-05-21,363.6392822265625,366.53967856077395,342.61127741618657,353.4878259055893,192810772
2021-05-24,373.4734802246094,379.95411262533776,367.355421575903,377.9600676311915,142964052
2021-05-25,373.74542236328125,376.60051095757547,370.25585734336846,376.2379648545769,56048127
2021-05-26,374.8330383300781,379.5462203696114,372.3404959873523,375.0596330885077,52357719
2021-05-27,385.39239501953125,388.92726789153824,373.4281801260522,374.9690356228089,73392997
2021-05-28,382.53729248046875,393.05129569321736,380.7245342596671,390.19620702755384,65137568
2021-05-31,384.6219482421875,386.11746811475876,378.8664358496929,381.5855729490926,38291043
2021-06-01,392.05426025390625,394.5921382759125,385.7549422399594,386.1627962299375,59299647
2021-06-02,396.3142395019531,396.9487159009735,388.9725636669023,390.46808356688643,38657806
2021-06-03,402.1686096191406,404.2725449742927,396.54291980030337,399.74453506974066,38909199
2021-06-04,396.6343994140625,404.22679015914537,394.94211147713594,400.20190798204277,36898769
2021-06-07,395.3995056152344,400.11044845061065,394.07311091356587,398.0065409057618,20201197
2021-06-08,390.780029296875,395.6281784678205,387.8528269834818,395.39949165945757,31113823
2021-06-09,385.52020263671875,395.44518701289496,382.5472743598681,391.0544118011243,27784834
2021-06-10,395.3995056152344,396.3599790779108,386.3892394645412,388.67610762888614,27397712
2021-06-11,392.97540283203125,398.3724057306271,388.99624692755265,397.77782563360597,26831924
2021-06-14,393.6614685058594,395.582443235397,381.17517463766893,390.597059760629,30106015
2021-06-15,392.8839111328125,395.9025656398954,391.5117903721624,392.6094981470298,16413658
2021-06-16,389.6365661621094,395.85683571878405,388.76754518886935,391.5117866843202,19701175
2021-06-17,384.4224853515625,389.6365552127432,381.0836638757634,385.1085457061459,23048331
2021-06-18,377.6990966796875,387.7613154369931,368.3229382921982,387.7613154369931,45748727
2021-06-21,383.96514892578125,385.1085829607002,366.35626478802953,371.70754165462415,33128978
2021-06-22,382.95892333984375,389.17922127096506,381.72400899267575,386.93807938477613,28442965
2021-06-23,383.1418762207031,388.53887920088465,379.6200938631363,385.2000574524912,27564829
2021-06-24,381.632568359375,386.7094044902972,380.80927349198566,384.51401664762466,19214547
2021-06-25,392.24359130859375,394.256046330923,383.3248060377666,385.1085742582798,29886797
2021-06-28,390.368408203125,396.22278530887854,388.3559529874572,393.98167118529653,29370660
2021-06-29,385.5659484863281,392.38082635783167,384.6969274716719,391.0544317388026,22275961
2021-06-30,383.4620666503906,388.6761093385087,382.6387717749082,386.938095109136,18337773
2021-07-01,384.55975341796875,387.57843621103075,381.58682473872585,384.46827310620233,16161469
2021-07-02,388.21868896484375,389.13343612447625,383.279059886002,384.4682200271771,16423811
2021-07-05,395.7653503417969,397.45763815878803,388.081479836285,390.1396609314686,16483761
2021-07-06,393.11260986328125,399.2871534736993,391.6947628672366,394.8963780726386,20195278
2021-07-07,395.9483642578125,397.0003180427238,391.1001869423301,392.74674878972604,14473774
2021-07-08,388.26446533203125,398.2809305547424,386.1148038004786,395.90258222017076,21433043
2021-07-09,387.6241455078125,391.054447680448,385.1543167771667,388.76757956535766,16844494
2021-07-12,391.00872802734375,393.57000919275526,388.4016927493425,390.13970696271963,12886781
2021-07-13,392.5180358886719,394.98783662184604,391.78622136649943,393.34130279972993,12831125
2021-07-14,394.3017578125,395.4451917789159,390.04818904060664,392.4265372739253,12767351
2021-07-15,394.8963928222656,396.0398268669029,393.02114423953844,395.8111400579754,11030732
2021-07-16,393.34130859375,395.62817666696947,391.0087143254142,395.1708030523256,8713863
2021-07-19,391.4203186035156,392.8381935032809,383.1418676668262,387.3039562318398,14426686
2021-07-20,385.01708984375,390.59705333166187,383.18759544875394,390.59705333166187,14623321
2021-07-22,386.069091796875,390.32268912964173,385.0171379714304,389.2707073883246,11799761
2021-07-23,392.3350830078125,393.2955843528593,383.73646459295605,386.84659960481434,17704661
2021-07-26,387.2125244140625,391.3288873011682,386.29777710581675,391.3288873011682,14037519
2021-07-27,393.29559326171875,396.31424803539767,387.8528359307758,387.9900424357847,24119619
2021-07-28,389.2249450683594,393.7986812031227,385.15430874207203,393.34130758964636,17636515
2021-07-29,403.9066162109375,405.78186472611054,389.22493477303783,389.6823083744162,35263606
2021-07-30,394.98785400390625,406.5136750135399,393.9816543549279,403.8609135541163,35196813
2021-08-02,397.82354736328125,399.4701090548665,394.9878254909973,397.6863408679497,16926025
2021-08-03,408.43463134765625,409.7152718650125,396.63439786165935,397.8693121846302,40922962
2021-08-04,417.9937438964844,427.5985894893642,403.86088850061356,410.4013253925912,129761158
2021-08-05,404.1810607910156,423.07058511627656,401.0251717465032,421.6984642996832,58595639
2021-08-06,398.5096130371094,408.8919993647804,397.00028573672193,405.8733447640056,38236066
2021-08-09,396.4514465332031,404.1353177330876,394.256058749789,400.5678090955559,22196404
2021-08-10,390.093994140625,399.19571295352193,385.7489445002737,397.3662183681108,27794251
2021-08-11,391.55755615234375,395.9940859768348,387.07530013088865,393.15836386828283,23827946
2021-08-12,390.7342834472656,393.75296613100426,388.7675824369353,393.34131870089925,16847144
2021-08-13,394.4389953613281,395.39946873441653,388.76755167640727,391.1458999286601,20908992
2021-08-16,388.63037109375,397.00030276942437,387.8528303553823,393.34131380380757,17608693
2021-08-17,385.5659484863281,389.545104427546,379.8487784316673,388.63035721880027,22957877
2021-08-18,383.91943359375,388.1730027408294,382.36435209591116,386.1605476160816,17668574
2021-08-20,372.0277404785156,381.7697937032452,370.60986540483714,379.6201319511905,25541790
2021-08-23,374.5889892578125,377.7906045506143,367.0423246390654,376.0525904034102,26559937
2021-08-24,381.99847412109375,383.05042792206353,373.39985517300266,374.5890154843821,19012313
2021-08-25,380.7635498046875,385.3830123356692,378.9797814680828,383.27910478838214,16410980
2021-08-26,375.7324523925781,380.3519150779214,375.04639191955454,379.162754757696,15897679
2021-08-27,377.2875061035156,379.02552025699,372.7594961495837,375.36653133773024,15090541
2021-08-30,386.6636962890625,387.2125223383699,378.2480099319661,379.07127692179955,20308691
2021-08-31,389.72802734375,390.5970483366075,383.00465786081486,387.7156002845112,26262421
2021-09-01,393.2497863769531,395.67386069304547,388.9047375009108,391.0543988438104,18776721
2021-09-02,393.11260986328125,396.54291186906903,391.2831154601944,394.62193716265404,14372717
2021-09-03,394.6219482421875,397.27470961796934,391.6947738645858,394.48474174127756,14233624
2021-09-06,394.3017578125,396.86306664679256,393.3870106393673,395.1707787933234,10694099
2021-09-07,392.5180358886719,394.89638423296043,388.85904702541853,394.3017762099861,14928735
2021-09-08,394.57623291015625,398.28094811606775,390.9172439005169,392.426571283819,22817464
2021-09-09,395.4451904296875,396.817311184705,393.341283105008,393.56996989751093,9662128
2021-09-13,395.9483642578125,396.817357421056,392.2436210380753,393.43280924717317,9567921
2021-09-14,396.0855712890625,399.5158735808269,395.39951083070963,397.91506584467015,9981562
2021-09-15,406.0105895996094,407.06254339825074,394.6677288049449,396.085575935826,22181568
2021-09-16,424.1683044433594,426.36369222629446,405.00433868534986,406.92531346386943,42637448
2021-09-17,415.38671875,431.66920812179234,411.9564166703356,428.10169954211534,41529478
2021-09-20,400.15618896484375,414.83787091465945,398.50962719294813,411.08740166941243,18376916
2021-09-21,401.3910827636719,403.7237050043555,395.76539275051596,402.6259971362843,17279588
2021-09-22,401.43682861328125,405.05006343256156,398.9212737236087,401.4825548085636,14321143
2021-09-23,411.45330810546875,412.6882224948167,404.36401681076757,404.68418393628315,20516770
2021-09-24,403.1748046875,413.3742297844527,402.48874432785027,412.64244323383997,10731274
2021-09-27,408.526123046875,412.1393578960577,404.5469669689246,406.97104157222344,11746892
2021-09-28,406.9710388183594,416.9417780856612,402.1228896445678,410.9044686740325,19241170
2021-09-29,420.7837219238281,422.88762936709935,401.6655105761151,404.18106543544235,38635938
2021-09-30,414.3804931640625,425.26597956466856,412.91689202004414,420.73799754782823,26530369
2021-10-01,413.14556884765625,416.71307735787383,405.96479771752786,410.26412074001394,14777309
2021-10-04,423.6651611328125,424.8085951356085,413.0998421133248,415.11226920872434,16246765
2021-10-05,425.0830383300781,429.0164401544858,419.5945550871636,422.61320970441886,16487568
2021-10-06,418.2224426269531,430.84594317135833,414.9750732272012,425.35745981885697,19056690
2021-10-07,418.8627624511719,424.44272628944435,418.1309758135729,422.70471208824364,9984651
2021-10-08,418.9542541503906,424.4427378292167,415.5239518511243,422.5217629584533,16521128
2021-10-11,429.2451171875,434.4591873159546,419.54879142917974,420.78370571390514,20686981
2021-10-12,441.8229064941406,443.1035470167468,428.19317852294046,429.93119265475383,33763609
2021-10-13,440.6337585449219,444.70436703068015,437.24918257620556,444.70436703068015,17638983
2021-10-14,448.7749938964844,451.7936485708089,440.908162183073,440.908162183073,23431826
2021-10-18,455.4984130859375,458.2883810858803,449.78124266320947,451.8851502124249,20084248
2021-10-19,446.5796203613281,461.2155764185171,442.05161028978694,457.6937939090819,20645100
2021-10-20,457.2821350097656,464.2342195457429,441.91439270149596,447.12843516657637,34080545
2021-10-21,460.0721435546875,463.31948514702015,449.8269631215146,461.8558839542996,20808243
2021-10-22,460.0721435546875,465.3319402764947,457.37362798323807,461.581470943858,24080485
2021-10-25,463.3194580078125,471.5064566355026,455.4069002903594,463.3194580078125,35619415
2021-10-26,468.8536682128906,474.0220122478447,464.3256863029112,464.3256863029112,21107457
2021-10-27,474.89105224609375,481.9345613326672,469.03664757410104,469.9056686189385,29463032
2021-10-28,458.6085205078125,476.17165023590735,455.178218461403,475.30262921780246,28140401
2021-10-29,459.34033203125,468.94520619814455,446.7625571787192,458.74575189412275,31355893
2021-11-01,471.73516845703125,472.87860252065997,458.2883727024087,465.14897708418124,20679604
2021-11-02,477.2236328125,480.2422874529996,468.39629986281113,470.91185470185064,26797820
2021-11-03,482.6663818359375,496.0673948008811,471.27776804319853,479.3275322272319,80775924
2021-11-04,485.2276916503906,490.2130753469266,483.03227590990497,486.18816509995,9796046
2021-11-08,478.6414489746094,488.88662827954346,472.42117948538584,488.88662827954346,36802110
2021-11-09,484.0385437011719,486.6455511065455,477.68103896303666,481.3857542665781,25451967
2021-11-10,479.6934814453125,483.4439228470967,477.04069208091,480.7454072864268,15805538
2021-11-11,466.1551513671875,478.27552314056294,463.86828350129264,478.27552314056294,23086898
2021-11-12,467.7559814453125,469.2653087264636,459.8434238306619,468.35056153596366,19836221
2021-11-15,463.3652038574219,471.91812406157396,462.40473042052264,468.71650871741605,13328183
2021-11-16,452.891357421875,464.142737141441,451.4277562763057,464.142737141441,19553216
2021-11-17,455.68133544921875,462.3132529890859,449.1408982172135,451.7479334539905,20488483
2021-11-18,460.8496398925781,463.04505556100526,450.33004682553235,456.5503446929596,22471070
2021-11-22,444.93304443359375,462.86209561777235,436.79179971835237,462.86209561777235,28800269
2021-11-23,451.01611328125,453.16577486777436,439.078673024738,443.8810960109461,20000371
2021-11-24,451.1075744628906,457.3735983433686,447.35710537330124,453.5316489509367,13963769
2021-11-25,448.729248046875,453.2115318618765,444.8415722714062,448.22614823051543,12894211
2021-11-26,430.3885803222656,446.3051768594048,427.27844526124056,444.7958494828941,26305817
2021-11-29,425.44891357421875,437.02045967044035,415.56962740671617,429.93116911587015,22407465
2021-11-30,421.2868347167969,436.5631249543611,418.95424039622293,428.10171289395703,23026652
2021-12-01,434.77935791015625,436.56312621872877,424.4427251241281,424.85437255406663,17156956
2021-12-02,436.3344421386719,437.3863959023729,430.8002323931985,434.047573993291,12962679
2021-12-03,432.8126525878906,440.45079765268446,429.9769305504625,435.1910010036649,16653993
2021-12-06,425.63189697265625,436.33445128369937,424.2597760566698,432.8126686828265,14353300
2021-12-07,436.0600280761719,438.8042698440122,429.1994236565711,429.1994236565711,13644942
2021-12-08,449.64398193359375,450.4215226487684,439.30734958040273,439.9019296864058,20397660
2021-12-09,446.9912109375,451.42774041328664,444.65861675824704,450.3300326137153,12560970
2021-12-10,452.5254821777344,453.66891625649777,443.1035686192017,446.85403798071974,13261408
2021-12-13,446.2137145996094,457.785290091264,444.88734778545745,455.31546125462404,14047645
2021-12-14,446.89971923828125,448.5462808956485,440.7251758338574,444.5671251185129,11642447
2021-12-15,443.46942138671875,449.1408650650897,442.28026121989996,448.22611788573107,8639835
2021-12-16,440.1306457519531,448.7292645531708,437.47788423781503,446.716837297836,11107781
2021-12-17,427.9187316894531,440.359299271,426.7295714883093,439.1243849600465,12648603
2021-12-20,410.9044494628906,424.4426967266162,405.2330057109719,419.8689607705104,22336114
2021-12-21,407.97723388671875,419.1828866111858,406.60511314494727,418.08517885142146,16617447
2021-12-22,416.987548828125,418.31391562078755,410.7215244422132,411.6362717126858,13102553
2021-12-23,422.43023681640625,425.3574389605467,418.7255219014844,421.69845023830544,14471377
2021-12-24,417.9937438964844,424.07680718880107,413.6486946997054,423.1620599894792,13221159
2021-12-27,418.9999084472656,421.24105006455295,412.13930502601886,415.0207807956359,8856482
2021-12-28,421.8814392089844,423.4364927709809,419.91471030583773,421.8814392089844,8832210
2021-12-29,415.6611633300781,422.7504548333301,412.9169214578515,421.69850103215094,11757303
2021-12-30,413.1913146972656,416.11848894021495,410.26411253844765,414.15178807532254,28879190
2021-12-31,421.1954040527344,422.0643972353255,414.47200583688556,415.523959645218,10005842
2022-01-03,430.6629638671875,431.7606716563902,420.87518572958294,422.61319979926327,13124509
2022-01-04,442.2802429199219,443.37795065608043,430.89162984177966,432.2180243633156,23296671
2022-01-05,450.4215393066406,452.7998877344807,438.30113827132374,440.81669320318196,24694169
2022-01-06,449.78125,452.2510509133829,444.0183253703631,446.1222608697689,18190843
2022-01-07,449.36956787109375,459.1573742053209,447.72303405592913,451.3820229037345,22746330
2022-01-10,460.7124328613281,461.90162099966733,450.513006917338,451.2905476393541,15832274
2022-01-11,462.8163757324219,464.50863578819735,456.6875580780953,460.11786021688926,16107950
2022-01-12,466.749755859375,469.72268424064487,465.14894826946045,466.4295887582183,14489616
2022-01-13,467.7559814453125,469.12807431519354,463.776825583464,466.5210671549638,10450974
2022-01-14,465.01177978515625,466.8412743231792,462.08457735797106,465.60635992683945,8724574
2022-01-17,470.1800842285156,474.6623680645578,464.2799533281715,464.691600755031,17422211
2022-01-18,463.5939025878906,473.33598328973244,461.9473686777639,470.1800940601399,12592506
2022-01-19,471.82659912109375,473.51891495637545,457.6480173850423,461.94734043264435,16079457
2022-01-20,467.8017272949219,474.8910462350493,464.691592299712,472.0095701312035,17724642
2022-01-21,459.8434753417969,464.2342511816986,455.5441518984944,462.22179597081833,16947941
2022-01-24,452.0223388671875,463.5938857626072,446.39664897657883,459.56900352713996,20233933
2022-01-25,470.774658203125,473.3816653316771,447.3113707192079,448.2261178985928,21791739
2022-01-27,483.8555603027344,485.59354654725604,460.3008190412504,460.6209582402638,35409230
2022-01-28,478.8244323730469,490.67041976372684,476.94921178187474,488.47500415393523,24715250
2022-01-31,492.4084777832031,494.7868543460979,482.11757029540365,483.9013387596382,28674232
2022-02-01,486.9198913574219,497.57671786896583,475.6685127040387,497.57671786896583,32245356
2022-02-02,493.7805480957031,497.8511844727147,486.0509227652862,490.89912779394075,21661864
2022-02-03,494.054931640625,498.2628021851724,491.35647211378875,491.35647211378875,22717677
2022-02-04,485.09039306640625,499.8178553946893,482.34615166965295,495.93018008262214,25332894
2022-02-07,487.7889709472656,502.19624013136206,480.4709929489944,486.5540844927539,52289545
2022-02-08,486.0509033203125,491.8138553567655,474.75379771132225,489.8471265402949,26567546
2022-02-09,489.6184387207031,490.76187272051794,482.7578347218143,489.34402572709524,14856155
2022-02-10,494.4665832519531,497.5767460360815,488.8409215226681,491.3106942745925,18659370
2022-02-11,484.4500732421875,491.8595587317058,482.1632053438922,490.5331641843474,14607095
2022-02-14,458.6542663574219,471.6436605802897,457.0992127792638,471.0948345620402,26153332
2022-02-15,480.059326171875,481.93454679200465,454.7208451236285,459.20310088374214,23842951
2022-02-16,472.64990234375,482.9865348203373,470.18007366979805,481.6144139827795,19773807
2022-02-17,469.2196044921875,475.6685613206677,467.5730427227092,475.6685613206677,16408356
2022-02-18,471.36920166015625,476.49181926909193,466.6125331647754,466.6125331647754,15111223
2022-02-21,468.21337890625,473.3816952128393,461.6271876325928,467.9389379855899,16866932
2022-02-22,455.90997314453125,462.22172288483523,453.2572119975476,458.1968410153564,27108772
2022-02-23,456.1844482421875,462.2675116515027,454.8580536113119,460.117850108577,13899433
2022-02-24,432.355224609375,446.35087242193543,428.1016560459381,439.07862158557754,32356037
2022-02-25,441.77716064453125,449.96413113557287,438.43831111317127,439.0786453039202,21792287
2022-02-28,442.005859375,443.92680616738363,432.7669070473986,436.2429352502415,18069367
2022-03-02,433.81884765625,438.8956833101287,427.1869306388376,437.2491495618081,22003848
2022-03-03,427.5528259277344,442.18878079331955,424.99154499260436,439.07864596755644,20358590
2022-03-04,422.5675048828125,430.7544760513815,418.63407494359245,421.0581495819761,20684268
2022-03-07,402.7631530761719,415.24947382337933,396.49715752319395,409.34934362599853,33720472
2022-03-08,402.7631530761719,404.40971467156214,388.7675330526243,400.65924582835163,42510207
2022-03-09,413.1913146972656,415.569635045953,401.1623668798871,404.3182558349919,32331325
2022-03-10,428.7420349121094,436.0142585909613,422.293050235539,429.83971483102124,34553299
2022-03-11,430.2513732910156,434.32198179141335,422.6132281939466,426.63811049833384,22091309
2022-03-14,443.7895812988281,444.5671219718702,430.4342671132074,430.8459145036026,27750689
2022-03-15,444.4299621582031,448.68353133693876,439.67326523660074,447.3114104460001,27204899
2022-03-16,450.74169921875,452.15954626404897,447.6772904039518,450.97038602708017,16211288
2022-03-17,459.1116027832031,460.5752038503103,455.8185073611792,456.45884155174747,22947673
2022-03-21,448.7749938964844,459.20310667199715,447.31139275419645,459.20310667199715,19064060
2022-03-22,451.6106872558594,453.5316339727658,436.56308520097156,448.7749654566082,26157969
2022-03-23,448.82073974609375,459.5690201040249,447.4943729620845,456.0015113556305,15800195
2022-03-24,445.5733642578125,452.6169009096352,442.28026877271157,443.65238956518124,18174877
2022-03-25,448.8664855957031,451.2448061069364,445.11601629710134,449.82695903940345,11541196
2022-03-28,455.0867614746094,456.09298904295355,440.86245275969105,449.0951780929001,16738684
2022-03-29,452.79986572265625,458.6542422417551,449.78121111751955,457.3736017400568,14301429
2022-03-30,452.1595458984375,457.7395096003556,450.3300514332755,456.7332820613425,16461225
2022-03-31,451.47344970703125,455.13243834748005,450.2385633735741,452.1595100771154,10240982
2022-04-01,464.87457275390625,466.29241985292714,449.1409085782977,449.1409085782977,18527226
2022-04-04,468.71649169921875,471.0033597191569,462.86208723548157,465.8807418554522,16257176
2022-04-05,465.97222900390625,472.3754874696574,464.41717547702837,470.54599302683414,13602384
2022-04-06,470.1343688964844,471.2778029798829,462.8621169597213,463.7768642264401,13738275
2022-04-07,471.0490417480469,475.5770511693298,466.5667585165277,466.5667585165277,19620958
2022-04-08,472.1010437011719,475.21120675178236,468.67074143876727,475.21120675178236,13572638
2022-04-11,471.0033874511719,477.4980706774985,469.44830593970516,469.72271895190704,12370288
2022-04-12,469.12811279296875,472.64992326429416,461.35278895185803,469.036660399113,14460680
2022-04-13,473.5646667480469,476.4918691407067,469.9514039117203,470.4545037373942,15440525
2022-04-18,466.063720703125,471.09483054388494,461.03261086236506,468.35058881256134,14492183
2022-04-19,468.1676025390625,476.5375616935719,462.03881309118987,469.4939971361894,20362934
2022-04-20,465.8807678222656,469.9056780943888,463.7768602930047,468.3505965878075,11881305
2022-04-21,472.2839660644531,473.83904746379,468.53352489405654,469.6312326954554,10035638
2022-04-22,457.9224548339844,469.7226881547967,456.45885372783556,469.1738621663764,16760456
2022-04-25,452.5711669921875,456.64180310672134,448.2718440828117,452.7998537870294,14057444
2022-04-26,462.40472412109375,464.60011188686263,455.955767324922,456.45886713437346,12137213
2022-04-27,454.8580627441406,459.9348987336095,449.91843325679,457.373617641167,12367342
2022-04-28,464.2342224121094,466.52109050280944,454.1720028130292,456.5960774059972,12154792
2022-04-29,453.9890441894531,468.80796064849517,451.88513670313483,464.78307837439434,12894773
2022-05-02,449.1408996582031,452.7998886574553,440.2678401686684,450.65022703722053,18590895
2022-05-04,438.75848388671875,454.12625342075836,436.79178301235004,450.0556172608926,14645323
2022-05-05,439.0786437988281,451.8851042429606,437.84372952997023,443.6523796717326,14130385
2022-05-06,442.69189453125,444.65859532112023,430.84590776912756,430.84590776912756,16710020
2022-05-09,435.32818603515625,442.4632309305549,433.4072113357847,436.42589383933114,13544947
2022-05-10,434.6878967285156,441.41126656518384,433.13281526449146,436.3344305832364,10884328
2022-05-11,435.92279052734375,438.1639324546815,424.12255659347113,434.7336302694935,14771351
2022-05-12,423.2077941894531,432.6754334647198,417.4448978910489,432.6754334647198,18947096
2022-05-13,406.7424011230469,436.33448329892656,402.26014471845485,429.4281520147374,61403008
2022-05-16,416.2099914550781,422.15584847586496,401.43682920968183,407.0625191154061,27940958
2022-05-17,427.46136474609375,429.6110262963001,417.261938826114,419.2286397659697,16880698
2022-05-18,418.9542541503906,428.650580899491,418.13098718174103,428.01024663727935,15644497
2022-05-19,409.3493957519531,411.6362638846456,406.5594277964166,410.76724282787416,14201420
2022-05-20,422.9791259765625,424.44272717067,415.43246110768746,416.0727953538191,13596860
2022-05-23,421.6069641113281,431.2118093744921,420.3263236594132,423.6194190471002,13499415
2022-05-24,422.6589660644531,427.0040156085421,420.9667059431366,422.9791331929813,17175179
2022-05-25,421.8692932128906,431.48468563956214,419.9647793082008,428.27954538016223,12728644
2022-05-26,435.6188049316406,436.7336436826211,420.3828359935606,424.4240910264561,17055257
2022-05-27,435.6653137207031,441.2858910982905,434.3182191335806,437.9414028849238,10977001
2022-05-30,440.91424560546875,443.0509867972028,437.662665664944,439.42780339092343,9365470
2022-05-31,434.8756103515625,442.58648881837377,431.99563378932805,440.3568396046054,15441579
2022-06-01,435.0614013671875,438.4987973480269,431.7169416957556,434.78270584507754,9424008
2022-06-02,436.50140380859375,438.82396099779396,433.0640078279661,433.7607749847262,9370989
2022-06-03,431.5311279296875,441.7503796137059,430.6021050493222,439.66007813288394,11306291
2022-06-06,430.7879333496094,432.5530712027392,424.0989570780838,431.25244480314507,10661432
2022-06-07,430.50921630859375,432.8782417701939,427.81505550557466,429.0692421203595,7672515
2022-06-08,437.8484802246094,441.7968275387451,430.32341743653836,433.48208961754125,17168871
2022-06-09,433.8072204589844,437.47684361514746,429.62661773699557,435.66526611320165,12635601
2022-06-10,429.0692138671875,431.20595510609974,426.0498895700351,429.2085616259813,8621104
2022-06-13,414.2048645019531,421.82283525019136,410.72102863648564,421.77639544593,13426836
2022-06-14,416.295166015625,417.3635366773815,411.88230725275895,413.41518936323826,11351101
2022-06-15,419.314453125,423.12345233593726,416.7596403843322,417.0848040398134,9920926
2022-06-16,410.2565002441406,425.2602137481273,408.9094057578501,422.84474864418956,10780703
2022-06-17,409.6990966796875,415.78418530109855,406.2152608235677,408.77007378472223,14326050
2022-06-20,403.84625244140625,411.97520254407925,400.1301609658986,410.16359660915805,12368534
2022-06-21,418.7570495605469,422.6589568704408,406.54040475559736,408.30554249996754,13801891
2022-06-22,415.8770751953125,419.1751233400902,413.0900066314862,416.8990060056877,11066447
2022-06-23,419.36090087890625,424.0524831934855,414.3441832542056,417.1312517514312,12229833
2022-06-24,422.0086364746094,427.67568162206436,421.0331738068587,423.44861057491323,10833364
2022-06-27,428.4653625488281,431.85629038223016,425.5389178027619,427.30408395166796,9509175
2022-06-28,431.29888916015625,432.6924235354718,425.4924959296749,426.3286108845583,13261290
2022-06-29,426.5144348144531,429.8589230482941,425.4925039164003,427.35054978503086,11800876
2022-06-30,432.831787109375,435.9904594718032,426.0499309091165,426.42153441913206,16926328
2022-07-01,433.7143249511719,435.5259025050999,427.86146396152674,430.4627449629893,9405495
2022-07-04,439.8459167480469,440.4962157869446,433.71435975090793,433.71435975090793,9186358
2022-07-05,438.6381530761719,445.9309884534772,437.5697824199745,441.4252217540061,12003244
2022-07-06,445.8845520019531,446.8600147059179,440.26394644847693,441.4252250729725,12059857
2022-07-07,452.201904296875,453.59543867067123,447.4174419504805,449.6470912782486,11497832
2022-07-08,453.87408447265625,455.12827094195427,450.7154125751279,454.2921560795977,9057231
2022-07-11,453.5489807128906,456.4289289555805,450.5760961604987,450.5760961604987,7704792
2022-07-12,450.5296630859375,456.475403927994,448.810965064402,450.57610288995386,7364457
2022-07-13,451.96966552734375,457.4973634247652,450.1580594328193,453.130944215749,8208853
2022-07-14,445.32708740234375,454.1992438525771,442.95806223785206,452.0625027409425,9385630
2022-07-15,445.0948486328125,450.0186583477251,441.0071538041928,448.29996042218977,6945602
2022-07-18,455.4999084472656,456.6147472480962,447.8819378133518,450.1580268670489,9934786
2022-07-19,462.6069641113281,463.1643551697625,453.3631749213971,453.3631749213971,11724183
2022-07-20,472.50103759765625,474.3590833386211,464.8830387190893,465.4404581116844,19280117
2022-07-21,475.7061767578125,476.9603917266901,470.7823666026297,473.6158751794091,13814893
2022-07-22,477.23907470703125,483.27772355243076,474.9165174588007,477.0068189822082,14699129
2022-07-25,481.0480041503906,482.16284287336737,473.01196243947317,476.9603377702131,10229778
2022-07-26,477.7035827636719,483.8351111742268,476.6816235598744,480.95516288809955,8862656
2022-07-27,490.7098693847656,492.33565933474154,475.8919439286603,478.7254522151504,15101546
2022-07-28,494.6582336425781,499.3497877496615,491.9640446646601,495.35500078827533,12160734
2022-07-29,490.8492126464844,498.885283185348,489.3627987297617,497.07367724099106,11921058
2022-08-01,495.86590576171875,497.0271842295448,489.0376110521217,491.4994873820828,8295631
2022-08-02,503.623291015625,506.2246004960406,493.4040391236026,494.14730280546866,16845027
2022-08-03,502.4620361328125,507.61815882985996,496.7021392476007,503.4375555855905,24262125
2022-08-04,495.4014892578125,505.3884859939053,486.9938428810629,505.0633506418616,18072293
2022-08-05,493.35760498046875,504.3665604850358,491.45311935571334,497.5382080751771,21110734
2022-08-08,483.4635009765625,486.807960466485,477.3783561082888,486.807960466485,32566317
2022-08-10,478.1680603027344,486.3434498381033,476.96034196848444,484.5318439852017,16904151
2022-08-11,487.5047607421875,488.6660393528168,480.49064927459784,483.0919020217961,13862195
2022-08-12,493.0324401855469,494.05434264419563,487.8763746840825,488.3873259134069,12154012
2022-08-16,488.6195983886719,495.9588451685862,487.73701530607804,495.44789392173413,10721167
2022-08-17,490.6634826660156,492.8931036739318,487.1331501731273,491.31375335391226,12054183
2022-08-18,494.5653381347656,496.8414556724269,488.8518810905393,489.45571197812444,9013662
2022-08-19,483.4170227050781,495.7730721102587,481.6983530946415,494.24016170944896,11087222
2022-08-22,475.0093994140625,482.9990304092793,473.80168097962803,482.16288711456264,9676954
2022-08-23,484.8570861816406,486.80801163866346,472.1759006018143,472.1759006018143,8597965
2022-08-24,482.44158935546875,485.87898548825365,475.9384289378439,482.16289382103946,11930650
2022-08-25,483.4635009765625,490.8027472747405,481.6983349272375,484.9034750151943,15473450
2022-08-26,486.6221923828125,491.9176343481351,485.13577839745057,486.6221923828125,12855886
2022-08-29,478.3074035644531,480.3048254229665,472.64038671940847,475.0093837053515,9421339
2022-08-30,493.5434265136719,494.70470516429225,481.1874330116826,481.4196887418067,14835308
2022-09-01,495.4479064941406,502.50851463100315,485.18221468066645,485.18221468066645,16670228
2022-09-02,498.6065979003906,499.67494020526334,493.5434117940799,498.88529342761575,10017930
2022-09-05,500.650390625,502.41549985626574,498.2348974147237,498.8852246906846,7819994
2022-09-06,499.6285095214844,504.1807444604695,496.19111341480766,499.81432544404555,8657868
2022-09-07,495.0298156738281,499.30335491557975,493.8220972783756,496.46984649081065,8445359
2022-09-08,505.9923095703125,507.5251632256435,497.4917279520944,497.95623936941655,12240707
2022-09-09,514.0748291015625,517.4657855661197,509.1045789770801,510.6374895329618,18587927
2022-09-12,515.5147705078125,518.9521094794106,512.1238146322019,515.5147705078125,9677415
2022-09-13,518.3948364257812,520.2528824344759,514.4464886573053,520.2528824344759,16707275
2022-09-14,531.1688232421875,534.0487714434327,510.2658087726655,510.96257592164955,21632641
2022-09-15,531.54052734375,537.4398006593908,527.5921796293119,531.9121025185649,12749947
2022-09-16,521.925048828125,533.2591394390437,520.5315144916118,528.7069045918777,14739280
2022-09-19,531.6333618164062,533.6307837600242,519.8347594839756,520.903158514852,11194003
2022-09-20,533.3056030273438,536.928815145089,532.1907641678022,536.928815145089,8484017
2022-09-21,529.2643432617188,536.3248944309445,525.2695562395763,534.1881531589202,9392526
2022-09-22,527.03466796875,533.2591325992832,522.1108580501693,526.5237167258603,11869435
2022-09-23,511.51995849609375,527.6849787662827,510.49805604238094,524.7120943058618,12563239
2022-09-26,504.73809814453125,510.0335396785257,495.16917422341385,507.0606552468925,16158750
2022-09-27,498.4207763671875,511.7987285538855,495.3550121961274,505.89939922928977,11066799
2022-09-28,487.5976257324219,501.486528839793,483.4170228594841,495.07630512312164,12233485
2022-09-29,484.71771240234375,497.67759358102506,482.6738506213195,491.45312862643,17310168
2022-09-30,492.93951416015625,498.7924036275781,479.5151789961069,486.8079858742602,17466950
2022-10-03,482.8596496582031,493.91504478951293,481.6983710394965,490.1524567024575,9351162
2022-10-04,494.8905029296875,497.7704511963268,490.3382681050698,495.16919845499825,8745887
2022-10-06,499.16400146484375,503.3446045871675,496.6556282508377,496.6556282508377,9507322
2022-10-07,492.56793212890625,497.5846215553129,489.17697600581823,497.4917419504565,11065307
2022-10-10,493.0789489746094,496.00539405672015,485.1358137985325,488.38739424396096,9649292
2022-10-11,489.9667053222656,495.81953831354355,488.20153911237713,493.0789093889518,10825440
2022-10-12,495.9123840332031,497.0272227894165,488.66601717239826,492.3821085577397,8522604
2022-10-13,484.43902587890625,495.9124365653068,483.2777471979726,495.1692295501213,12972765
2022-10-14,489.7809143066406,496.8879059063708,488.66607541754723,492.56798317784336,8545479
2022-10-17,505.0633850097656,506.0388478353349,486.99387601939617,489.0377379939148,13485349
2022-10-18,522.5289306640625,523.5043933483238,507.94326009440294,508.26839542147115,20440781
2022-10-19,514.121337890625,523.4580074640971,512.4026113622147,523.039935784048,9540583
2022-10-20,515.9793701171875,517.2799682278867,506.5962042820574,512.8206693998048,11225588
2022-10-21,521.04248046875,525.6411552498403,517.6980206478074,517.6980206478074,11767639
2022-10-24,530.0076293945312,531.8656754222071,525.7341462121028,526.7560488460986,3692065
2022-10-25,537.4862060546875,544.5932541668578,527.6850254611185,531.8656286557928,19899324
2022-10-27,538.5081176757812,543.478367241986,536.6035754708655,542.5029045901114,13613533
2022-10-28,530.2398071289062,541.2952020481209,526.7559713396231,538.7868289392258,10043644
2022-10-31,533.0733642578125,536.4643207503551,528.056674284823,534.1417633453428,9894639
2022-11-01,535.953369140625,544.1751996682159,533.8165709668451,535.4423611493793,12069579
2022-11-02,533.1197509765625,537.8578016328036,529.4501560045153,535.0242932214652,10241440
2022-11-03,543.385498046875,546.2190064529988,527.684988900138,528.6140117679199,17557998
2022-11-04,551.7931518554688,554.5802205002109,539.2049031506616,544.4074086062908,25759031
2022-11-07,570.5594482421875,578.5025828570365,564.5672390755263,569.4910492043815,44265903
2022-11-09,571.860107421875,576.9232942108765,567.2149923316103,576.9232942108765,18939854
2022-11-10,562.755615234375,571.4419565687384,559.4575953177317,569.5839107900034,11618405
2022-11-11,558.6214599609375,575.5761279324214,556.0202071744174,573.4393865971748,15525267
2022-11-14,550.4925537109375,561.0834383305436,549.6564670534292,561.0834383305436,12957268
2022-11-15,558.2034301757812,559.3647088910534,550.5854871660459,552.1183410483677,10286417
2022-11-16,557.181396484375,560.6652318104549,553.6975611582951,557.367212375709,11555749
2022-11-17,556.5310668945312,559.9684624091999,553.836934942098,556.5775066914088,8167131
2022-11-18,559.9220581054688,562.7555663311978,554.76599285815,558.3427079901772,12933675
2022-11-21,555.6484985351562,559.3645896317379,553.0936859062563,559.3645896317379,7412419
2022-11-22,556.5775756835938,558.0640462892758,553.8370035945674,555.6950493243781,8048595
2022-11-23,564.5208129882812,566.3323623614517,558.3427877471263,558.8537390242528,12435924
2022-11-24,566.1000366210938,567.911642473298,562.8020169277778,566.4716684328985,8960032
2022-11-25,564.2885131835938,570.1413459163525,563.2201142032641,567.2149011984452,9994513
2022-11-28,565.4032592773438,567.5400571020017,559.596866716974,562.6161908483663,7934274
2022-11-29,565.3568725585938,568.3761969734692,564.0097780174993,564.0097780174993,6942919
2022-11-30,559.6898803710938,568.0046470072868,555.9273488125881,565.3104578057068,15606230
2022-12-01,564.9387817382812,566.518131949988,558.8536933108481,564.7065260219437,14209313
2022-12-02,564.4278564453125,566.3323420662039,561.3620921893583,564.3814166405217,7533838
2022-12-05,573.4857788085938,574.1361061270183,564.4278062604734,565.3103892852598,11585602
2022-12-06,565.7284545898438,575.8083294523524,564.6600556712689,571.1167755767569,12996244
2022-12-07,563.96337890625,569.3981972670116,561.5943816888696,567.4936548285287,7613892
2022-12-08,568.2368774414062,570.2342426474543,564.0562744063031,566.471711256473,10020015
2022-12-09,572.7426147460938,574.1361490885416,565.8678226421276,570.7916893478897,11202267
2022-12-12,569.5374145507812,574.786416036808,567.6329291569044,571.1632044460752,9285187
2022-12-13,572.9749145507812,573.5788021601909,569.0265669434187,569.9555899098569,7455415
2022-12-14,581.103759765625,582.2650382623589,573.6715773865283,574.6006001839154,14010673
2022-12-15,572.2316284179688,584.8663163337957,570.6987180540169,581.1502249817225,10622271
2022-12-16,560.5259399414062,571.9064703833176,559.3646613248847,568.5620106489584,9435071
2022-12-19,561.5479125976562,566.239466980178,560.2008180296101,561.1298409450822,8322012
2022-12-20,561.5479125976562,563.4523982337621,556.99567763062,560.2008180296101,6753785
2022-12-21,551.2821655273438,565.9142749810452,547.7518334395638,562.8949508080592,9217253
2022-12-22,551.2821655273438,556.484670651883,545.8473479941371,554.6266250069685,8740149
2022-12-23,533.2591552734375,548.7738493545831,530.9365979769505,548.1235219709549,13047046
2022-12-26,554.7195434570312,558.993082761458,530.1933732483348,533.2591374365397,13201587
2022-12-27,559.1788940429688,560.2936761363036,551.1892632547101,557.7853597232435,9638618
2022-12-28,558.38916015625,563.9168573306621,556.0666030832242,558.2498407537006,7988631
2022-12-29,568.376220703125,574.1361742448994,554.7660687173757,557.413761402815,20130392
2022-12-30,570.141357421875,576.5051415202785,567.9581196143295,571.5813315569454,13052895
2023-01-02,568.7478637695312,575.2510244474183,567.8188408155474,571.3026768929869,6726084
2023-01-03,568.9336547851562,572.8355056585625,566.7039771120167,570.8845802218594,6818062
2023-01-04,562.24462890625,571.302601512438,561.1297901679545,568.4225967132537,7011191
2023-01-05,562.1516723632812,568.1903205500095,559.225284571544,563.9168383606225,8241475
2023-01-06,558.0176391601562,564.3349836708002,554.6266828234792,564.2885438654469,7972036
2023-01-09,564.5671997070312,565.7749180766002,557.5065919949155,562.0588266606619,8878905
2023-01-10,552.9080200195312,565.7749649315789,548.6809203213877,565.2640136601837,10622660
2023-01-11,554.3479614257812,556.9492141378572,550.2137982871492,554.1157057067913,7419630
2023-01-12,552.6757202148438,555.4627887853612,548.2163651395716,555.4627887853612,8183715
2023-01-13,557.5066528320312,560.1079624694962,551.5145001323897,555.4628476926819,7877610
2023-01-16,560.2008056640625,563.0807539572319,557.9711280349228,560.2008056640625,5483191
2023-01-17,550.8640747070312,562.9878107767116,544.4537947743928,560.2007424065299,13461999
2023-01-18,549.4705810546875,554.7660226892714,545.8938090272761,553.6047441160317,11538075
2023-01-19,547.9840698242188,549.7492358058721,545.8473287485155,549.0524687135959,7475688
2023-01-20,550.1673583984375,554.2550250301911,548.8667036910736,551.6537723185195,6750607
2023-01-23,557.831787109375,559.0395054856419,550.8641156658481,556.0201811934469,6604469
2023-01-24,552.1647338867188,561.6872185419243,550.9570154661823,560.6653160406374,7609623
2023-01-25,528.3353271484375,553.5582645072653,527.1276087360154,553.5582645072653,25686294
2023-01-27,501.6259460449219,528.1959793550734,494.4724580912472,527.6850280804667,40163464
2023-01-30,500.0001220703125,515.0038074618653,487.92282470969167,497.95626040713466,40797825
2023-01-31,514.2141723632812,517.4657524956598,499.67494137585163,506.3174777560764,21911943
2023-02-01,489.920166015625,524.8978981961093,463.9075551645127,521.5534386941342,38218810
2023-02-02,490.6169128417969,494.8440118998063,466.8339520930055,483.2776668207723,39287056
2023-02-03,505.57427978515625,507.2000698803014,482.30226719240557,497.95628057015045,32317232
2023-02-06,506.6890869140625,519.1379591275065,498.46720063982644,519.1379591275065,25338586
2023-02-07,508.2684326171875,512.2632766595542,502.64785511744986,509.10457595234817,16195947
2023-02-08,510.7303161621094,515.1431747374072,506.7819690157902,510.9625718765987,15502847
2023-02-09,511.705810546875,512.8206493861524,504.27362722243805,512.8206493861524,15061047
2023-02-10,513.7960815429688,517.6979888967993,507.710993148678,507.710993148678,13824475
2023-02-13,499.3498229980469,517.3728904535258,495.4479153661014,514.6787012854288,18488732
2023-02-14,502.4620361328125,505.94587216970376,493.0789270880096,501.6259495057949,18559909
2023-02-15,503.7626953125,505.99237307671194,498.69950888760354,501.6723936721992,12796579
2023-02-16,501.76519775390625,508.0361017308311,500.27878393689315,508.0361017308311,12767016
2023-02-17,493.3111267089844,501.3471969345237,490.2918024871309,500.2787979901847,14192008
2023-02-20,487.8763427734375,496.0517320170632,485.089274392448,494.24012622880974,12570032
2023-02-21,486.2970275878906,491.4066533197849,485.3215649251401,489.68792700631445,10223218
2023-02-22,479.700927734375,484.8570499338609,476.12421242954093,483.7886509710897,14763050
2023-02-23,484.0208740234375,486.80794239593325,475.05580976221444,480.2583430611784,15535085
2023-02-24,484.0673522949219,490.05956111264493,480.86221207120434,486.99379699984996,12253035
2023-02-27,490.24542236328125,492.19634787828124,482.16291135259667,484.11383686759666,11048799
2023-02-28,485.69317626953125,490.94217850316005,484.06738614268016,489.8273396469931,15768010
2023-03-01,498.6065979003906,499.2569252659543,485.9718525366277,486.111228651769,13510198
2023-03-02,495.86590576171875,501.57941850464294,494.7046272938927,497.9097672057026,10376913
2023-03-03,521.3676147460938,524.247562789315,503.2981096666439,503.53036537022797,27656538
2023-03-06,521.8321533203125,527.5921064096759,519.3237802504061,524.80503782157,16162268
2023-03-08,524.712158203125,525.3624856178885,516.9548391426886,520.252859320986,12637578
2023-03-09,519.23095703125,525.5947416506116,518.394813682795,524.6657186870224,8993423
2023-03-10,508.5006408691406,515.5612486426553,506.31745982451406,513.8425223260048,11522371
2023-03-13,492.3821105957031,513.8890122586054,490.9421365185342,508.17549904877285,14373729
2023-03-14,488.1086730957031,494.9834087980147,483.09192656172274,490.19897470101824,14750800
2023-03-15,480.8157653808594,494.24015692362525,478.957719678139,492.1962953100218,11282329
2023-03-16,487.2724914550781,491.7782296576636,477.79644691553125,481.6054746741917,20040008
2023-03-17,492.1963195800781,493.86854945437267,483.1847861369172,491.1279772701672,18787379
2023-03-20,482.34869384765625,489.2234291835881,478.4467863850695,489.2234291835881,14275315
2023-03-21,484.81060791015625,486.2970786646676,479.7939179592165,484.949984035069,29485180
2023-03-22,484.5318908691406,489.5950771058183,483.18479629930033,485.13577844622523,11619538
2023-03-23,476.3564758300781,484.020914495311,475.19519724443677,482.53450058691243,22097792
2023-03-24,469.4817199707031,478.4003453249582,467.7165821618938,477.9822736866617,14416984
2023-03-27,473.9410095214844,477.65712933781117,465.9514072018612,471.0145931632608,15674218
2023-03-28,472.03656005859375,475.42748810904595,468.08821257551915,475.1487925684998,15833599
2023-03-29,479.8403015136719,481.2338357871869,470.36425711315877,472.87263014609675,24203789
2023-03-31,486.57574462890625,487.64414364678476,482.4880211813495,483.69579631566717,17356345
2023-04-03,489.36279296875,490.98858297861295,485.04281397560624,487.50474724319236,14210949
2023-04-05,485.87896728515625,490.1524498611261,482.20931556065125,489.59505881314976,13574801
2023-04-06,490.19891357421875,495.8194902936909,484.62477665512847,486.807957600551,25125879
2023-04-10,488.94476318359375,492.7537912687955,487.17965361508993,491.6853922039444,17335453
2023-04-11,494.3330383300781,497.6775546290033,489.73442056152066,493.1717597616434,26414406
2023-04-12,490.7098693847656,496.09819044978934,488.6660078213281,495.35498352755394,21292441
2023-04-13,495.122802734375,496.33052125362167,489.73448085407773,491.7318462158536,28597560
2023-04-17,505.38848876953125,506.3175117268282,490.5241214527803,490.5241214527803,32476990
2023-04-18,507.10711669921875,509.56905001405534,502.1368669691831,506.6426052589142,22283456
2023-04-19,501.9510498046875,508.6400258690563,500.0465642447845,505.3884457950075,21156372
2023-04-20,506.1316223144531,506.73550983024813,498.5601203335523,502.78716283495805,25588577
2023-04-21,504.5987854003906,507.6181096733121,501.39364521621684,506.31745499760086,22599418
2023-04-24,515.236083984375,516.1186670908221,504.9239523489952,505.2026478818052,23335611
2023-04-25,521.925048828125,527.592122485113,515.6077045098767,515.6077045098767,38142390
2023-04-26,526.1520385742188,526.7559260736897,516.9547469026996,522.1108120871492,23143882
2023-04-27,524.6657104492188,527.1276439453,521.2747540041349,524.8979661864694,17845169
2023-04-28,537.2539672851562,539.2513893335699,525.3624847187829,527.499226189582,16183423
2023-05-02,534.466796875,539.6228619911891,532.4694319090614,538.833215305152,13667511
2023-05-03,530.0076293945312,534.1882329568019,528.6140948737743,530.1470055278329,9699527
2023-05-04,538.8333129882812,539.5765200104115,528.1495490238584,529.7288993852984,12533761
2023-05-05,535.5816650390625,546.4976833637962,534.2345705860378,539.0190608734192,18163461
2023-05-08,542.1776733398438,545.8937644708997,536.3712809475688,536.6500331448386,12990869
2023-05-09,532.7946166992188,544.8254742233607,531.4939619981551,543.4783797193426,18959065
2023-05-10,531.5868530273438,534.188105504844,523.2720876967015,534.188105504844,18561315
2023-05-11,532.7482299804688,538.8333190533032,531.4011353422231,531.5869512756125,16016715
2023-05-12,537.1145629882812,539.5299996252273,530.9829783895638,533.9094229370257,11319335
2023-05-15,540.5984497070312,542.5493751212783,533.8630336631455,537.6720048826024,11410243
2023-05-16,544.6860961914062,548.495123972205,540.6913091994442,542.5493549355248,22178229
2023-05-17,544.6860961914062,548.5880035777866,538.3687520293435,544.4074006716053,23739774
2023-05-18,533.4448852539062,551.7466451422207,530.843632841543,548.4021291522823,45656620
2023-05-19,534.3275146484375,544.6396455981572,529.450144687857,537.9042299383079,42293962
2023-05-22,536.185546875,539.1119347559843,532.7481510771131,536.5106821829805,21484049
2023-05-23,540.3196411132812,542.2706230270803,535.8603429865368,537.8113249003358,16120548
2023-05-24,541.3416137695312,543.7106106427419,537.2074508400949,538.647424884356,17616658
2023-05-25,539.9945068359375,541.5274171494668,536.046159904234,540.6912739415322,16479436
2023-05-26,544.4073486328125,546.033138496477,539.3441631453613,539.9944904314373,9788076
2023-05-29,552.7685546875,554.0692092621026,546.3118350190275,548.1234407825631,18432231
2023-05-30,550.7247314453125,553.2331044686529,549.5170130868315,552.7685930459252,15031640
2023-05-31,549.162109375,553.8501481082919,546.936503435379,552.9030719118671,28797643
2023-06-01,551.9086303710938,555.3654814653645,550.251247096706,551.0088964611522,17820226
2023-06-02,556.1231689453125,557.7332100831975,552.1454372531686,553.7554783910537,11323908
2023-06-05,556.1231689453125,558.5855439997637,554.9866659182792,557.354356472538,12920507
2023-06-06,554.3710327148438,557.7331994819402,552.1454267581223,556.8808077766311,11199940
2023-06-07,558.0172729492188,559.3431448615423,554.9866177418588,556.8807700208413,11113781
2023-06-08,557.3543701171875,562.515947212822,555.3181330686974,558.7276422332659,15971917
2023-06-09,548.072998046875,557.9225556560352,546.2261879311128,556.8807949778836,18870272
2023-06-12,548.025634765625,550.7247786585704,547.1259008663296,549.3041644401906,8786066
2023-06-13,545.8947143554688,550.6300950913596,543.8584775170594,548.783285043374,12612098
2023-06-14,546.0367431640625,547.9308954655977,544.8055557290528,546.462938992896,8948696
2023-06-15,536.5186157226562,546.1788035949786,535.3347705864633,545.5158387577229,17934877
2023-06-16,541.0172119140625,544.284635958382,537.039480808149,538.6495217087493,12660226
2023-06-19,538.7442626953125,542.4378829249408,535.950434203992,541.0172686527673,17903691
2023-06-20,537.3710327148438,539.3125272688809,532.7776786865753,538.7442468937137,14549152
2023-06-21,536.3765258789062,539.3598387145792,535.7136188531458,537.3710020274224,14946871
2023-06-22,533.1565551757812,538.8863545906687,531.3570872845204,536.3765795536382,14979063
2023-06-23,525.2484130859375,532.3514842571589,524.4907637219954,532.256799763519,12215712
2023-06-26,527.5687866210938,528.9420586746129,525.1537538676326,526.5743681702502,8360264
2023-06-27,536.1397705078125,537.8918960196315,526.2428712590395,528.7052460586985,10694768
2023-06-28,539.6439819335938,543.6217133483505,538.4601367390198,541.9643300759469,18028934
2023-06-30,542.5325927734375,543.621753554977,540.0228754582851,543.621753554977,8718232
2023-07-03,554.4657592773438,555.3180931535118,543.5270409961187,544.0952635802307,15421985
2023-07-04,558.0646362304688,564.4100581652275,551.4351030041416,557.0702178075081,24799250
2023-07-05,559.3431396484375,562.279110336461,557.0701916178066,558.5854903048938,13598114
2023-07-06,561.142578125,562.0896542062237,557.922496326865,559.153741476405,11323509
2023-07-07,562.1843872070312,563.9838550386189,554.5130934090871,558.7749361423764,11707209
2023-07-10,561.2372436523438,568.0562027677943,559.0116380586246,563.1787957972151,11417363
2023-07-11,557.401611328125,564.4099973918707,556.2651084792831,563.5102635613317,13221177
2023-07-12,558.0646362304688,563.0367861502142,557.0702178075081,557.8278671866714,16029716
2023-07-13,554.6552124023438,566.3515806192413,552.4768908483136,563.4156674537284,20024503
2023-07-14,553.4713134765625,560.0061040903931,549.9671202346848,555.6969192600167,12190152
2023-07-17,569.2874755859375,570.9448589210546,553.2819226326304,555.933724407829,19378986
2023-07-18,561.0005493164062,572.0813521283934,557.5910982073067,571.1342759530944,25757209
2023-07-19,569.6189575195312,570.5186914159763,560.6690764111024,563.1788513109324,17556585
2023-07-20,577.7637329101562,578.4740399478636,567.0617851030194,569.5715597582258,34038351
2023-07-21,582.5465087890625,586.7136669141413,576.7693674749186,577.7164436119874,21040281
2023-07-24,584.9616088867188,588.9866825360349,581.7888690919402,582.4991762065254,11756364
2023-07-25,577.3375854492188,588.8919257906668,572.2234090326344,588.8919257906668,18503305
2023-07-26,582.5939331054688,583.7303782733334,576.9114760463759,579.610620027468,9999125
2023-07-27,583.9197998046875,588.3710693551636,580.6523754641814,583.7777730624562,17444742
2023-07-28,583.4462890625,587.0925671630472,581.1259407812325,583.7778004197922,11930586
2023-07-31,587.3766479492188,588.1342973187537,581.9783022582515,584.0145391310097,8605483
2023-08-01,579.468505859375,587.9921910123245,578.2846606992431,587.3766262120196,13493453
2023-08-02,566.7777099609375,578.189965532909,562.6578941967817,577.5743429390312,14977497
2023-08-03,559.2484741210938,569.0506892838814,554.0395552258084,567.0145102168711,27774877
2023-08-04,542.9586791992188,567.0144336055272,541.159269416028,563.32081394777,52725616
2023-08-07,537.8446044921875,546.46297490863,536.660759225921,546.46297490863,32736325
2023-08-08,542.769287109375,543.858447740975,538.3654179490715,540.7804504311654,25038671
2023-08-09,543.3849487304688,544.5687939346745,538.270714326323,544.5687939346745,15769111
2023-08-10,543.2902221679688,547.0311264796395,539.9280558044107,543.3849066549969,27325801
2023-08-11,543.7638549804688,548.3571516956642,541.7276179100518,544.9950425510931,18221179
2023-08-14,531.1202392578125,542.6745786718476,529.0366603790627,542.6272364301581,28084093
2023-08-16,535.4295043945312,536.4239806444865,524.6802126897423,529.2261668704698,15725767
2023-08-17,541.8696899414062,542.8167661745958,534.1509955189327,535.8083789270145,27910162
2023-08-18,542.6273193359375,544.805583030874,537.3710579967587,539.8334329901751,18253227
2023-08-21,541.4434204101562,545.0896402898765,540.543686550049,542.6272655405768,9380810
2023-08-22,538.4127807617188,544.0478953051733,537.4657046302118,542.2010852877467,14073413
2023-08-23,546.3682861328125,547.362704587704,536.0451323697911,540.7805133977928,18579297
2023-08-24,546.41552734375,551.1982497366639,545.089597779111,547.5520301413071,24131644
2023-08-25,539.7860717773438,544.8529061378787,537.1816123237163,543.4322918904455,12271885
2023-08-28,542.5325927734375,544.3794029745524,539.0757992325795,542.4852505231413,9711932
2023-08-29,544.4267578125,545.8000299325134,541.5855290696916,543.290312559334,13144855
2023-08-30,537.3710327148438,547.1259055366658,536.1397874711188,546.1788293829949,15281416
2023-08-31,531.6411743164062,540.1175174300328,529.7944220656501,539.1704412789,27898476
2023-09-01,539.4072265625,540.9699253809107,532.3514974630689,532.9197778538285,18121168
2023-09-04,545.0896606445312,545.8473099953048,538.3654431746227,541.727551909577,12108655
2023-09-05,542.6746215820312,547.6467712562122,541.11192284817,545.1369963939355,14444729
2023-09-06,540.3070068359375,543.8585428142632,537.9393161837204,543.8585428142632,20609936
2023-09-07,548.4044189453125,550.251228951145,537.9392393188474,537.9392393188474,12390597
2023-09-08,552.5715942382812,557.3543172604112,549.0200586567578,550.2512460973644,14032068
2023-09-11,560.385009765625,560.9532323744613,554.3710410982075,555.9337399799246,10946134
2023-09-12,557.212158203125,562.7999298928183,553.7080231418913,562.2317073977355,16093060
2023-09-13,564.8836059570312,566.3515624928049,552.5716154680572,557.2596541767706,19377172
2023-09-14,565.6885986328125,571.749909391221,563.6997617490858,566.7777593769611,13178911
2023-09-15,567.1091918945312,568.9086597168509,563.6997408474365,567.6300722204844,11756389
2023-09-18,571.9866943359375,576.2011950737599,565.451845299319,567.109228683467,19305055
2023-09-20,569.2874755859375,574.6858214384503,567.6774923043499,569.0507065380637,21314600
2023-09-21,557.0228881835938,574.4963977678915,553.7081214953073,568.2457179919575,23453425
2023-09-22,566.4935913085938,570.1398111649995,560.1008276451988,562.0896643296132,18784139
2023-09-25,562.6105346679688,569.6662630363052,559.2010838964593,569.6662630363052,9712784
2023-09-26,562.9420776367188,563.5103001956123,559.9587646901778,562.5632240608297,8327427
2023-09-27,558.5381469726562,562.8473317978076,557.0701905339704,562.0423402102848,9865347
2023-09-28,558.7276000976562,563.6997500083563,557.6857816238776,559.9587875621745,21960816
2023-09-29,566.8723754882812,568.2456473637309,560.0060739159695,561.4740302773386,12189735
2023-10-03,571.03955078125,572.8863607525196,558.3960500586644,565.0255828135226,15322196
2023-10-04,555.2234497070312,568.6719439730779,553.5187240237176,568.2457481010129,24914612
2023-10-05,560.8111572265625,562.8946784824502,556.0283764943421,558.7749204115613,13248028
2023-10-06,562.7999877929688,567.2512571455039,560.8584932959413,561.9949962079626,8216780
2023-10-09,554.1342163085938,557.8278363093581,550.7721076337612,556.8807601865917,9189597
2023-10-10,560.337646484375,563.5103285736951,554.7498738857847,555.9337191138808,10373508
2023-10-11,557.212158203125,565.404388970993,556.5018511818047,565.3097044901236,14220119
2023-10-12,555.0339965820312,561.6161877464566,554.0395781309901,559.5326085412145,11983797
2023-10-13,545.6578979492188,550.5353050008061,544.3793105785601,547.173196531182,19064577
2023-10-16,545.1844482421875,548.1203613972401,541.2540588138621,545.5159017966484,11290293
2023-10-17,545.9420166015625,549.2567828738186,544.8528559901324,547.1258616987968,10765224
2023-10-18,542.3432006835938,548.593880385168,539.2178030278637,547.173266107088,11777454
2023-10-19,540.9699096679688,543.6217113329951,536.9921782679586,539.6439799329851,11441499
2023-10-20,533.298583984375,539.8334328727063,532.3515077863527,539.7387483748817,11110988
2023-10-23,523.685791015625,536.0451237387181,521.8389808834517,533.2985796647226,11875035
2023-10-25,526.7637329101562,531.1202598029354,524.3013003927678,529.0366808435873,12134624
2023-10-26,518.0506591796875,523.6384316419934,514.4517813350399,522.2651596499072,19424825
2023-10-27,531.4517822265625,532.7303118530344,520.8918604785226,520.8918604785226,10415296
2023-10-30,535.2874145507812,536.7080286776119,527.047841054176,533.2038356037756,8593704
2023-10-31,535.6188354492188,539.3597973164387,533.3458876676318,536.9921072492025,13039696
2023-11-01,536.4239501953125,539.5019476582157,534.0088597881594,536.2818656519717,13575575
2023-11-02,541.8222045898438,544.9949441545303,537.5603622114079,540.8751285057469,11148516
2023-11-03,547.5520629882812,548.830592584147,543.1007938170342,545.5158262786344,11371371
2023-11-06,543.9531860351562,551.6718800975543,542.911425349224,551.1983420030499,16499138
2023-11-07,549.0673828125,550.4406547530965,542.2957654048678,544.3793444383654,17923281
2023-11-08,549.5882568359375,551.766520334941,548.3570694499737,551.1036132997641,15434808
2023-11-09,547.741455078125,551.0562215235307,545.9893873646721,550.2512299373365,12434363
2023-11-10,548.8306884765625,550.251302855708,544.9476989622101,547.2206472858747,6773038
2023-11-13,550.5827026367188,551.6718633429775,544.758218934174,550.2512491026093,11282362
2023-11-15,553.7554321289062,556.8807718384401,551.7665375465191,556.1704647315032,11397676
2023-11-16,553.7081298828125,556.8808120676829,552.0507465135635,553.7554721323736,8622660
2023-11-17,533.251220703125,544.0952543037619,532.3514867895021,544.0952543037619,37173221
2023-11-20,533.9141845703125,536.8027552939175,530.9308715478544,534.1509536100332,12714585
2023-11-21,531.7832641601562,536.6607295090693,531.3097260798711,536.045106882722,14280013
2023-11-22,529.3682250976562,534.6244861641455,525.7693472920832,533.1565296940364,14909071
2023-11-23,530.3153076171875,533.6774164258742,528.7526088304325,532.0200331450485,6376210
2023-11-24,530.694091796875,532.6829863733514,529.6523311651066,532.2094483034675,6529851
2023-11-28,534.5771484375,535.2874555553268,531.4044086282419,533.7720990209981,8153314
2023-11-29,538.5075073242188,538.8863609283957,535.1927406049756,537.9392847228976,10299034
2023-11-30,534.8612670898438,540.0228437781268,533.8195064246602,539.5966479405728,19758998
2023-12-01,541.4907836914062,543.8111317981642,536.5659761965393,536.992172021036,10614230
2023-12-04,563.2261962890625,564.4573837194087,553.6133502732071,556.880774541967,26077882
2023-12-05,576.0590209960938,578.9475914557199,563.5576052803208,563.5576052803208,36430152
2023-12-06,576.2484741210938,581.5047350018984,572.554854148129,581.5047350018984,21439069
2023-12-07,579.3264770507812,580.1314686348155,572.981055454185,577.7164360777733,10725706
2023-12-08,581.6468505859375,584.1565677433689,573.3125340795355,577.7164613742833,17722136
2023-12-11,581.7415771484375,587.0925809963234,580.6524163565841,582.4518843244429,11706255
2023-12-12,579.989501953125,585.2457634285711,578.474145313708,584.34602945594,14494836
2023-12-13,587.0451049804688,587.6607275753272,579.2791271049712,581.9309286579414,13977914
2023-12-14,590.6441040039062,594.5270933594653,589.4602587363645,592.8697099849069,15813797
2023-12-15,613.942138671875,615.5995220003375,587.0451518194214,594.7638458710953,29813572
2023-12-18,614.1788330078125,620.9504500480689,608.4016920876163,612.426765395686,16221796
2023-12-19,620.7137451171875,624.6914187883696,606.3655180156144,614.178896420345,19964008
2023-12-20,602.7666625976562,625.4491492821084,600.3989720837247,623.8391081716461,22542056
2023-12-21,609.6802368164062,614.6050440767264,594.2902502559922,598.6941772244857,19915516
2023-12-22,603.0507202148438,615.0312562708087,601.5354215427969,610.6273291849556,14998068
2023-12-26,604.2819213867188,607.3599188509928,602.0089733268344,605.0395707400135,10153089
2023-12-27,614.2262573242188,615.0786490253292,605.1816911844077,606.8390745327218,14417646
2023-12-28,616.9254760742188,618.7248862187143,612.2847794498366,615.8363152935132,16982092
2023-12-29,608.0701904296875,615.220603329458,605.7025002108935,611.3376144926107,13221898
2024-01-01,607.4072265625,612.6635451004371,604.2345447863022,608.212275921118,8295548
2024-01-02,605.60791015625,613.7054004061756,600.3042485561921,607.4073203201524,15164482
2024-01-03,609.3961791992188,613.7053642545236,602.1510233047925,605.5131321806922,14571772
2024-01-04,608.7332153320312,612.1900665146259,604.8502261119448,608.4964462867835,13883388
2024-01-05,607.9755249023438,617.2568592884629,603.9977936497388,610.8640954983638,15984585
2024-01-08,593.8167114257812,610.8640811317845,591.9699014799768,606.1287006578947,14739531
2024-01-09,592.3014526367188,600.777738011181,591.4490609721083,598.5521321607245,13400235
2024-01-10,588.8446044921875,592.2067133106882,585.4824956736869,591.73317522907,12742464
2024-01-11,587.3766479492188,593.9588388441286,585.7666069108683,592.8696781345247,15533860
2024-01-12,600.0674438476562,602.8139878885283,588.2289916110394,590.7861088551372,16620797
2024-01-15,606.223388671875,611.337622735401,602.4350842707261,605.0869435954805,16844018
2024-01-16,603.1927490234375,610.769357293514,599.9253251459803,606.1286616061186,15025543
2024-01-17,592.8696899414062,603.0981011461799,590.0284613953612,590.9755375773763,30016308
2024-01-18,595.0479125976562,599.9253777209321,586.2874585176507,592.6802223057629,14695436
2024-01-19,594.5270385742188,601.8668785566165,591.6384679485856,599.499188239714,11675202
2024-01-23,573.07568359375,601.2985955791091,568.8612414971168,593.8166718075666,30954343
2024-01-24,585.5772094726562,589.4128565647261,571.1816395100639,577.6691462358584,19221835
2024-01-25,580.3209228515625,590.7861029633766,574.1649277499139,585.7666108260978,22684904
2024-01-29,589.9810791015625,596.1844161117133,583.0200349532757,586.240116875537,19572140
2024-01-30,593.5800170898438,599.9727815339705,591.1649843052737,592.3488295727046,16966577
2024-01-31,606.602294921875,609.1594121757427,589.0813855447404,593.248543869928,23270745
2024-02-01,613.3739013671875,618.3933934805597,599.7359814695897,608.7332050368398,26587707
2024-02-02,615.26806640625,625.5911621347344,612.4741801008781,617.493672317934,27471811
2024-02-05,608.922607421875,620.1454364049642,604.9448761274464,612.8529386660016,28339525
2024-02-06,615.8363037109375,620.334915694985,603.950508871969,610.3432732703525,14079390
2024-02-07,639.51318359375,642.0703008129436,620.3348911572103,620.3822334047071,41696232
2024-02-08,662.527099609375,680.8530575303441,642.591158500595,644.3906262816,74222434
2024-02-09,686.8670043945312,689.8029174512828,657.4603003588977,666.4101818840758,43235061
2024-02-12,670.4352416992188,687.5772971988666,667.215159609644,687.5772971988666,22873137
2024-02-13,675.6915283203125,680.0007134812453,664.9895787916939,671.0508318054963,23351472
2024-02-14,704.056396484375,708.8864614766698,668.209531384723,668.209531384723,36782182
2024-02-15,721.387939453125,723.5662031109259,702.3990735633622,708.1288729039719,33941282
2024-02-16,714.7583618164062,733.6051419871368,713.4797743669861,723.0452778952919,27365121
2024-02-19,719.0675659179688,724.5132537731262,710.3071115422806,718.5466855971592,13979584
2024-02-20,719.87255859375,723.092640626177,714.095417199918,718.878140197099,12528399
2024-02-21,730.6692504882812,736.3517073942173,719.3990211695317,720.3934973720231,21465311
2024-02-22,725.3656616210938,732.0898793051539,716.9366605873241,732.0898793051539,18799244
2024-02-23,718.8781127929688,729.7221458595922,715.0424660921377,725.3656188570327,14143636
2024-02-26,718.7361450195312,725.7918164039028,712.8642610698683,715.0425247498395,11355186
2024-02-27,710.1649780273438,722.003429070041,702.9198806721752,718.7360628262059,13969393
2024-02-28,703.2039794921875,716.6998134420376,701.7833653922032,710.1649654601358,11263318
2024-02-29,708.5076904296875,714.0007786982383,698.1372521616919,704.5300165868673,19217113
2024-03-01,728.443603515625,731.1427472715305,712.1538830776034,712.2012253214909,17348526
2024-03-04,731.1901245117188,735.8781629797205,728.3015538370722,733.415788130336,9789141
2024-03-05,742.4603881835938,745.3016167439201,728.3962721270127,728.7751257237001,18088847
2024-03-06,742.4130249023438,748.4742776430227,731.9951871429561,742.1762558623576,26710525
2024-03-07,746.3433227539062,751.4102146649448,741.5605999220379,748.1901327438186,15497868
2024-03-11,732.7528076171875,750.8419384368862,729.7694947090195,748.1901368545919,16778340
2024-03-12,719.4937744140625,736.5884876385131,717.2681107424115,729.2486473566764,21529705
2024-03-13,707.7025756835938,723.281988208107,703.67750248633,718.4992657346983,27950252
2024-03-14,701.8307495117188,711.0647417125944,695.2012166495516,710.2124078847078,19730882
2024-03-15,693.1650390625,707.0396696118478,684.7360384273795,700.1260254598068,29792241
2024-03-18,692.2653198242188,698.8475105936745,683.8836612570906,688.6190419826069,18145126
2024-03-19,685.4937133789062,695.4853553107556,682.983996236656,691.3655971347375,15205043
2024-03-20,697.2847900390625,699.8419071119082,681.7053763780509,686.7722682789549,25405455
2024-03-21,704.9087524414062,710.8753205031713,701.3572169516723,702.730488902024,15161161
2024-03-22,707.1817626953125,709.170599460014,702.1622707327812,704.4825610232863,15535921
2024-03-26,700.8837280273438,708.270910802939,699.4157714829856,703.7249566183376,14678342
2024-03-27,694.4909057617188,706.3766994815164,691.5549929179226,703.6775556672179,30088789
2024-03-28,712.53271484375,719.3516746513696,697.9004346418056,698.7054262433901,21705116
2024-04-01,718.1678466796875,721.1985019784711,712.2959628767208,718.8781538057333,9949971
2024-04-02,725.8391723632812,728.064778156646,713.4797825681824,718.0731365019557,15713063
2024-04-03,730.2430419921875,731.7109984397689,719.9199468084377,724.4185584476019,19136981
2024-04-04,719.1149291992188,734.2681480220336,717.9784262265191,733.9840367300943,15889530
2024-04-05,724.2764892578125,727.0703754749767,712.7694908570097,717.8363829672766,9939620
2024-04-08,727.6386108398438,729.2486518920224,721.4826157264696,725.507689454445,9797174
2024-04-09,723.7555541992188,731.5689318840728,720.8195836589176,727.7806275520223,7465892
2024-04-10,737.819580078125,739.3822786717687,723.2346436921654,725.9337872939853,14530669
2024-04-12,725.7444458007812,738.2458626040706,724.3238315687016,736.1149412559511,14408722
2024-04-15,717.4102172851562,722.9032476518954,709.1233005838425,719.58848097137,11356572
2024-04-16,711.9171752929688,714.9478306266623,705.003530747474,711.4909794514435,13338991
2024-04-18,705.38232421875,719.7305514049899,702.7305224873335,712.2486264937273,14589648
2024-04-19,710.7332763671875,712.2012327726861,693.3070528688593,695.6274008930026,10886554
2024-04-22,725.5549926757812,728.3015365467629,710.7332860753157,714.2374792815871,17452186
2024-04-23,732.08984375,736.5411130931677,725.0341150661952,729.580068899774,12292429
2024-04-24,732.1845703125,737.2988047972324,729.4380840784303,737.2988047972324,7842615
2024-04-25,769.6887817382812,771.2988227188599,728.9171659384565,729.8642420676275,36732974
2024-04-26,758.89208984375,773.6665121242601,756.6191418193988,772.7194359962122,14964358
2024-04-29,782.7584228515625,787.2570344771462,756.4297179512396,764.2904382833768,27302732
2024-04-30,782.5216674804688,790.666499233327,776.5077570611428,782.7584365175279,27449073
2024-05-02,786.1205444335938,789.7668222833302,781.3378214511536,783.1372892528356,19943724
2024-05-03,787.4464721679688,791.9450838558431,776.6024387488413,790.619154131125,22667634
2024-05-06,765.048095703125,791.755654460013,760.5021417839598,790.8085783183144,35283557
2024-05-07,759.4603881835938,771.5356091020818,751.2208141135195,769.0258341813609,16725013
2024-05-08,767.8893432617188,778.4966078740321,757.1873941548523,760.1233071452959,27908322
2024-05-09,776.4130249023438,795.2125213733023,761.0230372925254,768.9311579165353,49290254
2024-05-10,774.0926513671875,788.0146820325868,772.4352681404719,783.2319591393382,20543142
2024-05-13,765.9951782226562,776.4603581145727,756.33498993591,776.4603581145727,15398505
2024-05-14,774.897705078125,778.875436405395,765.1428324503737,769.9728976160259,10912462
2024-05-15,776.8865356445312,781.6219162809175,774.7556143581575,777.5495004946132,9755062
2024-05-16,768.978515625,782.4270089369695,755.1511687191949,781.6219595013043,20536990
2024-05-17,774.566162109375,778.9227468345998,768.26814075298,771.3934803092677,12492509
2024-05-21,786.6888427734375,792.0397884444491,776.2236048637419,777.5495346221023,14037801
2024-05-22,788.422119140625,796.0295133266376,783.414724155801,795.9331822307055,19239277
2024-05-23,801.277587890625,804.5516696610887,791.5517324493296,794.1517316465437,17497488
2024-05-24,797.9072265625,810.0886726083256,796.3665167870256,799.2553916967729,12252075
2024-05-27,802.818359375,808.3072335281287,792.5146936444445,801.7590699633794,12295193
2024-05-28,800.3628540039062,809.5590944673188,792.8035957117308,804.7443027300019,13818893
2024-05-29,792.1776733398438,803.5405695871641,788.9517277526038,797.7146835951445,14518232
2024-05-30,795.2590942382812,805.0331445629747,788.9517290829909,790.9739767920537,17818705
2024-05-31,799.5924072265625,804.0701868667423,786.8332096505334,799.9294778988177,22267336
2024-06-03,872.1032104492188,878.2179721623354,825.0145259321062,831.5626306363492,64269020
2024-06-04,746.4852905273438,863.7736004371982,704.8373437950039,863.7736004371982,122381193
2024-06-05,760.4962768554688,765.5518076607758,716.4890731382206,761.4592351040986,74256082
2024-06-06,786.6887817382812,802.4812623286783,766.5147939369629,770.3666270723245,40555649
2024-06-07,799.207275390625,800.699849042878,780.4777241722821,789.5295559574165,25061284
2024-06-10,800.9887084960938,814.1331129043821,798.4850404060916,803.2516957835098,16725508
2024-06-11,804.5997924804688,808.4997618244676,798.3405635563713,805.0331354685376,14754408
2024-06-12,808.0182495117188,814.2293420209461,802.1442276568479,805.9960606828112,15071442
2024-06-13,812.6405639648438,814.5664806385139,805.1294419180801,813.6997946256373,12523972
2024-06-14,808.1146240234375,818.4182896763856,804.1664596950984,813.6997704563229,12903496
2024-06-18,813.603515625,819.9590170862313,809.1257358857379,810.377569958488,14929083
2024-06-19,821.0181884765625,828.7218545519676,809.8478961769484,815.4330423267555,32925140
2024-06-20,812.4960327148438,821.4996689454273,811.1478676397271,821.4033966290509,13985352
2024-06-21,805.322021484375,816.6367816070117,797.9072307555297,813.6034982004232,18990090
2024-06-24,801.8554077148438,805.0331584274583,790.6369197366024,800.699845971808,12715254
2024-06-25,811.0516357421875,814.5182621448073,803.3961054308986,805.996104620019,20917530
2024-06-26,814.0367431640625,817.3589609223837,805.0331069252793,808.7404727237647,16281760
2024-06-27,812.73681640625,816.0108981811181,807.1998061049042,812.6405440846468,20378887
2024-06-28,817.5034790039062,831.9959899913704,812.736823556385,815.5294261991826,23636388
2024-07-01,810.7627563476562,818.9960380974777,808.8368397383734,817.888612537416,10967797
2024-07-02,795.5480346679688,814.9516094316318,792.6591597257975,812.7368170641629,21142840
2024-07-03,808.8368530273438,812.5923552125606,794.440614381567,798.292447663417,23598009
2024-07-04,808.2108764648438,813.6034781228886,803.3960850421123,811.7738338725269,13372587
2024-07-05,827.9033813476562,829.3478187678616,805.996080474543,806.9590387546798,24873722
2024-07-08,824.5330200195312,832.9589048956433,821.8848847727533,827.9033739699761,10359800
2024-07-09,829.3959350585938,837.7255474919629,824.2922680509901,828.0478287632818,13585081
2024-07-10,817.5515747070312,828.3848552906051,812.2553041995063,828.2403880397673,17343236
2024-07-11,824.9664306640625,826.5071405152041,818.273858372934,822.7516382126789,8501366
2024-07-12,827.855224609375,831.032975099971,823.6181847723751,824.9663498407772,11446064
2024-07-15,848.7033081054688,854.4810581363205,827.8552953420664,827.8552953420664,25392820
2024-07-16,848.0773315429688,855.2031872360685,841.9143753130872,849.6180412132858,11893692
2024-07-18,860.451416015625,861.7514450438412,844.9959463584611,848.0292886499858,19435183
2024-07-19,856.4069213867188,865.6994922830175,850.581035557251,861.8476591694113,14562742
2024-07-22,844.3218383789062,861.8476914572568,835.8478169663675,848.7996180509505,14614111
2024-07-23,831.8997192382812,851.7366371940136,817.647889030057,850.2921997086647,18279212
2024-07-24,820.4404907226562,835.8478238817672,815.8183025297853,832.1885940113407,19624845
2024-07-25,817.070068359375,819.2367244039343,810.0404849474438,816.1071101173486,9522375
2024-07-26,830.50341796875,832.23673119642,812.7368251429314,813.362771563015,12081506
2024-07-29,839.3143920898438,856.1661615632173,831.2255780072089,833.9699855260068,26582781
2024-07-30,840.469970703125,847.9328973347123,836.8107410128214,842.2996149354311,13528447
2024-07-31,840.0848388671875,842.5403707610664,835.8477988655185,841.4810813734941,11636874
2024-08-01,830.696044921875,848.7515140014297,827.6145664441017,845.2848286735671,11787203
2024-08-02,816.4441528320312,826.5070785961769,814.8071707781978,824.9663688604599,12609331
2024-08-05,781.5850830078125,800.5553134135039,770.3665959446458,799.25534329257,27676951
2024-08-06,768.15185546875,795.9331791962649,766.1778026885571,792.1776770526977,17900930
2024-08-07,778.6962890625,780.6703419145541,770.8962912047291,779.0333009734679,17692355
2024-08-08,778.1184692382812,787.507312985182,773.06293798995,781.9221664085547,14769069
2024-08-09,793.7665405273438,799.2072786074854,779.5629051443975,785.7739981345145,15320885
2024-08-12,782.4998779296875,792.5146675912324,781.1517715969126,790.2035442003192,16120449
2024-08-13,768.0073852539062,789.6258109801142,765.5999894887229,783.3665819906377,17585172
2024-08-14,773.2555541992188,779.1777715549281,770.7518860016988,771.2815013387534,11788665
2024-08-16,782.0184326171875,784.7147629479969,773.2555353649926,773.2555353649926,11427335
2024-08-19,783.5592041015625,794.8258283062914,782.4999146750221,784.8110381744631,10151482
2024-08-20,789.9146728515625,792.5146719871843,783.2221009869668,787.6517443817361,10347493
2024-08-21,785.3406372070312,790.588771746324,781.1517920723019,789.9146891751129,14607257
2024-08-22,789.9146728515625,793.3813579571615,786.8331945713555,788.662838830503,7832917
2024-08-23,785.1480102539062,791.5517063269808,784.3295192254573,791.0702271868793,5537747
2024-08-26,784.859130859375,792.9480038850295,783.6554330147424,787.6998695275697,8523795
2024-08-27,785.677734375,789.0962247326166,781.0073511539267,787.5073199593448,12833290
2024-08-28,779.41845703125,786.9295198766698,776.625854503473,784.5702603306938,10371300
2024-08-29,784.3295288085938,785.7739662465469,777.0592054590912,779.5628735084862,18247268
2024-08-30,785.3887939453125,790.2999167148297,784.1850960274376,786.8814263829273,8911426
2024-09-02,791.6961669921875,794.8257813768107,782.9332114506573,787.0257841074723,11813750
2024-09-03,794.2479858398438,795.3554113830713,786.159171468402,791.6961816359209,10548350
2024-09-04,786.2554321289062,788.325815931437,783.5110245528155,785.2443376942574,10789570
2024-09-05,788.422119140625,791.6962009160937,784.2332739868236,788.0369123055189,8395074
2024-09-06,753.514892578125,782.7888492947188,748.2186217676717,781.4406841241514,40220096
2024-09-09,755.2000732421875,759.0037704153561,742.4408753200211,755.9222919924988,21322103
2024-09-10,753.6593017578125,759.5814597612606,748.7000432350214,758.8111049121503,12824701
2024-09-11,740.1296997070312,758.811113576376,737.0482802754062,751.1555836071334,20060665
2024-09-12,758.5704345703125,760.6408185171384,744.1260594277486,746.2927156991332,17578964
2024-09-13,761.5555419921875,765.5518424151477,756.0185318111974,761.7000092457633,12950936
2024-09-16,756.451904296875,765.5518722692779,755.344537482079,761.5555716904744,9553736
2024-09-17,753.9000854492188,758.3296701716079,751.637098153009,756.5000258703583,10665630
2024-09-18,763.3851928710938,765.3111094724715,753.0333911386886,754.7667043250664,18324412
2024-09-19,760.6889038085938,771.6665929182252,755.0074264560737,765.5999675189145,10645478
2024-09-20,752.7445068359375,765.4073730812867,750.625986843672,765.4073730812867,21372244
2024-09-23,772.1480712890625,775.1814133728537,755.4407686844768,756.8852061006995,17309545
2024-09-24,768.6814575195312,774.4592072785255,766.9962805064912,769.6444158126969,15180653
2024-09-25,763.7222290039062,768.4407483367515,759.4852476109977,768.3444760133515,18465571
2024-09-26,772.1480712890625,773.2554968178902,762.277748944874,766.5147888755175,23198842
2024-09-27,772.91845703125,778.0702601200948,768.8740206569526,772.1480434176262,15193681
2024-09-30,758.71484375,772.8702832866289,757.3185425049131,772.1962595176911,15484573
2024-10-01,767.4296264648438,770.7036494096986,758.811137952777,758.811137952777,13280535
2024-10-03,764.6851806640625,774.2184915699847,755.2482008550121,760.6408027275493,15944135
2024-10-04,767.1407470703125,779.8517495092212,756.1629990283715,762.6629675013947,20097454
2024-10-07,742.1038208007812,774.2184558775194,737.0482898388944,770.3666227637009,24267990
2024-10-08,752.5037841796875,755.3445229531092,743.6445559601656,743.6445559601656,8560960
2024-10-09,767.8629760742188,774.5554892758929,753.0815308248506,757.5593104537433,18758697
2024-10-10,767.5740356445312,774.6518143977434,765.5518467289336,769.4036799200226,10241015
2024-10-11,770.1259155273438,772.9666543229133,763.6259468748779,767.6703835690523,14322720
2024-10-14,775.3258666992188,779.273972056262,771.136963002821,772.2925246699068,8967564
2024-10-15,774.8444213867188,777.5888290383062,771.9073515455158,775.6629124338771,6252104
2024-10-16,775.61474609375,779.0332361787332,772.3406644838936,773.0628831824524,6494240
2024-10-17,781.0072631835938,789.1442720079697,776.1443358614076,779.514689677183,18580553
2024-10-18,790.010986328125,792.1294474976112,773.1592166434322,781.0554274190987,11704698
2024-10-21,783.7999267578125,795.8369056109815,779.0332713770955,794.1517285715379,10359618
2024-10-22,761.1222534179688,786.5924530851014,758.329650876446,783.8480454773676,16645356
2024-10-23,756.8851928710938,763.2406938816622,750.9148399002006,760.7370259136948,13866198
2024-10-24,765.1185302734375,767.4777899396578,755.585278059477,756.9333844585227,5607500
2024-10-25,752.0222778320312,771.0888399529977,743.4037895019845,768.4407046924659,9717125
2024-10-28,762.7111206054688,774.1703480481368,754.5259749390806,754.7667145175037,13757251
2024-10-29,801.8554077148438,803.925732845734,761.2185547092174,766.5148254883454,28274791
2024-10-30,791.9850463867188,802.1442444505282,790.6368812896834,797.3294530672716,15977682
2024-10-31,789.8184204101562,797.3294834998579,783.4147241162844,789.625816992613,13402324
2024-11-01,790.7813720703125,795.0183533490626,788.566579722976,791.9369337915391,1637141
2024-11-04,799.1109619140625,806.4776167890851,777.2036594878515,792.2258449875555,14498161
2024-11-05,817.7442016601562,819.8627216790217,795.6442968785319,799.1109232553587,26254561
2024-11-06,823.13671875,829.492278606691,814.8553011245552,817.7441759391488,15002433
2024-11-07,827.7589111328125,830.4552413269911,815.3367846280997,829.1070762299017,15283847
2024-11-08,811.9182739257812,831.5144508501054,803.2997858129482,827.7588901564618,26139105
2024-11-11,816.2516479492188,822.3664098051412,810.810909901556,814.662743202751,12621337
2024-11-12,796.0775756835938,821.7885720240326,793.766452435842,820.9218861125494,11350729
2024-11-13,778.6962890625,800.940603318519,774.8444556831504,792.8517297121596,13756706
2024-11-14,774.459228515625,787.6999054097373,771.3777501381329,778.6962686314655,9461484
2024-11-18,784.136962890625,786.4480864115857,769.6444516583641,780.9592121300385,9322451
2024-11-19,773.2555541992188,789.9147218810267,770.462951477566,788.6628877822667,13677029
2024-11-21,751.8296508789062,768.9221597525542,733.3408407931131,768.9221597525542,29486577
2024-11-22,785.8220825195312,789.5776432728918,755.0074179563543,756.8851983330345,20665405
2024-11-25,813.1701049804688,818.1293046973657,795.0665016573014,796.3664717835007,23434605
2024-11-26,808.3071899414062,815.3367735105277,804.5997653621181,812.7367744440559,8893744
2024-11-27,803.2034912109375,811.292364407334,801.2775746188726,807.4405312232043,8375108
2024-11-28,807.7775268554688,814.4700986330259,799.7368487551913,803.2034750413964,13505677
2024-11-29,807.8739013671875,812.7849653323096,800.7479862272926,809.9442265086632,10822949
2024-12-02,805.4183959960938,810.8109393035892,801.8554383084241,807.873928059787,6651119
2024-12-03,822.3182373046875,824.8700414893754,805.8998103387524,806.9590409400479,12186182
2024-12-04,827.855224609375,831.9959333561703,818.8033934913788,822.3182146362292,10749716
2024-12-05,833.3922729492188,839.1700227524034,823.9070984244045,828.1441384564639,14716036
2024-12-06,831.6589965820312,843.0218932764863,825.2553000902753,833.199706421366,14520568
2024-12-09,826.266357421875,834.7403787055949,825.2071268017763,827.1811795615839,9630346
2024-12-10,835.3663330078125,836.7626343106416,826.2663652334417,829.8774588919769,7379849
2024-12-11,829.684814453125,837.6292201091063,829.0589268478445,835.3662917047014,7006973
2024-12-12,822.0775146484375,832.2848491458258,819.6219827317773,829.588577653526,8845103
2024-12-13,829.63671875,830.9367477307743,804.0701874198363,821.0182301359672,9379370
2024-12-16,829.0589599609375,834.3070944496669,826.025617806868,827.9515344064523,6432713
2024-12-17,819.044189453125,830.6478254844673,815.6738353243519,826.7478560331779,8791216
2024-12-18,807.103515625,820.4404644541135,805.9960900799213,819.4775061625006,8295338
2024-12-19,801.95166015625,806.9590550690585,789.8184090909501,794.0553903446263,9453398
2024-12-20,781.922119140625,805.0331177359144,779.9962025910175,803.9738871433539,10244198
2024-12-23,790.7332763671875,793.4776841679945,782.114787338898,787.025851437494,4933200
2024-12-24,781.9702758789062,795.5961593356999,779.2258682332135,793.7183788955526,10602771
2024-12-26,782.35546875,792.3701996282533,778.0702926359427,782.8850840507691,8318714
2024-12-27,770.0296630859375,787.9888009322062,767.6704033888981,786.0628842447148,10649800
2024-12-30,759.1000366210938,778.0221912364731,755.9222859001974,772.292577441985,21515438
2024-12-31,765.5037231445312,769.5962959772957,756.8852344830239,757.8000566357981,9086044
2025-01-01,763.8185424804688,769.0666770195652,760.2555849821816,766.0814709969738,7273098
2025-01-02,771.522216796875,772.6777785343264,757.848196914708,765.5518634653022,11398319
2025-01-03,764.0111694335938,779.5147751769242,762.8074715102198,771.5222327205842,13336514
2025-01-06,747.6408081054688,768.055475966793,744.5111937959167,767.8629313364202,11419367
2025-01-07,749.9037475585938,754.8148111917903,746.1481868219319,750.9629781385199,9669152
2025-01-08,742.5853271484375,754.911181809416,731.9445907621887,751.9741707073787,15641490
2025-01-09,732.2816162109375,742.7778259178452,699.3484321602015,742.5852812864381,15351029
2025-01-10,715.71875,735.1223830791824,714.5631882955921,732.1853132713054,11779296
2025-01-13,702.4780883789062,716.3928477377098,695.7373801970662,714.0335881192036,10414733
2025-01-14,720.437255859375,728.9594130704888,705.800278346691,705.800278346691,11960975
2025-01-15,725.7816772460938,730.7890721249498,722.2187198068513,725.252061939764,7792299
2025-01-16,737.9149169921875,747.929706597395,732.2334984141427,732.2334984141427,11816079
2025-01-17,735.79638671875,739.5038113032925,731.2705298930534,737.9149066564445,5766573
2025-01-20,750.38525390625,755.9222641211501,739.4075057965499,740.5149313492541,9198929
2025-01-21,730.9334716796875,755.8259785163474,728.044596835733,755.7296474236301,13751780
2025-01-22,725.5409545898438,734.7371947482791,710.6632368600655,733.7742364327505,9908339
2025-01-23,718.2706298828125,727.6594734437961,715.5742995843119,722.2187354602709,10986405
2025-01-24,716.58544921875,725.7816893156935,711.6261904172143,722.1224594960153,10579213
2025-01-27,721.4483642578125,727.3705224901476,708.6410307266503,712.5891362148737,11433353
2025-01-28,724.5298461914062,731.6075661648166,717.7891381122306,728.9594308479976,14140860
2025-01-29,730.355712890625,732.6186413192878,722.0261003310969,725.1075785552505,9251973
2025-01-30,734.3519897460938,736.6631132188579,726.7927904600431,730.4520203133268,11085824
2025-01-31,744.2705078125,748.7482287285419,731.3668428360176,736.5668412651819,10083763
2025-02-01,737.6260375976562,749.9037555863902,724.2890890176571,746.1000586507049,9363077
2025-02-03,732.7631225585938,734.5445718854385,725.2520596511663,734.5445718854385,7862190
2025-02-04,750.3370971679688,752.3111498703669,737.2890243394788,738.5889944967314,12020807
2025-02-05,737.6741943359375,753.0333909836241,736.6630998752845,751.107474382643,13419162
2025-02-06,724.3853759765625,742.2963767183029,722.2668559769037,740.5149273858113,32745391
2025-02-07,709.8928833007812,731.75204885935,704.6447487163948,731.6557177630287,37240692
2025-02-10,709.5076904296875,716.3447298819926,706.233667350861,712.5891688607044,12667049
2025-02-11,704.0187377929688,712.7335567858637,699.6372896053772,710.1335578124041,13017060
2025-02-12,705.992919921875,711.3373268740813,690.5855867123075,705.992919921875,12697743
2025-02-13,700.6965942382812,710.1817094926294,699.2521568630419,707.1965624268578,12370571
2025-02-14,695.400390625,705.7521928080495,689.6707767316124,703.8744122850989,10417539
2025-02-17,700.7447509765625,701.7558454140641,685.1929512700127,692.4151383583221,9093600
2025-02-18,698.9151000976562,701.2743596122846,690.7780909672726,700.7447443190354,8562003
2025-02-19,700.3595581054688,707.6298814976512,695.3040270429543,695.3040270429543,6766606
2025-02-20,702.6707153320312,704.4040285962709,696.5558945833883,698.0485270359545,7423268
2025-02-21,695.255859375,704.5965661934869,693.3299428670359,700.359526366243,6571602
2025-02-24,689.8633422851562,693.089229046088,684.1818648659195,684.1818648659195,6912148
2025-02-25,684.5670776367188,692.318880181649,683.7003916586949,692.318880181649,8599635
2025-02-27,677.8263549804688,691.1151674539011,675.1300247842662,689.4781266274379,12033139
2025-02-28,663.28564453125,675.3707590632506,657.3152915031974,674.9374748612561,15780609
2025-03-03,669.544921875,671.5671696530677,654.8116710316503,664.5857216898627,10598479
2025-03-04,689.5262451171875,691.8373684334783,666.4633832092842,667.3300691464701,14386214
2025-03-05,703.2965698242188,704.2113919626877,690.4411000485206,690.970715357852,10409805
2025-03-06,704.93359375,709.4595093992308,700.0706662141035,708.7372906926826,10928847
2025-03-07,705.6077270507812,707.6299160648454,701.0336749136387,704.9336444546556,7246729
2025-03-10,701.9003295898438,711.1447057760574,699.6854784765769,705.6076955415114,7400109
2025-03-11,702.8150634765625,706.8594999287487,695.9299471730827,698.0484671027334,5538789
2025-03-12,696.2670288085938,709.7003096539208,692.4151953776362,703.5373526546633,5547762
2025-03-13,700.88916015625,704.3558452266985,697.663273429962,699.0114385308547,5908337
2025-03-17,696.3633422851562,704.1632812757161,695.5447924372056,701.9003527020252,5149563
2025-03-18,696.3633422851562,696.3633422851562,696.3633422851562,696.3633422851562,0
2025-03-19,717.5001831054688,721.5446195922909,711.7224334883822,712.2039126231394,7604850
2025-03-20,721.7853393554688,724.8186813309343,716.6335362646441,720.292765833536,6963197
2025-03-21,725.3001708984375,727.611235450561,719.3298179504133,722.1705565633118,9577327
2025-03-24,751.8778076171875,753.9481914133478,727.1297682523594,729.9223707530908,12095064
2025-03-25,744.2222900390625,756.8852150473521,740.7075275492936,754.8630261504609,15190143
2025-03-26,735.7001342773438,747.3037699282959,733.2446023903115,743.4038006048552,7711852
2025-03-27,743.6926879882812,747.063042059369,732.3297917320479,735.5075423870684,15648616
2025-03-28,742.92236328125,749.7593440220716,738.5890507280865,743.5001147786132,7628185
2025-04-01,743.1149291992188,753.7556066211873,734.92978367858,738.3964100364205,7011125
2025-04-02,747.20751953125,748.2186140115384,735.9890316029483,743.6926981564776,5458436
2025-04-03,750.3370971679688,755.6333676630561,741.4297331535035,741.4778693122336,7956680
2025-04-04,739.0223999023438,753.9001182138272,736.6631401821917,750.2408294522949,8231194
2025-04-07,719.2335815429688,725.7816862623683,702.9595626780941,702.9595626780941,14923235
2025-04-08,740.1296997070312,745.3296978529378,730.0668328471972,731.8482821294997,12911288
2025-04-09,714.7076416015625,739.5038171183404,713.5520799197053,738.5889950046072,11319387
2025-04-11,725.9260864257812,731.5594277102952,718.3668873275676,730.8853451496299,9360327
2025-04-15,735.2186279296875,742.1519391227857,729.0556715859763,741.4778565892068,7859090
2025-04-16,743.1630859375,746.0519609071307,732.3298048013849,735.2186797710156,12536694
2025-04-17,767.9111328125,771.329623132695,738.7335071379982,743.4038315336337,27034818
2025-04-21,786.447998046875,793.8145932403959,771.7147488855273,773.255458543513,16398507
2025-04-22,791.9369506835938,804.5516812424216,783.8480772367818,790.7332527762891,25117557
2025-04-23,783.3184204101562,800.2183263784495,780.0924749249118,795.4035350043313,12104382
2025-04-24,783.2703247070312,788.6628678148439,781.1036684767707,782.6443782863423,12713521
2025-04-25,769.0667114257812,788.6628903815811,757.8482231139246,784.811056973124,13131038
2025-04-28,787.073974609375,792.3221093100369,767.8630027721836,769.066700695532,11317611
2025-04-29,782.4517211914062,798.2923962986351,779.0332311285836,789.6257719721119,11283059
2025-04-30,759.4371337890625,781.4407087956405,755.440833087098,781.4407087956405,25635764
2025-05-02,767.1888427734375,773.6406747464794,759.7740525588761,761.0740226752047,14720184
2025-05-05,760.737060546875,769.4036852872824,753.0333941109573,753.0333941109573,23986447
2025-05-06,745.4259643554688,769.5481157490566,742.5370895801225,764.5407210502615,18869468
2025-05-07,747.3518676757812,753.4185516163304,736.2297117419523,736.9519304230361,15586266
2025-05-08,740.5149536132812,757.3667243392013,735.7001619773041,750.1445368852355,14491673
2025-05-09,750.38525390625,752.7445134918086,727.5149943229668,728.4779526212103,13578216
2025-05-12,771.9555053710938,774.1221614356956,763.6258929907904,769.4036424963954,15096824
2025-05-13,772.0518188476562,777.7332963407931,767.6703703271746,769.018476685771,13909596
2025-05-14,771.0407104492188,777.5888150314639,766.8036704860727,775.9036380329437,9281719
2025-05-15,777.82958984375,779.4666307570579,765.0703919911599,774.6518391145711,17058854
2025-05-16,778.0751342773438,789.7644580739088,776.9946347468432,789.7644580739088,14733924
2025-05-19,780.9237670898438,787.2104729702169,778.0750903727592,778.0750903727592,10666184
2025-05-20,771.7393798828125,785.2459236919375,769.9220998339915,784.0180560729261,11324667
2025-05-21,773.1636352539062,776.9946060925355,765.3052827270537,773.0654298291093,8206040
2025-05-22,771.346435546875,774.2442151084329,766.4840678018166,774.0477442991881,7355826
2025-05-23,776.5034790039062,780.874699700136,772.2796264031289,773.9495383488706,5534158
2025-05-26,780.33447265625,783.4286631605596,775.2265312430146,777.9769427872259,4965466
2025-05-27,779.6468505859375,787.1613645883718,776.0614530866071,780.3344684569088,11995043
2025-05-28,782.4463500976562,784.7547771957036,778.6154390963333,780.4326591919574,6873519
2025-05-29,783.232177734375,786.2282227070898,777.3384131262393,784.8529869834019,14034127
2025-05-30,797.91748046875,800.0785394661832,778.5662748283969,783.8706869171444,22037314
2025-06-02,799.2435913085938,807.9859725290632,794.8723707211232,798.4577080916993,26891575
2025-06-03,795.4617309570312,803.9094959854718,790.8940994751483,801.7484370268255,14247597
2025-06-04,792.2201538085938,802.5342413659282,790.9922862422444,802.5342413659282,9607927
2025-06-05,791.72900390625,797.3280919793597,788.6347536685006,794.3812098308251,13595507
2025-06-06,798.6541748046875,801.9939985959651,788.88033690073,792.3675287830383,17163935
2025-06-09,805.5302734375,809.9014942207324,801.2573180380161,802.9272300169949,12793040
2025-06-10,802.5833740234375,807.4948444720902,800.1767415127031,806.4634476687678,6560513
2025-06-11,800.6187744140625,806.0704945433416,798.6541862626485,802.5342598525855,7197825
2025-06-12,791.679931640625,802.0431222706184,787.0140347260071,801.5519752269744,13448521
2025-06-13,778.3206787109375,782.2007522600275,772.3287088939938,772.3287088939938,11377117
2025-06-16,778.4680786132812,781.3167555010375,772.2305350251097,778.4680786132812,8085001
2025-06-17,778.2716064453125,784.7056208342702,776.5525917636725,779.9415184126576,7753156
2025-06-18,777.8787231445312,781.4149579289822,774.3915311197982,778.4680756237817,5710169
2025-06-19,771.1990356445312,779.2047561439027,767.8592718430074,778.320667516001,11824333
2025-06-20,782.053466796875,785.2950253156704,772.181363190149,773.5565989033221,11367669
2025-06-23,776.2088012695312,780.874698193188,774.5388893270122,776.0123304607985,5549253
2025-06-24,781.3167114257812,792.3675194893278,779.5976968381185,784.8529460243278,11402190
2025-06-25,785.8843383789062,789.567941046098,782.0042649119035,785.3440886452789,6528324
2025-06-26,782.9375,789.1259408358321,777.3875743106198,787.7998677833231,24704402
2025-06-27,791.1396484375,795.1179273319369,788.4383398116579,790.7467068374075,19375990
2025-06-30,805.824951171875,806.4634663267615,792.7604514670988,794.6759369772839,19652607
2025-07-01,805.7758178710938,810.2944065895595,798.8506566320394,805.4811416394373,11456405
2025-07-02,798.5068969726562,809.4594402026391,794.6759260051804,806.4634551919074,6661200
2025-07-03,792.8095092773438,800.0785092795976,791.5325389943724,799.0962152227779,7020403
2025-07-04,797.4754028320312,799.4399909377498,789.8626239223718,794.4303152499558,4319538
2025-07-07,792.56396484375,798.2613185459272,790.8941128494637,796.8369801203829,4461783
2025-07-08,798.2612915039062,799.1453201848503,791.0904969053553,793.5953947208753,5935770
2025-07-09,796.5913696289062,798.0648106998194,794.675884245825,795.6581782931005,4099112
2025-07-10,793.693603515625,801.0608089938022,792.613104027281,796.9351619351286,12178137
2025-07-11,794.3321533203125,798.1630643635436,790.3047115103832,793.2515938303184,6202372
2025-07-14,794.528564453125,801.0608442463658,793.6936384439774,795.4617558456557,6938635
2025-07-15,801.9940185546875,806.4634446553665,796.1493567517351,796.6405037947652,9297645
2025-07-16,816.9739990234375,819.4297342255312,800.8643521159136,801.5519699633943,16458920
2025-07-17,814.32177734375,827.5827471798666,811.7186740978348,823.5553655077234,23073718
2025-07-18,808.7717895507812,817.9071722636787,805.7267019494631,817.2686571434967,15387801
2025-07-21,809.6068115234375,812.7010019745913,803.4674733809013,808.4280466091758,8852594
2025-07-22,800.5697021484375,813.3886283330482,799.5874080353719,812.848378561757,7851163
2025-07-23,806.1196899414062,810.5891161764496,797.1316748019602,798.113968917551,15470390
2025-07-24,801.25732421875,807.3966624575928,796.29675091266,805.4811769361788,10118309
2025-07-25,792.269287109375,804.6953313423805,791.2378903047143,800.569684169264,6734439
2025-07-28,783.0357666015625,794.6268250025805,781.906104403612,792.269295178368,7734158
2025-07-29,785.0494384765625,785.8352617474154,779.057408633055,782.1025562450097,7833759
2025-07-30,787.4560546875,789.1750692870572,782.1025400865564,784.8038487430033,8743723
2025-07-31,782.4463500976562,789.5679822929258,778.5171737140591,781.0220116677076,11359112
2025-08-01,779.9415283203125,786.8175871342196,777.9769400877676,781.6114403088707,15468391
2025-08-04,781.6113891601562,783.0848302381428,772.62337460265,780.4326243068729,8820724
2025-08-05,786.4246215820312,789.8135481709712,782.2007690014489,783.8706809392065,7381537
2025-08-06,790.8941040039062,795.8546771264834,784.8529714185823,786.7684568691343,7409396
2025-08-07,790.8941040039062,792.3675451267196,779.3521485418682,786.915765008732,7091392
2025-08-08,790.0591430664062,793.4971724617818,776.0123492419096,790.7467609363763,15708181
2025-08-11,808.8700561523438,810.392599955305,793.6936009259229,793.6936009259229,15236297
2025-08-12,806.0704956054688,810.8837605645641,805.481143141057,810.3435108131079,7986728
2025-08-13,807.29833984375,810.3434873670307,806.1196349490305,808.0842230461906,4447508
2025-08-14,811.9151611328125,813.3394995419872,804.5970582342032,807.4457350525524,7087573
2025-08-18,812.9957275390625,823.1624473883827,810.5399923141568,821.1978592084581,6138124
2025-08-19,815.697021484375,816.2863739458684,811.1784327798614,812.8483446933888,5076681
2025-08-20,814.272705078125,817.1704846600775,812.7501612160911,814.0271315534591,4493888
2025-08-21,811.0802612304688,818.4965697939625,809.4594519619582,814.272717098252,4402511
2025-08-22,801.7975463867188,811.3749137095616,801.2572966311966,809.4103255407733,5097647
2025-08-25,801.9940185546875,805.9722976123364,799.7838568610522,802.9763126407477,5672898
2025-08-26,793.5462646484375,801.404617447895,792.4657651203016,800.4223233479629,6997817
2025-08-28,787.750732421875,796.6404816628535,786.4737621363677,792.9568789424643,7898436
2025-08-29,788.291015625,792.4166628378574,784.3618392231308,786.5228982350536,6861440
2025-09-01,791.7781372070312,793.9882989038185,788.4383732823478,788.8803576581267,5619805
2025-09-02,789.666259765625,796.1493769160325,788.4383921269514,792.0237296591938,5075460
2025-09-03,797.7701416015625,798.8997437933355,788.7821270069304,790.0590972888992,4261589
2025-09-04,795.06884765625,802.2886851199853,793.6936119705517,800.2258915459101,4471950
2025-09-05,792.318359375,798.1139182710025,789.4206398814698,797.1316242177459,5194842
2025-09-08,794.4794311523438,799.4400042107487,792.5148430140074,793.6936078879036,4614227
2025-09-09,794.528564453125,797.966593827573,791.3361086054234,797.6228148719179,4567272
2025-09-10,803.7130126953125,809.9996587129843,796.0511310104619,797.622777526262,7285853
2025-09-11,809.0665283203125,811.0802191569468,804.4988369492515,804.5970423736838,7425055
2025-09-12,808.96826171875,811.1784233553801,805.2846589910332,809.5085114612542,5078018
2025-09-15,810.1470336914062,813.1430186120108,806.561636356512,808.9682688172991,3852494
2025-09-16,816.82666015625,818.2509986153229,807.1019843806856,810.4908511172532,9467531
2025-09-17,841.973388671875,842.9556827448961,816.2863746805828,819.5279331306582,17243938
2025-09-18,839.222900390625,845.5587090248177,836.0304447176452,843.4468127830675,10400847
2025-09-19,847.081298828125,849.1441524246292,834.262372728141,836.9145788068039,15206426
2025-09-22,840.1069946289062,852.8277146939828,838.8791270541783,846.7374795324375,6594034
2025-09-23,855.1851806640625,858.7705779481222,836.1287119616596,839.4684757773939,14357863
2025-09-24,850.8631591796875,864.9099527819579,849.1441445091953,860.4896293435494,12840160
2025-09-25,845.902587890625,854.7432347874252,844.7238229801568,851.2069400560208,8678821
2025-09-26,841.7769165039062,849.0458566598143,837.8968429308584,846.7374895737396,6959545
2025-09-29,855.3325805664062,858.0338893192718,840.8437427101278,842.8574336077328,22641712
2025-09-30,857.0025024414062,862.0612811008727,852.2383400675699,854.5467671830805,12831593
2025-10-01,848.80029296875,860.9316608640574,847.5233226519999,856.8551164386336,10832384
2025-10-03,851.9436645507812,857.5427529354124,848.5056351862063,849.8317681995126,8019442
2025-10-06,858.5741577148438,859.8020253564342,847.5233489405293,852.6312903204407,7820352
2025-10-07,849.3897094726562,861.4719147583033,847.7197975329713,858.67240059065,9242580
2025-10-08,843.0538940429688,852.434790514772,842.0715999631051,851.4524964349083,7156112
2025-10-09,846.835693359375,850.4701934075276,842.906517081258,846.3445463246103,7020501
2025-10-10,865.0573120117188,868.1023997007326,846.0498854486992,846.8357087276893,13713015
2025-10-13,867.3165893554688,872.3753680081057,860.4896333556451,863.4365156616575,11923143
2025-10-14,861.4227905273438,868.4953197717444,856.6586283491738,867.3656576175208,7681973
2025-10-15,870.4107666015625,871.7860023052981,861.5210171041608,862.552413904726,8269225
2025-10-16,871.2457275390625,876.0589324550273,866.8254042739779,872.5718005367993,8493686
2025-10-17,873.4067993164062,878.9076221454748,867.3656667834078,871.7859901135612,8511854
2025-10-20,891.431884765625,897.4730173879747,875.273135028841,878.7602670499772,13546463
2025-10-21,891.775634765625,893.8875909678319,890.3513563479894,891.9230028558147,1783576
2025-10-23,895.41015625,901.7459650541837,888.7796712128369,895.8522005767054,13382769
2025-10-24,888.4849853515625,897.9149844315482,884.9978533977383,894.8207940870866,5313227
2025-10-27,906.411865234375,911.5689091709564,889.9584393414725,890.8916307113675,9150761
2025-10-28,913.779052734375,919.2798755091706,901.4512742261386,910.6848024520077,22066289
2025-10-29,923.11083984375,925.3701041834124,913.7790463044942,917.3644435934705,12314222
2025-10-30,917.8064575195312,928.1697081157838,916.5294871954993,922.8161933430813,13044473
2025-10-31,920.4095458984375,929.9378103922294,913.7790609093079,918.3467523280527,12078252
2025-11-03,932.8847045898438,936.5192046955284,920.9007047609928,922.1285723673408,11744735
2025-11-04,940.644775390625,942.314687296863,924.8298648800413,934.1616585246089,19154518
2025-11-06,943.739013671875,954.2004693430785,938.3854990793552,952.4814547462262,23088096
2025-11-07,938.92578125,947.7664280534589,927.2856202739019,941.7744580906816,13371323
2025-11-10,934.3090209960938,946.1456524515773,932.2952702055394,939.0731232147145,7343249
2025-11-11,936.4209594726562,938.041768729716,928.3170330963064,936.7156357136287,8648917
2025-11-12,940.2028198242188,944.5248778824666,934.5546287610688,940.7430695871906,7043323
2025-11-13,937.1085815429688,946.8824199346525,935.586037662384,937.3541550706268,8894441
2025-11-14,950.7133178710938,951.8920827784771,935.1439804142634,936.0771717973782,11032927
2025-11-17,956.1159057617188,958.7190090200476,951.3518035204058,953.8075386869531,7415026
2025-11-18,955.2318725585938,959.4066223219879,951.6955779628004,958.3260628811324,6594686
2025-11-19,965.3494873046875,967.0193991973044,951.6464731790688,955.2318704792619,8291226
2025-11-20,964.1707153320312,969.131288306733,962.0096564254319,968.5419358569656,6440857
2025-11-21,955.3792114257812,963.2375641743527,953.8566675716402,962.3535354628224,5377241
2025-11-24,953.4146118164062,960.3889357698928,950.9097738987026,958.2769795122267,9901946
2025-11-25,966.1844482421875,971.4397576251993,954.1513455736803,958.276992765206,9140201
2025-11-26,966.4791870117188,981.3118039098479,964.760172340205,969.1313331127609,13943490
2025-11-27,955.624755859375,971.0467846498851,951.7447422714566,969.2295646138847,11909168
2025-11-28,961.6658935546875,965.5950698307025,955.8212318532206,959.5048346119848,8117842
2025-12-01,955.870361328125,973.6499204475664,952.6779055144807,968.0017293926574,8808306
2025-12-02,950.1730346679688,963.0902255716678,947.8155648906452,958.7190050026365,13444314
2025-12-03,934.2107543945312,955.3300766986022,930.7727251822406,953.2672831530164,14051968
2025-12-04,931.31298828125,935.6842089047472,927.7276508811245,934.2107677926339,13622724
2025-12-05,954.2987060546875,956.0668234213827,929.9378246743456,932.049720989894,17347847
2025-12-08,939.466064453125,955.2809748623741,934.8492703729215,953.6601656790195,15386438
2025-12-09,942.3638305664062,946.9315221602762,933.6214489589805,937.8944043562335,9580294
2025-12-10,942.7567749023438,946.8824221676225,938.3364513940754,943.1005538600858,6989178
2025-12-11,946.1947631835938,949.3872189119578,941.479763637212,945.0651010209991,5979035
2025-12-12,946.0965576171875,949.8783658053579,941.0377191742843,948.8960717352387,5681930
2025-12-15,950.1239624023438,951.6956089709226,940.3010214625418,940.3010214625418,4416952
2025-12-16,944.1319580078125,951.8429423827886,941.0868104547513,948.9451629202439,4764786
2025-12-17,958.5716552734375,961.1747585707222,947.2261706250966,948.4540382267455,8013382
2025-12-18,960.2415771484375,964.072548087051,956.2632980687841,960.5854160531443,4926879
2025-12-19,962.94287109375,964.6127830145067,959.7504153454842,962.5990921488027,5376584
2025-12-22,957.0491333007812,965.595103994373,955.3301186192043,963.7287212154426,5959037
2025-12-23,954.691650390625,960.2415760284049,953.5128854913131,959.0137084154704,5123287
2025-12-24,951.7938842773438,959.9960160658125,950.3695458353262,955.9686342202896,4105643
2025-12-26,949.1907348632812,953.8075289200087,947.6681910665071,951.7938380949545,3286321
2025-12-29,947.962890625,951.7447588085237,944.4266559161334,949.7801706470483,5267233
2025-12-30,956.2141723632812,958.915481049936,942.5111581255383,945.9491873630989,15030644
2025-12-31,964.8092651367188,968.1981917309051,956.2632945810017,957.9823092348453,5807630
2026-01-01,967.3140869140625,970.1627637032144,962.9919690176538,965.7915430941249,4328348
2026-01-02,981.2626953125,991.6258859934536,966.528283930725,967.0685336904954,7357435
2026-01-05,987.7457885742188,997.5196265465391,982.2940684850213,982.2940684850213,11259060
2026-01-06,1000.8594360351562,1005.869111730934,987.1564219850369,990.1033041483112,9575742
2026-01-07,989.3175048828125,1004.5921658085748,986.2232545545625,1004.5921658085748,7896720
2026-01-08,980.3294677734375,993.6886429516878,978.2175115714958,988.7771726722618,6854268
2026-01-09,982.7852172851562,990.1524228120314,976.400305828531,978.3648939690311,7809460
2026-01-12,997.1758422851562,999.2386358361825,978.364886992222,990.1524157511643,7617922
2026-01-13,1010.2402954101562,1011.2717521544648,998.0107821164995,1004.6903698484319,11016895
2026-01-14,1010.14208984375,1012.1558406646648,1002.4311053230539,1011.762899052176,7370514
2026-01-15,1010.14208984375,1010.14208984375,1010.14208984375,1010.14208984375,0
2026-01-16,1023.8451538085938,1028.9038723255544,1010.1912422980266,1013.7274769567848,11051580
2026-01-19,1020.0142211914062,1025.1221025667041,1015.6921031536436,1016.6743972572739,5460164
2026-01-20,1018.0496215820312,1033.3733854452475,1014.758960353515,1021.3402828105476,8905718
2026-01-21,1010.4368286132812,1022.1751948968682,1003.9045490044088,1013.7274897970154,7408949
2026-01-22,1029.7879638671875,1036.8113904465058,1015.7412306174947,1016.6743620200224,12001641
2026-01-23,1011.271728515625,1034.3556387828587,1007.4407577235297,1033.27513930533,10917698
2026-01-27,1034.5030517578125,1036.3202718546306,1012.0084929651499,1015.7903012550574,14420630
2026-01-28,1044.6697998046875,1046.7325934811859,1025.6624325065334,1040.6424178822,12171257
2026-01-29,1047.3218994140625,1055.9661352757114,1041.5264602731938,1044.1786063237967,14800724
2026-01-30,1058.078125,1063.3333745088544,1041.6246986507867,1045.1609334664397,9480769
2026-02-02,1010.4859008789062,1013.0399614867208,972.4711668650343,1001.841784674364,14434549
2026-02-03,1045.3572998046875,1070.5041238871402,1021.8805674931078,1067.7536525315768,16129381
2026-02-04,1049.2864990234375,1054.8856472820669,1037.5972952790487,1045.3573226632539,7312276
2026-02-05,1054.49267578125,1061.8598812478167,1048.5989114079966,1049.2864692879657,9551567
2026-02-06,1047.5184326171875,1054.590902041245,1032.3910797785106,1051.0546673292163,7041557
2026-02-09,1125.708984375,1129.638160585733,1081.0146049779123,1100.1693390052355,40852966
2026-02-10,1123.8426513671875,1133.5673869003754,1117.9488867905825,1130.6205046120729,17280036
2026-02-11,1161.9556884765625,1166.474217252129,1122.5657199431428,1124.43198276359,29491859
2026-02-12,1171.2874755859375,1182.3873266556052,1153.9991238982925,1162.0538873261555,33214985
2026-02-13,1177.377685546875,1179.735215371205,1163.5273627037404,1167.9476861585035,18141390
2026-02-16,1186.70947265625,1190.8351798022472,1164.3132392267757,1172.859149893071,14972739
2026-02-17,1191.9156494140625,1203.8013836881914,1182.7802665926308,1184.7448547341048,20107196
2026-02-18,1197.3182373046875,1202.4261183830988,1192.5049724948722,1197.220031881822,10417264
2026-02-19,1184.3519287109375,1203.212047062667,1177.9670171671169,1201.2474588953376,9630899
2026-02-20,1194.5677490234375,1196.4341316671034,1180.5210163030872,1184.8430141192323,9958162
2026-02-23,1206.0606689453125,1209.302167328373,1195.5500507835413,1200.3633155560203,9733835
2026-02-24,1201.640380859375,1212.8384373028666,1198.1040262888578,1210.1862912839226,15788449
2026-02-25,1178.85107421875,1206.3553078239622,1176.2971336514831,1206.3553078239622,19581100
2026-02-26,1188.084716796875,1193.880275982552,1167.849482270177,1179.7352169268681,16196052
2026-02-27,1180.4227294921875,1190.3439954720204,1177.3776418736493,1185.6289359982593,10700355
2026-03-02,1168.831787109375,1176.1007875153553,1158.5176989399156,1164.0185219818375,16270835
2026-03-04,1153.704345703125,1161.7591088376892,1137.1035525068773,1151.3468160340765,13855065
2026-03-05,1148.79296875,1162.250350176651,1130.227585974388,1160.0893510848653,22100665
2026-03-06,1122.7620849609375,1148.5964661130286,1117.8506147730068,1147.8105829193835,20333328
2026-03-09,1079.050048828125,1095.2579011773867,1045.4556391950514,1095.2579011773867,24631198
2026-03-10,1092.5074462890625,1100.0711827783487,1084.9438297087236,1091.426946764578,17491459
2026-03-11,1071.781005859375,1096.1419460785291,1068.735918309216,1093.68621097212,8364878
2026-03-12,1065.9854736328125,1078.5588856550278,1051.545798810298,1056.0643275370824,14614140
2026-03-13,1028.4619140625,1062.1546493731119,1023.8451797948526,1058.4218838608822,15978675
2026-03-16,1047.8131103515625,1054.0016113922836,1017.754933672958,1030.1318158454478,15322269
2026-03-17,1045.8485107421875,1054.8856886705516,1028.4619526297915,1054.8856886705516,16427877
2026-03-18,1050.8582763671875,1056.3590993465684,1042.5087765154108,1048.5989519731277,10749915
2026-03-19,1030.3282470703125,1040.936950803617,1022.5681001383867,1030.917599515117,13431191
2026-03-20,1039.26708984375,1065.7890288095168,1035.3379137006734,1039.6600314398456,17748625
2026-03-23,1013.6292724609375,1027.086653225109,996.2426554714183,1020.6035363599531,16039603
2026-03-24,1012.5487670898438,1040.2494116751225,1001.9399432564919,1036.5166462758839,30416734
2026-03-25,1041.821044921875,1046.6343097462316,1024.5326936323975,1024.5326936323975,16205333
2026-03-27,1001.4487915039062,1036.6149667218629,995.0638801309044,1032.6857904923231,20445349
2026-03-30,962.058837890625,991.5276600442548,958.522543259506,987.2055421466002,21438137
2026-04-01,999.7789306640625,1012.745224874495,980.7715636649391,990.1524604010582,17424479
2026-04-02,1000.3683471679688,1007.833758433837,960.5854356508436,982.2941115339542,20777629
2026-04-06,1014.4642333984375,1017.3619530344956,987.2546747939996,1001.939983603395,23576634
2026-04-07,1012.1558227539062,1015.3973212044529,994.0815880797585,1006.8514108515341,15021291
2026-04-08,1042.656005859375,1058.7166100346876,1040.6914176944629,1054.9838445577764,28533742
2026-04-09,1022.5189819335938,1045.504687551959,1019.9159985301128,1041.329937682068,24772948
2026-04-10,1047.8131103515625,1050.5144192344412,1027.6270377357864,1030.4265520507975,17861336
2026-04-13,1044.7188720703125,1048.353312047308,1011.7628591320939,1023.5503875880017,17763348
2026-04-15,1052.528076171875,1068.7359280214653,1049.2864578383803,1056.9483994035816,16195810
2026-04-16,1048.255126953125,1064.9541259228224,1043.1962885775752,1058.9129934902317,20313165
2026-04-17,1061.1231689453125,1062.9895516597985,1041.2317140310404,1048.1077725199245,16823879
2026-04-20,1088.2344970703125,1101.102525826513,1056.8010858019393,1061.1723665018162,31179584
2026-04-21,1092.1636962890625,1095.012373226544,1086.3681369836245,1093.6863001427537,16963734
2026-04-22,1083.76513671875,1098.057444036852,1080.6217236295247,1090.3464592751195,12412659
2026-04-23,1074.875244140625,1082.3898174645885,1063.038553095583,1075.6119646643676,13669001
2026-04-24,1081.60400390625,1086.4172689530212,1070.749726103037,1072.0266364810311,13774745
2026-04-27,1092.1636962890625,1095.0615358962568,1083.8633589162316,1091.2796075968854,11624385
2026-04-28,1071.9775390625,1090.8375367592364,1069.8655828843748,1082.7827735553876,10727835
2026-04-29,1067.655517578125,1085.4350174109393,1065.0524141428152,1074.6297819435,10611104
2026-04-30,1049.5321044921875,1058.6183251016832,1044.1786495020647,1055.9661789414106,14269539
2026-05-01,1049.5321044921875,1049.5321044921875,1049.5321044921875,1049.5321044921875,0
2026-05-04,1049.4830322265625,1069.816471974203,1044.7679726198023,1044.7679726198023,11693211
2026-05-05,1041.133544921875,1049.581250235382,1030.8194568287804,1041.8211028311687,12194631
2026-05-06,1076.5943603515625,1081.6040364042549,1042.4104768585712,1053.019301365762,14384779
2026-05-07,1072.6651611328125,1088.381866790436,1066.8696019397742,1086.4172785832332,16105163
2026-05-08,1001.2523193359375,1075.6119913694504,993.0010852378409,1070.7005210892246,48065909
2026-05-11,956.3615112304688,989.1701581334676,953.9057759818752,989.1701581334676,46927396
2026-05-12,957.3438110351562,964.0234589147167,945.3598709141811,959.6031354409057,25787092
2026-05-13,952.9234619140625,963.8269621620207,944.1810805849492,960.6836091187947,17584580
2026-05-14,962.5499877929688,969.5242517416415,946.5385464115705,956.2632817330172,16487142
2026-05-15,963.2000122070312,972.5,957.0,971.2000122070312,26972493
2026-05-18,939.4000244140625,954.9000244140625,933.9000244140625,952.0,16554877
2026-05-19,948.7999877929688,956.5999755859375,939.5,942.0,17280869
2026-05-20,950.9000244140625,955.0,935.0,941.0999755859375,11928460
2026-05-21,950.9000244140625,960.9000244140625,946.5,957.0,11756520
2026-05-22,949.2000122070312,958.5999755859375,947.7000122070312,950.9000244140625,7807192
2026-05-25,969.5999755859375,972.5,957.5,959.9000244140625,10934747
2026-05-26,968.5,978.7999877929688,962.0999755859375,969.9000244140625,16269800
2026-05-27,967.7999877929688,975.9000244140625,966.5999755859375,969.7999877929688,8111259
2026-05-28,967.7999877929688,967.7999877929688,967.7999877929688,967.7999877929688,0
2026-05-29,964.4000244140625,973.7000122070312,960.2999877929688,967.7999877929688,22292535
2026-06-01,954.0999755859375,970.25,950.0999755859375,966.25,11118975
2026-06-02,956.6500244140625,961.2999877929688,939.9000244140625,950.9500122070312,15911760
2026-06-03,970.4500122070312,974.0,937.2000122070312,953.75,27947005
2026-06-04,979.25,985.7999877929688,961.0999755859375,969.9000244140625,18875883
2026-06-05,977.7000122070312,992.5999755859375,970.5999755859375,980.0,20955539
2026-06-08,981.9500122070312,988.6500244140625,965.1500244140625,966.0,12895416
2026-06-09,1002.7000122070312,1009.0,983.0,985.0,22142480
2026-06-10,1003.25,1012.4000244140625,999.5,1002.7000122070312,19122317
2026-06-11,1000.7000122070312,1009.4000244140625,993.0,998.0999755859375,13773978
2026-06-12,1017.1500244140625,1018.7000122070312,1004.3499755859375,1018.0,11081119
2026-06-15,1020.8499755859375,1034.0,1018.5,1034.0,12463437
2026-06-16,1015.2999877929688,1026.550048828125,1007.4000244140625,1023.7999877929688,9693677
2026-06-17,1026.5,1028.0999755859375,1013.4500122070312,1017.0,8190062
2026-06-18,1042.699951171875,1045.699951171875,1024.449951171875,1027.9000244140625,11048009
2026-06-19,1035.0999755859375,1042.0,1029.300048828125,1042.0,9099878
2026-06-22,1040.75,1043.0,1033.5999755859375,1038.0,6209440
2026-06-23,1024.199951171875,1045.5,1022.3499755859375,1041.0,10411004
2026-06-24,1034.5999755859375,1044.5,1020.5,1024.0,11724076
2026-06-25,1045.4000244140625,1055.4000244140625,1038.550048828125,1040.0,16002360
2026-06-26,1045.4000244140625,1045.4000244140625,1045.4000244140625,1045.4000244140625,0
2026-06-29,1036.0999755859375,1046.4000244140625,1030.8499755859375,1044.449951171875,16818246
2026-06-30,1026.9000244140625,1044.0,1025.050048828125,1040.0,11161643
2026-07-01,1047.4000244140625,1049.9000244140625,1025.5,1031.0,6295315
2026-07-02,1051.5999755859375,1059.800048828125,1045.0,1050.9000244140625,14682790
2026-07-03,1040.0,1057.0,1034.5,1055.0,10441493
2026-07-06,1037.699951171875,1048.4000244140625,1036.5,1041.9000244140625,8761017
2026-07-07,1038.0999755859375,1049.5999755859375,1035.5,1039.300048828125,11053574
2026-07-08,1016.9000244140625,1038.300048828125,1011.7000122070312,1029.5999755859375,14141694
2026-07-09,1022.0999755859375,1031.699951171875,1019.2999877929688,1019.7999877929688,7661699
2026-07-10,1036.0,1047.800048828125,1023.5,1029.5,8792150
2026-07-13,1037.0,1042.9000244140625,1022.0999755859375,1023.5,8381510
2026-07-14,1015.4000244140625,1033.699951171875,1011.4000244140625,1033.300048828125,11562326
2026-07-15,1030.0999755859375,1036.0,1013.7000122070312,1015.5,14275394
2026-07-16,1031.199951171875,1036.0,1027.300048828125,1030.0999755859375,7708316
2026-07-17,1044.300048828125,1048.0,1028.300048828125,1030.5999755859375,8452780
2026-07-20,1060.0,1065.0,1038.300048828125,1041.5999755859375,16540411
2026-07-21,1044.4000244140625,1067.0,1042.800048828125,1056.199951171875,10514887
2026-07-22,1025.0,1044.4000244140625,1019.2000122070312,1044.4000244140625,11227214
2026-07-23,1012.5999755859375,1023.0999755859375,1006.5,1022.0,8910230
2026-07-24,1015.0,1017.7999877929688,1000.7999877929688,1006.0,13797053
2026-07-27,1020.5999755859375,1023.7000122070312,1015.9000244140625,1020.2999877929688,6093002
2026-07-28,1013.2000122070312,1022.0,1008.2999877929688,1018.0,9873370
2026-07-29,1013.7000122070312,1020.2000122070312,1012.0,1020.0,4792964
2026-07-30,1025.300048828125,1028.300048828125,1007.5999755859375,1013.5,6847458
2026-07-31,1027.4000244140625,1034.300048828125,1023.5,1028.0999755859375,10921417
2026-08-03,1045.0,1051.5,1031.5999755859375,1035.0,10507450
2026-08-04,1042.699951171875,1047.5999755859375,1030.9000244140625,1047.5999755859375,8544184
2026-08-05,1055.0,1055.0,1040.300048828125,1043.0,8707119
2026-08-06,1085.0,1088.0999755859375,1052.5,1052.5,13822265
2026-08-07,1097.199951171875,1124.5,1075.699951171875,1080.0999755859375,29410622
2026-08-10,1071.0,1113.300048828125,1068.5999755859375,1108.0,16623448
2026-08-11,1066.0,1071.0,1060.4000244140625,1071.0,9455255
