Price,Close,High,Low,Open,Volume
Ticker,TCS.NS,TCS.NS,TCS.NS,TCS.NS,TCS.NS
Date,,,,,
2019-08-05,1857.7652587890625,1860.7807624258626,1813.9773220997204,1817.5297669192068,3039682
2019-08-06,1829.922607421875,1860.5328945436215,1827.0723008968555,1844.7114846498073,2885467
2019-08-07,1828.724365234375,1849.4203988709385,1823.6020439615272,1842.3978063355785,2165362
2019-08-08,1865.61376953125,1884.5333795068059,1833.2270634595302,1841.4889371092752,2073298
2019-08-09,1855.8236083984375,1873.710486479262,1851.7753704692766,1867.1836861348777,1744550
2019-08-13,1817.157958984375,1855.8235722498978,1812.9031742701552,1854.7908379303376,1647281
2019-08-14,1821.24755859375,1832.35994131045,1790.6786225325923,1801.9975521145702,1945002
2019-08-16,1788.7784423828125,1851.8163804119893,1770.7261667888254,1851.8163804119893,3755507
2019-08-19,1787.0433349609375,1806.0456450414283,1782.6645014272954,1801.0885206726048,974884
2019-08-20,1806.6654052734375,1821.7433262274744,1789.935109420328,1794.4791403927775,1843611
2019-08-21,1806.210693359375,1819.2644934629118,1802.9472937599633,1805.1779592009605,1214408
2019-08-22,1830.8310546875,1847.0655544314143,1792.8264389313515,1806.8716230151454,2131601
2019-08-23,1857.0218505859375,1867.1012990863662,1829.0966690277962,1829.9642063594556,2826425
2019-08-26,1880.6507568359375,1885.3599855208083,1838.2672952602097,1856.4434213257039,2345475
2019-08-27,1847.76806640625,1879.4524329579065,1841.5716610863094,1875.445343501984,3432106
2019-08-28,1850.040283203125,1860.69802083194,1830.8314246190132,1850.6599238026126,1294621
2019-08-29,1845.2484130859375,1857.4346785891053,1835.9538038038604,1835.9538038038604,1670652
2019-08-30,1866.8526611328125,1872.1401784832553,1832.483193237361,1851.4854986676855,2583625
2019-09-03,1860.243408203125,1897.091240815865,1848.1396432161112,1875.445173863986,2545060
2019-09-04,1855.1214599609375,1875.4457545472198,1844.8768149356572,1871.3148167618735,2228092
2019-09-05,1830.2532958984375,1861.9374670026295,1823.643795584955,1852.477660020146,2055943
2019-09-06,1815.5469970703125,1845.2897465103724,1811.4987590788983,1830.8314655325655,1890550
2019-09-09,1803.443603515625,1819.9673547842256,1800.9236911059738,1817.6126395460708,1703945
2019-09-11,1779.6080322265625,1813.4817227192686,1773.4529751489558,1806.046034562333,2627440
2019-09-12,1762.75390625,1788.696115651432,1751.8069207846968,1780.4342398285614,2118859
2019-09-13,1769.6522216796875,1782.8712212792739,1747.8409530227407,1763.9102590698024,2291174
2019-09-16,1776.3031005859375,1795.6358071378497,1756.8049951715525,1784.5236257567656,2597948
2019-09-17,1753.7069091796875,1781.7147879383128,1739.6205729225317,1780.3928071858443,2796530
2019-09-18,1766.843505859375,1770.4786505625489,1745.8582201100949,1756.8052056461431,1454663
2019-09-19,1736.6051025390625,1764.5716353666003,1727.5583880504373,1763.910644900853,1652691
2019-09-20,1706.44921875,1759.28387792653,1699.4679735411578,1739.0422807696227,6941979
2019-09-23,1665.4287109375,1734.167466803089,1631.7202224564558,1734.167466803089,6323401
2019-09-24,1689.3056640625,1702.7725616354496,1663.1155587443766,1664.767933864838,4620978
2019-09-25,1725.451416015625,1728.3844222741545,1701.9877693592937,1706.077357550731,4002232
2019-09-26,1724.7489013671875,1740.7768562861295,1704.4246105924467,1733.2584702443908,4234281
2019-09-27,1698.7652587890625,1722.7660447527187,1694.840868368865,1722.6008476025263,2046795
2019-09-30,1734.415283203125,1738.298323718157,1701.9460774046595,1703.4746048070238,2620039
2019-10-01,1701.9049072265625,1731.6476573478951,1685.1746102833129,1731.6476573478951,3342877
2019-10-03,1702.1524658203125,1719.4197005296041,1690.5032445065838,1710.2077923786176,2317618
2019-10-04,1717.9332275390625,1725.0383197133497,1697.7741295355197,1702.442210392568,2163251
2019-10-07,1691.7840576171875,1730.4496719118092,1686.2486418582014,1718.4699534860652,2177916
2019-10-09,1668.9813232421875,1701.9462241623326,1665.1808809704762,1701.9462241623326,2066920
2019-10-10,1656.051513671875,1684.6376821932333,1649.9790556454589,1675.508269868787,2881452
2019-10-11,1641.5103759765625,1648.2438232949494,1590.410706688109,1595.3678309686954,12593069
2019-10-14,1669.7247314453125,1679.4324333723202,1625.9367993490227,1648.2438590961892,3510704
2019-10-15,1683.19189453125,1691.2058732278297,1671.1294759157397,1678.8130602828285,2261310
2019-10-16,1690.7100830078125,1698.641462662883,1665.593963389286,1683.7700879897643,3034082
2019-10-17,1715.6729736328125,1721.6285995852031,1688.9362822446483,1701.3542686774283,3818774
2019-10-18,1737.974365234375,1743.507401472172,1710.6461820032168,1721.20572633657,3087901
2019-10-22,1732.947998046875,1783.7183738262768,1723.3600547572435,1757.1083199425318,5552505
2019-10-23,1748.7452392578125,1760.3607389464598,1733.8773171598973,1740.2130442627958,2348134
2019-10-24,1758.7979736328125,1773.1589561264523,1741.3114067858423,1760.4875009850055,2798671
2019-10-25,1795.080322265625,1799.3464195790457,1752.9267022564368,1768.934930797428,3954245
2019-10-27,1787.2666015625,1798.5020005407396,1781.437814259179,1798.5020005407396,224405
2019-10-29,1854.1297607421875,1859.9162685650256,1792.1662584679202,1792.1662584679202,5064173
2019-10-30,1903.083251953125,1909.1655078982114,1838.923505446976,1879.5987854307612,5195136
2019-10-31,1917.317626953125,1930.2425513130956,1889.7361778418212,1900.7181046687965,4879261
2019-11-01,1859.240234375,1921.8373033225269,1854.2562113375589,1912.5449031745939,4172620
2019-11-04,1853.368896484375,1883.1468107737044,1842.3446912226595,1864.3931017460905,2646411
2019-11-05,1860.0423583984375,1867.7718609439105,1832.2917984565092,1855.9451734481102,2693475
2019-11-06,1848.7652587890625,1867.6035295419697,1840.740004067337,1858.480040820625,2540719
2019-11-07,1846.1044921875,1862.2816350533794,1837.5300166189115,1862.2816350533794,1915598
2019-11-08,1799.3040771484375,1849.6943465126478,1794.2777752879178,1849.6943465126478,2788759
2019-11-11,1774.80615234375,1806.9494505310622,1766.4007952596778,1803.5703959251134,2983768
2019-11-13,1840.4019775390625,1844.7947068105432,1789.209223216869,1789.209223216869,3823365
2019-11-14,1855.7769775390625,1858.4801801892913,1813.4542327573859,1847.920633710943,2995915
2019-11-15,1836.896484375,1868.1950223807273,1832.0813722759224,1855.1011843310318,2724180
2019-11-18,1818.4385986328125,1848.1319630573716,1815.1861755774323,1840.2333392035387,1611089
2019-11-19,1781.4375,1820.1697868603073,1778.22735710949,1818.7760094331268,2975313
2019-11-20,1781.2264404296875,1803.5703977863564,1769.357469865819,1792.5461908748468,2894129
2019-11-21,1789.294189453125,1796.474681360557,1780.2550522943784,1784.14104805839,2052574
2019-11-22,1750.0966796875,1779.916875518447,1740.6353687734977,1771.469239659318,3742049
2019-11-25,1758.3756103515625,1761.2900038166256,1733.623993132497,1752.504543988959,2737010
2019-11-26,1728.9354248046875,1772.2294557394196,1719.1361877694555,1765.429273822161,6561580
2019-11-27,1735.3985595703125,1750.0973692603736,1728.8516391998721,1733.4555613089115,2907521
2019-11-28,1754.8702392578125,1769.2732976854743,1740.2135041896497,1746.16913048863,2924429
2019-11-29,1734.5108642578125,1761.3321085973646,1728.2174166767545,1761.3321085973646,2064271
2019-12-02,1707.309814453125,1746.7179608080091,1703.0437162767219,1740.2133211954597,3809860
2019-12-03,1732.6104736328125,1741.902875002857,1697.9751594353745,1712.9274367553062,4664774
2019-12-04,1755.8411865234375,1758.7978591974004,1727.9639870260723,1734.2997141845644,3334301
2019-12-05,1791.99755859375,1796.6437596711082,1747.2673549245064,1759.6430625704566,3902721
2019-12-06,1793.9404296875,1797.6573077898515,1774.8486859334953,1794.278252700021,1829461
2019-12-09,1740.5933837890625,1797.6149354840888,1734.7223171220257,1797.6149354840888,2244747
2019-12-10,1700.3824462890625,1740.931203512925,1692.2727360925142,1740.2130719333977,4520045
2019-12-11,1724.923095703125,1730.0761338762002,1695.2296297148753,1710.9844940385951,4943024
2019-12-12,1707.18310546875,1760.1919283583677,1676.0113020593574,1732.6950329268784,7137306
2019-12-13,1749.7169189453125,1754.9121335165717,1695.4408479532854,1708.957067966864,5711133
2019-12-16,1796.6007080078125,1804.4147700974197,1757.361486114163,1770.6242313315504,5574177
2019-12-17,1828.870849609375,1832.2921833160703,1790.0540048163914,1796.3897315913432,6059673
2019-12-18,1831.2366943359375,1861.3947202023605,1818.7764285112553,1836.516467990464,8251081
2019-12-19,1883.0201416015625,1889.313588497456,1831.0671857810423,1841.4155387696826,6251505
2019-12-20,1877.8248291015625,1897.930243014335,1865.4491254830589,1875.3750972817347,5548338
2019-12-23,1885.2591552734375,1893.9179834153683,1866.9278237724077,1866.9278237724077,2247329
2019-12-24,1871.658447265625,1895.2695503102766,1867.8990839863793,1891.4258344097223,1805896
2019-12-26,1860.1270751953125,1882.9779706862714,1854.4249211791025,1872.3338673595715,1880367
2019-12-27,1857.2130126953125,1880.7818376603982,1838.2058292585855,1865.238267924153,2720261
2019-12-30,1844.2879638671875,1879.599125770334,1839.1350293344701,1864.393380033765,2288830
2019-12-31,1826.12548828125,1855.9456855142962,1822.5352428723124,1849.1875765092375,1909289
2020-01-01,1831.10986328125,1844.879346483023,1819.6209945610121,1831.4476862619658,1354908
2020-01-02,1822.7044677734375,1841.5427411126095,1815.5662551576124,1841.5427411126095,2380752
2020-01-03,1859.029052734375,1877.9096028982917,1828.0685473107976,1828.0685473107976,4655761
2020-01-06,1858.8599853515625,1880.4014567225522,1848.2581611344808,1862.7037009032354,3023209
2020-01-07,1863.4219970703125,1870.8557522661133,1844.7949171674397,1858.9024290045934,2429317
2020-01-08,1905.1531982421875,1909.1658255303596,1860.2118138628832,1862.7038253515234,5197454
2020-01-09,1870.6026611328125,1902.3656538587488,1866.927856385098,1899.6624511520313,3734173
2020-01-10,1869.926513671875,1887.2018880957914,1865.238034429502,1882.1333064804937,1915807
2020-01-13,1850.328125,1874.4882414067179,1845.5550866799636,1873.5591251455692,2843893
2020-01-14,1864.3092041015625,1883.6544194512728,1854.2565970740293,1854.2565970740293,2948452
2020-01-15,1881.2044677734375,1884.6680819310056,1853.5807321148382,1869.4623331749508,2620681
2020-01-16,1891.2567138671875,1899.8732609969875,1871.1512997369175,1881.2461831080445,3117214
2020-01-17,1874.6153564453125,1903.7174269484844,1869.4622149740017,1892.904409490734,3281059
2020-01-20,1833.4329833984375,1894.12913165127,1821.4794532687185,1854.171767292639,5817599
2020-01-21,1834.024658203125,1847.1184983094333,1823.0427277913825,1833.0953354410435,1902980
2020-01-22,1864.3092041015625,1866.9280544572232,1836.2630863416605,1842.4299035163817,1773686
2020-01-23,1855.0379638671875,1877.729083754739,1848.8995191113665,1870.9980029161143,2069866
2020-01-24,1848.6451416015625,1855.0376311633627,1837.2996870473519,1855.0376311633627,1319430
2020-01-27,1836.6646728515625,1857.1543330576778,1833.0662748524296,1853.9792759996194,1549101
2020-01-28,1848.941650390625,1852.3707535225935,1822.0594993202635,1840.6865016367344,1743024
2020-01-29,1824.2613525390625,1851.6513947065393,1820.3665321585515,1850.0004059378768,2306761
2020-01-30,1810.0789794921875,1833.0663103539557,1799.1990344120811,1828.8329008612213,2098567
2020-01-31,1760.2940673828125,1815.582437480852,1753.9863284914206,1811.3911966562785,3287223
2020-02-03,1780.1485595703125,1858.212583480451,1772.274377156367,1822.0593104377228,4728073
2020-02-04,1784.5938720703125,1809.105273070461,1766.6866315922948,1802.5858634267324,3509339
2020-02-05,1817.4453125,1826.039052229969,1781.6729975264705,1790.7324537044988,2439322
2020-02-06,1802.0357666015625,1840.8560133361498,1791.1558199206168,1816.1329396027998,2640065
2020-02-07,1808.9781494140625,1821.2126608145136,1794.1188415927263,1811.0524786063434,2083442
2020-02-10,1830.484130859375,1834.7599163533625,1794.1191798582258,1812.661433200342,2383032
2020-02-11,1823.2449951171875,1841.3641145292136,1818.334404725857,1831.3732252640095,1335820
2020-02-12,1837.93505859375,1850.0002777967725,1820.3664060700507,1821.297839008113,1620407
2020-02-13,1855.8846435546875,1860.160429169367,1838.1466962797888,1839.797684904611,1645948
2020-02-14,1849.3231201171875,1872.8609253491009,1838.1469570221059,1852.540553645494,1500115
2020-02-17,1865.4521484375,1877.0940261368148,1854.4029068064367,1860.1180104042821,1774724
2020-02-18,1876.0352783203125,1880.4803579597942,1850.8888691302739,1862.6576639681762,2486223
2020-02-19,1859.6099853515625,1888.1007503126302,1854.6568132555233,1876.0355325135474,1760463
2020-02-20,1826.12353515625,1874.8922878199871,1821.424409341684,1866.510219822774,2317278
2020-02-24,1791.02880859375,1844.8776584815464,1783.7048854430448,1825.4463483876807,3092877
2020-02-25,1825.5733642578125,1842.9303457583126,1787.3457535392836,1791.1558226491493,2674567
2020-02-26,1798.013916015625,1832.1350340739677,1788.9966290002187,1823.7529652461767,2686842
2020-02-27,1782.6888427734375,1794.9233555887888,1766.347839823601,1794.9233555887888,2349001
2020-02-28,1693.4908447265625,1752.208214575457,1684.8970026601398,1750.9381917091303,4298076
2020-03-02,1694.4647216796875,1739.0424461311534,1681.2563998447122,1722.9978636323435,2667076
2020-03-03,1724.013671875,1744.1647427692733,1703.5240108989212,1710.2974662106465,2757585
2020-03-04,1763.8076171875,1773.3327881545006,1714.530774060105,1740.7779118358399,3237002
2020-03-05,1799.2415771484375,1818.4612166906686,1764.5276160801952,1765.9245586589109,3937056
2020-03-06,1791.9599609375,1798.0560295988737,1753.9863997344999,1776.3387203960235,2595027
2020-03-09,1669.953125,1761.013706796278,1638.329574808366,1756.865047921116,4940975
2020-03-11,1654.1622314453125,1682.6108232991971,1625.6290954350313,1636.6359591020394,6796449
2020-03-12,1498.5001220703125,1615.8079549068545,1488.7632790375558,1612.0825334233741,8728786
2020-03-13,1529.3616943359375,1540.961196063312,1275.1454310842842,1429.1145277232897,8029720
2020-03-16,1436.3111572265625,1559.7996883515607,1418.911803307323,1485.9266945620784,7844271
2020-03-17,1403.7987060546875,1465.6064898556479,1374.2918600754497,1464.7598078857718,5713248
2020-03-18,1400.75048828125,1450.8317409149295,1378.1863960666562,1419.7161825948867,7258778
2020-03-19,1395.5908203125,1437.4666269722372,1319.173852491675,1330.218453737501,5135111
2020-03-20,1532.9879150390625,1594.0106768146877,1387.616570988495,1390.175175606175,8547498
2020-03-23,1424.0340576171875,1492.5194188818368,1379.727594226338,1381.6465477649003,7003490
2020-03-24,1452.56201171875,1509.5762110720134,1392.6053555898582,1409.83334995614,6350865
2020-03-25,1492.775146484375,1543.691332777904,1432.818474622585,1449.875837415711,2765520
2020-03-26,1527.4442138671875,1562.4971790901059,1469.10811408077,1562.1133259460546,4556067
2020-03-27,1556.0579833984375,1577.8061218345351,1492.8604725296366,1552.2200766155968,4331250
2020-03-30,1516.8258056640625,1624.713612476828,1504.0754701392282,1506.1649551884927,8513547
2020-03-31,1557.4224853515625,1582.0703953517955,1518.105285027599,1567.0599369510269,3927593
2020-04-01,1457.33837890625,1564.7997604671498,1451.581519179773,1557.2518985366332,4941878
2020-04-03,1410.8148193359375,1483.9909672984088,1407.2328138174566,1483.9909672984088,5735369
2020-04-07,1514.0115966796875,1523.0946638897606,1454.1402903007047,1458.4046313279796,5427577
2020-04-08,1454.5240478515625,1540.2799880552966,1450.7288259590584,1501.0480503750398,6285615
2020-04-09,1506.2930908203125,1517.0818936457872,1476.4852867715956,1492.90299851605,5307397
2020-04-13,1500.408447265625,1524.0755408632497,1489.1079431154078,1501.9009666816914,2990438
2020-04-15,1479.8543701171875,1545.3972745427877,1473.5858092791832,1522.3698317101966,4761399
2020-04-16,1463.5643310546875,1505.226916530731,1428.5967392794826,1458.361752405111,6245533
2020-04-17,1540.450439453125,1579.4691580392125,1495.0778946756607,1535.1626984690183,9895823
2020-04-20,1551.06884765625,1560.7488813717412,1537.2950047391057,1560.7488813717412,3244282
2020-04-21,1481.9866943359375,1530.5575047373356,1473.5005918726051,1505.3126226525096,5122541
2020-04-22,1509.14990234375,1526.6336960696879,1466.208020038846,1481.9860777915214,3829836
2020-04-23,1601.899658203125,1620.449541107913,1501.7729131042697,1518.1053595642554,5934366
2020-04-24,1550.9833984375,1579.4691110402252,1541.8150659277915,1569.8743444602976,2987102
2020-04-27,1566.37744140625,1599.1275953816398,1556.4841928381295,1562.7101712534297,3374741
2020-04-28,1585.5247802734375,1593.1579095558848,1562.9663523322579,1590.5993047760842,2678505
2020-04-29,1625.2684326171875,1631.1532444770735,1577.8489778293676,1598.27513116481,4241510
2020-04-30,1718.0601806640625,1733.0280581448462,1656.4404576320915,1688.678914924604,5915544
2020-05-04,1646.4193115234375,1676.738816507597,1632.0911887821817,1676.738816507597,3729348
2020-05-05,1648.3812255859375,1686.120648290466,1643.477232805123,1667.4428114859056,2905528
2020-05-06,1623.5198974609375,1666.2485737948612,1614.9912153938913,1654.3937890095779,3517431
2020-05-07,1613.328125,1649.830820897835,1606.2492774116702,1628.9782353923947,3166754
2020-05-08,1614.820556640625,1654.1377570615136,1608.7225286193761,1653.7965889836341,2686530
2020-05-11,1650.5557861328125,1664.286942640589,1628.1253119564062,1628.1253119564062,2449841
2020-05-12,1662.666259765625,1668.636336102306,1629.1911888778072,1648.935105013233,3256595
2020-05-13,1662.79443359375,1700.6191157730445,1642.3255976967826,1700.6191157730445,2656665
2020-05-14,1622.4532470703125,1640.1502561952184,1612.8584830869297,1628.9777074009833,2263146
2020-05-15,1614.3941650390625,1635.2894350128163,1590.7696544803578,1634.095398763768,3173682
2020-05-18,1659.3399658203125,1665.6085248204104,1596.6541675996052,1626.4192817263763,3727694
2020-05-19,1661.9415283203125,1677.1225188056428,1623.008076755361,1623.008076755361,3198693
2020-05-20,1666.1630859375,1674.0948008476576,1647.4852538757461,1663.0927816241688,2778505
2020-05-21,1698.230712890625,1704.0302569104415,1655.5447321341364,1659.6811210949545,3400908
2020-05-22,1723.091796875,1733.027729631127,1672.6873202455945,1686.205256861936,3663418
2020-05-26,1657.1226806640625,1726.2049951950914,1641.7710552127228,1718.5291824694216,4575317
2020-05-27,1710.2564697265625,1714.2649082162516,1655.6302254103475,1670.76863442569,3482160
2020-05-28,1709.4039306640625,1717.6767113139194,1681.2592774995344,1695.9285702322386,3475681
2020-05-29,1682.154541015625,1707.9964886213402,1673.6685442331923,1690.384739808922,7237735
2020-06-01,1744.328857421875,1756.90866460778,1689.617336194755,1697.2078847424673,3747773
2020-06-02,1745.9488525390625,1774.8184152618328,1739.893510195078,1757.0787181457822,2443886
2020-06-03,1750.225830078125,1765.2804113706543,1727.857749712282,1755.1015309323038,3699799
2020-06-04,1789.06005859375,1796.2879373371438,1750.7392074975232,1750.7392074975232,4048593
2020-06-05,1752.0218505859375,1794.576757001976,1745.2216610757625,1789.1024405133314,3573289
2020-06-08,1772.1236572265625,1792.01113159872,1763.8693696758032,1777.6835962983484,2957841
2020-06-09,1772.3798828125,1792.4383856143374,1762.2864156344256,1764.7243180165835,2909439
2020-06-10,1803.772216796875,1823.6596875926202,1773.6202449452617,1776.6568682739844,5168397
2020-06-11,1768.6163330078125,1800.5646781698256,1763.6125137143674,1796.2878024497072,2269513
2020-06-12,1744.5374755859375,1752.834572095224,1720.1592858069725,1720.330319056604,2842642
2020-06-15,1736.3258056640625,1761.2171983170786,1711.5626357336691,1744.1952142252978,2399022
2020-06-16,1749.926513671875,1774.0052404745354,1737.2669197575967,1766.349674691993,2146528
2020-06-17,1751.63720703125,1761.0891438440908,1733.4604857880236,1750.0974900536958,2703527
2020-06-18,1743.34033203125,1761.3887295016755,1732.3059700693163,1749.2424423286493,1944389
2020-06-19,1748.89990234375,1787.7339526285268,1738.1221970053427,1746.6759479748573,5681758
2020-06-22,1734.6580810546875,1755.4437400130719,1727.1308420050711,1753.5191458286258,3196138
2020-06-23,1740.945068359375,1748.3867903287544,1719.3040354994112,1733.8454129140828,4205944
2020-06-24,1746.846923828125,1765.7079858625095,1737.7799689815522,1739.8328900299598,2560937
2020-06-25,1724.52197265625,1762.0729659695623,1718.6626732399725,1740.6885853145918,3043931
2020-06-26,1812.4117431640625,1823.6598429969085,1727.8150144539,1732.134700782711,6300722
2020-06-29,1797.69921875,1819.89637241849,1788.846210664083,1803.1309348426262,3076341
2020-06-30,1781.0191650390625,1806.4665740369785,1774.9461271823432,1796.2876939705359,3071725
2020-07-01,1789.4879150390625,1808.2205503345845,1778.7529133962196,1778.9239466876404,2503466
2020-07-02,1845.172119140625,1851.8868965013019,1794.5767708359035,1797.9982708756288,3758699
2020-07-03,1881.5257568359375,1886.1020971576843,1847.824061399042,1850.7322532088733,4185208
2020-07-06,1935.8848876953125,1941.6158591082508,1886.102098560884,1886.102098560884,5190366
2020-07-07,1941.616455078125,1969.6728087817824,1909.3260350893324,1945.9789529669772,5630055
2020-07-08,1897.991943359375,1945.4652668496233,1888.3263706871892,1941.7016995110585,2793358
2020-07-09,1885.5465087890625,1919.889741414847,1874.1699762404173,1906.6314250896387,3443998
2020-07-10,1900.94287109375,1924.4656855279877,1861.2961530509585,1886.315873858284,9610320
2020-07-13,1898.93310546875,1920.2746767570843,1890.3793527414134,1898.93310546875,2963503
2020-07-14,1857.831787109375,1915.1847256395265,1851.886972313343,1890.378849336022,2976738
2020-07-15,1910.8223876953125,1933.1477617509142,1865.6587486455223,1868.9946280644901,5569321
2020-07-16,1915.8377685546875,2000.066904145021,1903.278495161335,1923.7677380631922,8582118
2020-07-17,1886.689453125,1923.6815992821405,1877.516450728122,1917.7663553973077,4509135
2020-07-20,1892.8192138671875,1909.1077987913955,1878.1596130155679,1886.9039693779814,2952646
2020-07-21,1907.52197265625,1919.181044963241,1887.0325213773183,1911.765535909535,2665286
2020-07-22,1878.2880859375,1912.622749545332,1872.5013519350655,1912.622749545332,2861534
2020-07-23,1861.3568115234375,1878.2883691203076,1854.3270421280895,1878.2883691203076,2265766
2020-07-24,1849.525634765625,1854.3265639587582,1821.8352113524438,1847.0395663657628,3665100
2020-07-27,1891.876708984375,1898.9064789198603,1854.7558316673217,1856.0417728494344,4248480
2020-07-28,1980.134765625,1988.9220288992315,1898.9061612119817,1898.9061612119817,8092319
2020-07-29,1951.24365234375,2007.7821382451286,1925.5248375925314,1964.9174469930979,6090431
2020-07-30,1954.2017822265625,2021.4993649880387,1947.986400379165,1959.6883804131087,7098496
2020-07-31,1955.830322265625,2001.60994450558,1935.2981741443718,1974.4764655680665,4723290
2020-08-03,1932.46923828125,1975.0769186658217,1912.365735301378,1963.5890531771101,4012337
2020-08-04,1928.65380859375,1945.7567779425528,1907.521600268825,1937.4410699917814,2927928
2020-08-05,1937.0560302734375,1971.7764415264023,1931.4836185908628,1937.4846773259433,3800641
2020-08-06,1978.7200927734375,1988.493159308177,1942.0707793177683,1950.3435815590008,4748047
2020-08-07,1967.78955078125,1995.7801116685248,1960.6310633101014,1978.6342344205134,3165491
2020-08-10,1957.03076171875,1993.2085262272028,1951.244027287768,1987.207468298777,2929353
2020-08-11,1954.5445556640625,1982.0637774710417,1950.8583588122917,1957.202250850514,2774423
2020-08-12,1935.2130126953125,1968.6901814574476,1925.9541941134573,1961.7891310634125,3415751
2020-08-13,1932.7261962890625,1971.7759754010813,1929.3399272348406,1948.6290400376772,2695682
2020-08-14,1922.181640625,1955.744825995158,1914.423297436897,1952.05841996915,2270405
2020-08-17,1931.8258056640625,1946.0569667622472,1918.8378880421144,1940.0559100365485,2625630
2020-08-18,1945.843017578125,1962.3459267480243,1927.4541035060095,1939.884866257362,3493374
2020-08-19,1934.56982421875,1958.5740574607785,1931.05483491676,1951.5013815948237,2843005
2020-08-20,1931.354736328125,1951.6725608447966,1920.3813320367567,1934.9124224587908,2895164
2020-08-21,1927.71142578125,1946.9147281956893,1921.238814041015,1937.4844939331826,1975294
2020-08-24,1927.282470703125,1937.4412776819038,1911.7653676313919,1929.4257054202005,2167966
2020-08-25,1922.6102294921875,1928.911423863589,1914.8089799802879,1924.624954032781,1663419
2020-08-26,1931.912109375,1937.3987074831466,1900.149323493487,1922.0532279648326,2618149
2020-08-27,1927.539794921875,1960.9315645116892,1921.838873396945,1942.6282534258849,3579393
2020-08-28,1919.0955810546875,1954.587469960892,1916.1379585292202,1944.6856821145025,2941136
2020-08-31,1935.126708984375,1951.372386976022,1910.0508617198748,1920.3383888027467,6018154
2020-09-01,1925.7823486328125,1952.9156184348524,1921.452972324514,1945.1999728835294,3610908
2020-09-02,1941.8997802734375,1944.9861229655485,1921.7533675396896,1926.3399750098458,2084137
2020-09-03,1971.3472900390625,1992.3509902373478,1944.342532641267,1944.342532641267,4654146
2020-09-04,1962.1746826171875,1992.565715125721,1940.0135474886533,1950.343982751862,5231303
2020-09-07,1994.9656982421875,2009.0681402340026,1957.5019988057907,1962.3456253448398,4620401
2020-09-08,2013.0977783203125,2049.318450708789,1994.9660934956676,2002.5959265627068,7453998
2020-09-09,1995.48046875,2022.3567217051634,1988.9222528003302,1993.2087231727448,3866535
2020-09-10,1998.4805908203125,2013.3547237021112,1992.60825318678,2001.7812560546859,2308813
2020-09-11,2035.302001953125,2042.93183570584,1997.623758902602,1998.3096360411232,4145424
2020-09-14,2135.86181640625,2148.1640668867335,2041.94544248062,2043.8743536451395,7512131
2020-09-15,2135.86181640625,2175.811793578182,2112.886508642399,2135.86181640625,7318770
2020-09-16,2145.806884765625,2149.7505208908246,2123.774470797287,2133.761862190042,3074003
2020-09-17,2109.757568359375,2139.5914405839812,2100.884701288022,2126.089060462095,4828176
2020-09-18,2100.2841796875,2143.5775203553167,2088.7107123802616,2130.375278406424,4183256
2020-09-21,2113.486572265625,2147.4352831776064,2102.2130325473,2113.2293422503303,4598809
2020-09-22,2162.909912109375,2190.3862273893283,2107.228707210555,2130.375645817018,7499613
2020-09-23,2115.330078125,2160.25241014795,2065.2212847449828,2151.8079803694095,7502280
2020-09-24,1999.423828125,2100.3701914058315,1974.005146059324,2100.3701914058315,8424708
2020-09-25,2076.623046875,2091.797106979511,2016.4410572145775,2030.0719464456893,8228267
2020-09-28,2080.052490234375,2095.226552292309,2028.3576197723414,2091.797376265644,4347166
2020-09-29,2133.28955078125,2152.7073785882963,2080.0517378054687,2087.381640771037,6995811
2020-09-30,2136.6337890625,2147.521380548939,2108.943152155844,2133.8046771202826,3917166
2020-10-01,2163.338134765625,2177.526389914291,2136.6335149243773,2151.807574285382,2610337
2020-10-05,2319.666015625,2338.7837126018267,2231.5790621161123,2246.1101527327046,17412105
2020-10-06,2326.953125,2345.5563627715733,2271.9148925581817,2345.5563627715733,9846367
2020-10-07,2345.51318359375,2374.7040824967694,2317.2653916926956,2350.699853504022,9656101
2020-10-08,2422.455810546875,2473.2933907329207,2400.423394818779,2400.423394818779,19839329
2020-10-09,2411.525390625,2426.013786458482,2383.2775919616333,2408.996414896471,7739245
2020-10-12,2426.1416015625,2446.7166540139137,2401.06575638734,2413.710840706438,4623203
2020-10-13,2423.184814453125,2447.4889779543214,2410.8825597164855,2439.001849614284,4209878
2020-10-14,2418.922607421875,2446.8172734004734,2399.9386382621356,2446.8172734004734,4395936
2020-10-15,2359.517578125,2434.5492205334676,2347.808584349665,2420.1283207212723,6629355
2020-10-16,2379.060302734375,2386.249100433378,2351.5099360198424,2367.695818503154,5273773
2020-10-19,2334.50634765625,2388.272571696471,2330.244692063234,2388.272571696471,3331194
2020-10-20,2358.139404296875,2376.1331550317245,2340.0163850913345,2346.0861178200016,3406273
2020-10-21,2303.383544921875,2366.7494939516014,2292.7509477743733,2358.1400014308606,4570143
2020-10-22,2299.72412109375,2313.0688322406895,2271.269921286172,2290.985571742331,5262294
2020-10-23,2313.1982421875,2326.28462736434,2298.8204332723008,2314.059191346406,3499091
2020-10-26,2314.4033203125,2333.1289631705963,2299.1645633354756,2315.909981232117,2672752
2020-10-27,2264.42529296875,2340.1888171708038,2259.2167188339877,2324.3474370965296,3537502
2020-10-28,2257.580810546875,2286.6378442493988,2243.633476408196,2281.51523886482,3569445
2020-10-29,2266.577392578125,2285.8196875845633,2238.682727925334,2245.35508294559,3105968
2020-10-30,2294.300537109375,2302.4795544288513,2257.064484575969,2269.548247853065,3427003
2020-11-02,2242.42822265625,2294.300408538687,2238.5108620158076,2290.1247211167292,2571196
2020-11-03,2267.39599609375,2294.4297180758053,2239.372056372899,2241.91181458514,2879269
2020-11-04,2284.22705078125,2343.3744228871915,2247.077180702257,2247.077180702257,4893928
2020-11-05,2312.25146484375,2333.172574617792,2296.1517551681372,2311.6488423796204,2816502
2020-11-06,2330.976806640625,2335.9703539044963,2308.4630697448365,2323.701828135349,3884421
2020-11-09,2347.46337890625,2362.4438058429355,2320.343488277951,2351.337648996007,3646592
2020-11-10,2281.17041015625,2335.8835474906605,2271.484734519025,2322.1514538479623,4760020
2020-11-11,2314.05908203125,2318.3638276224265,2275.8328150660113,2296.969157957218,3242441
2020-11-12,2299.638427734375,2335.7552050290383,2291.6315580486703,2312.5095763759664,2437505
2020-11-13,2287.41259765625,2294.343069445796,2269.4617256505835,2286.4654696117364,2548093
2020-11-14,2299.03515625,2315.0917703945433,2290.167339858533,2305.5782422783477,298819
2020-11-17,2295.333251953125,2320.2576848595636,2281.5580671821594,2320.2576848595636,2827273
2020-11-18,2261.41162109375,2293.7402982870026,2244.537146702465,2290.9853035080814,2893762
2020-11-19,2270.23583984375,2304.0280807379404,2265.0272676816403,2270.3220188020414,4167501
2020-11-20,2290.33984375,2303.8997920778124,2262.1868502126913,2285.8198609740625,2711471
2020-11-23,2345.440673828125,2350.3911313391873,2294.4294377358733,2315.95316604484,3706418
2020-11-24,2343.54638671875,2361.5832271478666,2328.867163483405,2354.1789812941174,3120516
2020-11-25,2325.68115234375,2352.9300991559758,2314.4026384199747,2349.529393263606,3302249
2020-11-26,2342.2978515625,2351.2085472853,2307.3432393078774,2312.508933127224,2341099
2020-11-27,2307.04150390625,2339.8006497168144,2297.9155722035734,2328.8666413504707,6086808
2020-12-01,2347.635986328125,2355.4704968169954,2259.5177641778523,2306.4825783892575,3605017
2020-12-02,2367.222412109375,2371.6562154705816,2326.671629325139,2340.9203775972933,2509032
2020-12-03,2332.697998046875,2388.1861136357334,2325.2508740017015,2388.1861136357334,2852548
2020-12-04,2348.28125,2358.0100147566986,2323.7011164921014,2333.8603557053566,2686527
2020-12-07,2357.020263671875,2362.444284936023,2329.8572780510817,2337.4767615165097,1996400
2020-12-08,2408.3330078125,2415.4358380300796,2352.5003734796765,2359.000581353689,4277818
2020-12-09,2419.955322265625,2445.094989271727,2404.7594473610975,2423.571265774617,3659996
2020-12-10,2397.140380859375,2434.1611884481035,2393.653495315399,2426.1543205822477,2127801
2020-12-11,2396.5380859375,2417.286833886007,2380.1369629478827,2404.372596916649,1795408
2020-12-14,2408.677001953125,2414.1010227517563,2372.9907075461942,2412.3791247326753,2483658
2020-12-15,2377.553466796875,2406.0938386343532,2371.91420948716,2398.603625274493,2365509
2020-12-16,2422.883544921875,2427.704945212083,2376.607518769106,2392.578170763626,2565149
2020-12-17,2443.54541015625,2456.890119658406,2414.9619453901573,2420.127639390992,2863460
2020-12-18,2463.175537109375,2495.030655904568,2450.433447552765,2469.202181205763,6076692
2020-12-21,2428.005615234375,2485.1296743302546,2397.743337263038,2463.1754714217423,2705195
2020-12-22,2473.07568359375,2482.675179628832,2426.7135018451613,2439.9291513680373,2881737
2020-12-23,2504.285888671875,2513.110617630667,2467.006747714737,2476.132892958945,2790988
2020-12-24,2504.802001953125,2515.13338972514,2482.288059984368,2504.5005857327255,1807144
2020-12-28,2522.064697265625,2539.5420094145124,2498.474771440063,2505.3623655722204,2108994
2020-12-29,2523.010986328125,2541.521389401339,2513.971022036555,2513.971022036555,1994151
2020-12-30,2504.75927734375,2537.819638953184,2498.4743068283597,2526.368973799279,2637968
2020-12-31,2464.681884765625,2501.056982008258,2449.4000391784834,2496.7522367724437,4040956
2021-01-01,2521.073974609375,2531.1901256216383,2478.672235260101,2479.533184282421,2681440
2021-01-04,2616.811767578125,2626.5405346980588,2532.008279036698,2539.7999106315733,5113293
2021-01-05,2662.91552734375,2681.210695451107,2616.940930153381,2616.940930153381,5801309
2021-01-06,2627.18603515625,2680.564876440762,2614.8744216601654,2668.942064225586,3726716
2021-01-07,2611.08642578125,2652.4550713343,2583.062491039336,2647.418435112393,3717827
2021-01-08,2686.936279296875,2693.049102705534,2634.504556994544,2660.3330330435106,5879039
2021-01-11,2734.76171875,2780.865584960239,2709.019424811484,2780.865584960239,9508039
2021-01-12,2733.384765625,2763.6470471892667,2711.9900930361964,2734.7621582868046,3611458
2021-01-13,2719.695068359375,2735.235241372653,2691.5420753356175,2733.513343203706,3572801
2021-01-14,2804.01220703125,2817.6411270949984,2691.6170512251542,2721.4626529878215,6931542
2021-01-15,2789.04736328125,2824.1114607421646,2768.905861020876,2790.4705484120045,4131692
2021-01-18,2779.040771484375,2809.231328480403,2749.4108120240853,2803.4088639168835,4160906
2021-01-19,2812.638916015625,2828.4243088054377,2787.882697791758,2788.745285260134,2975735
2021-01-20,2854.12890625,2870.6473688420565,2818.1590578842715,2820.6604768223942,3453446
2021-01-21,2823.98193359375,2854.4311013086226,2813.846531321214,2850.851447721759,2778546
2021-01-22,2849.212646484375,2868.1032271116046,2796.422126882678,2796.422126882678,3052459
2021-01-25,2839.034423828125,2880.869919684752,2828.1225650480674,2854.259009732699,2272887
2021-01-27,2812.941162109375,2852.1025525039727,2783.570014017095,2846.538904944659,2786662
2021-01-28,2757.303955078125,2824.973898403804,2746.3059650919727,2786.1574631585613,3083938
2021-01-29,2683.811767578125,2774.8147510394783,2674.0213149781584,2768.9491137784144,5445659
2021-02-01,2707.964111328125,2730.089396130799,2625.8026531981222,2674.0212094804033,3985846
2021-02-02,2763.255615234375,2780.981828748928,2717.150359974914,2737.852457955675,2881837
2021-02-03,2760.3232421875,2791.333221488159,2728.062342505683,2771.493708480054,2505866
2021-02-04,2750.317138671875,2792.929088556471,2739.5779661560728,2774.1246384838455,2057261
2021-02-05,2724.007568359375,2765.3256270893876,2699.0357077171384,2759.373648262348,2366135
2021-02-08,2772.442626953125,2782.7073341843807,2721.5929242725,2751.2228897647497,2526592
2021-02-09,2740.354248046875,2799.7866553978947,2729.2269531135325,2755.9671666238105,2658751
2021-02-10,2771.752197265625,2777.013854169125,2723.4473017724445,2747.3409311746523,2127983
2021-02-11,2765.45556640625,2776.9280224465538,2747.384400129207,2773.218854022487,1165882
2021-02-12,2752.3447265625,2799.5282290845175,2744.7539130941104,2746.6515638130354,2777404
2021-02-15,2708.395263671875,2768.043101041877,2701.235745785617,2768.043101041877,2630853
2021-02-16,2681.612060546875,2732.3752085365327,2674.0212484327935,2717.1506234075164,3435770
2021-02-17,2650.8173828125,2702.356979177696,2627.053058185839,2678.4201791921864,3678426
2021-02-18,2637.231689453125,2672.209440285452,2614.5024270724384,2643.8303988706775,4189909
2021-02-19,2649.73876953125,2662.936186188286,2601.6924904818256,2637.7918516951354,3725028
2021-02-22,2551.92138671875,2670.570313400663,2538.723758749121,2670.570313400663,5366696
2021-02-23,2570.683349609375,2611.9150762204226,2560.1598237193575,2561.8849988027264,3832829
2021-02-24,2542.99365234375,2590.6515997125284,2519.7467566010996,2563.609404163069,3774549
2021-02-25,2583.70849609375,2613.5538985691696,2560.547936448802,2565.335339405835,4224073
2021-02-26,2496.58642578125,2563.9114056204194,2484.251385464072,2553.2583683936296,5553153
2021-03-01,2522.3779296875,2557.57153628509,2503.0560569556483,2523.930629062453,3265871
2021-03-02,2593.23974609375,2609.3269170643844,2542.9076864482,2553.2587353753975,3306469
2021-03-03,2638.740966796875,2642.9675604469694,2585.0878667758557,2617.952528053705,3509857
2021-03-04,2630.6328125,2658.0199630833813,2601.606830055768,2607.6017705058875,3916760
2021-03-05,2594.706298828125,2642.2779138838096,2584.8297143482514,2601.6501701271904,3203686
2021-03-08,2593.75732421875,2616.2277697005156,2584.312033637568,2601.563782860783,2003125
2021-03-09,2631.710693359375,2645.468918741427,2580.9475568679964,2593.7568519784845,1942397
2021-03-10,2648.962646484375,2668.155215500938,2639.5173568846353,2652.4561674575993,3053778
2021-03-12,2637.74951171875,2688.685347801896,2623.4306849869185,2652.4566713156337,2938317
2021-03-15,2644.822021484375,2673.1580991245287,2623.1280346685035,2623.1280346685035,3097083
2021-03-16,2682.689697265625,2709.3867323088225,2639.517160415472,2639.517160415472,4894756
2021-03-17,2685.19140625,2721.463248559308,2661.340948863385,2678.3338785345964,3838390
2021-03-18,2619.246337890625,2714.0877694592687,2576.591438000685,2696.4047297995426,3656306
2021-03-19,2631.064453125,2673.158766887321,2592.0755387210065,2613.6402270631115,5776626
2021-03-22,2699.596923828125,2708.050323567808,2603.8497099558917,2629.7705068209143,2821646
2021-03-23,2710.76708984375,2733.539311642476,2693.730989684413,2708.5242784971206,3305973
2021-03-24,2692.22119140625,2719.133871899528,2683.638279663349,2683.6814511450275,2207104
2021-03-25,2643.701416015625,2700.632191713419,2630.8919072465596,2684.5448082856474,3179786
2021-03-26,2645.3828125,2689.5472407882653,2624.8963638249775,2665.955393550723,3697370
2021-03-30,2724.52587890625,2750.317161758501,2640.294080434551,2659.3573490419767,4694008
2021-03-31,2741.173828125,2764.5929950000286,2701.6241061903556,2721.463619102992,3530069
2021-04-01,2730.089111328125,2773.218481175331,2712.837363389243,2752.602726625417,4285076
2021-04-05,2793.83447265625,2814.6229149226165,2718.0131182718865,2735.264867673802,5317862
2021-04-06,2816.08935546875,2824.9740487941745,2786.157611482499,2824.9740487941745,2291562
2021-04-07,2821.868408203125,2827.1734472042103,2790.297834912281,2811.1724084069633,2491268
2021-04-08,2861.504638671875,2876.72922333794,2817.2538591748644,2820.6610375757314,2578118
2021-04-09,2865.73095703125,2893.4200964931333,2853.4390867211605,2893.11810666952,2911129
2021-04-12,2800.43359375,2879.403524412328,2771.666215324672,2865.7314277949345,3791828
2021-04-13,2677.51416015625,2772.3555920082676,2650.7739537616467,2772.3555920082676,8654596
2021-04-15,2776.6259765625,2792.411369848915,2663.1957209025627,2726.0353041877324,6062760
2021-04-16,2756.095947265625,2800.821186576273,2745.2706442609606,2785.2946139374144,3224657
2021-04-19,2727.328857421875,2750.7911923595366,2704.297816180099,2733.539444524105,2679106
2021-04-20,2712.449951171875,2782.1470732069365,2696.7508985567383,2781.8450833019087,3141893
2021-04-22,2690.2373046875,2715.4248116477966,2678.549204691652,2715.4248116477966,1988980
2021-04-23,2682.216064453125,2690.410646415596,2666.3013658129644,2678.3344203656384,1615309
2021-04-26,2674.710693359375,2719.7377074827195,2663.712705484207,2675.7889274647837,2490260
2021-04-27,2701.623779296875,2705.1604719295583,2676.6087443033857,2679.1965065440913,1471417
2021-04-28,2694.8095703125,2718.013088769156,2684.372177800576,2717.1073298168585,1639037
2021-04-29,2687.175537109375,2723.490552768404,2678.765309523526,2713.35515029315,1621395
2021-04-30,2618.513916015625,2701.667485496872,2605.014504558541,2673.1589237175226,3072305
2021-05-03,2619.677734375,2635.2043063930273,2591.212352341949,2609.2403433925037,1545831
2021-05-04,2630.676025390625,2665.3951695899764,2617.952860746142,2641.9328335166438,1990777
2021-05-05,2670.311767578125,2673.503298834241,2632.961691102309,2648.14331355387,1939289
2021-05-06,2683.897705078125,2703.349094381819,2651.5938468824866,2678.765351819636,1791671
2021-05-07,2702.39990234375,2725.6468005693077,2684.1994350905716,2702.4862453182805,1912540
2021-05-10,2713.26904296875,2729.3993874671364,2695.5859988165134,2713.657165234048,2137153
2021-05-11,2693.515625,2698.25985592109,2666.387081531657,2695.585750619421,2415625
2021-05-12,2663.324951171875,2691.272698807051,2648.6609653129904,2691.272698807051,1978558
2021-05-14,2632.185546875,2672.7271561501516,2622.2657914140586,2672.7271561501516,2043935
2021-05-17,2647.92724609375,2652.6283045505916,2618.8149260169803,2635.2040839861247,2890462
2021-05-18,2664.36083984375,2694.7238837391737,2655.044850880018,2674.0217796387446,2098538
2021-05-19,2658.49462890625,2689.5477783678416,2645.6421596161504,2660.2198038763386,1986041
2021-05-20,2639.517822265625,2664.3603850643035,2632.7034650661194,2645.6422779203626,2329027
2021-05-21,2657.200927734375,2663.8428097007495,2635.291288366683,2640.3804706362353,1685566
2021-05-24,2658.06298828125,2678.333791534409,2649.868408242739,2658.06298828125,1652260
2021-05-25,2699.236328125,2711.5883248095797,2671.585276336339,2680.1665788575788,1841613
2021-05-26,2737.809326171875,2743.4435704714215,2690.3950356987057,2704.4372637822544,1923753
2021-05-27,2756.445556640625,2789.1675125409974,2740.669715590691,2740.799651958414,5959785
2021-05-28,2724.894287109375,2772.0484983674514,2718.0030028761844,2764.680639631953,1763701
2021-05-31,2738.373046875,2748.081453855223,2711.89226428172,2730.4418480607005,1652799
2021-06-01,2733.041748046875,2747.7340804858504,2714.8388058619767,2746.5640183190408,1377441
2021-06-02,2712.628662109375,2738.6328676832036,2700.103345415868,2731.178455725699,2240078
2021-06-03,2722.85693359375,2734.3855066677797,2706.7342420318428,2734.3855066677797,1281706
2021-06-04,2725.024169921875,2736.379424869507,2708.7715406778084,2711.3719613568587,1836060
2021-06-07,2759.219970703125,2765.5043213862273,2716.226470934479,2726.1079859801675,2559821
2021-06-08,2773.911865234375,2800.652941291355,2762.686758815591,2772.048315150032,2574057
2021-06-09,2773.998779296875,2791.11821555689,2761.8201000379795,2775.5156913705473,1710925
2021-06-10,2788.3447265625,2794.585694473738,2767.7146781807214,2782.450396793021,1874324
2021-06-11,2837.751953125,2868.263508106389,2783.3164474250875,2783.7932334575407,3452954
2021-06-14,2839.96240234375,2868.003473953107,2834.7615618028526,2842.2593556002153,1847360
2021-06-15,2828.174072265625,2858.7290139704332,2818.4658777931895,2858.7290139704332,1304985
2021-06-16,2838.2294921875,2855.8688870863793,2819.7230786942005,2827.611106785101,1635552
2021-06-17,2875.847900390625,2891.710505167781,2825.789813962305,2830.557250765002,2273413
2021-06-18,2858.12158203125,2910.7367028584363,2838.7917515965987,2904.582291053217,3380431
2021-06-21,2837.145263671875,2848.3269861198405,2818.5954722116307,2830.124044333925,1130569
2021-06-22,2861.5029296875,2883.9099729657505,2847.460700066523,2863.930031360667,1708688
2021-06-23,2827.004150390625,2885.600385861073,2822.6701155665623,2885.600385861073,1467104
2021-06-24,2924.259033203125,2932.40693115909,2841.8256351773803,2846.5930718079967,4155204
2021-06-25,2930.500732421875,2946.839915081533,2903.803038282662,2925.6899119294194,2722861
2021-06-28,2892.318115234375,2939.7757961541565,2889.0675891439787,2939.7757961541565,1355238
2021-06-29,2895.871826171875,2917.9320187641097,2883.4330628958146,2896.8685694266683,1497322
2021-06-30,2900.119140625,2931.5408902618997,2893.83479069762,2900.335842346634,1693146
2021-07-01,2896.434326171875,2914.203861915261,2888.5031302330576,2910.7366354287465,990310
2021-07-02,2882.522705078125,2894.874702296693,2856.3017987018657,2887.3335252667507,1682274
2021-07-05,2878.665283203125,2924.6060420136537,2862.1959545729355,2896.8682253733346,1972858
2021-07-06,2827.78369140625,2884.7328523262436,2822.4095319025464,2871.7307511288595,2159420
2021-07-07,2838.74951171875,2845.467265896321,2809.841625554109,2838.7928943928428,2640710
2021-07-08,2824.490478515625,2858.7293534278137,2801.433328735768,2858.7293534278137,2485811
2021-07-09,2780.846435546875,2844.8602089313854,2774.648850941305,2817.12238849086,6365067
2021-07-12,2767.801025390625,2804.9869544453836,2763.6836928709663,2804.1201475991397,1892226
2021-07-13,2762.990478515625,2785.9174795432514,2752.1120091940957,2785.9174795432514,1809339
2021-07-14,2786.394287109375,2792.851956478102,2760.7800997463546,2762.5137136237463,2044279
2021-07-15,2782.39794921875,2807.503464302064,2774.623139694448,2803.8114955031597,2232968
2021-07-16,2775.31787109375,2797.0788098448206,2772.8854729987643,2791.1281405842824,1256526
2021-07-19,2766.457275390625,2779.66144992292,2758.9863835986816,2762.461177532685,1597058
2021-07-20,2784.87353515625,2792.8655184842964,2741.7425298362173,2766.4571704217306,1811945
2021-07-22,2794.03857421875,2801.509254252244,2771.1482833453642,2771.1482833453642,2859334
2021-07-23,2790.998046875,2815.9296512858455,2785.6119465337315,2805.896141243119,1776193
2021-07-26,2777.70703125,2800.901239619414,2771.886793507054,2779.8353002348217,1259611
2021-07-27,2765.02392578125,2788.5222632828436,2746.0862555326894,2779.835278038972,1121367
2021-07-28,2777.924072265625,2783.7008323872246,2721.111063799001,2769.4107846512215,1660654
2021-07-29,2776.1865234375,2801.943347409682,2771.4086820063676,2780.052189087591,1731997
2021-07-30,2751.558837890625,2800.2494279850853,2747.12860308686,2796.340284995809,2999943
2021-08-02,2796.6875,2801.465341124615,2751.1677893920387,2762.460868413856,2608669
2021-08-03,2853.587646484375,2858.018093712723,2796.297022250731,2805.0274846803595,3804735
2021-08-04,2844.074951171875,2871.2217749015135,2832.9990470901826,2866.7045858498136,2929598
2021-08-05,2852.7626953125,2879.735828978224,2834.129152953682,2844.9878853404775,2534521
2021-08-06,2875.21826171875,2887.553737675778,2836.30052753051,2842.859243449068,2292362
2021-08-09,2886.42529296875,2898.8477275053474,2875.392861265418,2887.4676890513715,1510489
2021-08-10,2896.154541015625,2910.053720359214,2880.2575243091114,2880.2575243091114,2040777
2021-08-11,2905.1015625,2918.8270416006376,2890.2469449854716,2910.1400563577786,1929707
2021-08-12,2911.66015625,2925.776506675617,2889.2911701909447,2889.2911701909447,1310205
2021-08-13,3008.650146484375,3023.0706256820945,2916.6550648642624,2919.4783348451433,4363584
2021-08-16,3016.946044921875,3035.536317803578,2985.282030878575,3005.6964431368747,2083489
2021-08-17,3086.529296875,3093.2617103569523,3008.302953290365,3024.89517973779,4336019
2021-08-18,3093.044921875,3122.971546994644,3072.239632288998,3104.5986559678718,2631309
2021-08-20,3092.1318359375,3105.596660619908,3040.4442831243855,3045.6564733240275,2836148
2021-08-23,3159.803955078125,3190.729707647399,3094.2172159201127,3109.9407441812386,3744176
2021-08-24,3138.780517578125,3185.8206557122,3122.448947836988,3176.8295438674395,2511141
2021-08-25,3178.568359375,3212.2304320521744,3133.439506938269,3136.0021255380566,2123263
2021-08-26,3189.730712890625,3203.4127144407685,3168.9252138816178,3179.436550700011,1902533
2021-08-27,3231.6884765625,3239.8108919607075,3171.7050178376517,3184.6485399994513,3944728
2021-08-30,3215.314208984375,3249.2369321363003,3203.413080439212,3227.215337529538,2033114
2021-08-31,3289.283447265625,3304.616103294764,3217.181470574093,3222.3501843175904,3207480
2021-09-01,3227.17138671875,3315.5614573561893,3220.2652761964287,3297.5794411765964,2643336
2021-09-02,3332.978271484375,3352.4370289731582,3233.295139496929,3243.71951931261,3403717
2021-09-03,3337.5830078125,3350.4830528749976,3305.006815102271,3322.7716564433317,1746812
2021-09-06,3346.226806640625,3368.4655743015705,3313.216261819144,3344.2287575634564,1723693
2021-09-07,3314.866455078125,3361.8196504818197,3308.220996519753,3356.6509369270207,1585039
2021-09-08,3278.5986328125,3314.085054335627,3262.8318385542893,3309.7415614728015,4147175
2021-09-09,3293.58349609375,3308.612022962336,3270.649939914643,3292.1067510211997,1441148
2021-09-13,3340.44970703125,3346.573861504816,3272.3870978760497,3272.3870978760497,1691473
2021-09-14,3375.675048828125,3384.883336759516,3322.771400771243,3344.445383569817,1991188
2021-09-15,3435.311767578125,3457.4201024494814,3358.388471374295,3372.3746023512094,2461369
2021-09-16,3390.790771484375,3458.9401238604128,3381.0613910627826,3413.984978155691,2946666
2021-09-17,3325.24755859375,3427.015500602913,3305.3977135092737,3405.2980386219065,6477148
2021-09-20,3321.468994140625,3362.7321763615428,3307.8739463058937,3308.8728648310816,2002008
2021-09-21,3355.73828125,3363.2091719662544,3319.8609966302524,3351.438266792722,1568129
2021-09-22,3355.044189453125,3385.188200327856,3346.61785550958,3355.348318794824,1744067
2021-09-23,3361.211669921875,3369.6814802938434,3331.458746307525,3361.863193796642,2003869
2021-09-24,3362.992431640625,3426.494162590542,3348.83260415297,3379.2370506238785,2320754
2021-09-27,3333.152099609375,3391.3983665334767,3303.5728783040245,3387.9235731251433,1673362
2021-09-28,3282.942138671875,3344.4895176156074,3258.705533235207,3344.4895176156074,2253075
2021-09-29,3294.017333984375,3306.266066094063,3233.4256213963404,3266.1322429687943,2489161
2021-09-30,3279.814208984375,3305.3973338425376,3257.7058776440495,3305.3973338425376,2252412
2021-10-01,3240.41943359375,3309.741623398387,3235.902243348817,3285.2008882642654,1578374
2021-10-04,3277.8603515625,3286.851254497421,3220.6564659820315,3235.7284709822225,1356860
2021-10-05,3329.982177734375,3335.8024155737935,3250.3225635085573,3261.0943406416723,1877966
2021-10-06,3310.523681640625,3350.9616472067787,3296.7114576007375,3332.3281031242236,1678154
2021-10-07,3381.75634765625,3387.055493405651,3318.4717883990315,3327.115296164053,1647233
2021-10-08,3418.8935546875,3466.0204536607403,3387.9245344817896,3409.6419994464163,2934339
2021-10-11,3201.67529296875,3264.1346306074806,3179.436526420061,3261.9628843462647,11845402
2021-10-12,3173.225341796875,3220.265279866949,3153.896800529802,3219.3965813830355,5752877
2021-10-13,3175.266357421875,3192.857500067075,3166.4056761360216,3170.749168147182,3545655
2021-10-14,3143.281005859375,3194.2409413041028,3140.4523183772935,3155.0744992445157,6442299
2021-10-18,3174.3525390625,3179.1831087021405,3134.5768896042064,3136.3176201055894,3590107
2021-10-19,3163.03857421875,3211.7356920493535,3155.2488457940203,3193.370895714602,3135441
2021-10-20,3141.0185546875,3159.426699635025,3114.4288467142956,3143.760120959149,2933693
2021-10-21,3074.5654296875,3139.7992665819975,3056.070167017759,3136.883670314862,4871211
2021-10-22,3045.2783203125,3099.89375374522,3033.223673514387,3098.5010839917413,2691670
2021-10-25,3040.142578125,3058.94255450439,3002.7604291932066,3048.8897923083487,2595594
2021-10-26,3031.135009765625,3071.5198844282368,3024.520146893772,3041.4922743367733,3878763
2021-10-27,3037.357177734375,3056.0700308961455,3031.482212206842,3031.482212206842,2510813
2021-10-28,2978.08544921875,3061.9452338402966,2972.297604765382,3061.9452338402966,2424942
2021-10-29,2957.28369140625,3012.3342965071097,2947.0133383911043,2959.2855740900413,3960501
2021-11-01,3025.73779296875,3034.9637499899923,2970.5131581120604,2992.272290245628,2020718
2021-11-02,3032.52685546875,3058.115723793771,3019.950118885597,3041.056478243757,3087414
2021-11-03,3039.533447265625,3063.5989646219014,3016.729917190848,3049.9342708836666,1537639
2021-11-04,3053.807373046875,3057.811138748893,3050.630624440296,3057.549986639362,328991
2021-11-08,3048.672119140625,3088.056149799711,3029.9157040300906,3088.056149799711,2526082
2021-11-09,3051.239501953125,3076.7412470079594,3042.7970012842507,3053.2413845838532,1782692
2021-11-10,3032.614013671875,3063.4248618840948,3029.0454307612417,3044.5379763984556,1516489
2021-11-11,3036.0087890625,3055.026359573033,2990.57575404018,3028.8718347089134,1284514
2021-11-12,3068.95166015625,3076.0014917098492,3033.832334714238,3051.500793099573,1747259
2021-11-15,3092.668701171875,3106.8556964004206,3070.6484191597583,3070.6484191597583,1809157
2021-11-16,3095.367431640625,3112.03505658905,3082.834254844541,3106.334120705863,2013204
2021-11-17,3065.33984375,3100.9814771812103,3051.8491799334315,3090.319500939084,1632914
2021-11-18,3025.128662109375,3064.425783307155,3004.152985656586,3059.4645310524397,2136598
2021-11-22,3010.071533203125,3060.1611031208754,2994.3180473828165,3027.4788407337737,3167936
2021-11-23,3015.1630859375,3029.6981444091452,2966.0310056960593,2998.408553382316,2153461
2021-11-24,2996.92919921875,3040.229877506103,2980.131104641125,3022.0826740714665,2161746
2021-11-25,2999.191650390625,3014.074981759771,2988.877949258958,2997.450919820738,1849619
2021-11-26,3000.01904296875,3037.5752247190135,2969.599602458624,2981.0014741153645,1941251
2021-11-29,3048.01953125,3071.8241091591503,2964.8560774978537,3000.2799056225817,2981745
2021-11-30,3071.650146484375,3101.764876086428,3038.4457895244395,3038.4457895244395,5588446
2021-12-01,3113.992919921875,3124.6113337667334,3076.741243695098,3076.741243695098,2102118
2021-12-02,3170.654296875,3175.09324578432,3110.7733223205696,3123.9157134690877,3152938
2021-12-03,3168.520751953125,3190.7150631669892,3160.165374049859,3173.7429428269756,2486263
2021-12-06,3077.9599609375,3183.7964732572673,3065.426784803744,3168.5215187563167,1849642
2021-12-07,3119.82470703125,3131.574639670369,3067.428753612896,3100.6766686563897,1484458
2021-12-08,3156.728271484375,3173.7439580228324,3134.185891998146,3134.185891998146,1428660
2021-12-09,3134.838134765625,3163.560188891332,3103.7225761294426,3142.018648297052,1567957
2021-12-10,3165.34423828125,3169.8700948750275,3111.642747321619,3120.259277904166,1510718
2021-12-13,3141.714111328125,3187.2778211020996,3134.7947494906152,3176.8334371989795,1883864
2021-12-14,3154.030029296875,3163.7780788158257,3113.035735906248,3137.6671180553103,1747007
2021-12-15,3107.5087890625,3153.3334364504094,3096.8901625623257,3150.7223405880436,1603233
2021-12-16,3117.300537109375,3140.6697186213864,3107.2042143295057,3117.648598243218,2072320
2021-12-17,3119.69384765625,3178.0083208796227,3110.424330014637,3135.4908923462717,4333992
2021-12-20,3095.802001953125,3138.5370197477364,3055.1124274458575,3123.7408108360028,2312310
2021-12-21,3140.53955078125,3169.1744877679744,3104.071112614517,3118.2145505242247,2340989
2021-12-22,3160.0791015625,3165.3448546066893,3138.7551497651352,3154.204135250981,1224328
2021-12-23,3187.886962890625,3194.67585477382,3159.4260598907417,3175.092635394332,1792861
2021-12-24,3195.02392578125,3224.7034677959027,3172.307518725703,3207.296161626964,2209923
2021-12-27,3216.957763671875,3220.352103865812,3179.5320500323537,3195.111506294972,1534135
2021-12-28,3226.052490234375,3242.110687247403,3214.998893611058,3229.0552079698964,1456218
2021-12-29,3215.739013671875,3237.7157401092845,3207.296511756607,3213.6066609317045,1456923
2021-12-30,3249.726318359375,3255.1661012826416,3202.9441852192836,3204.1192633273176,1966475
2021-12-31,3253.731201171875,3272.574530693727,3247.5950814285056,3257.6042854452553,1207141
2022-01-03,3322.837890625,3333.499868009626,3259.518800442833,3263.8706279467615,2346158
2022-01-04,3381.152099609375,3384.9816224995598,3317.5718625357454,3334.4570793497937,2488606
2022-01-05,3360.43701171875,3368.3138605317376,3318.180732029534,3363.9620338385444,1733031
2022-01-06,3313.872314453125,3337.8509209336266,3283.0179071086413,3317.8325190610126,1810293
2022-01-07,3353.953125,3363.875205729341,3304.2551748321043,3324.7958836123003,2460591
2022-01-10,3376.886962890625,3462.3132338266632,3360.4804916552907,3462.3132338266632,3937092
2022-01-11,3408.263427734375,3416.1838370410696,3356.128630733851,3356.128630733851,1906106
2022-01-12,3359.5234375,3419.665773696012,3339.200532209036,3416.1843119768,3203744
2022-01-13,3392.59716796875,3414.443424249762,3356.9993085218794,3410.09159730068,6684507
2022-01-14,3453.740234375,3461.4430528434973,3359.653866015669,3375.146411994142,3348123
2022-01-17,3498.12939453125,3518.8876965854024,3448.6492436312215,3475.10826968485,3442604
2022-01-18,3473.280029296875,3517.755570912798,3464.0540716471287,3511.0102394918767,2389041
2022-01-19,3413.162841796875,3498.041884432763,3409.544563577846,3498.041884432763,3102539
2022-01-20,3336.349365234375,3417.8278984549065,3322.791357400931,3409.1089497343582,6176776
2022-01-21,3342.408447265625,3358.1461897142185,3288.0023012626775,3319.3032369219345,3112358
2022-01-24,3288.2197265625,3356.4889022403117,3260.9730207955286,3348.0752046454268,3258414
2022-01-25,3286.9560546875,3321.3958985887766,3245.366716144262,3286.6073819205503,3330501
2022-01-27,3181.76171875,3255.131572257952,3160.7055469917223,3253.0391101339314,5718297
2022-01-28,3217.33447265625,3251.992280435497,3178.927475802122,3178.927475802122,3143862
2022-01-31,3257.6162109375,3276.579918555537,3244.6684909350897,3268.7328671273835,2739393
2022-02-01,3313.766845703125,3320.1753575502544,3257.7476054923573,3287.043355557894,2105169
2022-02-02,3362.2001953125,3369.0010163346046,3313.7664036563433,3337.525533494624,1984212
2022-02-03,3334.6484375,3385.1310537087656,3327.193695504169,3357.666371624586,1960538
2022-02-04,3326.19140625,3334.7360179114785,3286.1715198488655,3326.5402918909444,2307366
2022-02-07,3294.890380859375,3340.9264679175108,3274.967499946627,3305.353118242363,1919149
2022-02-08,3263.893798828125,3312.9378700936186,3244.31980762492,3305.832014247331,2946443
2022-02-09,3278.803466796875,3293.974348552429,3266.2046316844016,3269.604935671538,1638721
2022-02-10,3287.348388671875,3304.3066986400545,3276.580403583315,3304.3066986400545,2112459
2022-02-11,3221.607421875,3271.7850066553174,3217.2915854918374,3271.7850066553174,3851488
2022-02-14,3255.43701171875,3307.3147491669633,3234.7295114768162,3246.9360379352192,5951745
2022-02-15,3328.7197265625,3343.7162732725105,3267.861432131778,3300.993431710489,3931683
2022-02-16,3324.62158203125,3360.3692627561973,3318.431044857309,3351.5630416267727,3256906
2022-02-17,3299.424072265625,3343.716368163964,3294.8902621360157,3334.997420658973,3134372
2022-02-18,3307.880859375,3327.1061780034065,3276.231255480429,3286.170768839318,3688883
2022-02-21,3242.925537109375,3337.439064154171,3230.849921464297,3321.9192936476043,7465922
2022-02-22,3126.963134765625,3198.0225543570805,3112.6641465214116,3182.415724034496,5408531
2022-02-23,3107.2587890625,3158.787644989509,3100.152718590323,3148.412181820984,2426203
2022-02-24,2965.88037109375,3037.550282100594,2956.682052765938,3028.962034594024,5039136
2022-02-25,3069.7236328125,3077.7886597537813,3018.499813050309,3023.731181877086,2549723
2022-02-28,3098.8876953125,3107.2143311826494,3013.1804149267537,3042.9121054584202,3288942
2022-03-02,3091.869384765625,3114.3643111770593,3056.8628968064095,3097.4060013989642,2761341
2022-03-03,3090.343505859375,3120.162475048833,3077.8755818754444,3106.4301334512893,1928039
2022-03-04,3072.8623046875,3104.9914980604067,3040.3405883905943,3052.939424780361,2370257
2022-03-07,3038.465576171875,3093.4822136519515,2991.9501243817053,3008.036538077574,3054130
2022-03-08,3138.77685546875,3146.6675440027207,3016.755251385263,3016.755251385263,3300992
2022-03-09,3167.24462890625,3185.9030894951516,3136.2487311522195,3143.1802511302744,2719654
2022-03-10,3157.087158203125,3212.060163122713,3151.8994271684605,3212.060163122713,2005441
2022-03-11,3138.07958984375,3173.565872904547,3132.5868237611335,3141.654443106479,1623423
2022-03-14,3176.312255859375,3180.9769774502593,3121.382892115444,3121.382892115444,1765688
2022-03-15,3133.502685546875,3190.2631230599486,3126.0915796310483,3190.2631230599486,3651133
2022-03-16,3187.56005859375,3198.1100706357697,3152.98951552252,3174.1329640538497,3090475
2022-03-17,3202.25146484375,3234.7295445021614,3191.3964177054013,3223.046239918665,3600452
2022-03-21,3162.100830078125,3238.1736514139975,3151.8997034863028,3222.523182319606,2413831
2022-03-22,3226.83935546875,3235.6019416995387,3160.618981045763,3173.6974044156077,2907611
2022-03-23,3236.82177734375,3251.9928727405686,3217.291421341195,3232.9855258355424,1596195
2022-03-24,3269.474609375,3276.7548028095052,3221.6510972508927,3226.010570995481,1879046
2022-03-25,3232.506103515625,3295.3261619554955,3201.5974776294693,3278.2369399463614,1690133
2022-03-28,3232.723876953125,3237.3449613508205,3192.1807741513976,3221.6508570404744,1760990
2022-03-29,3230.675537109375,3245.192500629566,3218.163761371233,3221.4333669266766,2689063
2022-03-30,3253.518798828125,3259.142477223061,3231.416182436141,3259.142477223061,1583455
2022-03-31,3260.842529296875,3273.6593387691028,3243.6226090320506,3260.886166604706,2168110
2022-04-01,3277.234619140625,3280.9401720854466,3250.467491029845,3267.861749927253,1387014
2022-04-04,3287.348388671875,3295.7620876915726,3258.3578888264396,3280.067982512089,1472994
2022-04-05,3326.103515625,3344.23896562156,3288.7863846996506,3288.7863846996506,2314947
2022-04-06,3274.27001953125,3321.308698504881,3253.1699963861447,3321.308698504881,2051729
2022-04-07,3212.191162109375,3265.6819935656586,3207.7009890076247,3265.6819935656586,2494829
2022-04-08,3213.49853515625,3230.369782323255,3175.8763649426332,3217.2913621519056,2296773
2022-04-11,3222.871826171875,3236.778718405586,3187.734636322579,3217.2917846452956,2291660
2022-04-12,3218.250732421875,3260.0144049645387,3180.9772326058187,3211.1882999423365,4483476
2022-04-13,3192.8349609375,3234.5988474920932,3187.2549196419677,3232.1138622901385,1621672
2022-04-18,3076.088623046875,3147.5403623845255,3071.2495641272826,3147.5403623845255,3820792
2022-04-19,3027.13134765625,3107.04063053991,2998.5767941194913,3095.2264139082035,3170014
2022-04-20,3101.155517578125,3111.923290814037,3034.1939532776296,3051.6318495608343,2640370
2022-04-21,3163.801025390625,3177.1846959049176,3110.397468139204,3121.38342791976,2280996
2022-04-22,3149.763671875,3153.6435612476985,3113.972346971566,3122.3426223823985,1581465
2022-04-25,3093.657470703125,3124.8713509896875,3080.491985308282,3102.202083376481,1960694
2022-04-26,3092.000244140625,3128.270936257901,3067.4562804026878,3117.1542787359804,1943469
2022-04-27,3104.991455078125,3111.3126918404437,3057.124519775637,3091.7386978183854,1727648
2022-04-28,3125.132080078125,3142.657035068176,3084.806951954192,3128.358047755058,1703660
2022-04-29,3092.349365234375,3159.0929573513504,3083.7613288382795,3136.20571795841,2051115
2022-05-02,3088.599853515625,3093.4389119139187,3045.3103646568115,3068.9822217914025,1324161
2022-05-04,3033.9755859375,3091.259025222723,3021.376750080482,3085.199399623491,2305825
2022-05-05,3063.314697265625,3080.403918216015,3038.8582216741816,3062.181404468486,1612262
2022-05-06,2992.86572265625,3029.398024101116,2985.803290699171,3015.8836567465128,2010812
2022-05-09,3003.764892578125,3013.2684608532413,2918.1012275668895,2962.698561915311,2481830
2022-05-10,2998.227294921875,3020.9401898489655,2983.6230616423572,2994.085795932161,1622685
2022-05-11,2974.905029296875,3006.685551881528,2948.8788846185103,2994.958609506086,1841769
2022-05-12,2971.98388671875,3007.7752079636566,2920.934620561456,2945.2603983861713,2807195
2022-05-13,2977.43310546875,2999.2304728192926,2948.878554239539,2994.958273964552,2187823
2022-05-16,2944.21435546875,2990.599115503573,2935.3210712259547,2977.5206937156568,1195813
2022-05-17,3009.431884765625,3022.858978236571,2921.1959692768205,2938.2851908443163,1754076
2022-05-18,3006.990478515625,3047.271971010071,3001.977083999657,3021.1151300571946,1866781
2022-05-19,2844.07666015625,2968.8012301822614,2816.2196691596782,2961.8260731069436,4642963
2022-05-20,2871.149169921875,2889.3716835160767,2851.139229667737,2885.9713794234453,3065125
2022-05-23,2896.2158203125,2911.1687272094014,2848.479592070727,2881.4372497585723,2293690
2022-05-24,2866.7900390625,2898.9194468786245,2855.978628927339,2890.4618972135286,1711510
2022-05-25,2780.46142578125,2890.358139211959,2768.5239108215023,2890.358139211959,3548046
2022-05-26,2832.5126953125,2845.284259373515,2791.7843560328024,2800.956986475671,2813186
2022-05-27,2862.664306640625,2878.112892084147,2834.4878731863514,2855.554301399254,3103153
2022-05-30,2962.68603515625,2972.64878630767,2884.652556391541,2894.0006985882987,2094624
2022-05-31,2953.11865234375,2969.839960148592,2918.5783982122985,2944.1652479237173,4840965
2022-06-01,2945.086669921875,2973.8774984812158,2931.7885726124696,2973.8774984812158,1493835
2022-06-02,3004.59912109375,3012.499031140447,2937.2743749999877,2944.9109118520396,2657939
2022-06-03,3019.65283203125,3052.2620346027693,3011.796853027463,3036.5498622964137,1913622
2022-06-06,3011.57763671875,3030.932461150583,2964.3536823588743,3000.210585639355,1084210
2022-06-07,2951.67041015625,3000.9572119257955,2945.789407417179,2985.3328986691213,2308256
2022-06-08,2988.053466796875,2996.6556349491925,2937.450233831093,2966.987037508978,2185707
2022-06-09,3008.198486328125,3016.888302906763,2943.243661069149,2971.2443716436987,1279197
2022-06-10,2949.212158203125,2978.2663601980794,2942.2778778025236,2968.610913701711,1527582
2022-06-13,2826.06103515625,2890.4891000419943,2802.229512994808,2887.8557968837417,3030921
2022-06-14,2818.11767578125,2843.0022662978668,2786.6496119457593,2800.0795032064775,2611493
2022-06-15,2814.387451171875,2838.7015807882503,2809.7352381271457,2825.0961774171255,1404536
2022-06-16,2757.9462890625,2848.224788477131,2750.0903105068783,2843.9675291414705,2032028
2022-06-17,2711.337158203125,2737.5386155213027,2654.2385282186283,2714.058324390178,5240434
2022-06-20,2731.96435546875,2755.0936222142564,2693.869319498384,2715.813514020202,1502769
2022-06-21,2819.346435546875,2841.9928891984864,2743.375584391192,2747.4134022673966,2964461
2022-06-22,2829.00146484375,2853.2279399309514,2793.934686861493,2808.7688757910482,3336315
2022-06-23,2904.3583984375,2912.433820057707,2829.0019403695915,2829.0019403695915,3692578
2022-06-24,2890.5771484375,2936.1332102856513,2876.883885414416,2930.8666036304303,2132118
2022-06-27,2909.537109375,2951.845477755388,2902.3394557167258,2940.5223579770245,2037686
2022-06-28,2912.565185546875,2922.966819859582,2872.5830330686026,2902.778160142834,1400046
2022-06-29,2888.295166015625,2925.600300358632,2871.1786926111868,2871.1786926111868,2133994
2022-06-30,2867.75537109375,2906.20143071572,2857.134294601676,2872.0563477532055,2719603
2022-07-01,2909.888427734375,2925.600387299179,2854.5451192222854,2861.5233311117086,1502879
2022-07-04,2839.623046875,2912.3899190179127,2830.8453680013654,2907.16724294786,2622535
2022-07-05,2823.165283203125,2872.0569183233747,2814.958066619802,2857.1348622073915,2170627
2022-07-06,2862.181396484375,2868.9840970357063,2810.8319794194863,2825.095706381955,2182144
2022-07-07,2885.968505859375,2913.6619042777047,2865.955360218419,2871.1780349704322,1989921
2022-07-08,2866.307373046875,2901.0231390991876,2852.7459007783236,2896.6342992518366,2136916
2022-07-11,2733.19384765625,2830.80159948252,2726.34721488146,2814.2555881350117,6974600
2022-07-12,2707.65087890625,2752.855930441553,2703.7448542061684,2734.159429373983,3734815
2022-07-13,2667.317138671875,2729.858099965292,2664.025509130116,2724.591492698478,3863530
2022-07-14,2639.154296875,2690.419236530846,2611.21160444456,2689.539151729887,4764908
2022-07-15,2635.501708984375,2665.688442078549,2598.8900997906226,2656.579694419883,4574806
2022-07-18,2696.139892578125,2707.976990638422,2652.839761660094,2660.4964567532797,3202795
2022-07-19,2705.600830078125,2709.7371858696033,2666.701122969062,2666.701122969062,1865074
2022-07-20,2785.292236328125,2791.584756291882,2726.5465797601073,2735.1274060003793,3402251
2022-07-21,2796.293701171875,2802.1902268295585,2767.0308792365477,2787.228784035556,2420640
2022-07-22,2790.74853515625,2813.6307369582246,2766.546206327238,2803.0697207419284,2075886
2022-07-25,2787.008544921875,2804.3461725371144,2771.4751341224537,2785.4683965193763,1797504
2022-07-26,2742.256591796875,2788.9010938413444,2725.1830298245063,2785.204780048454,2639367
2022-07-27,2806.45849609375,2811.078941286618,2737.063723775086,2741.4641477682935,1389808
2022-07-28,2869.5166015625,2872.5968984818282,2817.7235231303016,2830.3528264453307,2106333
2022-07-29,2905.951904296875,2919.5053390848148,2882.2777092112715,2895.4789811618575,2430257
2022-08-01,2903.223876953125,2928.0422261586746,2878.7574757334005,2928.0422261586746,1306913
2022-08-02,2897.06298828125,2915.632647364898,2879.32915186275,2895.4787927773596,1269114
2022-08-03,2939.043701171875,2947.4045082271623,2884.0824388181722,2886.678646457179,2895824
2022-08-04,2952.640625,2981.6393778391775,2910.748715052076,2948.284247964706,2150567
2022-08-05,2961.529052734375,2972.0460218910716,2952.684158556276,2958.140640705015,1106933
2022-08-08,2969.802490234375,2973.718825122396,2935.9632683191207,2961.4857307835255,1068836
2022-08-10,2952.024658203125,2979.0872677998295,2935.0830245531556,2979.0872677998295,1878359
2022-08-11,3012.09033203125,3017.5468150068145,2970.3303498018386,2992.2884233473337,1449248
2022-08-12,2993.65283203125,3009.010270550342,2975.787065603493,3009.010270550342,1472354
2022-08-16,2985.863525390625,3005.3575317636055,2981.2871276067444,3001.969119488297,839942
2022-08-17,2993.25634765625,3008.085646866667,2966.853804993196,2979.1749915692876,1622326
2022-08-18,2975.786865234375,2985.247777264325,2958.8452320644637,2983.4876075843345,1430659
2022-08-19,2979.74755859375,3011.2105949135394,2966.98632707943,2980.8476647587777,1398410
2022-08-22,2952.2890625,2978.2956161902903,2945.996326081157,2961.4859074119317,1536532
2022-08-23,2890.727294921875,2941.155993843866,2877.8779678961705,2921.838170946638,1849256
2022-08-24,2864.984130859375,2911.3205094918117,2860.4515652345717,2897.239152734898,1691923
2022-08-25,2832.288818359375,2885.0498583635745,2829.25256881732,2883.157762017432,1946930
2022-08-26,2835.8095703125,2866.436568329258,2831.0571977170034,2846.4586837304396,1457962
2022-08-29,2756.90966796875,2765.842442693576,2711.5412538067208,2750.264984792601,2539173
2022-08-30,2826.083984375,2839.59337087647,2765.314305884084,2776.667312913455,3431525
2022-09-01,2756.162109375,2807.4711070631924,2746.74524299192,2807.4711070631924,3546935
2022-09-02,2755.017333984375,2783.708184014529,2746.1286065456165,2783.708184014529,2052900
2022-09-05,2757.65771484375,2770.462992067452,2739.0440066723772,2749.076887768465,2147912
2022-09-06,2752.0693359375,2764.214549676102,2733.8516227618284,2759.506009846509,1936453
2022-09-07,2771.915283203125,2782.7401547857316,2730.023159097114,2730.023159097114,1291534
2022-09-08,2789.561279296875,2801.750542252316,2781.1566396042076,2789.8693949866,1346113
2022-09-09,2831.804443359375,2845.7538717723155,2788.548366386449,2811.8706108899173,1561185
2022-09-12,2854.071044921875,2877.7014084575,2838.2735652602178,2851.386743228349,1785928
2022-09-13,2842.10205078125,2872.1128147669933,2838.273595799271,2872.1128147669933,1972678
2022-09-14,2746.217041015625,2764.6988252952656,2740.40860916072,2759.066367460601,5090269
2022-09-15,2732.091552734375,2761.4863014530865,2728.2630976032406,2754.6656437090783,2138023
2022-09-16,2647.9111328125,2723.2905259336594,2640.2544379154365,2707.140883675961,5322221
2022-09-19,2665.60107421875,2677.2181514295744,2629.517594860232,2671.9376422551572,2072220
2022-09-20,2675.7216796875,2710.6169537047986,2666.656763886878,2684.2584586980124,1544295
2022-09-21,2641.310302734375,2676.6896666312164,2638.626001280077,2664.8966169537493,2253818
2022-09-22,2646.767578125,2666.6135381108675,2622.0373182160147,2631.4541848678914,2017983
2022-09-23,2624.456787109375,2660.0561724828663,2621.7724856332366,2643.774604512334,2652374
2022-09-26,2635.325927734375,2663.0047675160854,2575.216305765953,2604.9191687641182,2925489
2022-09-27,2655.611572265625,2662.256254816649,2619.132103912181,2648.5268473584333,2227447
2022-09-28,2671.629150390625,2684.2144051236332,2622.652520640546,2622.652520640546,2739767
2022-09-29,2637.87841796875,2689.407429965768,2631.453755459116,2687.779187014094,2493902
2022-09-30,2644.25927734375,2657.592478379605,2596.3386948281413,2632.2021565114587,2817353
2022-10-03,2627.0087890625,2658.471817168587,2617.371904545549,2635.853683293181,1763331
2022-10-04,2720.47412109375,2726.502788091317,2660.496426210475,2666.612972771875,2145875
2022-10-06,2729.978759765625,2749.3846708538535,2721.617954908675,2737.943569470659,1790816
2022-10-07,2697.372314453125,2732.6638073798995,2691.3879086023094,2725.9750757219967,1939879
2022-10-10,2744.5888671875,2752.0255417803355,2644.6551816597084,2649.055606254816,3064063
2022-10-11,2701.46435546875,2767.8667110161023,2687.2070246042927,2728.2628948012457,4730645
2022-10-12,2728.9228515625,2736.9755412651284,2694.8636139240957,2714.973422007187,1665247
2022-10-13,2731.167236328125,2737.063761587593,2686.326958190763,2728.922977087694,2054781
2022-10-14,2727.51513671875,2772.2675415495582,2702.7408317773634,2767.867116880432,2245977
2022-10-17,2745.69189453125,2760.3831460488755,2710.1326377090127,2711.19142977343,1517005
2022-10-18,2774.765380859375,2784.1626709744187,2760.515312292103,2779.4419453117853,1793722
2022-10-19,2754.603271484375,2787.3829499859935,2745.911915275851,2787.3829499859935,1194289
2022-10-20,2785.88330078125,2788.2656365638254,2739.735696686924,2739.735696686924,1587601
2022-10-21,2768.323974609375,2788.6183117668575,2759.1474909324643,2786.324298557894,1021913
2022-10-24,2789.765380859375,2804.147932217598,2783.853595389088,2797.17735486645,260949
2022-10-25,2790.11865234375,2809.66289628552,2780.4566102689723,2806.354036786087,2069643
2022-10-27,2785.971923828125,2800.6192309268513,2765.633635776165,2788.883763844207,2438421
2022-10-28,2791.133056640625,2804.58908417995,2775.0299417165147,2779.4417540244904,1355739
2022-10-31,2817.515869140625,2822.677776187459,2803.9717333524763,2822.677776187459,1919414
2022-11-01,2876.237060546875,2878.7960411046947,2826.604168845417,2836.3543177659885,2991060
2022-11-02,2860.354248046875,2885.3251479156916,2843.0159124546703,2885.3251479156916,1405955
2022-11-03,2829.51611328125,2848.310478720669,2819.148353296513,2848.310478720669,1422652
2022-11-04,2838.9130859375,2841.2514758680345,2793.692006783395,2838.560227097683,1464013
2022-11-07,2853.29541015625,2861.3249946157302,2819.2363488543742,2849.1483497272793,1474498
2022-11-09,2837.721923828125,2867.50165781084,2825.015774743182,2867.50165781084,1162267
2022-11-10,2828.545166015625,2845.6189659797133,2797.0890301257955,2797.0890301257955,1573092
2022-11-11,2925.869873046875,2948.502600302408,2872.1340832542387,2884.972500644262,3265394
2022-11-14,2943.11962890625,2955.0315206736714,2919.737026547978,2932.9724618451132,1342074
2022-11-15,2940.561767578125,2947.04700361366,2904.737758867368,2930.3262749691767,1400708
2022-11-16,2960.63525390625,2971.7087315184385,2930.723034354456,2946.120217692935,1748235
2022-11-17,2955.031982421875,2964.7379698230816,2927.4581545775386,2947.090720002706,1417986
2022-11-18,2950.135009765625,2967.164649978448,2930.3260137026023,2955.9145275229503,1164540
2022-11-21,2897.2373046875,2941.531859652826,2887.9724983225788,2931.6494426143504,1304194
2022-11-22,2924.98779296875,2928.517243290538,2872.310790000173,2894.1492638662367,1149739
2022-11-23,2919.1201171875,2938.2673417659494,2903.855201727249,2938.2673417659494,1150011
2022-11-24,2982.517578125,2993.8118614360064,2919.1199604786734,2926.1346994104915,1296591
2022-11-25,2990.900146484375,3002.988685816619,2954.149832260228,2985.032521665577,1588981
2022-11-28,2995.84130859375,3015.0326931639333,2969.6351851613313,2970.0322052062625,2195437
2022-11-29,2997.694580078125,3025.6212694061737,2985.03259095978,2985.03259095978,1576028
2022-11-30,2991.9150390625,3013.179847701842,2977.973667402108,2985.032567947061,3410702
2022-12-01,3066.783447265625,3070.6218106972183,3017.6800553403696,3022.0918682867737,2180856
2022-12-02,3034.576904296875,3060.827188659679,3011.5032111008086,3051.297846000532,2411749
2022-12-05,3022.8857421875,3034.577045852439,3006.2091763355406,3029.150602395043,1475065
2022-12-06,2987.106201171875,3007.047465925803,2971.797124472303,3000.0768878174986,1166999
2022-12-07,2982.91455078125,2994.4733694927418,2959.4436237094437,2972.061449685332,1167505
2022-12-08,2956.39990234375,2982.9149402110297,2946.605591813029,2964.7381854060955,1285619
2022-12-09,2905.399169921875,2977.1794466521255,2890.928510850785,2977.1794466521255,1797896
2022-12-12,2899.840087890625,2908.266692538365,2855.4132669095334,2872.531012608813,1527610
2022-12-13,2940.119873046875,2943.9580202787447,2883.3839269897835,2891.67804747704,1378016
2022-12-14,2969.458740234375,2979.7381772420185,2947.8848046662138,2954.8555977030205,1213311
2022-12-15,2916.296630859375,2968.9294722548675,2910.869971774407,2963.6794580212227,1415694
2022-12-16,2859.074951171875,2904.7372083196706,2845.795353110489,2889.7370465513122,2703680
2022-12-19,2825.369873046875,2863.7084939785814,2818.707990760924,2847.384782027078,2120965
2022-12-20,2862.33984375,2866.7958175446647,2791.4860905554474,2822.5893692776544,1529971
2022-12-21,2884.04638671875,2896.8406447177717,2858.854890815874,2866.796154401474,1432566
2022-12-22,2876.237060546875,2906.502138037383,2863.3546970197967,2906.502138037383,1384101
2022-12-23,2848.5751953125,2882.54615313989,2838.56029430426,2838.56029430426,1360281
2022-12-26,2870.2373046875,2887.0905170401593,2845.6636347651533,2848.575474519875,870157
2022-12-27,2876.060302734375,2888.67812840142,2851.3541550195223,2884.619175108632,835883
2022-12-28,2873.94287109375,2881.884133279231,2846.5013122623786,2867.501582014755,910795
2022-12-29,2884.222900390625,2886.6493976682004,2848.266622550191,2851.0020329222307,1037927
2022-12-30,2873.590087890625,2910.9140670266365,2864.3252810692306,2899.487515031026,1163131
2023-01-02,2877.781005859375,2882.5458924019413,2854.61899125398,2877.3839858359584,709547
2023-01-03,2921.811767578125,2929.4441186467293,2863.5316690612935,2869.443455975652,1245178
2023-01-04,2924.72314453125,2935.929322035629,2899.6199713139727,2917.708404852759,1231668
2023-01-05,2921.5908203125,2944.708676788832,2895.8698218927307,2938.4438163122472,1826057
2023-01-06,2833.751708984375,2913.1643446061225,2823.5603776621383,2911.7966394640803,2488376
2023-01-09,2929.3994140625,2935.6201129314486,2842.221953738348,2849.148585709542,2885060
2023-01-10,2899.796142578125,2910.0316341301827,2850.119304301601,2898.5609212000154,3864655
2023-01-11,2937.1201171875,2955.473300937228,2886.3401103867363,2903.061052704587,2720512
2023-01-12,2942.10546875,2955.9143556162335,2925.5170107746744,2937.384743237744,2250391
2023-01-13,2977.576416015625,2981.502886054615,2916.208061086269,2949.6495136518442,1742837
2023-01-16,3008.7099609375,3025.8107560710764,2976.222878557972,2993.323673691548,1843607
2023-01-17,3048.732177734375,3051.8005344403805,2996.933416683974,3005.0551874608955,1688475
2023-01-18,3059.200439453125,3076.3012356043387,3043.1825020489086,3050.1762493662427,2421189
2023-01-19,3043.949462890625,3056.4929982286035,3033.030105416692,3050.1760655484736,1585044
2023-01-20,3034.925537109375,3063.3966813383663,3028.1573943638814,3036.640045144708,1529349
2023-01-23,3081.67041015625,3085.370416009231,3028.1571422247093,3057.3954283238595,1067916
2023-01-24,3100.982421875,3115.1051909529156,3083.8364610513177,3090.7850432164355,1387863
2023-01-25,3095.071533203125,3099.80923290407,3072.736663184384,3091.055812758132,874110
2023-01-27,3078.1962890625,3109.7357881786565,3052.251743528508,3091.6874086767493,1785879
2023-01-30,3098.591064453125,3120.971100823279,3055.1848405969054,3086.27313262084,1953798
2023-01-31,3030.954345703125,3112.4428172521584,3024.005764167,3112.4428172521584,2820375
2023-02-01,3075.759521484375,3085.3701945661082,3027.615385425356,3034.83473656795,2205161
2023-02-02,3122.730224609375,3130.4911151548795,3086.362919761668,3092.5895219474696,1813847
2023-02-03,3142.49365234375,3162.0761001103447,3115.9624021902155,3162.0761001103447,1804469
2023-02-06,3122.324951171875,3134.2368393436204,3101.4792019506117,3134.2368393436204,1138714
2023-02-07,3133.6953125,3152.1497379876287,3123.6332079139006,3130.401350781037,1455647
2023-02-08,3176.6044921875,3194.4722080960973,3138.657737749164,3138.657737749164,1986946
2023-02-09,3195.33056640625,3201.421894965321,3163.249525265047,3172.0029459457633,1655427
2023-02-10,3192.352294921875,3196.683950073236,3165.8210448180002,3176.5147978181903,1187821
2023-02-13,3142.583740234375,3202.6849319015614,3134.461969485681,3202.6849319015614,1087939
2023-02-14,3158.556884765625,3180.8917554026953,3153.954459659008,3162.9786498154,1579818
2023-02-15,3177.101318359375,3181.929348066534,3122.504969647513,3146.7350075745903,1429449
2023-02-16,3210.85205078125,3226.148009166878,3182.8318960368056,3183.0123357780853,1618931
2023-02-17,3159.504150390625,3193.570467173406,3149.442266805479,3182.0646250812088,1061369
2023-02-20,3147.005615234375,3178.319508405955,3135.9509832133717,3160.271129596154,1296082
2023-02-21,3114.247802734375,3166.497771917962,3108.6076842854936,3153.0518176626792,1139541
2023-02-22,3069.623046875,3110.6379417299486,3063.7121590290617,3081.7153719826138,1218430
2023-02-23,3080.677978515625,3115.5112191854573,3075.443904333321,3087.175351151494,1441570
2023-02-24,3068.631103515625,3098.862144537813,3052.252284342413,3088.529489505604,977592
2023-02-27,3006.72509765625,3059.2006789935385,2992.421667121703,3059.2006789935385,1128022
2023-02-28,2989.5791015625,3061.0054827636877,2977.892598362493,3003.70187186879,4116217
2023-03-01,3055.320068359375,3058.2980952242915,2991.5190869485177,2998.7384391945475,1669307
2023-03-02,2997.339599609375,3041.0617569146098,2994.2262980645087,3033.030315791083,1556538
2023-03-03,3016.019775390625,3030.3232056286283,3006.0482210242776,3026.713529386069,1043190
2023-03-06,3042.8212890625,3072.691222785889,3031.2251179450036,3033.8420446565137,1334132
2023-03-08,3059.561279296875,3064.614913806922,3005.8224042793245,3035.7375059029696,1844590
2023-03-09,3011.236328125,3054.687706188105,3005.821815204135,3054.687706188105,1648500
2023-03-10,3005.957275390625,3011.597393364564,2968.958101481584,2989.623405611254,1024404
2023-03-13,2961.6943359375,3040.971942394347,2952.715309911197,3007.7628752854584,1901233
2023-03-14,2901.23193359375,2981.9532694589166,2896.2234640568317,2959.9343338825,2670334
2023-03-15,2886.748046875,2942.2018705999863,2880.521443910695,2932.8617458363906,1780522
2023-03-16,2874.204345703125,2905.608569116776,2862.4728993941326,2894.959981480573,1901060
2023-03-17,2869.060791015625,2907.0524989935184,2837.2053560273353,2843.0710795687405,6739966
2023-03-20,2836.5732421875,2860.3518469203977,2793.031532261789,2860.3518469203977,2289468
2023-03-21,2803.00341796875,2848.7108468749984,2795.1973623365025,2836.5733568003143,1815297
2023-03-22,2825.293212890625,2836.753889168361,2803.003509518878,2824.616398697249,1123939
2023-03-23,2819.742919921875,2839.3255848621766,2798.4008026367956,2810.944336295397,1372218
2023-03-24,2815.99853515625,2860.668276380488,2802.9134594440998,2841.6271470449155,1329577
2023-03-27,2817.62255859375,2845.1011698701245,2802.913086548761,2829.083234491425,1524217
2023-03-28,2811.84716796875,2842.2136983642395,2806.6582589143677,2821.864106617975,1303530
2023-03-29,2832.602783203125,2842.6197217781473,2801.1987796733742,2823.6689236329594,1740616
2023-03-31,2893.064453125,2899.4717149761873,2844.4241660768575,2878.670916779496,2382581
2023-04-03,2887.74072265625,2910.256032039784,2864.0522245407105,2910.256032039784,1521830
2023-04-05,2923.6572265625,2945.8116578814243,2874.655829017467,2874.655829017467,2655065
2023-04-06,2906.4208984375,2939.494687765259,2901.277154078457,2910.3013442933197,1703464
2023-04-10,2944.953857421875,2952.7147483714607,2901.276869197508,2905.78896386189,2203187
2023-04-11,2900.194091796875,2953.572085045166,2880.656589162442,2945.4954794330633,2348779
2023-04-12,2925.32666015625,2942.7433920921726,2886.838575342086,2912.9635630873936,2417727
2023-04-13,2877.6787109375,2914.8131620108825,2869.6922152305283,2896.7647832987404,4174070
2023-04-17,2833.14404296875,2854.7117658395036,2770.6515362079326,2828.2710691965544,5505048
2023-04-18,2825.248046875,2848.8012689229336,2807.064393679631,2847.08654077672,2617302
2023-04-19,2788.11328125,2833.5951017629236,2771.779412441025,2825.247727657412,3298034
2023-04-20,2801.83056640625,2809.230358172251,2777.6456930466393,2788.4747210897062,2419999
2023-04-21,2852.4111328125,2855.6597089636048,2798.2208287767953,2806.523039363576,1929184
2023-04-24,2864.999755859375,2870.5495443318514,2821.09694130206,2843.612470588807,1640676
2023-04-25,2866.082763671875,2879.7994885025946,2840.3638219953486,2872.3996967152325,2024090
2023-04-26,2886.071044921875,2895.3208390571563,2870.5946482272543,2870.5946482272543,2000029
2023-04-27,2876.8662109375,2887.018423289877,2861.2543203233117,2874.2041193174095,2434446
2023-04-28,2905.112548828125,2912.3319012830834,2884.3569105201195,2888.101861479268,2931312
2023-05-02,2905.247802734375,2919.325628047492,2896.765151787465,2919.325628047492,2321159
2023-05-03,2869.60205078125,2902.1794643631756,2863.510722614443,2902.1794643631756,2468285
2023-05-04,2906.4208984375,2909.8049697680735,2867.8876502834637,2869.827763052802,1953253
2023-05-05,2915.445068359375,2927.44728532503,2896.8102038222487,2905.78922896011,1710027
2023-05-08,2933.403076171875,2937.238356642924,2915.9863466752167,2928.349442012585,928235
2023-05-09,2962.8671875,2976.177867775832,2929.2520796847634,2935.208133223178,1107375
2023-05-10,2966.070556640625,2983.848165339088,2947.345364010718,2968.9582531273554,1559987
2023-05-11,2961.87451171875,2986.7361998952592,2952.715046751315,2986.1045506418404,1719623
2023-05-12,2954.790283203125,2968.958216036899,2941.885648717414,2959.1668827295052,1027479
2023-05-15,2937.4189453125,2970.7632825646147,2931.372782209103,2963.5439307236315,1150390
2023-05-16,2940.216064453125,2964.4461001565937,2933.267482954537,2938.4563916534416,986306
2023-05-17,2895.592041015625,2959.9345651071476,2886.161805748151,2938.231342296513,1588815
2023-05-18,2887.60498046875,2913.865236223911,2883.2281610176747,2911.1579797346926,1369364
2023-05-19,2908.361083984375,2918.8741769245094,2890.4931442019483,2896.764912019686,1152449
2023-05-22,2976.8095703125,2985.6081557371112,2903.1271456270997,2914.8134278455905,1333243
2023-05-23,2975.320556640625,3003.2052151323046,2969.048788762343,2983.397162487744,1687418
2023-05-24,2981.00537109375,2993.503739870415,2956.3241276278923,2956.3241276278923,1016555
2023-05-25,2972.1171875,2983.3974258008197,2948.2934123355303,2972.568397032033,1374917
2023-05-26,3004.0625,3012.861085188572,2969.860908265637,2972.1169557498865,1791115
2023-05-29,2996.346435546875,3042.956279759773,2988.811150226681,3032.849232977015,1210372
2023-05-30,2992.60205078125,3002.3030557024185,2979.2012598943925,2991.5191919697595,1344224
2023-05-31,2968.5068359375,3002.979192279251,2946.5328485995083,2986.1040036835957,5815424
2023-06-01,2999.640625,3014.0793283694343,2975.7265225443743,2990.6164353941035,1177314
2023-06-02,2983.035888671875,3010.3790040313665,2975.681042730873,3001.670750109788,2030661
2023-06-05,2967.96533203125,3002.3475790890493,2964.4911515736353,2991.518552654102,1861468
2023-06-06,2916.888916015625,2967.920753448757,2906.330658002561,2959.9342573409676,2022849
2023-06-07,2955.331787109375,2958.8965182829807,2924.739872252775,2935.568899857537,1567196
2023-06-08,2920.633544921875,2950.9097424591514,2917.52024384417,2942.7879725257776,1759366
2023-06-09,2896.133544921875,2932.86195674756,2892.569033684028,2928.3498614294867,1775689
2023-06-12,2930.06396484375,2936.832106886092,2897.667213061257,2901.2768888171727,2324605
2023-06-13,2927.176513671875,2946.398082746791,2922.9351883665713,2941.885987673672,1371928
2023-06-14,2933.808837890625,2938.1404924215467,2911.0679269996626,2927.175971235423,1658544
2023-06-15,2924.03662109375,2952.3559488348933,2918.3090542596706,2950.401406942202,2273810
2023-06-16,2886.397705078125,2908.6713974620043,2869.2152311642453,2906.4895735209416,4156189
2023-06-19,2918.67236328125,2922.763450383881,2886.4892335228265,2900.126190531596,1468186
2023-06-20,2934.399658203125,2938.7635277863233,2910.1714258668903,2921.944618191877,1528452
2023-06-21,2962.128662109375,2965.0378350347974,2930.990945518115,2954.6738371268343,1645987
2023-06-22,2944.218994140625,2970.7200582622286,2936.5823870603735,2963.7652990268452,1529603
2023-06-23,2924.0810546875,2954.127630717349,2917.5351395774896,2943.1272882933963,1119505
2023-06-26,2899.8076171875,2921.8540288219324,2884.670685198081,2913.762857251765,1978803
2023-06-27,2906.808349609375,2917.990476643383,2893.1258918679814,2911.035717443629,863542
2023-06-28,2923.262939453125,2937.354458913725,2903.2165722164345,2916.4899632002866,1575872
2023-06-30,3002.17578125,3009.2215416572035,2922.036027465169,2927.3998078961313,2672406
2023-07-03,2974.947265625,3017.221826572155,2971.719808516399,3013.130740028882,1687264
2023-07-04,3008.176025390625,3013.7670882199945,2979.4929186666623,2991.0388296361334,1656681
2023-07-05,3018.267822265625,3026.4954978539936,3004.676365397251,3018.313323182715,1453008
2023-07-06,3020.949462890625,3025.9951812448,3001.9487253976645,3006.085313308048,1848238
2023-07-07,3026.722412109375,3051.859779118901,3001.948608480936,3001.948608480936,1789326
2023-07-10,2974.629150390625,3022.6312796193856,2968.4925202267236,3022.6312796193856,1407431
2023-07-11,2975.0380859375,2995.58452074979,2964.4923069892843,2995.58452074979,1110172
2023-07-12,2963.673828125,2990.2658898660156,2954.7645285933795,2982.811065666501,1515240
2023-07-13,3036.9951171875,3061.450632260369,2975.356041518413,2985.5837568853312,4585146
2023-07-14,3195.27490234375,3204.548209497131,3047.4049393977743,3059.223633971811,6306101
2023-07-17,3174.41015625,3227.321494187628,3161.091486422009,3191.0472847754263,2743228
2023-07-18,3179.092529296875,3203.775329331685,3150.136639084645,3160.137072859517,2600090
2023-07-19,3154.727783203125,3197.2751275399046,3132.5448697161914,3181.9561925165294,2405370
2023-07-20,3156.778564453125,3170.997743413203,3131.9403423330245,3147.481366184457,1715404
2023-07-21,3070.18701171875,3130.892412746542,3061.755687476042,3102.772940548675,3770223
2023-07-24,3094.29541015625,3111.3403098046124,3073.650152372097,3081.762362983513,1680132
2023-07-25,3098.306640625,3105.2797075197404,3081.033863241791,3096.8027636160755,1272980
2023-07-26,3088.41650390625,3118.085690977951,3085.4085278953876,3099.4000558754824,1066803
2023-07-27,3096.255615234375,3109.700159270894,3085.454538799316,3094.4782454445894,1701769
2023-07-28,3058.428466796875,3093.3387496319633,3036.1880906607657,3085.408792220562,2599831
2023-07-31,3118.632568359375,3123.3722948817326,3063.4415361987367,3066.6317666989726,2743678
2023-08-01,3146.52490234375,3153.7712397319387,3112.753983723864,3112.753983723864,1956167
2023-08-02,3136.133056640625,3141.374149337502,3111.477311631999,3130.9375831694133,1914899
2023-08-03,3099.03515625,3129.387962469289,3069.912956410563,3117.310662388398,2026351
2023-08-04,3138.77685546875,3163.7973343932103,3100.220594527487,3100.220594527487,2248493
2023-08-07,3175.692626953125,3179.2929859139754,3136.680615761602,3148.256552023698,1853889
2023-08-08,3163.432861328125,3181.070146163837,3150.6719384869994,3175.692417693925,1634225
2023-08-09,3156.049560546875,3160.1512856075137,3121.9141376043485,3158.2370582327517,1794589
2023-08-10,3137.455078125,3158.236973179639,3126.471525696296,3144.6557951355153,1096701
2023-08-11,3143.56201171875,3159.8320536556635,3111.8419612799826,3133.8090658955844,1679974
2023-08-14,3144.519287109375,3149.213394617888,3109.1076379281085,3136.178979187144,1190425
2023-08-16,3152.312255859375,3159.239702558436,3131.165629535196,3144.6557916406823,1328445
2023-08-17,3131.666748046875,3154.4997262763704,3111.112505717872,3149.2130144806674,1843241
2023-08-18,3069.093017578125,3108.196040036422,3059.431087502126,3108.196040036422,2526749
2023-08-21,3100.5849609375,3107.968154886351,3073.559239908139,3076.2937232176655,1375579
2023-08-22,3082.810791015625,3109.1074942796968,3067.224369814653,3099.081055570498,1222012
2023-08-23,3097.48583984375,3100.9039438382806,3077.205089476201,3088.143022258699,1330046
2023-08-24,3087.91552734375,3110.9763829614676,3079.1196943322775,3106.373291177773,1152881
2023-08-25,3082.035888671875,3086.1376132448922,3053.7339446114943,3076.2934297630904,1158046
2023-08-28,3076.795166015625,3093.6121942799687,3062.712621128665,3093.6121942799687,1037485
2023-08-29,3077.341796875,3089.555955621917,3067.1787231057706,3081.8082530524075,944517
2023-08-30,3090.832275390625,3106.464539813538,3083.6315577486384,3097.258356216005,1188200
2023-08-31,3059.70458984375,3114.941019553153,3047.7183044022304,3099.9925997056025,3417652
2023-09-01,3080.122314453125,3089.0550054789314,3059.7049257080084,3068.0906309950083,1277950
2023-09-04,3115.94384765625,3129.023882322115,3071.7819850635196,3079.0283215980144,1828332
2023-09-05,3125.833740234375,3141.921529082659,3103.7753953952833,3117.311177679923,1501842
2023-09-06,3126.3349609375,3139.0958842003674,3097.3496132666887,3130.0721774776193,1314818
2023-09-07,3149.44140625,3153.771005173287,3119.4077066466084,3127.155409983017,1885092
2023-09-08,3137.2724609375,3158.3280704200915,3131.0288578677555,3149.4410000920693,1518917
2023-09-11,3172.593017578125,3177.1961089834826,3140.098329969077,3155.5937353709564,1783604
2023-09-12,3263.879150390625,3272.1736158051285,3174.7349547012377,3182.9384041965895,4476016
2023-09-13,3252.07568359375,3271.2170677568156,3231.247945622234,3255.0380406666054,1754929
2023-09-14,3244.9658203125,3279.2834969091505,3231.794770182642,3254.0807646975677,2604721
2023-09-15,3279.830322265625,3288.079391037457,3247.153159229306,3252.0753624763356,2952897
2023-09-18,3286.9853515625,3298.9716361140518,3258.820264386671,3263.1954818934582,1395753
2023-09-20,3286.89501953125,3304.167797025683,3263.1505416143295,3263.1505416143295,1649396
2023-09-21,3267.980712890625,3285.937106943507,3215.7520425233542,3270.9430695057613,2004073
2023-09-22,3284.70703125,3312.143104423616,3249.523477440977,3266.7962535271386,1989083
2023-09-25,3260.55224609375,3299.6098718496296,3243.689598958607,3283.658719154224,1238778
2023-09-26,3268.345458984375,3276.7767822705646,3223.0442313478416,3251.847543695411,1726062
2023-09-27,3271.62744140625,3294.141312343756,3241.0011354327476,3272.2654430863545,1541134
2023-09-28,3223.72802734375,3283.9322808574702,3215.160068443675,3281.38005186612,1755753
2023-09-29,3216.29931640625,3252.622235715334,3195.28932540776,3224.1380349399456,2243791
2023-10-03,3202.854736328125,3221.40351413728,3172.091799849083,3221.40351413728,1948148
2023-10-04,3224.63916015625,3233.981977311674,3169.539370804724,3177.7428200143645,1788138
2023-10-05,3271.6728515625,3303.2560467713934,3236.8992030912727,3239.451432181438,2990768
2023-10-06,3300.885986328125,3313.2367809094894,3258.638351141779,3273.176643439127,2075691
2023-10-09,3316.3359375,3353.388098061812,3309.636364246382,3322.4429058385053,4233074
2023-10-10,3307.72216796875,3325.13180122624,3282.610673537835,3317.885464751515,1848148
2023-10-11,3290.40380859375,3326.954825968897,3285.937574689828,3326.954825968897,2426417
2023-10-12,3229.014404296875,3271.0341609654283,3224.9582988828793,3258.5923519076296,4241281
2023-10-13,3254.809814453125,3260.4154159090654,3213.017707877958,3217.575179804026,2890357
2023-10-16,3212.15185546875,3258.27333816753,3207.640002736549,3250.389000692715,1671104
2023-10-17,3196.656494140625,3221.3578589700005,3193.2840093522973,3217.5752462064243,1672065
2023-10-18,3178.609375,3210.9218123469677,3175.6470177073625,3200.257370600043,1408245
2023-10-19,3157.9560546875,3177.3299169246034,3154.529105910934,3170.613008079076,1514545
2023-10-20,3193.504638671875,3198.028165823499,3147.355068054905,3153.1578999999892,1481211
2023-10-23,3116.375732421875,3179.2488637203114,3108.288267201467,3173.81148296811,1106272
2023-10-25,3098.052734375,3129.946110609001,3086.2638983706042,3098.418186283159,1518537
2023-10-26,3049.298583984375,3083.065403130757,3043.1300770713924,3077.9022236248165,1984471
2023-10-27,3062.275146484375,3072.3732650438515,3049.5269439177077,3061.4070309033023,1108851
2023-10-30,3087.498046875,3091.4276593319496,3046.557388528169,3061.4074995333685,910972
2023-10-31,3078.542236328125,3106.1862890625,3061.4532301686027,3106.1862890625,999811
2023-11-01,3043.72412109375,3081.14657643751,3025.767000563393,3065.9765288100825,1563475
2023-11-02,3070.637451171875,3085.1218868690776,3055.193202126613,3055.193202126613,1245384
2023-11-03,3062.22998046875,3096.042542043059,3056.198684431494,3090.6508984949387,1402598
2023-11-06,3089.0517578125,3100.063731635219,3069.63238059084,3084.254029322443,1099852
2023-11-07,3080.095458984375,3110.892257060667,3076.028858205322,3086.9950929939328,1191144
2023-11-08,3090.239501953125,3108.8820129756928,3079.273266502525,3081.009497872084,992899
2023-11-09,3059.07666015625,3099.3319225842024,3054.1419440386553,3098.0526178451532,2112352
2023-11-10,3046.283447265625,3059.077390143551,3036.1398121347497,3050.4415233226823,1338557
2023-11-13,3044.547119140625,3066.890781193562,3040.389043215429,3066.890781193562,1030990
2023-11-15,3111.030029296875,3118.980506329132,3066.9366189744665,3091.656388968657,2059802
2023-11-16,3196.5205078125,3225.3068746335257,3120.0765776114918,3134.5612355569488,3951984
2023-11-17,3200.72412109375,3220.874622639635,3191.6770664120663,3196.5205315189633,2021292
2023-11-20,3216.39697265625,3229.4648915192706,3190.489151953326,3190.489151953326,1475621
2023-11-21,3207.80615234375,3234.1708956759758,3199.398750947556,3216.3965027924314,1807236
2023-11-22,3226.03759765625,3228.322229815577,3181.2132931771357,3198.4850230582065,1798051
2023-11-23,3206.024658203125,3238.694901638103,3198.485371256592,3225.9009601530765,2729804
2023-11-24,3159.281494140625,3202.6437770947146,3155.534607361633,3193.2310459812875,1989733
2023-11-28,3171.20654296875,3181.350399374295,3137.25699707058,3159.2809411434473,1689195
2023-11-29,3211.05078125,3214.934656261117,3176.37010665481,3181.122097340804,1441634
2023-11-30,3187.1533203125,3213.7005673797357,3181.121802199618,3197.9823428265554,3266235
2023-12-01,3209.1318359375,3213.975301516175,3189.3927447706055,3198.4855376057844,1172141
2023-12-04,3209.86279296875,3242.167584431117,3196.657662284584,3239.2888137345485,1625213
2023-12-05,3227.36279296875,3233.211361926645,3201.0437864410123,3233.211361926645,1377656
2023-12-06,3293.617431640625,3301.613644771774,3221.468564387526,3228.276947197519,1896572
2023-12-07,3303.486572265625,3317.7885032075033,3282.2852308055703,3294.4395183103784,1967653
2023-12-08,3314.2705078125,3330.9940617152665,3291.74412143969,3320.027826121142,1641155
2023-12-11,3329.07470703125,3338.304710750083,3303.5782998526,3310.797648664154,1102503
2023-12-12,3355.759765625,3379.7939215758247,3318.2003172411905,3325.4654041320105,2236866
2023-12-13,3283.97607421875,3335.563024872104,3256.0578240052896,3329.6687183950803,3850968
2023-12-14,3351.326904296875,3361.150822552023,3315.0927276038888,3317.285885226711,3290396
2023-12-15,3528.38623046875,3560.3253463636993,3350.824558139156,3350.824558139156,8531230
2023-12-18,3526.741455078125,3590.528439137833,3500.19398079059,3525.7363506427123,2521612
2023-12-19,3487.44580078125,3522.9948166196496,3463.502896618964,3513.764812005255,2004435
2023-12-20,3454.409912109375,3562.929950670811,3442.0728971992326,3497.543727025331,2586083
2023-12-21,3461.218017578125,3478.763949441548,3420.871499435154,3432.660113142662,1517562
2023-12-22,3494.573486328125,3514.6325128426206,3437.9146065811733,3472.6410167486597,2413058
2023-12-26,3468.574462890625,3503.71206271633,3463.6395233033168,3490.78113326196,1285231
2023-12-27,3482.8759765625,3489.2729465846164,3443.397577619161,3471.7270162885334,1293976
2023-12-28,3472.549560546875,3507.367445431527,3465.421686382815,3494.5735047759663,1682889
2023-12-29,3466.60986328125,3493.2945492321064,3441.0219794117156,3465.33055833123,1574996
2024-01-01,3482.784423828125,3501.8838577126107,3447.9665436194364,3463.50204090052,825907
2024-01-02,3457.288330078125,3482.7849604684966,3442.7124205931514,3482.7849604684966,1344068
2024-01-03,3373.716064453125,3446.9157627607447,3369.421000927507,3442.483487450375,1803075
2024-01-04,3350.915771484375,3398.6188470061647,3336.4768514169155,3382.8548848897744,3598144
2024-01-05,3415.89111328125,3424.8926547692495,3358.2728588729105,3358.409847582414,1963127
2024-01-08,3361.425537109375,3417.5817593808756,3356.0336705400387,3415.891042086117,1067805
2024-01-09,3372.026123046875,3429.096421850745,3365.4921632868704,3390.348920468523,1370944
2024-01-10,3393.181884765625,3407.986258562806,3370.289822773917,3372.11752875156,1292227
2024-01-11,3413.7431640625,3447.966909732182,3387.6526197660214,3403.1881186966993,1777909
2024-01-12,3548.30810546875,3568.824058571868,3492.3803522837784,3516.505979741258,6813450
2024-01-15,3567.499267578125,3623.4270246995534,3550.318787126801,3618.8577598512566,2801505
2024-01-16,3528.66015625,3563.1123650684103,3523.4055022107223,3563.1123650684103,1432672
2024-01-17,3549.953125,3573.1191625440915,3484.109977812694,3490.0042844962854,3458696
2024-01-18,3566.402587890625,3572.0684315207345,3529.300069127091,3562.1987751054894,2239110
2024-01-19,3628.471435546875,3647.3359347309056,3602.705290319906,3630.2658185854475,2941975
2024-01-23,3550.436279296875,3620.050782713324,3536.172879483721,3588.8554368581126,2618854
2024-01-24,3535.299072265625,3573.8101208438484,3501.98717363284,3570.451409769425,2657709
2024-01-25,3506.312744140625,3552.967832360233,3477.2337152693226,3533.55110917134,2205154
2024-01-29,3497.75439453125,3515.2385654063073,3479.212061073679,3497.5703955598956,1646747
2024-01-30,3497.33984375,3540.8202098796714,3484.8708260966287,3503.689267668841,1411621
2024-01-31,3511.511474609375,3528.12148113154,3493.5671947757637,3507.140432085803,2459358
2024-02-01,3546.6640625,3593.3652043166217,3501.4814177274175,3515.238654965433,2363107
2024-02-02,3649.866455078125,3666.522292350957,3563.089715877142,3565.896430136547,2826510
2024-02-05,3656.307861328125,3701.1225020871434,3646.001448771063,3665.233944757109,1691523
2024-02-06,3806.02783203125,3818.818793148955,3671.675785736143,3678.1173222023467,4474396
2024-02-07,3757.623779296875,3823.511577697095,3748.927750966108,3821.6711389111997,2124267
2024-02-08,3804.279296875,3826.272451742055,3760.062707616723,3763.697529491343,2345173
2024-02-09,3803.91162109375,3850.8886480018823,3772.9000434452996,3806.533887272955,2100596
2024-02-12,3791.948486328125,3827.7449332471438,3778.006802130109,3800.5063475256047,1013716
2024-02-13,3818.450927734375,3837.3154280400877,3755.8759998910355,3796.3198278378054,1257415
2024-02-14,3772.99169921875,3786.6107667795436,3726.428507128435,3779.341123293365,1391283
2024-02-15,3775.844482421875,3815.505579737829,3757.255870513131,3798.6657441778602,1091582
2024-02-16,3798.942138671875,3817.024812052794,3772.99221729805,3785.0930143565315,1307556
2024-02-19,3776.396728515625,3798.942107006786,3731.49019516973,3794.110954472966,772291
2024-02-20,3709.082275390625,3771.0591425249713,3690.0798344375635,3756.4277437698097,1193648
2024-02-21,3673.0556640625,3739.1735165389455,3663.0253626616636,3692.8403807798604,1885939
2024-02-22,3761.02880859375,3768.25239610325,3654.1912461332404,3654.1912461332404,2982052
2024-02-23,3728.8212890625,3800.5062936958448,3723.5758585151752,3800.5062936958448,2538072
2024-02-26,3681.844482421875,3726.889184546952,3665.0044196924378,3714.0061108225923,1379284
2024-02-27,3776.94873046875,3794.985122078048,3679.957687485479,3679.957687485479,2960475
2024-02-28,3790.33837890625,3823.4200011181556,3762.777624498999,3768.8511632078385,1939225
2024-02-29,3768.39111328125,3807.9605533454464,3740.2783615123485,3771.97987960793,3772719
2024-03-01,3767.7001953125,3809.7081188838133,3760.7524942693894,3779.525103855849,2043265
2024-03-04,3755.139404296875,3789.371522353806,3750.722306075315,3777.500781504877,1749271
2024-03-05,3692.012939453125,3739.7722441428095,3662.4738020886766,3737.9318050462825,2070859
2024-03-06,3740.048583984375,3747.134230007341,3642.6432489702897,3675.4031567599113,1744204
2024-03-07,3780.81396484375,3794.985255418292,3715.5702668526733,3740.6923043829674,2688905
2024-03-11,3793.466796875,3821.6714335783654,3762.7773878887397,3762.7773878887397,2304068
2024-03-12,3857.7900390625,3892.482492505704,3792.270233646347,3793.4667885423355,4039801
2024-03-13,3817.990966796875,3902.6511665908765,3802.2551224047547,3869.5232623236584,2837260
2024-03-14,3871.91552734375,3887.927256237985,3760.016750056428,3822.085732966261,2919608
2024-03-15,3882.635986328125,3900.8103208022567,3843.7567138454883,3858.1122273965675,3373143
2024-03-18,3821.21142578125,3915.303868475081,3789.3259103717037,3878.9551986813763,1526904
2024-03-19,3659.9892578125,3734.2509304972355,3650.1429535690677,3728.0394485403954,8931209
2024-03-20,3654.099365234375,3697.441791681991,3644.2530619412323,3667.994768950826,1817913
2024-03-21,3655.98583984375,3688.6075746001366,3633.0264093675964,3671.721682393882,3829582
2024-03-22,3598.885986328125,3623.824022104687,3547.4458113797787,3586.095026445395,5852485
2024-03-26,3568.15087890625,3631.8300192271254,3562.583506361182,3565.8503303060525,3440925
2024-03-27,3534.470947265625,3584.2549115114957,3523.8884231366437,3578.2734848298974,1968575
2024-03-28,3567.046875,3602.659324539871,3534.102972131641,3542.937169152786,4311783
2024-04-01,3604.269775390625,3619.499453254275,3577.8595203158884,3586.7395487458493,1569676
2024-04-02,3573.9482421875,3597.920003104046,3564.0098274803727,3579.653557681035,2142666
2024-04-03,3632.38232421875,3663.3936751293795,3543.7651451703696,3543.7651451703696,3973090
2024-04-04,3683.914306640625,3707.241733238287,3621.2933325972463,3658.700160709349,3394637
2024-04-05,3661.783203125,3682.7181953650183,3644.529088641468,3660.632928826098,1636819
2024-04-08,3655.617919921875,3710.9229755652163,3644.0691205793664,3665.2341685019233,2302538
2024-04-09,3631.692138671875,3695.463391899339,3611.9074203697137,3666.1543123632814,1876992
2024-04-10,3666.75244140625,3671.859704425388,3605.419903259126,3640.756241235992,2101965
2024-04-12,3682.166259765625,3693.163062647417,3630.7260789894453,3654.1916765092096,4354821
2024-04-15,3626.768798828125,3739.95578953719,3606.386028171306,3682.165963982411,4200329
2024-04-16,3563.826171875,3615.2663527431537,3554.670032660961,3590.6965366993572,3051420
2024-04-18,3553.8876953125,3621.983938050233,3542.84506135503,3567.5069887926393,3476284
2024-04-19,3520.94384765625,3545.1917216335364,3497.6622490979976,3531.802482817412,2957749
2024-04-22,3556.28076171875,3568.611614513296,3507.877120816061,3530.8826108528924,1728883
2024-04-23,3565.57470703125,3584.255209151465,3552.599745949953,3567.7373128762897,1807586
2024-04-24,3525.406494140625,3587.0151365847305,3519.3329563787197,3579.6533815583894,1317312
2024-04-25,3544.86962890625,3564.608292894232,3506.9566291988567,3507.1406281722816,2856271
2024-04-26,3516.48046875,3567.5065891802196,3499.1802992219073,3547.5837045158246,2039178
2024-04-29,3561.43359375,3568.427352070046,3514.5023975397753,3531.8025697028056,1110693
2024-04-30,3515.836669921875,3572.0621732698455,3506.0364217577408,3563.0900328204652,2203078
2024-05-02,3555.083740234375,3562.261496663186,3476.63503445836,3476.63503445836,2491044
2024-05-03,3536.771484375,3582.966682325397,3494.625611625741,3579.7917453667596,2962234
2024-05-06,3608.226806640625,3625.618865765193,3545.6058231496777,3545.6058231496777,2053831
2024-05-07,3661.50732421875,3669.8353556027478,3601.2790030469796,3617.1988452844685,2062112
2024-05-08,3659.66650390625,3666.4302063725313,3624.3762246560705,3644.9890493847392,1247685
2024-05-09,3644.25341796875,3654.191834044049,3598.1044973888866,3645.9098580917957,1726486
2024-05-10,3583.24267578125,3656.5843507790987,3575.098867879944,3646.4619361248674,1672489
2024-05-13,3632.842529296875,3639.4680646589845,3561.2494084020914,3574.5925909400316,931326
2024-05-14,3589.9599609375,3631.001836986879,3582.322094809196,3621.9836417268198,1058317
2024-05-15,3570.8193359375,3613.655594732349,3566.3103506592815,3592.996713752849,1115021
2024-05-16,3615.821044921875,3623.746152107256,3562.5702354838822,3606.691138597264,2599399
2024-05-17,3553.85693359375,3633.478215188869,3550.056521472798,3632.551307480913,2765804
2024-05-21,3540.97314453125,3563.728776359017,3531.5651208470945,3550.613121462056,1908117
2024-05-22,3551.91064453125,3560.484541572459,3538.5168722503677,3554.6913678959663,1311168
2024-05-23,3608.86962890625,3619.575460739444,3545.886280424774,3560.206962660713,2095742
2024-05-24,3568.131591796875,3599.924574735908,3563.3117164748414,3594.7801911641072,1309452
2024-05-27,3565.86083984375,3622.680335515065,3560.577510431646,3573.229711889253,1841538
2024-05-28,3559.2333984375,3587.1334155210093,3550.057101148699,3576.0105212093163,1801993
2024-05-29,3525.6328125,3567.57539103945,3522.2496895007944,3567.57539103945,1568095
2024-05-30,3463.02001953125,3517.0585585131757,3443.879239356087,3500.930454720642,2919230
2024-05-31,3402.631591796875,3475.7183505024186,3386.688825479371,3466.634610275155,10956800
2024-06-03,3432.20068359375,3477.3410487975398,3425.8512745605985,3459.961527315394,2156773
2024-06-04,3443.462158203125,3471.2693896287224,3328.989055501083,3429.5585424903265,3395997
2024-06-05,3472.613525390625,3507.2336206771465,3429.5587052821297,3444.389229413079,2799670
2024-06-06,3550.427734375,3559.2333589407076,3468.025717115301,3504.638577151665,4328036
2024-06-07,3609.33251953125,3628.8439736397468,3556.8232840964106,3556.8232840964106,4552445
2024-06-10,3576.65869140625,3620.4086895219543,3561.086596810267,3610.305486125325,1734661
2024-06-11,3570.54150390625,3596.355749469534,3560.2527371623205,3563.9603682346064,1419898
2024-06-12,3551.586181640625,3608.9155195936296,3547.693214139478,3591.211490093849,2177001
2024-06-13,3594.6875,3605.6714482720763,3570.4489508339425,3574.898153664247,1932323
2024-06-14,3551.95703125,3604.7443844726295,3548.2030094526167,3604.7443844726295,1860730
2024-06-18,3536.245849609375,3561.1795775806077,3517.6613039518497,3546.3954442186373,1774045
2024-06-19,3523.8251953125,3553.6254156533255,3515.7147523909116,3547.8784064893566,1509050
2024-06-20,3510.431640625,3531.4724028758133,3503.757949581445,3518.542084048452,2846526
2024-06-21,3532.2138671875,3594.363079879569,3520.4421834921905,3547.2761188024833,4642195
2024-06-24,3537.821533203125,3575.0831793648726,3514.185385660008,3530.359880582307,1702154
2024-06-25,3557.88916015625,3566.41666656242,3515.668465075754,3538.007033326123,1338808
2024-06-26,3574.017333984375,3584.3058742192884,3560.252663395376,3563.496840516408,1639845
2024-06-27,3646.59423828125,3653.8705550444147,3539.0267689087714,3550.9837890347926,4526556
2024-06-28,3618.78662109375,3670.554506866754,3612.947283596759,3631.4390470274907,2731571
2024-07-01,3687.424560546875,3709.206893822337,3600.1098911444064,3600.1098911444064,2658723
2024-07-02,3723.759033203125,3729.320479596894,3691.456434510148,3701.698810211173,2307449
2024-07-03,3675.421142578125,3731.8235725519535,3665.9203376575206,3726.169344471108,1821198
2024-07-04,3727.05029296875,3751.5207974226373,3691.0400566600383,3707.492671963274,2518001
2024-07-05,3718.569091796875,3732.426319394209,3696.5086389132935,3716.9006123476197,1668616
2024-07-08,3701.328125,3736.5970115088844,3687.285562563459,3728.023114490228,1758882
2024-07-09,3694.190673828125,3714.072798924903,3684.5509241738773,3693.727219973674,1305801
2024-07-10,3623.421630859375,3710.6901382951037,3616.794330433944,3692.5226544204043,2669716
2024-07-11,3636.908447265625,3689.0934067968246,3610.862471301693,3643.6749201302305,4872189
2024-07-12,3878.135986328125,3892.9665108049144,3681.0289111762886,3689.092963601374,13509164
2024-07-15,3864.464599609375,3930.089497924817,3853.202306545461,3926.103974989564,4848030
2024-07-16,3873.0380859375,3887.960939474929,3841.940057628319,3867.059349578485,2029521
2024-07-18,4000.11669921875,4008.876158798929,3855.936374706022,3855.936374706022,5613364
2024-07-19,3997.190185546875,4049.5428404415234,3981.2568871814256,4011.1260943754664,3903354
2024-07-22,3983.208740234375,4013.496211739876,3962.444141519161,3994.914996539317,1896386
2024-07-23,3997.14453125,4052.2843764255626,3963.6516196739526,3979.167115356308,2365208
2024-07-24,4000.76708984375,4031.2868203752514,3965.3235197357376,3983.347204111484,1809793
2024-07-25,4015.86474609375,4034.910489828839,3970.991297189703,3990.315577668631,2810342
2024-07-26,4076.578369140625,4108.723954458355,4029.3818216621617,4041.4133370768022,3552210
2024-07-29,4070.30712890625,4116.667158057409,4060.923526939503,4101.802189759301,1746803
2024-07-30,4055.6748046875,4086.0085427265517,4020.323776464771,4079.598115277588,1797906
2024-07-31,4074.255859375,4100.873353963842,4036.768174665359,4041.413477513075,2330091
2024-08-01,4085.17236328125,4105.797235952523,4055.3956995339786,4087.309021156136,2202244
2024-08-02,3979.212890625,4086.0085899107653,3967.0888310411474,4055.3495895771916,2811282
2024-08-05,3860.293212890625,3938.2880347144414,3818.903743027533,3938.2880347144414,2787771
2024-08-06,3875.297607421875,3956.172148090316,3865.6350146384816,3875.0653422807904,2203067
2024-08-07,3902.472900390625,3943.8160983795406,3883.7519658026845,3928.06833926144,1237666
2024-08-08,3876.5517578125,3931.7845938309133,3864.8922283404063,3884.402501608471,2441283
2024-08-09,3928.76513671875,3951.898655663078,3907.210748658729,3917.8486743229014,1302536
2024-08-12,3898.012939453125,3938.2878064043034,3889.372857499192,3929.9262611677764,936912
2024-08-13,3899.220947265625,3933.642459984778,3886.260370835221,3914.132187982019,1495593
2024-08-14,3990.54736328125,4000.7207578523953,3891.044886752686,3910.4158901229916,3226545
2024-08-16,4102.77783203125,4112.951226936545,4018.280043659057,4041.413561593398,3457058
2024-08-19,4171.48193359375,4175.430440991918,4078.901139092339,4107.376754658791,2055210
2024-08-20,4202.41943359375,4241.161440255413,4180.772504085293,4185.417806867609,2212298
2024-08-21,4228.61962890625,4236.516644581457,4173.851321089861,4197.496096539259,1896990
2024-08-22,4182.630859375,4237.39916370202,4178.171549911448,4236.516374666815,1829872
2024-08-23,4147.2333984375,4186.346939264392,4138.964850071652,4180.772575829952,1809253
2024-08-26,4183.048828125,4229.222864979793,4166.836540173764,4170.5527823500615,1844164
2024-08-27,4178.125,4190.06352004845,4168.509131570201,4185.4182168111465,930697
2024-08-28,4186.39306640625,4238.838715366386,4141.101365063979,4179.611105918801,1848058
2024-08-29,4191.7353515625,4232.8000107357375,4143.61019488178,4143.61019488178,2133641
2024-08-30,4230.7099609375,4266.478796182319,4169.438229236293,4180.77295069311,3637222
2024-09-02,4200.3291015625,4262.5298880777955,4191.921284875112,4251.3811612563195,1216500
2024-09-03,4192.24658203125,4232.706988670382,4176.9633540945715,4200.329136859027,1717263
2024-09-04,4161.4951171875,4168.695337572208,4121.963766080883,4159.358459046624,1265505
2024-09-05,4158.4287109375,4179.843374955519,4138.1749189531665,4163.120285213532,1688793
2024-09-06,4140.5908203125,4198.378570967705,4125.029055295338,4156.570844055927,1649179
2024-09-09,4133.9013671875,4171.714314661398,4116.202944403391,4138.964928860649,1184938
2024-09-10,4188.06591796875,4217.88885396822,4125.447324234446,4127.305445435125,1385591
2024-09-11,4161.587890625,4226.622135770557,4154.062408672436,4200.701434505407,1325919
2024-09-12,4197.21728515625,4211.0601974701785,4116.94608580757,4190.295602177849,2742216
2024-09-13,4201.76953125,4224.43851900476,4185.417974074432,4208.644488913913,1458786
2024-09-16,4193.0830078125,4223.556015887551,4175.616848928026,4205.857591838961,1155120
2024-09-17,4186.02197265625,4214.033060161901,4149.184809090063,4193.0829242332575,1699364
2024-09-18,4037.83642578125,4178.031572295144,4014.4706436360752,4178.031572295144,2961779
2024-09-19,3991.3837890625,4108.492155250461,3978.0516781123274,4078.6224926759214,2927551
2024-09-20,3980.931640625,4023.4828879317256,3927.6036533634933,4010.661579574174,5447908
2024-09-23,3965.6953125,4003.6938016662916,3951.2948726865407,3994.9607224434812,1702319
2024-09-24,3968.2958984375,3986.598571588942,3939.2164864919864,3950.039950496355,3012026
2024-09-25,3971.502197265625,3985.2988392847856,3939.2173381849816,3950.6913284717216,2713073
2024-09-26,3987.992431640625,4010.5684216660406,3957.7979636084015,3957.7979636084015,3964251
2024-09-27,4003.043212890625,4067.426924969442,3995.0064765407783,4027.477322919719,3012477
2024-09-30,3965.6953125,3993.799396652073,3957.844568692927,3982.789937420948,2503416
2024-10-01,3983.71923828125,3991.012455419667,3941.958232489669,3953.664034258638,1823365
2024-10-03,3932.481201171875,3975.4502533375357,3911.345072809307,3960.2137504333123,3350119
2024-10-04,3950.59814453125,3993.102669221074,3924.398452773479,3925.281241847147,2965463
2024-10-07,3969.7373046875,3992.406296192221,3929.3694337615807,3970.7126370149526,1472619
2024-10-08,3951.527099609375,3975.8219442019727,3905.724592296589,3969.5045134149964,1541867
2024-10-09,3951.248779296875,3990.3155992244356,3945.4421500779804,3957.7984755986254,1082504
2024-10-10,3927.51025390625,3989.2465053830083,3900.7534930523875,3951.526558479922,2378875
2024-10-11,3854.8583984375,3941.028768538948,3820.7154216048507,3849.098041297021,5759183
2024-10-14,3843.1982421875,3869.9087330608727,3829.7735893951135,3846.3106857656626,2137590
2024-10-15,3824.7568359375,3874.1367741225554,3804.503494517866,3837.9959506620125,2759474
2024-10-16,3804.456787109375,3823.0844981328532,3778.675354588552,3795.212679191423,2359151
2024-10-17,3817.510009765625,3836.974010815032,3802.5985417542856,3821.0402585925135,2522659
2024-10-18,3839.907958984375,3861.4217056150137,3799.81450984284,3809.127780700298,2361000
2024-10-21,3799.675048828125,3855.647899798256,3790.501385728475,3848.8025545031073,1595450
2024-10-22,3739.744140625,3808.941792786158,3731.222588221232,3786.7761613201965,1928049
2024-10-23,3787.0087890625,3831.0603786284396,3720.7913418501003,3724.9359293106554,1966476
2024-10-24,3769.91943359375,3798.883801628907,3729.0342588188632,3729.0342588188632,2676744
2024-10-25,3778.90673828125,3810.990914951962,3755.763166335102,3778.441074679716,1759676
2024-10-28,3809.919921875,3850.1065991283663,3772.8064424453346,3789.523720012066,1532534
2024-10-29,3795.390625,3821.700614609533,3781.2811109026725,3814.576053505887,1445885
2024-10-30,3804.14501953125,3824.96027046286,3781.234510070215,3795.157804269821,1935002
2024-10-31,3695.925048828125,3798.23142349314,3688.055380171151,3790.501362953683,3740372
2024-11-01,3710.593505859375,3724.3305810268316,3703.003280699814,3715.855640568731,154895
2024-11-04,3691.92041015625,3717.7647384247807,3644.51594943524,3693.9228999424704,2269192
2024-11-05,3698.6259765625,3712.2698276535116,3670.45333173397,3670.45333173397,967590
2024-11-06,3855.3681640625,3864.8210432401042,3702.258078759821,3728.6612931693503,3792017
2024-11-07,3865.845703125,3916.975471746434,3804.5179478782275,3883.3549260647524,3724349
2024-11-08,3862.21337890625,3883.401069856363,3834.878838313008,3869.663995504092,1648039
2024-11-11,3910.363525390625,3943.518408459811,3834.879186284666,3844.704960664376,1406487
2024-11-12,3909.15234375,3928.3377732797053,3878.3721644817633,3926.4751190486577,1587640
2024-11-13,3865.333740234375,3908.5472291817673,3847.358853332509,3891.1780687289943,1098813
2024-11-14,3861.189208984375,3874.3210129831064,3833.761896778277,3851.0378338185446,1825432
2024-11-18,3743.469482421875,3923.6812860911455,3716.181551430071,3923.6812860911455,3313944
2024-11-19,3762.142578125,3848.383334503383,3738.440347986104,3743.8418634756777,1776233
2024-11-21,3793.15576171875,3811.409636894372,3747.660340835974,3767.124986745769,2384347
2024-11-22,3953.111083984375,3962.7504103811857,3775.6000484761144,3791.4326091135326,3096553
2024-11-25,4018.769775390625,4030.8770280377776,3960.1893900708537,3986.0801022933974,4052167
2024-11-26,4053.788330078125,4066.73368798975,4014.020474337387,4024.311458618838,2060669
2024-11-27,4035.021240234375,4076.7913536382084,4027.1049595017485,4059.6086406624336,1558993
2024-11-28,3953.39013671875,4041.913046412665,3942.3074356808006,4022.4015626518726,2558544
2024-11-29,3977.55810546875,4003.495653998375,3907.5221314685823,3930.200035419068,2017425
2024-12-02,3982.9599609375,3993.7170618183595,3939.5600270221935,3976.766726657372,1670944
2024-12-03,4007.268310546875,4027.9903417849596,3972.529986146478,4018.071797558005,2010905
2024-12-04,4055.370849609375,4085.6858211811555,3994.5085294279797,4017.3260445950987,3302642
2024-12-05,4157.49072265625,4180.727516616581,4060.586315983135,4098.584281260393,3746747
2024-12-06,4140.21484375,4158.375723168091,4109.713879599103,4147.199797372343,1842087
2024-12-09,4146.40771484375,4162.47310676674,4112.321053205062,4126.198190317889,2066639
2024-12-10,4128.15478515625,4185.198584263352,4109.109414059275,4122.194381179075,2087828
2024-12-11,4123.404296875,4143.148158287083,4104.358476029229,4127.502045111503,1635256
2024-12-12,4149.0166015625,4177.00280411384,4122.054495207995,4125.826188749979,1914642
2024-12-13,4166.66455078125,4186.222421425734,4092.624040484277,4130.389630221359,1967048
2024-12-16,4111.99609375,4167.689279201268,4095.0457565693796,4152.788043789598,1646224
2024-12-17,4031.249267578125,4128.526563027335,4021.470333233763,4107.152424631981,3225027
2024-12-18,4049.27099609375,4062.449184824082,3995.021187516033,4015.60360927398,1575404
2024-12-19,3978.5361328125,4064.3114493548924,3969.3160855065425,3987.9426274375915,3015763
2024-12-20,3883.91357421875,4081.075721006082,3867.3361322404735,4031.715380245397,4116989
2024-12-23,3872.737548828125,3927.406635038312,3832.3180410204754,3911.620457771177,2195338
2024-12-24,3892.48193359375,3928.338029883583,3872.7376155550933,3872.7376155550933,1181886
2024-12-26,3882.7958984375,3911.527430384508,3858.62777832456,3892.48160931481,1208464
2024-12-27,3878.83837890625,3893.8328385455884,3862.4469283952276,3877.1153325479127,858100
2024-12-30,3873.20263671875,3910.921381105124,3829.616713994305,3865.93846784785,1527169
2024-12-31,3813.598388671875,3855.6479451405453,3755.1576110916253,3851.0376939335874,1555429
2025-01-01,3830.03662109375,3850.1065398065944,3804.8905600046846,3813.2258927424173,763161
2025-01-02,3888.989501953125,3895.7416240603297,3815.6011015015547,3837.0680112666887,1720835
2025-01-03,3818.34814453125,3892.9011567771527,3811.270194517517,3892.9011567771527,1791953
2025-01-06,3813.78466796875,3864.681605615779,3787.148620607623,3823.563603014824,2085593
2025-01-07,3751.664794921875,3856.020036180541,3736.0650668596068,3832.3644200987096,2669054
2025-01-08,3826.264404296875,3842.655853224678,3741.839688389106,3757.8118581960475,2181277
2025-01-09,3761.490966796875,3853.599136272882,3748.871437714519,3819.372861544339,2392472
2025-01-10,3972.715576171875,4001.9127733457603,3883.6342250062416,3911.5740395746316,7894300
2025-01-13,3996.41748046875,4026.080337109544,3937.091767187162,3953.483213746475,4003771
2025-01-14,3942.354248046875,4017.6521397931906,3929.3156678223904,4006.5694375522967,3441709
2025-01-15,3957.76806640625,3964.1477485251917,3918.5127168051804,3928.338036632813,1653474
2025-01-16,3917.441650390625,3999.1192325453053,3903.9842444070855,3967.454105878668,2637705
2025-01-17,3911.750244140625,3946.179768328342,3888.7499900580783,3945.5156582213353,1761466
2025-01-20,3867.64697265625,3932.142300220547,3858.446917151911,3932.142300220547,1287799
2025-01-21,3827.859130859375,3899.136119079718,3822.3105229606576,3884.2452782424407,1971591
2025-01-22,3942.385986328125,3948.598240960883,3835.7784821299006,3841.2796202434547,2409223
2025-01-23,3931.810791015625,3975.3452017162494,3926.6887142484056,3953.1984717808796,1822998
2025-01-24,3938.355224609375,3962.683237549143,3892.49689011529,3892.49689011529,1910099
2025-01-27,3855.6484375,3942.1485418020825,3832.7905934392124,3890.59942943467,1551782
2025-01-28,3832.079345703125,3890.5995312485556,3820.6977771085412,3861.007499214359,2468272
2025-01-29,3888.512939453125,3896.148353343233,3845.0734688360117,3845.0734688360117,1217089
2025-01-30,3888.750244140625,3917.0619915773636,3849.3417440444105,3888.6080671418995,1531251
2025-01-31,3900.4638671875,3915.6869946237944,3874.713158208757,3898.187645857167,1492943
2025-02-01,3863.236328125,3922.752448425496,3846.9702619730892,3901.032713879516,437172
2025-02-03,3858.968505859375,3866.8882740010763,3792.6234860032378,3823.1639848038094,1265713
2025-02-04,3895.389404296875,3906.5815588564824,3856.5026066809596,3873.242905885086,2547132
2025-02-05,3880.261474609375,3936.1259160718655,3865.9395744358853,3936.1259160718655,1693912
2025-02-06,3872.341796875,3926.1671344471406,3842.749763323274,3893.8244160755,2284536
2025-02-07,3821.7412109375,3879.218228908592,3801.444171507491,3879.218228908592,1548940
2025-02-10,3828.902099609375,3843.176530616503,3807.4669498989556,3831.7949614241543,1339511
2025-02-11,3759.284912109375,3831.7949459001434,3751.1754977809574,3811.308028813468,1810908
2025-02-12,3746.5751953125,3814.485314293477,3737.0905547597717,3766.4457025173515,1678002
2025-02-13,3708.636962890625,3779.1078947757164,3701.144188811121,3763.5057059907817,2277310
2025-02-14,3732.063720703125,3744.5359298724475,3699.0096571688314,3722.7212575352983,1681975
2025-02-17,3703.2783203125,3731.2580130898646,3657.4674549788515,3657.7520405391615,1799806
2025-02-18,3673.591064453125,3722.1523795147264,3665.33947318774,3697.492313192335,2149879
2025-02-19,3589.0830078125,3675.2508303067148,3573.9548205315027,3672.6425540939376,4366672
2025-02-20,3584.625,3592.781883594646,3557.973298668796,3567.647585834546,2888572
2025-02-21,3590.88525390625,3620.287642408916,3580.4521483085296,3581.4955514917533,1833931
2025-02-24,3486.1748046875,3569.260122487774,3480.8633130033377,3550.2433706104594,2508516
2025-02-25,3442.498291015625,3469.4820512534207,3434.6259918265305,3438.1827325843765,4101954
2025-02-27,3426.3740234375,3450.512388419143,3415.1346312530945,3425.5677363307773,3823856
2025-02-28,3303.737548828125,3414.470731581497,3278.8403664103434,3400.1963006835795,7085018
2025-03-03,3313.032958984375,3341.6765318486423,3297.0037748811633,3305.397775773084,4990439
2025-03-04,3350.022705078125,3367.996053645755,3285.7642616440216,3294.9643171966636,2797737
2025-03-05,3364.249755859375,3414.8029405590255,3339.400041837824,3339.400041837824,2501894
2025-03-06,3415.98828125,3423.433585251506,3353.863884772035,3373.6866911774378,2786513
2025-03-07,3425.09375,3438.1826018027277,3390.190222378938,3414.470997652364,2051315
2025-03-10,3404.654296875,3435.4321442725973,3397.9678097594306,3420.636010676855,1004626
2025-03-11,3391.043701171875,3403.8004968476407,3355.3338893126197,3374.6352261327497,1995450
2025-03-12,3325.504638671875,3385.305343927244,3307.1519980581174,3381.2743716748964,3174167
2025-03-13,3330.10498046875,3342.672130004524,3304.5439188567675,3321.8059194545594,1693004
2025-03-17,3317.442626953125,3348.504824268339,3298.1415226710474,3309.1910361154605,2690906
2025-03-18,3317.442626953125,3317.442626953125,3317.442626953125,3317.442626953125,0
2025-03-19,3316.873779296875,3364.2020435877325,3284.2939459919426,3364.2020435877325,3051244
2025-03-20,3379.519775390625,3394.505554527131,3331.0059291540974,3331.0059291540974,2845192
2025-03-21,3393.699462890625,3429.883275405574,3286.428081377204,3295.9127223046994,4161925
2025-03-24,3441.928955078125,3461.6570558488297,3382.7923538442037,3414.4709640539177,1834751
2025-03-25,3469.244384765625,3518.8016314620927,3450.512219746386,3457.1514681076355,3135390
2025-03-26,3448.426025390625,3490.822326860632,3438.9888533482517,3459.7601257453803,1734499
2025-03-27,3463.0322265625,3474.2241497420814,3424.4297823215356,3428.5556939598323,2528474
2025-03-28,3420.3037109375,3472.279589767322,3406.7880975546004,3462.8424183134416,2051919
2025-04-01,3367.806396484375,3399.2953585160476,3343.3359762190476,3388.577667798288,2618493
2025-04-02,3361.3095703125,3380.421262394588,3348.126010889205,3361.3570398330285,1764313
2025-04-03,3227.765625,3321.52139726939,3221.1263760619972,3311.0882917953854,4537821
2025-04-04,3129.3623046875,3224.445829064787,3125.663387385046,3189.305420015634,5317367
2025-04-07,3105.31884765625,3121.7745604042666,2898.5536795332505,2940.2386292720134,6623955
2025-04-08,3123.244873046875,3176.4063332063806,3087.535291604866,3131.875989149625,5557558
2025-04-09,3079.283447265625,3101.4774131953245,3046.513968346596,3092.514474322123,2990265
2025-04-11,3064.961669921875,3128.9355257101774,3040.7758359181594,3120.020055994998,7108961
2025-04-15,3080.80126953125,3143.5895512500647,3071.696152437833,3143.5895512500647,3512160
2025-04-16,3105.08203125,3109.1604734732773,3062.590790324908,3080.8012559903377,2384391
2025-04-17,3128.88818359375,3133.3461501914685,3052.1575291360596,3078.240292358944,2932346
2025-04-21,3150.41845703125,3181.148601343861,3114.851053170071,3120.5418377878595,2432946
2025-04-22,3143.58935546875,3162.0844056249766,3125.189244347029,3151.3669464223676,2710498
2025-04-23,3237.108154296875,3244.6009284823726,3165.3094642241085,3191.581874951358,3543923
2025-04-24,3226.295654296875,3236.633820616935,3213.1118640484187,3225.8214222352462,2252175
2025-04-25,3270.303955078125,3298.5682293078635,3229.520002042058,3243.7469624034766,2742991
2025-04-28,3266.0361328125,3279.5992157727555,3229.520264912607,3257.9741879514845,1593296
2025-04-29,3293.541748046875,3314.8821913387555,3253.6113148639492,3276.9436254865236,1578332
2025-04-30,3275.710205078125,3329.013837756505,3192.5299551721982,3293.0671433029925,2809332
2025-05-02,3254.180419921875,3311.562499608635,3243.7473145242825,3293.0674491310842,1721761
2025-05-05,3276.279296875,3323.8921441678535,3268.7862922132254,3272.2008552943626,1284443
2025-05-06,3281.685791015625,3294.01582433447,3259.871116682284,3281.685791015625,1324763
2025-05-07,3267.5537109375,3281.211501134211,3244.3163408615387,3244.3163408615387,1477128
2025-05-08,3271.15771484375,3297.809648457028,3251.9987864937443,3270.304189784248,2543591
2025-05-09,3263.0009765625,3268.5968219353003,3222.975839240067,3223.8293642770673,2531757
2025-05-12,3433.8193359375,3443.3989159735165,3321.7109255991563,3324.3666713915923,2228678
2025-05-13,3333.8515625,3436.285693012091,3329.5834737286627,3433.8195935429753,3062887
2025-05-14,3365.814453125,3377.4806076856794,3327.7811822404,3339.542044274439,2119499
2025-05-15,3395.40625,3414.470469410984,3332.9975027782,3380.3257647168743,3548330
2025-05-16,3377.76513671875,3408.6849264465072,3363.348529175367,3408.6849264465072,1666727
2025-05-19,3337.45556640625,3367.0476004136544,3323.133665679634,3367.0476004136544,2537377
2025-05-20,3318.01220703125,3374.6354708973113,3313.9337648440714,3349.785756293493,2038374
2025-05-21,3344.0947265625,3354.7174780325026,3318.0119641520128,3327.212019490534,1440153
2025-05-22,3297.8095703125,3317.5376692737764,3273.4340900331863,3314.881923566922,2034383
2025-05-23,3333.47216796875,3352.820743852965,3286.9974249846496,3297.8098235860703,1274331
2025-05-26,3355.001953125,3362.3050800477968,3329.203777101799,3339.5419426934536,967470
2025-05-27,3318.391357421875,3357.5629717372003,3303.5954561426133,3349.9752588067204,2467680
2025-05-28,3317.442626953125,3347.1295977218288,3312.9848922760975,3338.593421360396,1222933
2025-05-29,3317.822509765625,3350.4495836467595,3306.820233088302,3324.0822341714443,3188072
2025-05-30,3284.91064453125,3325.979188538535,3275.141649033021,3310.1398835450454,3404365
2025-06-02,3272.01123046875,3281.6855171845687,3242.4191992844703,3272.2008769614918,1877585
2025-06-03,3229.709716796875,3294.4898573234195,3225.2519821011338,3268.4070961095445,2848125
2025-06-04,3235.1640625,3248.465034332547,3224.7340073768614,3242.9150002967904,2544807
2025-06-05,3225.78662109375,3262.0528233362247,3218.7054627680072,3262.0528233362247,3584683
2025-06-06,3238.32177734375,3244.732922695699,3213.920971684004,3225.786601665087,2070390
2025-06-09,3274.39697265625,3285.975488762853,3244.7332451805223,3253.4410779830223,1718678
2025-06-10,3313.62939453125,3335.54241560308,3275.640735062478,3291.7166070762078,2419874
2025-06-11,3322.24169921875,3338.604687522634,3300.424692969312,3320.423693236899,2847013
2025-06-12,3286.16650390625,3324.920724772973,3275.6406661399797,3322.241373890929,4060134
2025-06-13,3297.1708984375,3301.76403815699,3246.933943792306,3246.933943792306,2178493
2025-06-16,3345.58984375,3357.742355566309,3278.511454741814,3291.7166438153617,1934088
2025-06-17,3363.770751953125,3368.268108670322,3337.743272382211,3358.6991651797816,2111940
2025-06-18,3302.625,3385.492142497093,3294.6829639474868,3367.4069330910083,2696327
2025-06-19,3276.406005859375,3302.2421513495046,3265.880168807841,3301.2852570720925,2672768
2025-06-20,3287.60205078125,3297.7452248908758,3263.871022884297,3277.3633274014865,2351248
2025-06-23,3247.316650390625,3277.363038523369,3224.733851043432,3267.794095345199,3123421
2025-06-24,3244.254638671875,3293.726265410323,3236.2168192617623,3286.549557502439,3403048
2025-06-25,3296.309814453125,3301.2856185170967,3253.440899408153,3260.4262751214173,1757699
2025-06-26,3293.439208984375,3302.625255099875,3268.081507258558,3296.3098921986184,2879106
2025-06-27,3292.769775390625,3316.979019479463,3283.1050474410818,3306.0705155665805,1778433
2025-06-30,3312.768310546875,3315.5432107745055,3282.1476906920225,3291.6208515129015,1468351
2025-07-01,3281.8603515625,3334.7766533592453,3266.3587105428364,3306.0698242055073,2375183
2025-07-02,3275.736572265625,3339.4655976963195,3272.57877409358,3336.8820295980254,3090585
2025-07-03,3254.20654296875,3287.2193999790024,3251.144527592608,3282.147812903343,2531870
2025-07-04,3272.3876953125,3279.27728864699,3243.967976797223,3261.096294049881,1109320
2025-07-07,3264.63671875,3278.416138875185,3261.4789203702617,3270.952315509477,1639174
2025-07-08,3259.373779296875,3277.3634414066432,3247.1254837997894,3258.225552697699,2325242
2025-07-09,3237.939208984375,3266.837372173034,3221.8633368794976,3263.0097947012437,2034938
2025-07-10,3236.216796875,3252.484001353674,3211.33754296644,3234.303008112803,3035012
2025-07-11,3125.217041015625,3191.242753149758,3120.5283520064395,3157.6556670087216,7635550
2025-07-14,3083.783447265625,3130.9583865491522,3062.0619917351123,3125.217020314649,3924009
2025-07-15,3112.107666015625,3118.9014760029677,3067.8034091107847,3067.8034091107847,2590889
2025-07-16,3104.234375,3115.5638600833036,3092.2326031663256,3098.3774165813243,2540733
2025-07-17,3081.287109375,3112.779808234124,3076.390526695053,3095.5933632665156,2947640
2025-07-18,3062.756103515625,3100.105758589483,3059.9717861781455,3096.4571730230687,3432645
2025-07-21,3032.31982421875,3070.1495522628406,3026.3669918654064,3062.8523807267275,3844346
2025-07-22,3033.664306640625,3053.3472147188545,3028.863597353252,3033.664306640625,3198036
2025-07-23,3052.386962890625,3055.1712804131353,3031.7439136986445,3033.6641973444102,1922875
2025-07-24,3022.5263671875,3047.2019644087272,3014.8452328363246,3038.944885626984,2934778
2025-07-25,3010.812744140625,3031.0715957495104,3001.019344529776,3014.845292873372,2568917
2025-07-28,2956.56494140625,2993.7223853235596,2947.5394670779647,2986.0412502746217,3374473
2025-07-29,2934.193359375,2951.4759118844077,2919.9832137631183,2938.0339265993125,4785312
2025-07-30,2931.888916015625,2946.6750050729374,2925.7438682234083,2938.0337293982366,2880121
2025-07-31,2915.7587890625,2937.8420514011964,2894.827650050853,2920.4633903186314,2968371
2025-08-01,2883.3056640625,2915.758501968501,2880.4252388236764,2909.133383273443,2053847
2025-08-04,2951.85986328125,2956.6605722928375,2872.360309577052,2889.1627911176092,2519252
2025-08-05,2941.7783203125,2954.836342347973,2920.751308991888,2951.859809051624,1927996
2025-08-06,2911.43798828125,2944.562879940478,2905.3890481398157,2940.9142942671037,1487081
2025-08-07,2925.55224609375,2929.9689924116014,2890.8910311996096,2895.7878484472435,2543076
2025-08-08,2915.374267578125,2937.8417248012156,2904.428745573524,2926.6081133944717,2762140
2025-08-11,2919.59912109375,2928.3362704951187,2900.8763567070323,2915.3743566889298,1884215
2025-08-12,2914.414306640625,2972.9829560524563,2906.253101394714,2919.791194448837,3358232
2025-08-13,2915.1826171875,2923.055733419127,2907.8856798255947,2915.086743648966,2148166
2025-08-14,2901.83642578125,2934.0970475783347,2898.7640190971856,2913.0700372499637,3342174
2025-08-18,2891.178955078125,2927.4723621732833,2883.6898021204543,2925.072007661826,2945609
2025-08-19,2895.9794921875,2904.42878644818,2891.0829099205744,2891.178783449569,2650784
2025-08-20,2975.09521484375,2979.7037075526887,2890.8905988262018,2890.8905988262018,4952358
2025-08-21,2978.93603515625,3005.2438266480435,2960.2132701020532,3005.2438266480435,3230726
2025-08-22,2932.273193359375,2972.3110613965996,2928.432625981039,2962.997732386061,1593791
2025-08-25,3015.421630859375,3026.3671543415535,2954.4526225152476,2964.246022642929,3448370
2025-08-26,3031.359619140625,3035.968346624635,2995.6423913563763,3004.283667485289,5522097
2025-08-28,2970.390869140625,3021.08640697707,2963.4778945287544,3019.646194165862,3116051
2025-08-29,2961.74951171875,2990.8418565958136,2954.548447858567,2969.7187359392783,2271789
2025-09-01,2988.537353515625,3006.2999761800884,2966.8380558481663,2966.8380558481663,1246862
2025-09-02,2987.4814453125,3029.2476168924754,2979.4163473229805,2996.6989010802117,2185229
2025-09-03,2974.039306640625,3016.669509959856,2964.9179592917676,3005.1478080455095,1799774
2025-09-04,2972.310791015625,2993.7219990840686,2967.6061901689773,2991.8017155695825,1481391
2025-09-05,2926.80029296875,2979.703965451406,2907.885546409113,2973.655259644998,2802055
2025-09-08,2898.66796875,2942.7383816988513,2895.7875434746607,2928.4323632618416,2626187
2025-09-09,2927.856201171875,2938.0337976334035,2909.997705008497,2911.2459361835313,2489301
2025-09-10,2986.041259765625,2998.2350148126434,2931.6971353578033,2934.57756101031,2079428
2025-09-11,2999.6748046875,3013.8849494515116,2986.1369466753263,3013.8849494515116,2263446
2025-09-12,3008.508056640625,3023.198272253378,2996.602392740264,3018.685652923867,1447167
2025-09-15,2987.865234375,3009.0844623500607,2972.5990732086116,3009.0844623500607,1732539
2025-09-16,3020.31787109375,3024.4465275211764,2985.176823514983,3003.323408916267,2573429
2025-09-17,3046.337890625,3055.5551110798156,3017.1494398273812,3026.366894691811,2418271
2025-09-18,3050.08251953125,3075.334296666793,3035.392302577828,3058.0517436415034,2633138
2025-09-19,3042.88134765625,3053.730996885227,3018.685821162444,3043.6495079786732,4901694
2025-09-22,2951.283935546875,2983.0644887376598,2942.8346407567424,2971.6388949892716,3634901
2025-09-23,2940.33837890625,2957.9090220688277,2930.3529971882053,2947.6355509068776,3177741
2025-09-24,2914.414306640625,2935.153463147022,2912.1100600997443,2928.432470591566,1625714
2025-09-25,2839.523193359375,2908.845617084501,2833.3783797594588,2901.548445826189,4974361
2025-09-26,2783.54736328125,2837.027218062639,2776.0582098827367,2823.7772134975207,3934636
2025-09-29,2780.666748046875,2812.5434087793974,2778.6503565122343,2799.773476015783,3110035
2025-09-30,2773.2734375,2799.101392157332,2770.105157137798,2794.9727356006983,2253458
2025-10-01,2798.045166015625,2808.222762784315,2752.342557318892,2775.7699233020426,1952902
2025-10-03,2786.2353515625,2807.454578770542,2775.8660078142957,2807.454578770542,2899519
2025-10-06,2869.28759765625,2874.2805224330996,2780.18662812204,2786.331441741774,2112774
2025-10-07,2855.173583984375,2884.745997894136,2837.699050349848,2875.624650921264,3062943
2025-10-08,2906.541259765625,2921.711547346886,2849.7009111158586,2856.4219038307547,4121889
2025-10-09,2939.666015625,2943.794672125363,2899.628150625765,2913.070135429991,3211304
2025-10-10,2907.59716796875,2947.635030127983,2887.049994865423,2928.432196055488,8817365
2025-10-13,2887.338134765625,2914.510192335436,2878.6968592818434,2906.348987711864,2866865
2025-10-14,2842.3076171875,2906.541005318549,2837.6988899902512,2900.588173459837,3611416
2025-10-15,2862.064208984375,2871.6049712258155,2843.946172081733,2863.2206293645645,4282226
2025-10-16,2862.931396484375,2867.0754517571395,2836.332787245134,2862.160371154854,3251495
2025-10-17,2854.73974609375,2880.374867719902,2848.1863837329993,2862.2568312933195,4374683
2025-10-20,2905.81689453125,2913.333979311689,2870.4483153754104,2877.1943748710046,3133039
2025-10-21,2897.625244140625,2921.814780103732,2887.313457420898,2921.140221212513,310644
2025-10-23,2961.713134765625,2985.613509464342,2925.959156761946,2944.1734252464703,5564758
2025-10-24,2952.07568359375,2977.9035021252716,2947.3535359078196,2968.2662739630537,2684318
2025-10-27,2972.98828125,2981.9509500743798,2949.184375870237,2955.2558763824863,1946312
2025-10-28,2946.968017578125,2978.096312781555,2929.9101701396817,2964.4114953280427,3470737
2025-10-29,2946.67919921875,2964.4116062609737,2935.5963859963827,2946.9681278582934,2895420
2025-10-30,2925.187744140625,2952.653842834952,2922.778437237614,2938.487165302022,2241536
2025-10-31,2947.064208984375,2956.1231088421955,2915.357824198127,2924.898585437403,1868085
2025-11-03,2907.35888671875,2947.0642176101555,2900.805524854993,2936.3668007969727,2194877
2025-11-04,2881.723876953125,2919.4055326440953,2868.039060214524,2910.0574685167057,2670720
2025-11-06,2901.6728515625,2914.2977142131544,2881.531139384038,2881.627605776501,2542721
2025-11-07,2883.265869140625,2895.023240036059,2853.1012989769483,2892.1320716871546,1830520
2025-11-10,2915.4541015625,2937.3305615709287,2883.4585523829414,2884.422275161144,1556656
2025-11-11,2936.46337890625,2944.847720230334,2908.5154176367123,2934.5359333014544,2806868
2025-11-12,3018.18701171875,3022.619995280987,2946.1969680097523,2948.991669923252,4460315
2025-11-13,2993.033935546875,3018.2834265472866,2989.4682081451956,3018.1871954349617,1740435
2025-11-14,2993.322998046875,3000.1655239975616,2965.6642009169345,2977.9034333434784,2210794
2025-11-17,2989.660888671875,3010.188231818854,2974.626953832486,2993.323082448971,2232853
2025-11-18,2975.10888671875,2992.3594315179676,2966.338914722159,2989.4682629851,2548350
2025-11-19,3033.510009765625,3040.545232796858,2971.639057156612,2984.6493140956795,3151053
2025-11-20,3030.715576171875,3049.7008686990343,3024.2586803244717,3033.79944214396,2700767
2025-11-21,3036.30517578125,3055.0013041600305,3021.463703354114,3030.715536432949,4177037
2025-11-24,3027.24609375,3063.578397230728,3017.4161679823073,3043.4366842823783,6703764
2025-11-25,3006.044189453125,3035.534202019235,3001.996600643867,3031.1974493056246,2737920
2025-11-26,3048.158935546875,3062.711244826224,3003.9241504478728,3005.658898650244,2508527
2025-11-27,3022.81298828125,3064.6384631299097,3011.6337098367826,3064.6384631299097,2836233
2025-11-28,3023.68017578125,3033.12470593688,3011.6336412163846,3026.089482694223,1616690
2025-12-01,3019.72900390625,3039.581788202742,3008.935355329588,3024.0657566161144,1747647
2025-12-02,3021.945556640625,3029.9445029896465,3007.200550647543,3017.4161065078188,2512003
2025-12-03,3064.638427734375,3095.3810901757683,3025.125793917674,3026.089516693691,3952112
2025-12-04,3112.053466796875,3132.0989471151875,3071.769808666434,3078.13047294951,5025905
2025-12-05,3120.72705078125,3152.915532717371,3105.5001838412545,3112.824571063191,5244013
2025-12-08,3119.088623046875,3141.639640868843,3092.200852929616,3125.3528208067405,2544725
2025-12-09,3091.912109375,3116.3905759892023,3065.7951256660695,3112.8248484517812,2734893
2025-12-10,3073.5048828125,3108.0062080861744,3062.807700289892,3108.0062080861744,1386849
2025-12-11,3076.10693359375,3092.0083609433445,3038.714674477584,3088.73179730002,1914362
2025-12-12,3103.669189453125,3106.078496384854,3070.131589906683,3081.696263178982,1146554
2025-12-15,3113.017333984375,3120.727116365754,3081.31094805451,3094.610369719165,1562190
2025-12-16,3088.828125,3103.187500999765,3075.3360054304358,3103.187500999765,1734623
2025-12-17,3101.067138671875,3119.474102184826,3084.394687896739,3084.394687896739,1376350
2025-12-18,3161.78173828125,3168.5277977297296,3104.1510690788923,3110.897128527372,2307422
2025-12-19,3162.938232421875,3197.5357868591873,3159.854366515901,3179.3215200364916,3902511
2025-12-22,3204.281982421875,3207.8479451634685,3171.6118722000997,3189.9226061933546,2632816
2025-12-23,3189.92236328125,3199.4631245744913,3174.0209376032617,3199.4631245744913,2365420
2025-12-24,3198.595947265625,3206.4021959958864,3176.5267894381177,3184.236571775606,1367708
2025-12-26,3161.0107421875,3199.5596536775915,3153.108262388808,3192.910060559104,1176664
2025-12-29,3133.544677734375,3168.7205598617948,3125.2565675579217,3161.010777477703,2079473
2025-12-30,3129.01513671875,3148.9641510011397,3121.9799134409154,3132.099002526,2807593
2025-12-31,3089.887939453125,3128.2441532690227,3082.4673210816295,3122.461816571668,3362634
2026-01-01,3110.31884765625,3116.775978595714,3082.1781891606697,3098.368779137981,1255735
2026-01-02,3132.773681640625,3136.243177859361,3102.7055771191704,3116.6795578205924,1184324
2026-01-05,3099.428955078125,3129.207895137578,3075.2394189664337,3122.94369701057,2341703
2026-01-06,3137.688720703125,3144.8201752673103,3088.7315556964636,3093.550169667909,2912325
2026-01-07,3176.044921875,3180.8635358265738,3106.271250685878,3125.2565425983025,1989442
2026-01-08,3087.671142578125,3167.6601287029757,3066.5657090274044,3167.6601287029757,4159336
2026-01-09,3091.43017578125,3112.5356118812538,3075.239584998998,3075.239584998998,1938673
2026-01-12,3122.076416015625,3134.026484388671,3059.145271347969,3086.804068110982,2228342
2026-01-13,3149.446044921875,3161.0107182814413,3094.0319850739534,3127.2804209827063,5645341
2026-01-14,3076.684814453125,3141.736098705462,3067.529448521315,3141.736098705462,3539511
2026-01-15,3076.684814453125,3076.684814453125,3076.684814453125,3076.684814453125,0
2026-01-16,3146.54931640625,3161.464149941515,3111.519017760894,3159.0110444402844,4293470
2026-01-19,3104.258056640625,3159.600023336744,3092.973770842994,3128.2002715520307,3387562
2026-01-20,3044.10791015625,3100.7255406282875,3033.118044759914,3092.4832014713097,4499273
2026-01-21,3064.027099609375,3079.6287553253787,3024.188569033875,3041.8509292683366,2015150
2026-01-22,3091.305419921875,3100.7254411371077,3063.7326570458863,3090.9130188550284,2269827
2026-01-23,3103.178466796875,3134.578217290946,3092.875423666008,3130.457047950816,2068857
2026-01-27,3098.762939453125,3115.4440572399217,3071.2881572160486,3115.4440572399217,4279874
2026-01-28,3140.073486328125,3145.0776781720924,3111.1268393421374,3116.425451779539,2751234
2026-01-29,3085.41796875,3140.07335254898,3066.9708064954257,3140.07335254898,2457641
2026-01-30,3065.302734375,3082.082073579965,3034.001200735196,3082.082073579965,3022068
2026-02-02,3110.1455078125,3138.0126916764966,3075.2131881532646,3138.0126916764966,2636272
2026-02-03,3164.80078125,3287.1616459496977,3126.532332237451,3287.1616459496977,4366060
2026-02-04,2942.84375,3061.475843095512,2929.9893806035893,3061.475843095512,10852595
2026-02-05,2935.38623046875,2972.869637012123,2916.5464269268496,2933.9143670738968,3521545
2026-02-06,2886.422119140625,2929.0079343210614,2861.302223276454,2920.765595757455,4687389
2026-02-09,2892.8984375,2921.15826303242,2882.3991930324937,2903.5941220720847,2380318
2026-02-10,2928.61572265625,2955.109263473934,2888.2865702537815,2894.468444356794,3547763
2026-02-11,2855.21875,2941.76426862986,2849.723697569715,2924.1019081110685,3363513
2026-02-12,2698.514404296875,2825.977676593803,2688.603761759382,2815.9690535680857,10612156
2026-02-13,2641.700439453125,2662.110326952746,2536.5113141072056,2536.5113141072056,11168735
2026-02-16,2655.830322265625,2668.7826718221954,2620.898002964758,2649.3540277067937,2918730
2026-02-17,2666.427490234375,2708.228504276998,2644.6439610469733,2665.0538469624375,4209118
2026-02-18,2644.349609375,2678.7913077273606,2607.4550449905755,2678.7913077273606,2950820
2026-02-19,2627.66845703125,2697.140454434555,2616.5806115438327,2657.2039438116426,3238849
2026-02-20,2635.81298828125,2651.905505554349,2597.838959616639,2616.973184248376,2293482
2026-02-23,2626.0986328125,2653.2789947204583,2610.3005370564806,2635.616634548502,4699596
2026-02-24,2525.423095703125,2597.8388206557183,2513.255787797201,2591.460746119642,7798833
2026-02-25,2579.980224609375,2604.4130601353972,2546.3235684513456,2547.3048106742554,3621285
2026-02-26,2598.03515625,2620.8981494569975,2585.573427113137,2600.292061423079,3464267
2026-02-27,2587.92822265625,2638.168017666852,2576.8403768444346,2631.299321894741,5083717
2026-03-02,2564.4765625,2574.5834053591284,2531.8993684474203,2543.37985460111,3374385
2026-03-04,2539.2587890625,2585.5733762002424,2531.997452542583,2575.7609535201655,3446434
2026-03-05,2530.427490234375,2560.551578540278,2498.6350985020495,2551.229777430436,2960636
2026-03-06,2509.625244140625,2570.069622274581,2505.7002751879877,2523.7550365456814,3998643
2026-03-09,2479.99169921875,2511.9802941008847,2458.0119674698108,2482.54302502939,3653428
2026-03-10,2465.9599609375,2497.45769299971,2443.39138949283,2493.3365235176843,4323710
2026-03-11,2418.6640625,2473.711851651557,2413.954291083466,2461.053921737681,2720664
2026-03-12,2396.5859375,2426.513825649523,2390.3060830242093,2413.6596961153996,2752075
2026-03-13,2365.284423828125,2400.0203033629555,2352.0376535639975,2391.287343235487,2466488
2026-03-16,2364.0087890625,2379.5124645789865,2321.7173916761253,2364.793830777467,3807907
2026-03-17,2346.837158203125,2374.6063631722786,2315.7318252423875,2374.6063631722786,2993367
2026-03-18,2395.01611328125,2436.326267951688,2364.793804301608,2364.793804301608,3082388
2026-03-19,2311.806640625,2378.5311107279285,2306.115387909886,2371.6624152761565,2757060
2026-03-20,2345.7578125,2362.6351312433567,2319.8528734315287,2341.2440023374425,4206320
2026-03-23,2339.085205078125,2361.6537756859007,2303.956686393805,2320.6378037995523,3860515
2026-03-24,2353.803955078125,2389.7172776589064,2334.47353068287,2359.0045869106293,3420182
2026-03-25,2332.80517578125,2376.1762738846405,2325.3478785890734,2355.864368126978,5843778
2026-03-27,2344.97265625,2376.6668272056972,2340.262645780238,2358.8080275261386,4979411
2026-03-30,2314.652099609375,2353.0187649541185,2302.1903717438945,2330.5484146912077,6804756
2026-04-01,2363.02734375,2425.6306420517385,2352.9205014959025,2383.437228779803,4132661
2026-04-02,2404.730224609375,2423.570027038862,2331.1370592120925,2341.24390183887,5378361
2026-04-06,2427.4951171875,2435.4432752720936,2402.2772391631793,2427.593337237373,2572417
2026-04-07,2492.1591796875,2496.182129281132,2402.0810908677395,2414.837240451596,4516550
2026-04-08,2511.195068359375,2531.899375247164,2492.453485493659,2523.755016821873,4769337
2026-04-09,2540.436279296875,2556.136155878084,2483.622446743067,2506.0927992754805,5628261
2026-04-10,2476.94970703125,2517.671257898199,2454.1849361455575,2517.671257898199,10480239
2026-04-13,2426.2197265625,2457.9136601554055,2423.6684008424363,2443.195026142192,3739587
2026-04-15,2506.975830078125,2510.9990192902537,2446.629429262826,2454.9699887251027,5261384
2026-04-16,2528.56298828125,2545.3423261167095,2510.0176060935014,2523.754997213638,3905403
2026-04-17,2533.07666015625,2540.435976426315,2507.9567647966655,2521.7923752088177,2718206
2026-04-20,2531.212646484375,2545.3424392975157,2513.15764504414,2538.571963483115,2288558
2026-04-21,2561.532958984375,2564.9673069470045,2511.9802240950007,2511.9802240950007,2719959
2026-04-22,2490.883544921875,2531.6050998221144,2456.6382849386455,2531.6050998221144,5232045
2026-04-23,2474.496826171875,2511.4896121641627,2469.0999936393873,2481.5617226658205,2509050
2026-04-24,2351.939453125,2458.0118361710306,2343.991534636913,2441.3307179215667,5107719
2026-04-27,2401.6884765625,2412.874541687738,2351.9393059532576,2351.9393059532576,5853425
2026-04-28,2398.8427734375,2440.349366669426,2381.867235359066,2398.155951805419,4508363
2026-04-29,2428.280029296875,2441.2323784506298,2401.688509360205,2405.024637022461,2835961
2026-04-30,2427.4951171875,2444.2744555611544,2392.26861608113,2432.4995485090735,3970446
2026-05-01,2427.4951171875,2427.4951171875,2427.4951171875,2427.4951171875,0
2026-05-04,2385.6943359375,2451.4375668418284,2379.512461835769,2447.2181772447047,2632358
2026-05-05,2381.76953125,2414.248508305356,2366.9526763935437,2384.418837601779,3385720
2026-05-06,2389.71728515625,2424.6496051586114,2361.3594798924314,2396.0953597954776,3147628
2026-05-07,2356.35498046875,2393.9366055534624,2353.018852732181,2392.4647422177254,5829594
2026-05-08,2349.486083984375,2361.8498307717123,2330.5483023329007,2353.018651512491,3792199
2026-05-11,2348.014404296875,2369.699953108347,2326.5252955775945,2326.5252955775945,1975188
2026-05-12,2257.151611328125,2330.450360002076,2240.176072372522,2330.450360002076,6347884
2026-05-13,2230.167236328125,2265.8843552424923,2226.4384681959255,2262.7444282326155,3171843
2026-05-14,2203.8701171875,2222.513720137884,2165.012827845418,2222.513720137884,5633313
2026-05-15,2221.532470703125,2261.665183205434,2209.7575636145925,2209.7575636145925,3410637
2026-05-18,2240.3720703125,2249.8900714309348,2209.953563101145,2221.5322685970373,3773336
2026-05-19,2283.448974609375,2333.0017090765828,2254.0117066090534,2256.857213357978,10394707
2026-05-20,2283.7431640625,2298.0693970332622,2274.3233820043192,2280.308816116464,2537422
2026-05-21,2283.546875,2292.0836345084317,2270.594525446405,2287.275643394801,3299087
2026-05-22,2273.83251953125,2296.1066687906364,2264.805139514887,2287.373709336333,2617262
2026-05-25,2295.61328125,2313.415817804508,2280.496215777924,2312.3217190072714,3298364
2026-05-26,2263.78759765625,2315.205623652634,2260.008270887014,2295.613098349941,3587597
2026-05-27,2271.744140625,2283.0821217701528,2248.571147658945,2262.5943570616037,2653950
2026-05-28,2271.744140625,2271.744140625,2271.744140625,2271.744140625,0
2026-05-29,2246.58203125,2321.2726050840133,2222.81245602518,2278.507085795833,16331582
2026-06-01,2284.8720703125,2322.267132829976,2267.5670504720965,2271.5452382799426,7505095
2026-06-02,2433.556884765625,2443.9996279549005,2303.569644295269,2307.34897134468,11306127
2026-06-03,2229.475830078125,2379.9508308808004,2212.6680838914085,2379.9508308808004,15660062
2026-06-04,2228.77978515625,2240.8139007540485,2204.5129359355733,2229.4759194813155,4867263
2026-06-05,2186.9091796875,2259.4117976453776,2180.0469028924485,2250.560184151513,5019717
2026-06-08,2139.668212890625,2165.128711955583,2131.6125282744956,2158.1668832997775,6536734
2026-06-09,2139.2705078125,2162.145087858845,2121.169801728995,2162.145087858845,4148655
2026-06-10,2142.154541015625,2168.907999188303,2133.1043096144995,2139.568864676436,2848650
2026-06-11,2123.95458984375,2142.8509821277357,2098.494090484758,2115.4013888441136,3079815
2026-06-12,2149.61376953125,2156.177876796519,2126.3414670622496,2138.276030955957,2124656
2026-06-15,2150.21044921875,2180.046856932239,2147.525221086398,2180.046856932239,3337083
2026-06-16,2187.0087890625,2196.954258771743,2148.818282502735,2155.183285992923,3079898
2026-06-17,2210.8779296875,2218.8343055028395,2188.6994835403766,2196.9542720106556,2865010
2026-06-18,2191.285400390625,2201.927004470057,2170.101501243751,2196.9542695909468,3735188
2026-06-19,2113.412353515625,2126.341464384191,2048.6672473500757,2093.521413717831,13286502
2026-06-22,2116.197021484375,2145.237743488044,2109.434053749718,2120.5729308842238,4566101
2026-06-23,2048.368896484375,2102.4721508294924,2043.7938836114508,2099.4885101234904,6392736
2026-06-24,2097.49951171875,2109.1356624395376,2049.7612582514666,2049.7612582514666,4747277
2026-06-25,2083.27734375,2136.78401555451,2076.61392807904,2121.965363861958,4738903
2026-06-26,2083.27734375,2083.27734375,2083.27734375,2083.27734375,0
2026-06-29,2086.4599609375,2093.521341445675,2059.706744956766,2078.6031371123327,3412470
2026-06-30,2020.422119140625,2092.8251853118586,2007.791421498655,2078.60311543387,6848411
2026-07-01,1971.788818359375,2040.8104030555382,1966.0205187179013,2028.776408877907,4658295
2026-07-02,2056.82275390625,2065.5745732846704,1991.580373389582,1997.0503819057583,6040621
2026-07-03,2082.083984375,2105.0581154318793,2073.6303355251375,2088.5485393778363,4028819
2026-07-06,2046.3798828125,2081.5867473982344,2039.4180542258837,2078.6031065753987,2567386
2026-07-07,2084.669921875,2111.124724588052,2037.8266642409067,2038.8212111731864,4769048
2026-07-08,2046.2803955078125,2098.1956989000228,2037.6278854106638,2082.5813599967723,3666985
2026-07-09,2038.323974609375,2053.7394523387943,2005.006651774823,2046.280350211656,3791498
2026-07-10,2057.717529296875,2121.666943317309,2053.341620075063,2093.7200783959847,6714551
2026-07-13,2169.604248046875,2192.8765503750355,2053.8390761022306,2063.684994131224,12382622
2026-07-14,2188.60009765625,2215.850586742918,2167.1177865856457,2170.996422535663,9546290
2026-07-15,2189.199951171875,2202.89990234375,2145.39990234375,2174.10009765625,5426489
2026-07-16,2201.0,2231.39990234375,2187.800048828125,2206.0,5197595
2026-07-17,2269.0,2275.0,2215.10009765625,2224.800048828125,5615138
2026-07-20,2251.10009765625,2283.39990234375,2245.10009765625,2280.10009765625,2202693
2026-07-21,2221.10009765625,2259.89990234375,2218.5,2245.10009765625,2382160
2026-07-22,2208.300048828125,2226.800048828125,2201.0,2216.0,1599665
2026-07-23,2242.89990234375,2250.0,2193.60009765625,2204.0,2503539
2026-07-24,2254.300048828125,2264.300048828125,2205.10009765625,2205.10009765625,3211699
2026-07-27,2295.60009765625,2315.0,2272.39990234375,2286.0,4007292
2026-07-28,2398.0,2417.39990234375,2323.0,2325.0,8248513
2026-07-29,2446.60009765625,2475.5,2415.10009765625,2440.0,7169419
2026-07-30,2431.800048828125,2495.0,2423.0,2440.0,4901582
2026-07-31,2365.60009765625,2391.0,2326.10009765625,2385.0,4343683
2026-08-03,2473.699951171875,2473.699951171875,2383.0,2383.89990234375,3036839
2026-08-04,2460.0,2467.39990234375,2435.10009765625,2463.10009765625,2792792
2026-08-05,2413.0,2460.89990234375,2408.0,2460.0,3013140
