Price,Close,High,Low,Open,Volume
Ticker,TITAN.NS,TITAN.NS,TITAN.NS,TITAN.NS,TITAN.NS
Date,,,,,
2016-08-04,393.66900634765625,396.9961764186748,383.9285378322862,395.4049186080815,1763216
2016-08-05,401.6253967285156,403.26486317213386,390.10077611889113,395.40498939121227,1055018
2016-08-08,404.7596740722656,407.1706799234675,400.2269712995165,405.0489830019203,616890
2016-08-09,405.14544677734375,406.7367048222349,390.58296491524635,390.58296491524635,813302
2016-08-10,389.57037353515625,405.14546689997434,388.02732376026074,405.14546689997434,915542
2016-08-11,386.09844970703125,391.4991082357044,384.26609130388,390.39002209451434,1784058
2016-08-12,387.6416015625,393.28333271405006,385.3752497725186,386.9182996783291,1055193
2016-08-16,390.1489562988281,393.3797100358674,378.5279198318927,387.83439656062313,985377
2016-08-17,390.2453918457031,395.3085040120017,386.82177539145715,390.4382840816704,902574
2016-08-18,383.97686767578125,393.283346355336,382.9642567753105,390.58303099992725,745822
2016-08-19,387.68975830078125,388.99170740520054,380.11919370144886,385.7609535331157,1115131
2016-08-22,388.6059265136719,392.0295429762768,384.9411800399076,388.17193369729745,618307
2016-08-23,392.2706604003906,392.993962171258,387.30399412667975,388.65415154605387,1353924
2016-08-24,389.7632141113281,395.74252061098605,387.3039998266764,392.4153206435397,568052
2016-08-25,381.035400390625,393.5726317967423,378.04574701522876,391.0169712809713,1667694
2016-08-26,391.3062744140625,392.801086363918,383.88036414991905,384.21791087669385,586830
2016-08-29,388.8470153808594,391.40267556495763,386.0020168508192,391.30622944964364,232134
2016-08-30,393.0904235839844,395.8871846538812,387.78621039130144,389.57036071508537,866952
2016-08-31,403.60235595703125,405.2900599544621,393.47613197244624,393.47613197244624,1679311
2016-09-01,398.78033447265625,409.09945042617846,396.6104293878594,404.08454690215956,771295
2016-09-02,403.45770263671875,405.14540663890193,400.22694908915224,400.99845914623285,653097
2016-09-06,421.8778076171875,424.33702176629834,404.0845730001796,404.22922746226436,1339453
2016-09-07,410.1603088378906,428.6768457825395,408.23150413245736,428.19464460618116,1104546
2016-09-08,417.4416198730469,419.4186331870127,408.27979630166044,410.2568096156263,990006
2016-09-09,408.8584289550781,418.74355403143505,407.0742785428561,418.74355403143505,975257
2016-09-12,396.65863037109375,405.04894164917204,395.40491922895364,405.04894164917204,994629
2016-09-14,399.7929382324219,403.1201377446688,391.54731082376924,399.26252877103565,1555042
2016-09-15,391.9331359863281,403.02376377061603,390.0043311542781,403.02376377061603,1551475
2016-09-16,393.0904235839844,396.1764936009919,388.84705891608314,393.9583798565419,1324334
2016-09-19,388.5094909667969,394.9227606813605,387.20754191347066,391.54735247040867,860013
2016-09-20,388.5094909667969,392.0295536434018,385.471629463185,386.7253407404776,515849
2016-09-21,391.98138427734375,395.30855504311677,387.9308822489288,391.2580824459287,1052732
2016-09-22,399.6483459472656,402.15579805640436,394.00658605950986,395.2603268296919,1140943
2016-09-23,394.4405822753906,404.08460629190387,392.80108642009316,399.2625942836472,834603
2016-09-26,390.34185791015625,396.2247182330953,387.207550218475,393.95836678517315,555483
2016-09-27,390.9205017089844,392.2706591239652,387.68974792337804,387.68974792337804,599703
2016-09-28,395.11566162109375,396.2729268030188,387.6897516210368,390.5829587226863,1071066
2016-09-29,379.15478515625,399.21437207273345,377.129534296867,398.29817805049066,1437151
2016-09-30,381.035400390625,384.98945618187645,369.55901752819364,379.05835777938626,1517886
2016-10-03,392.12603759765625,394.00660469503737,381.03540954875996,383.83217073571456,1133074
2016-10-04,392.0777282714844,393.66901555049805,386.33955246505514,392.8492677406592,784343
2016-10-05,391.4508972167969,394.2958958435704,386.4360227934027,392.2224367343198,734681
2016-10-06,384.65185546875,394.34408661541426,381.0353469168272,392.02952702842805,903119
2016-10-07,381.22821044921875,386.677106889599,378.33500360210235,385.664466834375,1412940
2016-10-10,389.3292541503906,394.0548199452249,380.9389416380251,381.2282505807032,1317724
2016-10-13,374.38104248046875,389.6667977523893,371.7771440956349,389.1363881779214,4769967
2016-10-14,371.5360412597656,378.4315128427151,366.61758291297565,378.4315128427151,3113531
2016-10-17,372.3557434082031,375.15250426325264,366.76219226688085,371.53599554606194,1651931
2016-10-18,376.21337890625,376.98488904715646,371.29492082210174,376.0204866554107,864701
2016-10-19,374.57391357421875,379.3477175746432,372.211145180746,377.17781201649166,1428598
2016-10-20,375.7311706542969,379.9745352120443,373.85057425321946,375.05607722026275,1130359
2016-10-21,365.89422607421875,378.91365710075075,363.7243209031301,376.2133424381072,997847
2016-10-24,364.110107421875,368.0641630729112,359.3845416380038,368.0641630729112,1511482
2016-10-25,360.01141357421875,362.1331106822645,354.41789128024556,361.6509094696383,1613924
2016-10-26,362.1813049316406,366.9069001763951,354.27322301116163,358.85413435277957,1874976
2016-10-27,356.05731201171875,362.3259264525503,348.245648129977,359.72202868156296,1476366
2016-10-28,360.25250244140625,363.2903935269401,355.4304904722736,357.2628785655243,1479061
2016-11-01,359.4327392578125,367.53371247239113,357.35925082393396,365.99066294789475,2554087
2016-11-02,364.15838623046875,370.61986525686495,356.009173414787,358.2755251532809,2464297
2016-11-03,363.7725830078125,369.8483061207483,360.49359142942865,364.013683598504,1629999
2016-11-04,355.9126892089844,364.5441023465583,347.23306772454254,363.77259220932024,5181261
2016-11-07,357.3110656738281,369.8482960483484,354.90005983257424,359.33631646672615,1702175
2016-11-08,357.9379577636719,361.26515793597986,351.81399641689313,358.7577057194374,725837
2016-11-09,336.383544921875,343.5683545652741,304.26895681500065,322.1586095398742,6105180
2016-11-10,336.91400146484375,346.9919893987692,335.1298510478401,342.7486245091571,3548040
2016-11-11,323.0265808105469,330.9829002449818,312.32170877615323,329.8256056456652,2165568
2016-11-15,317.67413330078125,321.7728433540443,290.91196765888697,320.1815853372577,4023810
2016-11-16,308.8980712890625,326.0644513533412,302.00260014162006,321.6281945083602,1715484
2016-11-17,304.65472412109375,310.5375848761101,297.3252597098222,308.56057165171876,1965715
2016-11-18,292.50323486328125,308.1265654471776,288.35631633397844,307.93367319553425,5298478
2016-11-21,293.2747802734375,295.3964479275984,285.6077693020711,293.178334145697,3322407
2016-11-22,295.97503662109375,300.60418495442747,289.947522721873,295.10708050585,1945517
2016-11-23,301.3757629394531,302.8223666015625,295.34824768066403,298.00035439453126,1250719
2016-11-24,296.6019287109375,303.49742900589706,295.1071168523124,299.9291285655855,2751768
2016-11-25,304.8957824707031,307.83722715612873,295.396413891699,299.8326703755775,1285140
2016-11-28,295.6375427246094,306.6799619314228,292.9372277882694,305.6673511881017,1676934
2016-11-29,302.677734375,304.9922945183002,294.383866882881,295.10716876711416,1450559
2016-11-30,311.98419189453125,316.85441248391794,300.3631541698687,303.2563615135584,3265106
2016-12-01,313.3343200683594,321.5317401071841,305.95664791966203,311.50196147533757,2650987
2016-12-02,302.05078125,316.51681427095366,296.216130272817,308.6087044470112,2033226
2016-12-05,314.25054931640625,316.80620996411784,297.0359594184119,303.59388441230135,2844583
2016-12-06,311.98419189453125,315.6007010741433,309.6213941246939,314.20230575220245,1159353
2016-12-07,312.65924072265625,316.22751161147227,310.1999971730437,313.2860963380083,903190
2016-12-08,314.9737854003906,323.5569596662465,312.8038803057586,313.9611453641628,1684964
2016-12-09,314.92559814453125,318.92789172826775,311.21267237644975,314.5880808428701,648772
2016-12-12,310.248291015625,319.0725678619708,305.908479835662,313.72011641461285,819985
2016-12-13,308.6570129394531,316.2275785632049,307.0657546770512,310.53760961489206,894222
2016-12-14,310.6821594238281,313.62360376018097,306.9692051084557,307.54785230832994,1104507
2016-12-15,304.12432861328125,312.2735119282037,302.91882551066897,309.2838877787076,1010984
2016-12-16,310.248291015625,311.3091102035223,303.97967486678954,304.75118508184727,1225800
2016-12-19,305.5708923339844,310.0553574023931,304.84759056710476,309.2838472902112,563223
2016-12-20,306.63177490234375,310.9715859861127,304.8476244594377,306.67998325300573,572858
2016-12-21,308.3194580078125,316.22754000228224,301.8579501772158,308.3194580078125,1494083
2016-12-22,298.7718200683594,311.40549605504003,297.42166273776337,307.35502406325196,2326292
2016-12-23,303.1116638183594,304.26895847570177,297.5181416473978,299.83270153085687,966581
2016-12-26,296.89129638671875,303.20812058232326,296.1679945583109,301.8579630555406,672698
2016-12-27,305.08868408203125,305.7155397125473,297.1323648308372,299.92912571167886,722421
2016-12-28,303.06341552734375,306.6317157244981,301.66502045329685,301.66502045329685,949474
2016-12-29,309.5249328613281,311.88770085976114,301.2310671172739,303.73851900704227,1462224
2016-12-30,315.1666259765625,316.3239203846037,310.2481983204359,311.1161544108571,498203
2017-01-02,322.06219482421875,324.3285169302984,313.9129827319587,317.24018280068634,656084
2017-01-03,335.7567138671875,341.9771215678981,327.0770916417648,328.86124209656947,2773103
2017-01-04,346.8473205566406,349.06546375637055,336.7693330399885,337.9265982722066,2371009
2017-01-05,345.30426025390625,348.6314602361185,342.7968376118491,347.6670578564889,1187872
2017-01-06,342.55572509765625,350.0780516245369,340.04827311162137,346.2204422402445,1089982
2017-01-09,341.9770812988281,344.6291877776341,339.0838742310398,343.27903036557774,388058
2017-01-10,348.58331298828125,350.51211808561584,341.398502228218,342.60400541405204,680201
2017-01-11,347.90814208984375,352.4408448334275,346.31688412453406,350.56024850910103,1059399
2017-01-12,350.7531433105469,352.7783646823397,346.70264170451367,348.1010368719171,1138752
2017-01-13,345.59356689453125,353.4052313385185,342.36281333317095,350.415578349928,701469
2017-01-16,349.9333801269531,351.6210841504373,344.3398291332434,345.6417781233186,577654
2017-01-17,347.1366271972656,351.524645985084,345.545339822725,349.93338804176653,1393756
2017-01-18,353.9356994628906,357.4557625222571,346.2686882061219,347.4741912696876,865079
2017-01-19,359.4327392578125,361.55440660167596,352.1032760898712,352.1032760898712,1091633
2017-01-20,347.8599548339844,357.79328770672123,345.49715719928,357.79328770672123,829787
2017-01-23,350.9942626953125,351.95866508828635,344.19520816611185,344.19520816611185,768682
2017-01-24,351.3800354003906,356.73245717751837,348.9207915161541,356.3467020872147,883274
2017-01-25,358.9023132324219,364.9780654348815,348.87253510997607,352.97124492121975,2920137
2017-01-27,359.5292053222656,362.27775806666546,353.5016902824528,358.7576951696599,386491
2017-01-30,358.2273254394531,360.6865400765745,354.9965711327353,356.8289300222796,361868
2017-01-31,349.1618957519531,357.6968633329682,346.5580267919462,357.6968633329682,788682
2017-02-01,356.7806701660156,358.99878385454775,346.220452394312,350.80136367250975,931350
2017-02-02,375.4418029785156,380.360260586389,355.864448094325,357.74504434861325,1863055
2017-02-03,366.2317810058594,375.15250246551494,364.0618757859432,375.15250246551494,719064
2017-02-06,377.1295471191406,382.8677531772854,369.51077403787804,371.2949243658813,1765785
2017-02-07,379.44415283203125,382.86776973093805,372.88619856329416,379.9263540533548,2246432
2017-02-08,410.4496765136719,416.18785326337877,391.88492989812215,395.40499285066943,12272324
2017-02-09,411.7997741699219,414.21077987349287,403.7470092337504,407.3635177891069,1899826
2017-02-10,416.621826171875,419.90078836198273,408.66550657484265,411.7998142948857,1554723
2017-02-13,413.1017761230469,416.6218390155208,407.55646229355784,416.6218390155208,725350
2017-02-14,413.1017761230469,416.4771845409967,405.6276574833008,414.4037252562155,860400
2017-02-15,397.7677917480469,416.04320003315104,395.8871952478261,414.64483417639514,1647015
2017-02-16,408.90655517578125,410.8353596813274,394.0065285979489,394.0065285979489,1360235
2017-02-17,416.1396484375,418.3577622534364,406.3991780107709,408.9066302143685,1184805
2017-02-20,418.9846496582031,422.7940216177168,411.26943017820383,416.52540579021735,1216989
2017-02-21,441.02117919921875,442.17847378204294,414.78945315703356,418.5024080597688,2381361
2017-02-22,424.3370056152344,441.6962467540394,422.89040218700063,440.92473669813694,2543124
2017-02-23,417.53802490234375,425.8800996572195,415.657428476653,424.7228050212213,3737985
2017-02-27,419.8525695800781,422.9386394459107,410.5943011201322,417.5862181679794,891399
2017-02-28,421.6367492675781,424.24061813957604,417.2487006033469,419.4668438253001,995271
2017-03-01,422.55291748046875,426.84452005287227,420.14191141310187,422.50470913161195,602504
2017-03-02,415.1270446777344,430.1234909414302,412.7642469124039,425.30147871114514,1145833
2017-03-03,424.1924133300781,425.3014702346943,413.535748854804,415.1270364040646,853988
2017-03-06,422.45648193359375,428.19468829015307,420.67236094403313,425.0121719740009,767048
2017-03-07,423.903076171875,429.0144267076559,419.12930180393676,424.33706903769956,1118365
2017-03-08,425.253173828125,427.9052799527491,419.7560693609614,423.3725777127216,727813
2017-03-09,426.50689697265625,431.5700088078319,422.45639573202726,426.2657964090765,998661
2017-03-10,429.4483337402344,431.3289300035157,424.57811388272285,425.5425161856933,798924
2017-03-14,445.7467956542969,447.19339923677785,431.47362264841604,434.0292830912207,1865638
2017-03-15,445.6020812988281,450.3758845672659,444.10726947157593,448.44707992243826,1372111
2017-03-16,449.2185974121094,453.8477462947295,446.13252758825297,446.51828263733205,885731
2017-03-17,447.0005187988281,451.14743740570117,442.6607079367036,449.3633164851419,1047995
2017-03-20,448.9774475097656,453.26904921632325,445.3609391383588,449.36323194769204,464420
2017-03-21,447.1933898925781,450.27945981198496,443.2393342968392,450.27945981198496,907074
2017-03-22,429.88238525390625,443.62511994794585,426.16942999418353,443.62511994794585,2027879
2017-03-23,435.90985107421875,437.8386557249896,430.26809158446923,433.59529137953837,1420121
2017-03-24,432.0040588378906,441.4551904100617,431.03965645578234,436.9707252195032,854519
2017-03-27,432.0040588378906,434.94547433083085,425.06034991422104,430.12346242028946,505757
2017-03-28,437.50115966796875,439.76751128121157,431.90763730574224,433.9810966590903,1419986
2017-03-29,438.80303955078125,440.29785131961927,435.0418765265904,438.80303955078125,502071
2017-03-30,441.02117919921875,445.5538819788525,437.4529081927544,438.80306558523347,1328990
2017-03-31,446.2772216796875,450.1830397241667,436.44030518297694,441.02121669670686,942301
2017-04-03,442.99822998046875,444.8305885783406,439.574583943516,443.1428844482331,563933
2017-04-05,474.244873046875,477.9095903391092,454.23352354870997,460.9843402468861,4809506
2017-04-06,470.0497131347656,473.42512145764937,465.85455690436515,472.55716520372425,1996260
2017-04-07,468.1208801269531,474.82348802179865,466.3849677238681,471.5927343643463,1100640
2017-04-10,468.45849609375,472.55720655880083,465.8545976728738,467.4940936313851,1439403
2017-04-11,469.4228820800781,471.78567980243247,465.1312795006921,469.66398268720707,1020639
2017-04-12,462.72021484375,473.6661869077651,456.7409382027323,467.73511860957893,2040706
2017-04-13,466.9153747558594,468.6513165809792,458.1393078062188,460.98430640695176,410747
2017-04-17,464.11865234375,477.8131781178635,459.39308649704054,467.15651400011853,1888968
2017-04-18,454.4263916015625,467.39758533650627,451.38850070416095,460.4056684142636,921112
2017-04-19,455.4389343261719,457.99459424398174,452.3528355450156,456.45154485340356,737073
2017-04-20,462.4309387207031,465.08304525142665,451.72606647408315,457.5124807229345,1055041
2017-04-21,462.3345031738281,468.9406654786412,459.58595045650003,463.8775528950672,685339
2017-04-24,465.17950439453125,467.9762654735065,458.3322414555053,459.0555432568554,831740
2017-04-25,466.43316650390625,468.0244244126452,460.1645515539714,466.28851204515223,1815460
2017-04-26,462.72021484375,472.55713014163643,458.0910955454639,466.9636085369388,1227056
2017-04-27,461.2735900878906,466.3367019627955,460.16453337296525,462.23799234977724,986347
2017-04-28,453.51019287109375,464.6008195973406,451.53317987933906,461.56295816291765,681325
2017-05-02,467.83160400390625,469.27820758497506,453.75132326192454,454.66751730242487,1181816
2017-05-03,466.192138671875,473.03940195647095,463.4918235830445,467.7351884788755,1510792
2017-05-04,475.1128234863281,478.77757016488596,463.395340532876,465.80634646697007,1070973
2017-05-05,473.7144470214844,486.8302954622264,471.9302967842407,478.82576771401847,1348432
2017-05-08,467.3011779785156,477.8613961853751,465.75815766094024,472.6536290354931,635599
2017-05-09,450.5205383300781,467.73512564468916,447.77198582922034,464.74547256360216,1883022
2017-05-10,465.2276916503906,466.77074130955964,448.7846432176572,451.8225047593568,1731571
2017-05-11,483.3102111816406,485.0943613392123,461.08074973570257,464.98656731395664,1951787
2017-05-12,477.37921142578125,488.1322928272075,473.7144938984378,486.73392693732274,1383268
2017-05-15,466.43316650390625,472.55712699508706,455.58364062901904,472.2195803038461,3897357
2017-05-16,470.91766357421875,473.5215617350684,463.68464582877476,468.6995499047724,1308863
2017-05-17,464.6008605957031,472.65362659813746,460.30925810260896,472.55718047097986,859054
2017-05-18,454.8603820800781,465.4206000398496,453.31733236738097,461.9487455440874,811219
2017-05-19,454.378173828125,462.43093955861275,443.9626399338099,458.09112886411066,1022479
2017-05-22,464.26324462890625,466.5295958386042,455.3907614468843,457.1266737519347,1725108
2017-05-23,461.3218688964844,468.31378591712667,456.11410210528527,461.61117782829723,1651642
2017-05-24,452.49755859375,461.9004807623504,443.72149201681196,457.3677783034595,1477366
2017-05-25,447.3862609863281,455.0532717276411,444.5894999531283,454.3299699381295,974154
2017-05-26,456.5962829589844,460.93609333038415,446.42182098508016,448.25417947787105,1594613
2017-05-29,453.8959655761719,476.5594210725424,452.30470756586305,455.0050224057068,2314193
2017-05-30,453.07623291015625,454.233527555399,445.9878988595268,453.26912516143847,1496350
2017-05-31,457.99468994140625,462.91314802542144,450.9063264760219,452.6904767869483,1366115
2017-06-01,453.94415283203125,459.4894657937741,448.7363571142871,459.00726466666606,715073
2017-06-02,454.956787109375,457.7053395632119,450.3758761633876,455.87298107106153,596655
2017-06-05,532.2054443359375,548.9378614015899,487.023215148797,492.8096295862085,27100101
2017-06-06,508.3847351074219,527.6245153828625,502.8394214557401,527.5280986904216,9844354
2017-06-07,517.1126098632812,527.5281446394299,509.2044979334899,509.2044979334899,4874204
2017-06-08,510.265380859375,517.1126744858126,505.4433679657409,515.955379618848,1883423
2017-06-09,506.7452392578125,511.08504994138644,503.36983094836603,511.08504994138644,1164090
2017-06-12,497.438720703125,522.6096573730823,495.0277148264499,522.6096573730823,4546833
2017-06-13,502.01971435546875,506.118425019274,493.19543728316904,497.72811141734576,2382953
2017-06-14,503.3216247558594,505.44326289805883,495.7028224226711,501.97143788132354,1167358
2017-06-15,499.2229309082031,505.3468626645968,497.82453564169816,501.4892530259358,855133
2017-06-16,498.0174255371094,502.2607608020656,493.58113915619197,497.63164103008995,667200
2017-06-19,496.8600769042969,499.5603915727416,493.002467702963,496.9082852468245,782349
2017-06-20,507.95074462890625,511.9529791830029,493.8222262361068,495.7028226470438,2299154
2017-06-21,504.47894287109375,510.9886599869579,500.1873986772694,507.6615183288171,1357751
2017-06-22,501.392822265625,509.97596815341313,498.0656222731191,504.3824461067461,1005512
2017-06-23,495.0277404785156,502.4536507359713,489.5788728011173,502.30896683089406,1392507
2017-06-27,497.6316223144531,501.6821240360141,488.4697998106018,491.94165422462197,1386743
2017-06-28,489.2413024902344,498.2102326113842,482.7798243761318,498.01739923051196,1545428
2017-06-29,491.4595031738281,500.13909594744393,489.62714437238446,491.8452582744645,1911111
2017-06-30,505.7808837890625,506.88991130468906,485.33553978899727,490.83264560380775,1156474
2017-07-03,513.4478759765625,517.8841035983455,508.7222805365499,516.9679095196755,1304851
2017-07-04,516.4856567382812,519.8128565536465,507.2756262471578,514.5086437316705,1624088
2017-07-05,512.8692626953125,520.7773753527913,511.3262421651772,520.0540734425791,894627
2017-07-06,514.9427490234375,517.401963732807,509.3009588358089,513.062152294228,1428440
2017-07-07,513.5443725585938,519.7165726000575,510.1689635370819,514.9427680685696,1724825
2017-07-10,517.6429443359375,518.8484472337855,504.57530469575426,514.0264356423935,509531
2017-07-11,509.8795471191406,518.7520607361344,507.56495787559453,517.8840750541922,960330
2017-07-12,511.9048156738281,515.8106338771427,509.4456011652564,513.0621104021134,855127
2017-07-13,515.135498046875,517.8840209819695,506.31119369745625,506.6969781519174,1059461
2017-07-14,514.6533203125,522.6096394323952,513.1584496303203,518.8484468489208,1131348
2017-07-17,514.749755859375,519.5717676238656,512.3387499771297,516.4374599769467,1312136
2017-07-18,508.96331787109375,517.6911469829881,507.9507072205329,511.1332230633438,1387108
2017-07-19,514.0746459960938,516.099926189866,508.7222248812073,509.9759361273826,841355
2017-07-20,510.9404602050781,516.582250450959,509.59033194994475,512.0977550398071,590904
2017-07-21,523.8633422851562,526.0814558075479,511.42252904280446,512.7727158107533,1146931
2017-07-24,521.4892578125,530.016803840043,519.018156798963,528.4178630837013,1120371
2017-07-25,519.5512084960938,525.8984134173108,518.0007078483771,523.2819916300501,722277
2017-07-26,521.2468872070312,524.2508889754786,516.6923852149208,518.6304661353477,817433
2017-07-27,511.1204528808594,522.9911996869718,508.1648910153846,521.2469385159982,1803847
2017-07-28,516.64404296875,518.436744501799,509.5699989516335,510.68441935037026,678345
2017-07-31,527.4003295898438,529.6775512683951,512.4770811715283,517.2738438163827,1113439
2017-08-01,522.6519775390625,532.875402277634,521.4406768966288,529.5806408719988,1346764
2017-08-02,535.6856689453125,538.3505307798451,521.8283992348523,525.1231611612212,1469268
2017-08-03,540.7731323242188,547.8956167131283,529.7261042090965,538.592790823735,4333554
2017-08-04,592.2776489257812,597.2681727170002,547.31413972881,547.5563998879628,14943128
2017-08-07,595.8145751953125,599.2547165605881,583.4593078367982,589.1766709001319,2467527
2017-08-08,590.533447265625,596.735272479126,585.3006036410765,588.449986028218,1891037
2017-08-09,599.9815673828125,607.9761530821227,587.2386586402375,592.0838620943649,4440491
2017-08-10,591.4539184570312,599.6907637228289,582.9748130363572,597.8011818312295,1378763
2017-08-11,588.2076416015625,598.3825678566142,583.2655582216122,585.3005198144049,1482422
2017-08-14,610.8832397460938,616.939743712701,592.0838277755262,592.0838277755262,2945005
2017-08-16,608.2669067382812,618.5387153025177,599.6908603859711,613.8873314082513,2075867
2017-08-17,602.2587890625,611.9976361715688,600.0300073037681,610.107994996245,938044
2017-08-18,604.1968994140625,610.8833041564168,597.5104946717082,602.2588179404007,1401428
2017-08-21,596.4445190429688,610.4956084436561,594.0219174221606,604.3422239850223,1009586
2017-08-22,596.0568237304688,607.8306901716029,591.2116209391447,597.9949048469983,1367266
2017-08-23,588.692138671875,600.9989655810374,583.5562355463152,600.7567054416662,2030608
2017-08-24,588.0138549804688,595.2332196568613,584.8160326624595,590.1941964444133,1115671
2017-08-28,593.2949829101562,595.8144642834933,581.4726782407005,585.0096993470505,1284579
2017-08-29,581.8604736328125,594.7971427301591,580.1162122813964,591.1148000670478,1078030
2017-08-30,592.6652221679688,595.8146041969667,585.3005370814536,589.6127796887291,977962
2017-08-31,597.994873046875,601.7741546813502,589.128187897589,591.1147091072844,1816689
2017-09-01,594.5064086914062,600.7567323967329,591.308586537334,599.7392515948296,517606
2017-09-04,593.2949829101562,600.8050459849683,587.723000628844,591.1146420174688,539333
2017-09-05,619.0715942382812,622.1240959373141,590.8240948399823,594.0219171488684,3636744
2017-09-06,620.9612426757812,630.8454692301559,615.3892588845779,617.1820195916852,3288264
2017-09-07,617.2789306640625,625.2250762944997,609.768865181101,622.0272537889296,1507721
2017-09-08,613.7903442382812,626.0002322303772,611.4646231228606,625.0311916232095,1688468
2017-09-11,613.354248046875,618.8292918464285,612.3367672651476,617.2788505738481,738301
2017-09-12,618.1510009765625,620.9127429326383,612.6758981180811,615.2438792773071,1102076
2017-09-13,610.786376953125,628.2291105689909,608.2668946446105,618.2480026068007,1346590
2017-09-14,613.9357299804688,617.2304920526306,608.8967064594482,610.9801676441315,703116
2017-09-15,612.5791015625,613.5965824673921,603.3732149215276,610.3987599896382,1067596
2017-09-18,626.09716796875,630.3609706753506,608.5091148815103,615.4377203477986,1409213
2017-09-19,621.68798828125,633.9463755921778,620.1859871726751,633.8009958432164,1232251
2017-09-20,611.2708129882812,625.9033618788152,608.8966516334863,620.1859985464963,1305505
2017-09-21,599.4000244140625,618.4416950081426,596.8321024265765,612.0459918477031,1388073
2017-09-22,583.6531982421875,598.431068827589,581.4244164748108,598.431068827589,982598
2017-09-25,583.5078735351562,592.5199400982334,566.6949821226169,585.0098747714108,1003871
2017-09-26,573.9142456054688,588.1107128231951,569.8442636091291,588.1107128231951,824136
2017-09-27,571.73388671875,584.3314130362818,567.9061649700848,583.6530728669995,1073002
2017-09-28,557.8282470703125,572.7029966760149,553.3221846057605,572.7029966760149,1802129
2017-09-29,566.4527587890625,568.9723002273095,546.199842594041,563.8363369340018,3138820
2017-10-03,581.4728393554688,583.1686605196601,569.7959111682895,569.7959111682895,1797702
2017-10-04,582.2965698242188,589.6612553536535,580.1162282884,584.7676117357034,1262109
2017-10-05,577.3059692382812,585.0582944651486,575.900848461802,584.234633568013,656926
2017-10-06,578.1295166015625,586.2210399554097,576.4821951307945,581.3758376401249,911164
2017-10-09,597.0744018554688,610.8832306947301,593.5858201350649,600.8051845854018,2467158
2017-10-10,596.7835693359375,602.0648518995067,594.700167744528,600.5628509509235,784162
2017-10-11,591.6961669921875,604.3906343457446,588.7890451907607,600.1752722463491,1166347
2017-10-12,604.1484375,607.1039998120339,589.0313670612446,595.960031738868,2285154
2017-10-13,605.7958374023438,613.8873038581169,601.7742947054311,605.6504576342905,1652696
2017-10-16,608.0245361328125,611.4646184327627,602.7916932360259,602.7916932360259,730725
2017-10-17,606.377197265625,612.3852612290485,604.6813760986817,611.3677803579922,707951
2017-10-18,593.9249877929688,607.2977358024302,592.0837870555283,606.4255756330022,789926
2017-10-19,588.1592407226562,595.8631258027812,582.3934369635415,594.9909655501073,162721
2017-10-23,585.3489379882812,589.1282198275887,576.4822523584321,582.8778963912919,930435
2017-10-24,587.2870483398438,592.5198912785045,581.5212448961728,585.3005269235995,538189
2017-10-25,572.460693359375,594.2641052943491,571.1040129585383,591.1147235704084,1096069
2017-10-26,566.5496215820312,580.0192506994092,564.0785206870337,568.8268433785653,1708870
2017-10-27,571.782470703125,573.7689923698049,565.5321461677474,567.954747991882,1201819
2017-10-30,599.1578369140625,602.743299237026,570.9587769584598,570.9587769584598,1375701
2017-10-31,615.5829467773438,619.7013686959643,602.0648206506469,604.6812416986422,1884635
2017-11-01,617.7149047851562,623.2384476988192,614.8562233596557,620.1859463359805,966894
2017-11-02,634.8670043945312,641.311089218424,615.3892518762941,615.3892518762941,1680690
2017-11-03,639.3245239257812,647.319108726672,631.8144594158535,643.4429463989674,2416963
2017-11-06,759.4371337890625,799.119358383592,703.2327787122764,703.2327787122764,21820434
2017-11-07,730.4628295898438,755.6578864708371,725.3269259778276,753.9136251312624,5830428
2017-11-08,720.2879028320312,737.8760142759353,716.072599665582,734.0967320852551,2994196
2017-11-09,753.8167724609375,755.5610338646916,717.2839268101765,717.2839268101765,5216016
2017-11-10,757.8381958007812,767.3832812787155,742.8665065752375,745.3376074425413,3225337
2017-11-13,741.4129638671875,766.0750597801049,738.6996619267619,755.8516929418595,1082635
2017-11-14,750.3281860351562,759.1949319075798,734.1936942146723,741.31611954819,1514814
2017-11-15,747.1786499023438,754.3980133038516,721.9351572400378,721.9351572400378,1512882
2017-11-16,744.5137939453125,753.574357981367,742.188132265046,747.3240350143642,794968
2017-11-17,761.9566040039062,773.2943907347653,750.5219368722754,754.3012188310763,2404092
2017-11-20,759.6793823242188,768.8368277284009,753.9135789848785,766.6079870550697,1244897
2017-11-21,790.2042236328125,794.0803863003149,763.8463056646867,764.5730861648434,4969028
2017-11-22,787.975341796875,801.3965296693975,785.068220165668,794.6132458632479,4216518
2017-11-23,780.9497680664062,795.0977358070735,769.8542424347501,789.7680130198231,1689989
2017-11-24,803.6253662109375,806.047967736441,772.08310617799,781.9673322311536,2744733
2017-11-27,806.8232421875,812.928245755234,799.7492570905063,812.928245755234,3544024
2017-11-28,792.7721557617188,807.2108855357642,789.7681533153035,806.2418448568498,1748906
2017-11-29,792.7721557617188,802.8017622758132,787.8300719574746,794.6133567098759,1660305
2017-11-30,793.54736328125,797.4235256435556,783.0816775865895,786.8609595480551,2808579
2017-12-01,780.3198852539062,800.1367758826943,773.7788616892196,795.5822735715083,1562677
2017-12-04,779.6416015625,788.6536672979203,773.294397472505,780.2230614088285,1291369
2017-12-05,768.0616455078125,784.9229775731602,762.2474012294929,783.7116766818436,1136767
2017-12-06,749.6497802734375,770.7264132045563,746.161257791332,766.4626700759322,1742133
2017-12-07,775.8138427734375,782.0157259684547,749.6497478525598,751.0064282844515,2085106
2017-12-08,785.8435668945312,795.9215546795116,770.6296160870289,770.6296160870289,2844071
2017-12-11,795.1946411132812,799.410002937135,785.8918756150189,787.8299566892853,1788914
2017-12-12,796.9390869140625,805.8542139433835,788.9929414289483,794.8556257728658,2325014
2017-12-13,793.595703125,818.1124151371358,786.7154803146415,796.0667444893777,3127944
2017-12-14,790.9793701171875,802.3655968845712,780.1745440371551,794.6132722769909,3020320
2017-12-15,807.0654296875,810.1179311965178,793.159720914294,800.6697854678503,2015120
2017-12-18,814.0910034179688,820.1475073094414,777.1705793537698,804.3037167875673,1698653
2017-12-19,841.4664306640625,844.0344120627711,816.9981540801532,818.8393549862706,3308280
2017-12-20,836.2335205078125,845.0033253002266,834.634580006999,842.4353442887476,1105619
2017-12-21,831.8728637695312,839.6251880930486,828.4812218779924,836.1851060035959,897152
2017-12-22,830.3223876953125,841.7086143784005,827.4637653338649,832.4058485763924,1381784
2017-12-26,828.3359375,837.1542429205234,826.1555960330013,830.4678387635083,1467917
2017-12-27,822.7639770507812,833.5688042847748,815.9322520898279,829.8864615320066,735296
2017-12-28,825.3319702148438,829.8379739508242,814.5755830331592,823.5392094451213,980277
2017-12-29,831.5822143554688,837.0088180559932,825.0411903069848,828.0451925080707,1245513
2018-01-01,826.0587768554688,835.3615441459875,824.70209618389,831.1462406555606,472607
2018-01-02,818.9846801757812,831.8729082232429,814.5754981647298,827.657546159745,1181949
2018-01-03,829.7894897460938,842.4839576410305,826.591667457256,837.1542341111185,2606556
2018-01-04,865.25634765625,869.6654704157752,826.6884856963826,837.6386914417311,3028931
2018-01-05,881.5363159179688,885.6547387962557,865.8378451175063,867.2914061333722,4036882
2018-01-08,897.428466796875,901.2077487563288,878.6775550374205,882.795977545178,2112170
2018-01-09,904.0665283203125,909.4446923489935,888.8525775781719,896.3626429651774,2419079
2018-01-10,889.191650390625,906.4406207651145,883.6681661659997,903.6303793053033,1605433
2018-01-11,878.822998046875,889.2886253437963,875.3344161842025,888.5134046450518,1597329
2018-01-12,875.8189086914062,888.9978967335902,864.820321210094,877.9508099043893,1874518
2018-01-15,889.8214721679688,893.3584937825292,869.9077009825909,880.8578472101101,2195562
2018-01-16,861.8648071289062,898.7852334934356,855.2752831679865,898.3007131519298,2383484
2018-01-17,865.4501953125,867.8243567737654,835.7975745854277,865.1594949417539,2553841
2018-01-18,858.4246826171875,875.6251550858768,847.9106146537018,869.9562906346981,1285534
2018-01-19,863.8512573242188,869.762381343964,851.8835703905241,851.8835703905241,1483177
2018-01-22,881.584716796875,883.765058223413,859.6359227781736,862.4461642750412,1495629
2018-01-23,877.6600952148438,886.3814607337481,870.4891710188599,882.5052982809017,1747166
2018-01-24,859.4420776367188,881.1001100236253,853.7247147988055,877.660027939526,1109233
2018-01-25,856.728759765625,877.2724320500956,849.606335105592,854.6937981900567,3104669
2018-01-29,868.4542846679688,873.5901885340674,853.2403338926747,859.9267383616382,1151570
2018-01-30,856.7772827148438,883.3774002585606,851.1567998359708,871.4097723312453,2101888
2018-01-31,842.6292724609375,857.552521900384,832.7935455015471,855.6628808327426,1431670
2018-02-01,805.272705078125,851.8835323395928,787.5877148643154,850.3330911023522,6097492
2018-02-02,796.7451782226562,823.442234423397,759.8731959125354,784.9228712950298,8088986
2018-02-05,777.461181640625,791.4638287004913,770.5810177460108,784.9228053228013,3079541
2018-02-06,758.4197387695312,763.9917228772294,729.396957544671,741.316146502463,3188895
2018-02-07,759.388671875,776.201502228856,755.8516501104965,760.6968529958202,2686877
2018-02-08,775.959228515625,783.8569327388151,756.6268575121342,760.7937200915393,2219546
2018-02-09,772.1316528320312,779.1087580165137,758.8073426047588,765.6390680194496,1564899
2018-02-12,784.002197265625,787.6360991061853,771.8891911304243,778.1395141252954,2067452
2018-02-14,788.5084228515625,800.3307311222037,784.05080018136,788.7991232300311,2154852
2018-02-15,789.6226806640625,797.8110852667161,775.2324519332682,797.2296845859831,2225089
2018-02-16,778.33349609375,801.2997723365453,773.9243727717095,794.6133678996574,1698333
2018-02-19,779.0601806640625,783.9538237296819,765.5420528386263,780.0776614368281,1699508
2018-02-20,806.484130859375,811.9592345288366,772.9553459531804,779.0602905967817,3881439
2018-02-21,797.423583984375,815.4477166295541,793.4020415810426,812.0076341104344,2067029
2018-02-22,792.190673828125,810.1179245508409,788.8474719993748,799.458478175172,3244314
2018-02-23,788.992919921875,798.1018666699574,785.1651974725659,796.7452452286082,2446637
2018-02-26,794.3226318359375,797.859594717555,780.077722466142,794.5648919981941,2438241
2018-02-27,797.1326904296875,809.8271564477077,793.886428417839,799.4584112843664,2089446
2018-02-28,790.8826293945312,800.3307766786445,785.3106450987722,794.4195926340724,1583674
2018-03-01,785.1167602539062,796.8421286667065,782.9848589573385,788.799102959497,975986
2018-03-05,783.8569946289062,789.6227391004225,776.2015499413039,784.9229156709815,1262568
2018-03-06,782.6456298828125,797.7141987220537,774.3118456014163,787.3454529282288,1358775
2018-03-07,789.6226806640625,794.7101436298746,775.4262718753599,781.0466953227676,1826249
2018-03-08,792.3845825195312,796.842146026746,783.0333162207799,794.6133642731386,1109489
2018-03-09,793.7410888671875,801.9779335216447,790.2525665541044,794.6132490182289,1061685
2018-03-12,803.4315795898438,805.854181215848,796.9390545485903,798.4894959310141,1033715
2018-03-13,825.5741577148438,833.3749227791911,804.3037045427078,810.1179481900044,2754435
2018-03-14,838.2201538085938,840.9818959750623,823.6361040020739,824.6535848452177,1889040
2018-03-15,845.4879150390625,848.6372969575461,833.3749076602794,838.12323021098,2486538
2018-03-16,852.0289306640625,856.0504727325794,835.4098610452098,851.7866705188637,2538310
2018-03-19,842.0963745117188,864.238931011833,837.2511709759781,852.4651219073139,2536517
2018-03-20,844.7611083984375,852.7556930205047,833.4717622133015,840.1581657372474,1985478
2018-03-21,845.2455444335938,857.3101100353558,842.6775635466616,847.9104057086781,1859947
2018-03-22,860.072021484375,864.3842642280753,845.2457112925322,845.9724917837553,3186401
2018-03-23,867.33984375,872.1366069171542,845.827128950267,847.0384297932076,4132765
2018-03-26,909.9775390625,920.3947252315909,868.6964342739012,868.6964342739012,5918775
2018-03-27,913.2239990234375,920.1041644835243,903.4850924620678,919.0866835557018,2756923
2018-03-28,913.1270141601562,934.1552085892523,889.5793376399727,909.153971059853,11431588
2018-04-02,914.8712768554688,919.1350794801751,897.6223646837908,913.9022361812672,2764385
2018-04-03,903.0973510742188,922.2359019085885,895.9264273565421,915.6464380073821,2454365
2018-04-04,876.3518676757812,910.6074893395416,874.0746458597531,910.6074893395416,2930774
2018-04-05,891.5657958984375,895.3935181134209,874.7045248758363,886.6721526772512,4148653
2018-04-06,911.1888427734375,916.7123858917458,879.9372841634917,893.4554120424839,2819200
2018-04-09,930.908935546875,941.7137034401305,917.7299470572187,920.5886288390391,5116819
2018-04-10,932.4592895507812,938.9034330068811,923.592544666906,934.9787713774507,2434826
2018-04-11,949.611328125,951.0164487949975,928.4377559663487,937.0622407858839,3452488
2018-04-12,945.8320922851562,962.2573427441889,941.2775895085167,951.8401560024971,4379096
2018-04-13,956.5884399414062,964.0015649510323,950.1442963740734,955.5224598074594,3311755
2018-04-16,950.144287109375,961.1913733612147,943.1671831158732,955.4740102905087,2247785
2018-04-17,966.7149047851562,968.0715853196986,943.9424500754336,954.5050165564595,2983704
2018-04-18,946.8495483398438,968.7499014273714,944.9114671362862,968.7499014273714,2621345
2018-04-19,923.25341796875,952.5668956843675,919.8133357188358,948.2062130489865,3347181
2018-04-20,926.935791015625,935.5118359694474,917.7299051476358,920.58858679891,2201052
2018-04-23,933.1376953125,943.0703618639354,919.2319266531623,930.2790135978555,2295872
2018-04-24,932.1685791015625,941.2290846849877,924.7069549558079,936.0931815428979,1473491
2018-04-25,931.1026000976562,938.0312637723736,925.5306168676034,931.9747602614465,1385599
2018-04-26,939.4849243164062,942.3436061060454,925.4338346799051,933.6706803288885,1859223
2018-04-27,939.9693603515625,947.7216849730187,933.7674769961803,941.9074415069266,1049687
2018-04-30,951.4039916992188,954.4080528648258,938.0312440572626,940.4538454107163,1083840
2018-05-02,934.6396484375,954.941060613696,930.6666056793424,951.5494185509367,1027474
2018-05-03,929.649169921875,947.4795424224089,921.5577037521973,934.9304535548226,1585290
2018-05-04,928.437744140625,936.0931882827276,922.8657608770374,931.2479854448253,958663
2018-05-07,938.951904296875,950.5319513341885,927.6625576114117,932.2170602755467,1987395
2018-05-08,938.128173828125,948.6422997428109,933.1860904651874,948.6422997428109,1979745
2018-05-09,955.183349609375,964.7768162464512,940.9384406864544,944.7177227573166,4201827
2018-05-10,942.973388671875,963.0809812171934,935.6571439363017,960.7068790523748,3434978
2018-05-11,926.4513549804688,961.1430004201028,922.526751950964,959.3502987725361,5712581
2018-05-14,891.517333984375,932.2170383619226,888.6586524430339,930.278957201087,3754208
2018-05-15,902.1768188476562,915.2104270392798,881.100185324631,896.3625751171664,3154028
2018-05-16,902.3222045898438,910.4136701769446,887.4958356622229,899.2697029528521,1923381
2018-05-17,907.5065307617188,919.6195383800011,898.9789852275569,906.87663070735,2895005
2018-05-18,910.8497314453125,916.5670355459802,901.4984659185948,907.9910498222062,2574768
2018-05-21,886.9144287109375,915.2588668860753,884.4918271575069,911.4795848045053,1233987
2018-05-22,885.89697265625,902.0314639658717,876.0611864161064,886.6721933459129,2086584
2018-05-23,891.6141357421875,894.4243768357479,879.9856498028278,885.8968323093251,1938630
2018-05-24,892.777099609375,898.106822949125,885.6546748044725,894.4244804707704,1209456
2018-05-25,895.7811889648438,909.5415187009313,886.76906371964,894.7636489790295,1700500
2018-05-28,900.1419067382812,906.6344319448654,889.094819384171,899.2697464724913,1139544
2018-05-29,886.1876220703125,901.6922715543201,883.7650205884363,900.2387106651944,999806
2018-05-30,885.3155517578125,890.5483951481325,869.4233199106166,877.9508661634472,1911011
2018-05-31,872.2333984375,895.3934918525082,862.5914920267347,890.2575886309477,4903734
2018-06-01,872.136474609375,884.1041014638544,870.1983935546875,879.4042785644532,1392273
2018-06-04,857.9400634765625,879.8404163177556,854.306161260766,877.9507753364327,1529852
2018-06-05,837.2025756835938,859.0059875554914,831.6305926496643,857.6008669613055,2948255
2018-06-06,871.6035766601562,876.0126995466861,826.8823294576027,833.471793687031,2854320
2018-06-07,859.6843872070312,878.6291190034416,856.8257056236881,874.1714967806988,2875636
2018-06-08,868.2603759765625,870.1984571729388,853.1433663030455,859.6843903408153,1672490
2018-06-11,875.3827514648438,885.703056913131,868.2603271270957,869.2293676707643,2032601
2018-06-12,876.6909790039062,882.7959225115964,873.2023976098404,875.4796783418432,1426736
2018-06-13,889.7247314453125,898.1068979101236,876.9818227384618,878.6292037373568,2933810
2018-06-14,877.2239990234375,892.8255289518283,875.2859178325544,889.7246463628508,2004165
2018-06-15,875.4796142578125,888.5132202566757,870.6828521580516,882.6020379711749,2364375
2018-06-18,869.9077758789062,877.2240207263884,864.0935321624099,876.0127199521183,1309586
2018-06-19,861.47705078125,868.6964147232046,858.5699291250703,868.2603346456693,1833168
2018-06-20,860.84716796875,869.2293925698086,853.240223141267,864.3841897126748,1850681
2018-06-21,841.514892578125,867.0975292919558,839.1891714470744,866.3223086301207,1274479
2018-06-22,850.3815307617188,854.4515129388203,832.4058402205236,843.7436265904703,2183928
2018-06-25,837.2510375976562,857.8915895426568,835.3129564921061,850.8176053365071,1217765
2018-06-26,845.1488647460938,847.4260867182774,835.3130780459177,837.1542790223365,1801638
2018-06-27,842.7261352539062,852.2711609824747,840.1581541464532,845.0033568808618,2037781
2018-06-28,810.4571533203125,841.1273146617638,804.3037686281842,841.1273146617638,9824968
2018-06-29,851.3021850585938,854.5000072769443,800.4759926872839,800.4759926872839,4960179
2018-07-02,869.6170043945312,878.8228895260166,843.2106496752706,855.7596773538627,3353006
2018-07-03,865.5470581054688,874.8498240176199,856.4380529929324,862.6399363647287,2770123
2018-07-04,859.1029663085938,871.5066746533748,855.1783635514331,865.5955504162239,1104449
2018-07-05,812.055908203125,843.7919833745478,807.4529660026897,842.6775631835965,6128988
2018-07-06,803.9645385742188,822.2309297971763,787.8299893047782,812.0560037360444,6884175
2018-07-09,796.3576049804688,810.4086945931956,792.3361217165691,809.0520731523992,4098360
2018-07-10,807.0654296875,813.9940935467404,796.9390028639785,797.5204035582944,2670508
2018-07-11,784.4383544921875,807.3561880129623,780.659072547967,807.3561880129623,2909483
2018-07-12,783.4208374023438,797.7626255837296,779.1085951646749,791.076222190891,2832418
2018-07-13,812.7343139648438,815.9321359226057,774.8932926493228,787.8299602198081,4995028
2018-07-16,805.4664916992188,817.9670789144028,790.833944366324,813.0249959227899,3256321
2018-07-17,818.9846801757812,828.7235262985171,800.4275291764865,805.6603720327101,2849218
2018-07-18,820.0021362304688,829.5956023167353,812.1528721829319,821.7463974147406,2660188
2018-07-19,842.9199829101562,847.7167459406377,820.825867993552,825.5257506175783,3924410
2018-07-20,833.7625732421875,849.460983972311,830.8554513817135,842.0962989173283,2048572
2018-07-23,835.8064575195312,842.8627565786481,822.6184897795905,836.0497781767422,1334621
2018-07-24,838.6290283203125,847.6318929314266,828.75018555282,836.0498055077773,2015425
2018-07-25,842.7654418945312,848.3131052883429,830.2100723723693,844.8093116286243,1453640
2018-07-26,831.669921875,846.7071488442094,827.7767917550468,846.7071488442094,1167616
2018-07-27,860.4790649414062,870.6012270614192,829.4313877352687,836.9743273772206,3210162
2018-07-30,868.216796875,878.8742540290012,857.2673667998879,859.2139321465745,2418684
2018-07-31,887.974365234375,889.5803053022282,862.7177290351907,869.1413704976912,2165312
2018-08-01,892.8407592773438,895.9066231945443,881.1127159605223,890.5535689549246,1818993
2018-08-02,896.8798828125,908.6565780762545,884.9571714023501,890.5535461458899,2313020
2018-08-03,894.641357421875,916.8321883154995,878.0955535987715,905.152797381544,9358217
2018-08-06,877.5602416992188,914.0096259526841,872.7911334058639,903.88752299773,3763151
2018-08-07,902.4761962890625,907.0019836666353,874.6889928514809,880.4800355955898,4450696
2018-08-08,910.019287109375,911.47921109939,896.3933298692347,904.2768956535322,2163746
2018-08-09,890.8455200195312,909.824530040353,885.0058246285091,909.824530040353,2536080
2018-08-10,895.5172119140625,907.0992975218837,888.6069298685406,890.553494884682,2105317
2018-08-13,889.2396850585938,899.3131363632174,886.2224733090736,890.553592827212,1316517
2018-08-14,900.8703002929688,902.2329196183589,889.6288987740836,889.7749149176798,1404450
2018-08-16,894.8846435546875,904.1794799336097,892.5000894500755,899.3130672321372,1196749
2018-08-17,916.394287109375,919.7521242056209,896.9286336870339,900.1891662779519,2697290
2018-08-20,897.0745239257812,918.292071296902,889.7262526712274,916.8321474951582,2529831
2018-08-21,891.8187866210938,903.1575520641451,881.5993198697341,899.9457315374655,2531200
2018-08-23,887.5364379882812,901.6490358677463,882.8646339253071,900.2864164486361,1571386
2018-08-24,861.6956787109375,891.4295080276224,858.9218472154221,888.0230191151533,3218302
2018-08-27,867.0974731445312,875.9543208491128,863.3989518218272,870.1146253767854,1789147
2018-08-28,864.5669555664062,873.7644883775882,848.2644713777962,871.0879611227418,3563757
2018-08-29,859.2138671875,871.6718725835408,853.0821986899012,864.2749485871446,1863018
2018-08-30,854.8827514648438,867.1948001672725,852.5955611072173,860.8198109919396,1758855
2018-08-31,868.0707397460938,870.893223529764,853.6661103225786,857.4619360715095,1677232
2018-09-03,888.3635864257812,896.7337920184382,867.3407085531625,872.8883711831255,4972521
2018-09-04,857.3646850585938,903.5956095807853,853.6661635732529,892.5001639336766,3880086
2018-09-05,840.8187866210938,858.8245131089943,828.896075838565,851.7195032415599,2990706
2018-09-06,843.9820556640625,859.8952028895393,835.1738003463254,847.7291700246618,2399973
2018-09-07,844.2739868164062,852.5955410035292,838.0449545358772,847.729128098258,1297983
2018-09-10,834.6384887695312,844.8093039059726,827.2902169586137,840.9161734732261,1576682
2018-09-11,798.8216552734375,837.8989735332125,794.003894755808,837.0229954738426,4918816
2018-09-12,804.3694458007812,815.951473517834,769.0392980213279,795.1719130165768,6728840
2018-09-14,820.087890625,829.2367707779947,807.0945917460705,815.6108144506568,3329172
2018-09-17,801.4495239257812,815.6107730810838,794.8798667440421,812.4962570547764,2843632
2018-09-18,802.8607788085938,821.401799032979,796.7777630260231,797.1183881480666,3331397
2018-09-19,801.595458984375,807.629822483801,765.097364517424,790.7920467839378,5347338
2018-09-21,779.2099609375,814.2968432704647,758.3817506738943,811.9122892180617,4259892
2018-09-24,769.9638671875,783.4925195476841,752.6881004521318,780.3780032412614,3244812
2018-09-25,775.5602416992188,792.5440355118345,757.3599040008223,769.8665620626873,3150095
2018-09-26,792.9334106445312,798.0917969635253,780.7187249011645,790.3055355297348,4080359
2018-09-27,799.5029907226562,821.1098759741567,793.7119474654083,811.328338478763,7668506
2018-09-28,784.076416015625,808.9438332466269,773.1269870837781,801.10886102072,3145969
2018-10-01,788.1156005859375,792.6413885252127,761.1070079138044,778.6260950524853,2445752
2018-10-03,773.2730712890625,791.2788004506077,770.0612504005976,789.8188764645365,3478716
2018-10-04,755.9485473632812,776.1928119572639,739.9866902270819,764.0267804218836,4579535
2018-10-05,770.9371337890625,793.9066390923851,763.0535683876562,767.1900194917985,7398167
2018-10-08,791.8141479492188,797.1185506740351,754.0021378969792,770.8399171353306,3961739
2018-10-09,729.4752807617188,799.0163317492469,712.7348088019735,797.0697666237987,8683946
2018-10-10,767.48193359375,775.0735255105925,720.2290782464446,726.0687734754698,7285084
2018-10-11,758.08984375,776.679517718061,734.3903767082854,743.5879091937326,3766505
2018-10-12,783.6386108398438,788.1156876190248,756.3379828436413,763.053657416876,4322158
2018-10-15,785.6336669921875,790.3054112368353,767.6765925037608,783.6871019398801,2234430
2018-10-16,788.9428100585938,797.7510646461508,786.4122991942546,789.3321468397778,2347048
2018-10-17,778.7232666015625,801.303431383876,771.3749959649625,795.2690682965716,2975579
2018-10-19,767.6279907226562,788.3588980117026,761.5936267829103,788.3588980117026,2892515
2018-10-22,754.0993041992188,774.635601547221,752.5420758885575,772.20239518403,2766247
2018-10-23,757.4085083007812,765.9733830409327,745.6804652062676,751.2768399870622,2239883
2018-10-24,770.4506225585938,773.5651393260778,751.617624584277,764.3676052019713,2060580
2018-10-25,770.1098022460938,774.7328942658966,757.019140330183,764.0267864305638,1681346
2018-10-26,785.3417358398438,798.0917138480739,765.6327636381077,768.8932365121688,3738778
2018-10-29,807.5811767578125,812.1556165154869,786.0716566734372,791.2786944309751,2473393
2018-10-30,808.3111572265625,818.9199607761454,797.5077446906736,806.851233402553,1876874
2018-10-31,822.0343627929688,825.2462425159482,796.6317137047849,815.1240809135704,2435865
2018-11-01,831.6212768554688,839.8455261862218,812.106973840531,822.0344082091116,2485725
2018-11-02,847.7291870117188,860.3818614447295,834.9792080756221,837.0230778760942,3078543
2018-11-05,840.6242065429688,849.0917771752321,833.6652120832194,846.7558751372089,1903690
2018-11-06,823.6403198242188,854.1527025930022,817.7519725500877,845.7824968121076,2504504
2018-11-07,827.4362182617188,833.0812454069992,824.9543001318208,832.156615064925,331169
2018-11-09,825.0029296875,841.8893571942997,821.4504248231086,832.1565322556373,3528039
2018-11-12,870.8445434570312,877.4142005325663,820.6718409314282,834.1031279605206,13985301
2018-11-13,873.5211181640625,875.6136994791065,855.6126948766888,865.4428846067789,4432001
2018-11-14,868.3626708984375,873.5210563419064,859.4084598884716,873.0830673297028,2606605
2018-11-15,896.1985473632812,899.313063359703,865.2481745960779,868.4113428384146,4711756
2018-11-16,896.73388671875,903.8875493674813,888.3150279937487,896.3932615754815,2769698
2018-11-19,895.9552001953125,902.2328842481556,890.6021464052749,897.3664717117578,2104102
2018-11-20,890.9916381835938,900.4811442805421,884.5679368752911,894.4467798046676,1540046
2018-11-21,901.7949829101562,905.0555152691969,885.2491786778453,892.9867872438466,1855760
2018-11-22,891.2835083007812,908.4619693232875,887.4390302907199,904.1795022783792,1617491
2018-11-26,891.9160766601562,895.9065110137017,868.7519064183732,888.7041969949956,2116814
2018-11-27,889.8722534179688,893.4734108545916,881.7940198630283,889.5802805240705,1126278
2018-11-28,898.2911987304688,906.1261118770861,890.5535900832801,891.526872695393,2434110
2018-11-29,906.515380859375,908.9485872076077,888.6069583746012,904.2281312493651,1991914
2018-11-30,902.3302612304688,906.1260870755964,893.4734134644441,905.1041522417404,2738673
2018-12-03,911.2357788085938,914.6909199474849,895.9065787912529,907.6346215268043,2044427
2018-12-04,899.118408203125,915.03161354527,896.8798702180345,910.0191846487925,1424621
2018-12-05,895.663330078125,900.9190799821754,877.4629332230843,896.3932920423289,3020688
2018-12-06,881.5506591796875,895.4199353522633,877.9008496605886,888.6069575832787,1425935
2018-12-07,892.1109008789062,896.8313576262171,869.4334258035166,886.6605415095675,2750589
2018-12-10,882.864501953125,891.526739670215,874.0076552662151,880.8206325344373,1508069
2018-12-11,908.2186889648438,911.9171509925113,870.2606672717404,874.981064156408,2792386
2018-12-12,905.1040649414062,913.0362816052515,896.3931747607244,912.4523358720729,3256275
2018-12-13,918.9247436523438,935.5678515011422,899.5563971390696,907.1966413973499,4821052
2018-12-14,906.6127319335938,926.2730521183587,903.6442319171176,918.4381391553792,2558651
2018-12-17,910.3111572265625,912.1604178335313,900.6756956232554,906.856016054602,2284630
2018-12-18,908.0726318359375,913.66900657662,905.9313983151336,907.5859905541391,2222788
2018-12-19,904.3742065429688,916.3942229276314,902.7196142370608,908.1699730518042,2237859
2018-12-20,901.9896240234375,908.0726401012864,897.5612001996543,903.2062272390073,1630740
2018-12-21,876.0029907226562,903.0602350746174,873.277811328296,903.0602350746174,2972085
2018-12-24,856.3426513671875,878.6794983838513,850.6489720551447,876.0516235458107,2554749
2018-12-26,865.3942260742188,875.9543182603536,845.0039442293786,855.5153841676121,3840772
2018-12-27,863.934326171875,873.813108948018,857.9486144026324,872.0612121437988,2160188
2018-12-28,898.0477905273438,901.0162903239996,874.7863146038097,879.8473955742865,8067914
2018-12-31,906.1260986328125,914.3990007148521,895.7606152035336,901.2596856433775,4917511
2019-01-01,903.2062377929688,909.2406016935971,898.3398248738256,906.8560474823261,2064502
2019-01-02,907.245361328125,911.9657579785057,898.6317750364566,898.6317750364566,2672587
2019-01-03,906.3207397460938,919.7033750641206,903.206223645735,910.9924841944052,3292918
2019-01-04,903.6442260742188,913.8150409475381,895.6146447644068,909.0459325290195,2340304
2019-01-07,918.8272705078125,938.2442669590682,909.1430984026052,924.6183128746004,5337211
2019-01-08,920.871337890625,924.6184520661641,913.4743546314231,918.9734249765457,2039160
2019-01-09,927.4896240234375,929.8254665161791,920.0926409519569,923.6451460446791,2115974
2019-01-10,940.8722534179688,943.5001281851219,923.2071513651998,925.0077597262365,2450895
2019-01-11,933.669921875,943.5974155908847,931.2367155428935,939.4609648263037,1535995
2019-01-14,931.9181518554688,935.6652663544093,923.6452492019215,932.4047931880303,864306
2019-01-15,942.4295654296875,944.7654675200314,929.5822227417117,930.4582008767051,1452136
2019-01-16,935.519287109375,944.4734992941598,933.6700263283095,939.5097221786746,1118736
2019-01-17,935.85986328125,939.2177001003236,926.1270373734746,935.6651948822035,1303576
2019-01-18,935.27587890625,939.2176613554003,928.5602055451402,935.8598246748454,1168989
2019-01-21,937.0278930664062,939.99639333701,931.4315176988323,934.4486702221751,1035360
2019-01-22,956.3961791992188,960.0459889818376,933.0860488400019,936.4438857209025,2797244
2019-01-23,936.4439086914062,961.0192951638617,932.0154251896354,961.0192951638617,1574247
2019-01-24,943.7434692382812,946.3226324101428,930.360833879851,934.5459370565057,1246903
2019-01-25,951.870361328125,957.7100567963957,943.2568342742074,946.0306658598544,1985833
2019-01-28,933.037353515625,954.9848634476475,929.6795167897432,951.870347362707,1499181
2019-01-29,940.288330078125,944.0841561170798,919.7520902377736,929.6795849974221,1411027
2019-01-30,943.0134887695312,948.901836330582,934.3999025382349,940.2882500992856,1468812
2019-01-31,969.1947021484375,973.28250053156,940.6775367637528,942.3321288955462,2306391
2019-02-01,965.0584106445312,978.1490743160206,958.7807256001187,976.2025089939987,3424938
2019-02-04,998.3446044921875,1021.946707011257,982.0907735569272,997.614642558608,9556052
2019-02-05,1038.200439453125,1045.3054495293536,992.7481922904475,999.5124584300414,7144200
2019-02-06,1030.7548828125,1043.3588437087428,1022.4332698843602,1037.5191486879849,2449722
2019-02-07,1028.5650634765625,1038.5412097800431,1021.9466945028857,1031.484911175142,1293109
2019-02-08,1025.110107421875,1048.0795577024865,1019.61103584909,1030.2198421135101,2576054
2019-02-11,1028.1756591796875,1035.0859411841582,1017.2748238687132,1030.7061699238586,1057548
2019-02-12,1037.7625732421875,1045.2568017457882,1022.0440354753771,1029.7329917845107,3075801
2019-02-14,1014.4037475585938,1035.5239315745098,1002.9676774853739,1035.5239315745098,2182379
2019-02-15,1011.2406005859375,1023.8932741255113,989.6337154297745,1007.3474702660687,2566210
2019-02-18,999.90185546875,1012.846561573875,994.0135076189314,1012.3112086202459,1023065
2019-02-19,1001.313232421875,1021.7521679612067,997.9067431653197,1002.9190537385464,1551617
2019-02-20,1005.1575927734375,1016.4963586856048,1000.047859186354,1002.4810656563938,1506583
2019-02-21,1014.6471557617188,1017.0803623702601,1003.6977260232829,1012.1166446506192,1220939
2019-02-22,1013.7709350585938,1016.1068366056718,1002.7729151048038,1007.8339361160662,1298608
2019-02-25,1015.1336669921875,1026.8130572164505,1007.9313525921118,1010.2672543987446,1691809
2019-02-26,1010.6079711914062,1014.0631719697346,988.90378093674,1011.2406286477228,1906268
2019-02-27,989.098388671875,1019.1728431445646,986.8598506940247,1015.0363923186305,1897310
2019-02-28,997.8092651367188,1006.1795904695261,975.2778087894527,990.8016780025048,5080712
2019-03-01,994.0621337890625,1008.3207472684921,989.9256828470827,1004.3303124744815,1967656
2019-03-05,1007.3475341796875,1012.1652357326326,989.0498323962524,996.2520883023019,1577329
2019-03-06,1027.7376708984375,1032.5554908519841,1000.8265031827722,1010.2672964837691,2758056
2019-03-07,1015.42578125,1040.4390964761428,1011.2406185581968,1040.4390964761428,2584721
2019-03-08,1025.0611572265625,1031.2415966054045,1009.2940270849602,1016.8369670173696,2179863
2019-03-11,1040.6337890625,1045.8895392716884,1029.3437337891191,1029.7330706210812,2837644
2019-03-12,1057.4228515625,1066.669036422657,1043.358965272458,1046.2301014686257,3418782
2019-03-13,1049.4906005859375,1064.6737843060944,1036.6431998928028,1058.347447855287,2024554
2019-03-14,1057.325439453125,1059.9046618870823,1034.745332563664,1050.0745322190558,1193296
2019-03-15,1067.934326171875,1084.042200624712,1053.0917666146902,1057.958179584259,5318660
2019-03-18,1070.416259765625,1079.273107736342,1062.9219123989321,1075.4772818034883,1525276
2019-03-19,1079.4190673828125,1082.2902034024492,1069.2481933766455,1072.5573778322832,1376594
2019-03-20,1072.8980712890625,1085.2101201811515,1068.6643156582102,1081.3169897051653,1295061
2019-03-22,1073.0927734375,1094.3589743922564,1064.4791274182267,1074.1146488776624,2486418
2019-03-25,1070.7081298828125,1076.9371620832135,1061.2673364915927,1072.557390524809,909855
2019-03-26,1085.9400634765625,1090.0765145361866,1059.2720964127343,1075.4772755022198,1851505
2019-03-27,1086.6700439453125,1094.942946205532,1076.4505764473943,1094.942946205532,1668427
2019-03-28,1103.94580078125,1109.1042461396314,1081.7549097418705,1090.076523583866,2292966
2019-04-01,1090.4171142578125,1117.328401344664,1086.9620323856893,1109.5421407081155,1703651
2019-04-02,1082.1929931640625,1100.9286840184504,1078.7865039178103,1094.942972009681,1469173
2019-04-03,1071.09765625,1097.084257905779,1068.7131610586123,1087.156821473194,1553200
2019-04-04,1076.5477294921875,1092.6068904439012,1065.0630674908455,1082.9713701110936,2463998
2019-04-05,1076.83984375,1099.5172560200845,1072.0220238123231,1092.9963104182661,4108366
2019-04-08,1074.893310546875,1085.2100821852398,1062.8245827320914,1079.3703866757228,1672293
2019-04-09,1069.1995849609375,1080.2949109021954,1062.3378955103508,1079.3703400100585,1288739
2019-04-10,1070.8055419921875,1075.4773463142242,1054.5517689877483,1070.026987144461,1612236
2019-04-11,1075.5260009765625,1077.3751428974977,1060.9753546003842,1077.3751428974977,1412462
2019-04-12,1067.69091796875,1078.3483139745952,1064.771070426447,1077.4237431097595,1499571
2019-04-15,1061.02392578125,1072.557299477555,1058.9313446747549,1072.557299477555,1116346
2019-04-16,1090.125244140625,1094.6996249230283,1063.2139559830907,1063.8952062923292,2144260
2019-04-18,1095.3321533203125,1099.3225878233184,1083.7500677656176,1095.8673874119563,1609911
2019-04-22,1093.677734375,1101.7560283965304,1089.2006576680358,1094.9430494223468,1307412
2019-04-23,1099.3712158203125,1106.3300901444736,1090.1250327395996,1093.969450812761,1237289
2019-04-24,1118.44775390625,1121.2215856297491,1095.4783076846456,1097.862802595796,1809133
2019-04-25,1110.807373046875,1133.874120945117,1105.0649824923257,1124.1412958726269,3579153
2019-04-26,1107.1090087890625,1118.788400530134,1100.7826715959823,1116.0631616003172,846570
2019-04-30,1127.5966796875,1130.7111366936674,1103.2159013921,1109.5422387181243,1469889
2019-05-02,1107.74169921875,1129.0079018847082,1105.2597808763837,1128.0346192106697,1517989
2019-05-03,1114.4573974609375,1123.9469037374226,1104.7245705106964,1114.4086858026171,1146869
2019-05-06,1053.9190673828125,1112.267432073636,1046.3761270343148,1112.267432073636,4064781
2019-05-07,1057.4716796875,1075.477410082547,1054.065190153302,1068.46982199291,2605643
2019-05-08,1059.6126708984375,1070.6108113017358,1039.319753373272,1060.8779857444472,3336769
2019-05-09,1074.941650390625,1080.3434149891232,1059.6124532860497,1070.6105914306627,4362293
2019-05-10,1101.8533935546875,1107.4497694486631,1065.0633763544329,1078.397302699985,3032624
2019-05-13,1114.116455078125,1122.000138551099,1094.0182660519304,1095.234869204068,2695155
2019-05-14,1123.8980712890625,1131.9276526600388,1092.9476373900993,1109.5421530803476,2894382
2019-05-15,1131.9276123046875,1136.3073838054365,1121.562129324467,1129.0077646375214,2476357
2019-05-16,1154.751220703125,1163.072835375195,1128.959228956311,1131.635756401735,2948769
2019-05-17,1158.693115234375,1170.8591496236481,1148.4736463473855,1152.366777351953,3265842
2019-05-20,1198.743408203125,1204.9237282818865,1172.8054059609638,1181.5649484121245,2881354
2019-05-21,1211.1529541015625,1218.209253318023,1200.3981332894593,1205.897204026829,3218291
2019-05-22,1207.9410400390625,1217.4792572711515,1193.5851213451115,1212.6614370003754,1972398
2019-05-23,1187.648193359375,1229.0614190246697,1183.755062629248,1225.6062179781134,2494025
2019-05-24,1187.3074951171875,1197.0889141893454,1162.5373810857166,1188.378082240306,2423569
2019-05-27,1207.794921875,1210.2768398784087,1171.3455382337474,1193.7310366794277,1380441
2019-05-28,1198.6461181640625,1211.6394158614605,1190.0324729361394,1209.7901553377003,1811869
2019-05-29,1201.663330078125,1204.631770585002,1191.4924560948464,1199.0841075460542,918488
2019-05-30,1207.454345703125,1216.4086167297867,1192.271161207892,1201.0307044330928,1081863
2019-05-31,1202.7340087890625,1217.2359437229734,1194.2177857852962,1214.6567209943355,1213810
2019-06-03,1232.419189453125,1235.0957168142274,1194.7044857284982,1205.8972365112907,1627758
2019-06-04,1214.6566162109375,1242.7357938735843,1210.568877045328,1233.1489845667131,1378780
2019-06-06,1235.533447265625,1239.621305134222,1211.3961120593578,1221.4695623777445,2345134
2019-06-07,1235.046875,1240.8865704451644,1220.496348039362,1240.8865704451644,1381956
2019-06-10,1242.8818359375,1254.7558357110693,1236.0688579801292,1240.5946456707354,1516266
2019-06-11,1250.619384765625,1253.5879441133693,1232.9544012524573,1243.8551184603152,1782094
2019-06-12,1254.415283203125,1258.162397534848,1243.4172608633785,1250.619457216752,1456438
2019-06-13,1260.8388671875,1263.5641059273905,1242.297905376048,1248.72154662418,1734153
2019-06-14,1247.6507568359375,1263.271868377533,1242.9789537005902,1261.42272682831,874483
2019-06-17,1222.4915771484375,1258.0163897206344,1215.1432464763807,1251.6413415848021,2057502
2019-06-18,1223.90283203125,1227.309321026963,1202.003974201665,1222.4916198280175,1845151
2019-06-19,1241.0325927734375,1253.5879618048484,1224.048859292735,1245.8017011725203,1650715
2019-06-20,1271.6910400390625,1273.9782304208065,1232.2245013158963,1240.4486918828845,1693438
2019-06-21,1257.8216552734375,1281.8130934262254,1253.8312206578091,1271.1069855843966,2640376
2019-06-24,1265.3160400390625,1272.469643095472,1256.55649699638,1267.2138935080814,1419605
2019-06-25,1282.9324951171875,1285.5603106385413,1261.4229732150059,1274.0269354809584,1955640
2019-06-26,1274.075439453125,1287.5553776318563,1271.7395378099584,1277.5305208673424,1335984
2019-06-27,1293.68701171875,1297.0935003640616,1271.83686778881,1274.12405783174,1841074
2019-06-28,1299.040283203125,1301.3275924386198,1282.7865107498155,1289.5994891832365,1345592
2019-07-01,1287.847412109375,1305.0745843889006,1285.8522541835268,1294.563085411261,1554897
2019-07-02,1288.6259765625,1296.606845207985,1275.4866633573688,1289.5992590221394,1397406
2019-07-03,1292.9571533203125,1297.8722777110968,1281.3264743956947,1294.0278591701976,1351543
2019-07-04,1255.8751220703125,1286.4849297344829,1251.6413667145134,1286.4849297344829,2901447
2019-07-05,1243.952392578125,1265.8026569209987,1216.3111446366609,1249.2081420642119,3015054
2019-07-08,1218.98779296875,1236.9449289329955,1212.418135159398,1226.3361244124067,2308725
2019-07-09,1069.5888671875,1143.6070565407897,1044.332231207036,1143.6070565407897,22143587
2019-07-10,1071.77880859375,1094.9429832291878,1059.2721502804268,1073.5307648904836,6366343
2019-07-11,1067.69091796875,1085.842660618513,1042.7749093695456,1079.3703081379615,5179244
2019-07-12,1071.77880859375,1098.836113836225,1060.878090417613,1074.504047542243,4845853
2019-07-15,1060.294189453125,1080.3925008241679,1048.5660854796013,1080.3437891659519,2563929
2019-07-16,1084.966796875,1088.1299653790088,1053.6271441434633,1062.8246173469388,2457767
2019-07-17,1080.2464599609375,1088.130025831745,1075.7693834375461,1080.5870851338952,2538956
2019-07-18,1051.14501953125,1076.9370038067852,1027.980850280987,1075.4770801685474,3482208
2019-07-19,1061.9000244140625,1073.530703918445,1049.149927353034,1060.8780301641932,3302082
2019-07-22,1056.546875,1062.8244996584888,1033.7233288822501,1058.8340651340052,2341863
2019-07-23,1069.783447265625,1080.2462337849047,1057.3740958125259,1060.8778889316218,2527679
2019-07-24,1058.347412109375,1080.3435728028608,1052.3617009847685,1071.5840303206753,1732174
2019-07-25,1061.3160400390625,1071.2921874071371,1055.6223601810184,1064.6739365361077,1770220
2019-07-26,1076.83984375,1082.484811289613,1054.0650081771882,1056.790246857626,1128870
2019-07-29,1054.8416748046875,1084.2704522077597,1047.9977675319603,1082.2173038955957,1661014
2019-07-30,1055.1348876953125,1069.213806181588,1048.1932343581595,1055.9170962466544,2335907
2019-07-31,1032.79443359375,1055.086064265007,1017.7867470245685,1055.086064265007,3050699
2019-08-01,1033.7232666015625,1045.5044914905632,1018.1777975603318,1028.6391500308318,2321381
2019-08-02,1040.9581298828125,1051.4196014171514,1022.7241030615667,1038.3183851175793,1789229
2019-08-05,1013.680419921875,1035.8741843435882,1003.7077983551021,1035.8741843435882,1962260
2019-08-06,1023.3594360351562,1046.1399136702662,998.4769970427658,1004.0987769526761,5738839
2019-08-07,1005.5165405273438,1017.6889895235557,975.745592970117,999.2104168491578,8983860
2019-08-08,1017.8843383789062,1036.1674160142202,989.0910958788245,1012.8980878777294,2553976
2019-08-09,1043.20703125,1052.9840418521555,1018.2756542145033,1026.5861132263356,2944544
2019-08-13,1040.127197265625,1064.2275510699353,1032.5500144261284,1046.1400823562983,3293100
2019-08-14,1059.8277587890625,1066.5249859781804,1027.6125623843602,1030.5944784731084,1834669
2019-08-16,1051.8106689453125,1060.1211265398942,1046.3354484632205,1051.028460491227,1366746
2019-08-19,1064.6673583984375,1080.0661477337324,1056.0636619978293,1080.0661477337324,1467603
2019-08-20,1067.9915771484375,1071.315784149376,1051.5662732851495,1066.5739585523384,1584464
2019-08-21,1041.544921875,1072.5379958010474,1036.6564168804648,1066.1829393081514,1344715
2019-08-22,1038.073974609375,1046.1400073765305,1024.6795194504934,1042.0337111616461,1182766
2019-08-23,1049.5621337890625,1058.752548024454,1016.8091468473451,1038.6119291777104,1925420
2019-08-26,1077.8663330078125,1082.1194274943095,1037.9762070255088,1070.2891508673163,2601437
2019-08-27,1098.6427001953125,1104.9489440247835,1074.6890227685988,1083.292840359139,2825727
2019-08-28,1086.177001953125,1106.2688075313854,1082.8039808581611,1103.8245547529245,1599333
2019-08-29,1077.2310791015625,1090.136685395636,1072.0981485201032,1086.7147316746632,1204392
2019-08-30,1080.457275390625,1088.1811366181232,1070.5825198534096,1082.3638638157572,1454803
2019-09-03,1036.0206298828125,1073.8087879688605,1029.4699632091904,1073.5154300027891,1858383
2019-09-04,1014.0713500976562,1045.1622872037306,1002.6322970322037,1036.3629788923802,2881072
2019-09-05,1025.2662353515625,1029.4214648359455,1013.1427183980613,1013.8759941894231,1587469
2019-09-06,1044.8690185546875,1047.0688458206755,1019.2043671181596,1030.4968614895388,1443212
2019-09-09,1064.080810546875,1067.6005101153626,1034.798714682766,1041.2515171163702,1272456
2019-09-11,1076.4976806640625,1078.8930002565467,1058.8990635325556,1071.511310331527,1432923
2019-09-12,1061.881103515625,1089.745583886199,1059.5835298810396,1085.9325258605709,1792647
2019-09-13,1098.349365234375,1101.3802145694838,1063.8364710021215,1063.8364710021215,3428008
2019-09-16,1122.9383544921875,1126.3113746718275,1090.5275475753408,1098.8380047669298,3645849
2019-09-17,1132.422119140625,1149.971803357785,1128.3158229123999,1129.2445910705133,3120692
2019-09-18,1134.817626953125,1141.9548927722635,1124.8940561974691,1137.0663872381358,1434623
2019-09-19,1127.484619140625,1141.612468616742,1122.840539910934,1138.043836496908,1255713
2019-09-20,1235.374267578125,1304.6443663593973,1127.2893636770625,1134.133271348996,7588909
2019-09-23,1282.5482177734375,1315.007843189439,1246.5687732836689,1246.764265744093,5902008
2019-09-24,1263.8250732421875,1294.7203973477601,1253.4125349441786,1287.632065929394,2642955
2019-09-25,1240.6048583984375,1285.5791056900475,1234.6409059968128,1267.247211413576,3928117
2019-09-26,1259.5721435546875,1263.7273724665988,1243.635570812054,1244.6132717325038,2277616
2019-09-27,1255.4169921875,1265.0961364192092,1236.9384197799625,1262.2119662650355,1847785
2019-09-30,1244.6622314453125,1266.953741304875,1238.2582425385176,1261.7230651369578,2142791
2019-10-01,1252.0438232421875,1268.860351332734,1239.2848973462173,1253.4126284533645,1454512
2019-10-03,1266.6114501953125,1269.055702318422,1240.4579524780415,1250.8704903921373,1449986
2019-10-04,1223.006103515625,1277.5617431899434,1212.4468858505277,1273.9442975287423,2383219
2019-10-07,1230.925537109375,1237.5739515304472,1213.6202774564363,1227.1124794075326,1100794
2019-10-09,1202.8656005859375,1208.6828738573086,1150.8030217928927,1173.2412122376302,8327469
2019-10-10,1207.167236328125,1214.7444181953986,1192.795081041759,1203.7452832267757,1479753
2019-10-11,1215.868896484375,1221.1485055662436,1187.9066727485874,1214.3535315972335,2182903
2019-10-14,1221.0994873046875,1229.947728159925,1205.994056188607,1212.153619577676,1241231
2019-10-15,1243.7332763671875,1246.7153118163562,1225.0592132668487,1226.03691415533,1379017
2019-10-16,1246.1287841796875,1249.2084466703923,1228.0413167408683,1246.3732094153472,1223194
2019-10-17,1248.572998046875,1256.8834558031213,1242.755606008549,1256.3456725619442,1500556
2019-10-18,1271.5980224609375,1275.8999311559464,1245.6401299532836,1249.5020015458235,1135957
2019-10-22,1299.8045654296875,1306.990763361792,1265.6339627268899,1271.45123602136,2138284
2019-10-23,1318.5765380859375,1335.8817988415149,1297.4582193855615,1302.248859026997,3148288
2019-10-24,1343.89892578125,1348.2496473899396,1320.531848559444,1333.5841327337764,1791699
2019-10-25,1305.2308349609375,1358.955457170023,1301.4667099807034,1348.1519327293063,3934315
2019-10-27,1290.4676513671875,1311.8793284243534,1286.3612353113033,1309.0927849281816,470393
2019-10-29,1302.88427734375,1310.1192883280498,1264.3628355934072,1290.5652690992729,2030358
2019-10-30,1286.80126953125,1316.9633232581157,1282.74378627665,1316.9633232581157,1681593
2019-10-31,1301.5155029296875,1306.2085153949633,1290.2231281667812,1292.5207016108843,1533763
2019-11-01,1272.8687744140625,1303.6174187437555,1258.3499405023279,1302.1020540186214,2491686
2019-11-04,1269.838134765625,1281.766039491455,1253.5104560937289,1281.766039491455,1706003
2019-11-05,1255.172607421875,1277.1219474103086,1249.0130433046272,1266.1228110211289,2881634
2019-11-06,1130.320068359375,1172.26346387216,1124.3561163077432,1139.0216308682789,18294122
2019-11-07,1141.1724853515625,1152.7094041416476,1130.6622002841132,1135.1107872845232,6500446
2019-11-08,1130.955810546875,1146.7945215115672,1128.267132371812,1141.1727398727994,2796511
2019-11-11,1129.928955078125,1137.7994955687323,1112.2815243068326,1130.9555888284692,2357413
2019-11-13,1133.204345703125,1140.9770205977122,1124.4538505000382,1129.9289520077184,2336007
2019-11-14,1143.0302734375,1150.0697926049372,1136.0886198536598,1138.0440219532356,2571355
2019-11-15,1132.61767578125,1148.6031826108592,1130.1246098400547,1146.8432730714428,1506407
2019-11-18,1132.9598388671875,1138.5326861998822,1127.0936335282443,1134.279711198799,1132129
2019-11-19,1137.2615966796875,1141.7591161303708,1127.386841828024,1132.9598083589035,1109428
2019-11-20,1136.9195556640625,1141.465889070484,1130.6134321104303,1139.9993376070104,920219
2019-11-21,1122.6451416015625,1143.910137752082,1118.4899124687024,1137.0662309450183,1417102
2019-11-22,1110.2772216796875,1125.0404827763914,1098.153705519781,1122.400737839594,2320184
2019-11-25,1137.65283203125,1140.9281064318516,1117.6099620192454,1124.2583763966793,2270744
2019-11-26,1140.096923828125,1158.3310683345667,1136.2838666885834,1140.879132238171,4025257
2019-11-27,1141.1236572265625,1156.1313425391315,1135.1107726747837,1143.910080990092,1587451
2019-11-28,1143.421142578125,1145.8653946999252,1134.4751559426868,1145.8653946999252,1031591
2019-11-29,1133.839599609375,1152.2693556489116,1129.244453468757,1146.8430683280103,1244953
2019-12-02,1128.071533203125,1135.1109331110154,1117.0234634619596,1134.1332320489043,1016807
2019-12-03,1132.324462890625,1143.9101961356787,1124.4539219214948,1129.244680800606,1315825
2019-12-04,1148.4564208984375,1151.7316951431574,1127.2891719015793,1128.9512157427034,1388528
2019-12-05,1157.842529296875,1177.7387228400894,1148.7987941092067,1153.6872996160546,3637705
2019-12-06,1145.8656005859375,1163.2687265594004,1142.8347512799803,1163.2687265594004,1026657
2019-12-09,1151.7806396484375,1159.553314379044,1139.8526165762237,1146.8432021640965,1092070
2019-12-10,1153.0029296875,1165.5174318841282,1146.745618915048,1148.896513548574,1641867
2019-12-11,1153.2471923828125,1162.4864185334507,1149.5318810687172,1151.8294544097917,1005638
2019-12-12,1161.5087890625,1165.4195930660774,1151.2429285531093,1155.74032928757,1065673
2019-12-13,1159.7000732421875,1176.6631618428064,1156.2291869282715,1166.3973012700192,1624478
2019-12-16,1139.6571044921875,1165.6639251681197,1136.919494169139,1162.0464794931872,1239589
2019-12-17,1131.542236328125,1144.8878789403366,1126.3115598115012,1144.8878789403366,1706196
2019-12-18,1133.253173828125,1141.3192068546168,1124.698290315179,1138.0439324650274,1391631
2019-12-19,1133.204345703125,1136.5773662766414,1127.2892071543806,1133.1554129158085,1338696
2019-12-20,1175.0987548828125,1179.547222441934,1134.1330626302247,1134.1330626302247,6754831
2019-12-23,1182.138427734375,1201.5947043431934,1174.3168185930035,1179.2053243063608,3980835
2019-12-24,1177.2498779296875,1194.7507515977059,1173.8768568531138,1179.15646669546,2236779
2019-12-26,1165.908447265625,1186.684593600547,1164.0507914883785,1182.969282046054,1800229
2019-12-27,1164.8817138671875,1172.458896000261,1158.4289116622215,1169.7702184691702,1332568
2019-12-30,1167.1304931640625,1171.2857221449608,1156.717954318748,1168.3526193349148,1109808
2019-12-31,1161.4598388671875,1176.858629400503,1157.793460168779,1168.3526785595013,1753530
2020-01-01,1129.0001220703125,1172.2633871940286,1126.5069370187962,1167.8148003290112,3137636
2020-01-02,1129.8311767578125,1134.0353385181425,1114.5790660395546,1131.1999819366356,3286436
2020-01-03,1114.2857666015625,1130.222340421202,1106.7575167446373,1130.222340421202,2695237
2020-01-06,1132.764404296875,1145.2790253837857,1124.4539454332332,1136.0886117119862,4494752
2020-01-07,1134.084228515625,1147.6742963009158,1126.3604860853509,1144.8389395279999,2363578
2020-01-08,1117.8055419921875,1130.5156543207868,1112.6236792266084,1119.4675858650849,2370166
2020-01-09,1137.506103515625,1141.9546905030354,1122.889522296863,1129.2445783655871,1764131
2020-01-10,1128.31591796875,1144.594544589974,1125.0894568402846,1140.9770985293176,1517311
2020-01-13,1133.1063232421875,1136.5282761292276,1122.8893973616084,1129.2444527232544,1135936
2020-01-14,1141.07470703125,1142.5901911795115,1131.3466307259425,1136.0884562649705,1324743
2020-01-15,1158.4288330078125,1164.9305675566495,1144.4965958381254,1147.3319521844132,2665214
2020-01-16,1166.299560546875,1168.8415593072498,1147.91873379044,1158.4290196645954,1644541
2020-01-17,1162.2420654296875,1170.1614196714793,1157.5979856729757,1168.1572042275427,1034774
2020-01-20,1161.362060546875,1168.3526462749928,1152.8071771536481,1163.464141478863,1139858
2020-01-21,1149.9718017578125,1157.5001706300975,1135.110795159116,1157.0601335966614,925998
2020-01-22,1151.3897705078125,1159.50461835462,1145.8657352013913,1155.447254105358,902471
2020-01-23,1177.2498779296875,1179.7430634894365,1148.7987996131787,1149.7765007192324,2101116
2020-01-24,1200.47021484375,1202.5722959787333,1179.1564034833348,1181.9428276165577,2841654
2020-01-27,1186.7335205078125,1212.6914104262903,1181.8938289530593,1200.6168269564387,2332864
2020-01-28,1168.3525390625,1196.2170138434885,1161.8019909760942,1187.9065564526675,1703068
2020-01-29,1159.748779296875,1180.9649607917545,1155.2513789510767,1171.7745483079234,1380266
2020-01-30,1152.953857421875,1164.9306941854263,1149.971821753686,1164.4418437052814,1859283
2020-01-31,1161.2642822265625,1168.1571215379115,1153.6871000019732,1159.0644551291011,1809101
2020-02-03,1159.9444580078125,1165.712917617026,1136.6263136760194,1143.910138184126,3595537
2020-02-04,1247.35107421875,1259.0834870716683,1158.5757692256907,1168.352779936456,7875930
2020-02-05,1251.3106689453125,1268.7626088735617,1227.0148216453363,1256.101427975176,5459816
2020-02-06,1231.218994140625,1265.340665698777,1224.1306614467399,1256.2969308824408,2463971
2020-02-07,1246.568603515625,1250.968257410386,1230.3387930179342,1235.8628267776733,2277867
2020-02-10,1229.1656494140625,1246.568774952709,1225.4015244338586,1242.5602247225142,1021943
2020-02-11,1242.364501953125,1250.3817210457316,1230.4855313431462,1234.8362526650947,1351413
2020-02-12,1240.70263671875,1260.2077249940498,1237.6228545309991,1248.4753123536834,1195516
2020-02-13,1269.153564453125,1278.8328276143534,1241.6801919497161,1241.6801919497161,4458645
2020-02-14,1264.6072998046875,1281.4726419092403,1261.234279123083,1277.8062631908592,1416212
2020-02-17,1286.7034912109375,1292.1296603308742,1259.6211010090917,1264.2163674695541,2347399
2020-02-18,1281.765869140625,1289.4897300554405,1272.2332854456433,1284.6989718160041,1761012
2020-02-19,1299.951416015625,1303.177877527217,1282.7928325629327,1287.6324054820368,1445826
2020-02-20,1293.3516845703125,1311.1459135618954,1290.56526071796,1300.3422702688536,1513648
2020-02-24,1251.3594970703125,1288.4143877532358,1245.4443584544827,1280.7882724375845,1341317
2020-02-25,1232.000732421875,1258.056482150716,1228.7743914478795,1256.3455057809754,1358874
2020-02-26,1227.1126708984375,1238.747338276771,1217.3356595466082,1227.9926257897587,1506693
2020-02-27,1249.404052734375,1257.3234064637563,1222.1261726902762,1222.1261726902762,4569014
2020-02-28,1226.525634765625,1242.364339743111,1208.0959988382767,1227.0144851581183,2728105
2020-03-02,1216.4066162109375,1265.1449829117264,1200.6167225777435,1246.5686655428526,2773593
2020-03-03,1219.193115234375,1243.635639597534,1197.683693794795,1220.3663086645013,2660100
2020-03-04,1223.0550537109375,1237.4273304370654,1190.1555095846127,1224.0327547393163,3007393
2020-03-05,1231.072265625,1236.9384717565426,1214.50016169443,1225.5482309814768,1555538
2020-03-06,1214.8912353515625,1219.144210820081,1192.5018586441772,1201.5945256581958,1678642
2020-03-09,1176.6143798828125,1214.1581272313751,1148.798830409238,1197.6838870223971,2285787
2020-03-11,1161.1666259765625,1186.293494141897,1151.2918696657925,1171.2368747496178,2314388
2020-03-12,1052.7396240234375,1128.2180986659334,1040.9094649809183,1124.3562271901121,3608906
2020-03-13,1060.169921875,1109.397137151606,924.953902550098,1032.061021667356,4337046
2020-03-16,988.7977294921875,1026.5369583834681,961.0799343003766,1026.5369583834681,3443930
2020-03-17,978.6786499023438,1014.8535850136192,955.995975951799,982.5894536981573,2985146
2020-03-18,909.9951782226562,1005.0765975964445,900.4625937610168,1005.0765975964445,5508541
2020-03-19,883.352783203125,903.7867563466506,821.0243494131978,860.3279384202599,4838552
2020-03-20,884.7216796875,913.1727555905275,846.6890860186261,885.8948731759317,4407646
2020-03-23,783.0896606445312,822.2954485150095,754.0519277949427,820.9267028622295,4960906
2020-03-24,797.9016723632812,838.7206845158665,704.824595385789,787.2936415777091,5404961
2020-03-25,861.1590576171875,877.6822289385094,767.2997584834529,781.1831250818116,3564854
2020-03-26,907.599853515625,926.6650235859512,852.8485958777651,875.0424211765103,3635282
2020-03-27,916.15478515625,943.4815422793768,876.0201677537011,938.5930368789654,2999631
2020-03-30,922.6076049804688,937.6152919888425,841.8005906177199,841.8005906177199,2901412
2020-03-31,912.8794555664062,950.0320943775876,903.1513184691779,945.4368876424304,3811918
2020-04-01,915.177001953125,928.8159427312153,881.8862950984801,908.9686245213643,2935916
2020-04-03,843.560302734375,909.3106865562384,836.8630756125046,909.2618134473298,4951957
2020-04-07,926.32275390625,933.6555108483427,872.4025239890773,880.0285792740278,4186574
2020-04-08,893.0809936523438,944.8502737265787,873.4781004654492,914.1504383446038,5505995
2020-04-09,991.2420654296875,1020.7197723810327,896.8939255496399,910.8750966079555,8532854
2020-04-13,945.2902221679688,991.8777003725174,922.1676284861908,991.8777003725174,4399110
2020-04-15,930.820068359375,967.9238269957016,916.3012348240889,967.9238269957016,5502739
2020-04-16,963.2798461914062,976.7232340474143,894.5963555088929,908.2841685986465,6251879
2020-04-17,953.7471923828125,995.0061807590057,934.9753238680285,978.7763106197744,5761623
2020-04-20,953.7471923828125,960.2978001033523,935.6597264073312,953.7471923828125,2557331
2020-04-21,915.8124389648438,940.7438117515048,911.6572101670669,936.6374560635824,3717567
2020-04-22,930.1846923828125,933.9488171086787,901.9779846352988,915.8124767196458,2779272
2020-04-23,892.2498168945312,914.639191359733,884.8193139289774,901.6846544430933,7009187
2020-04-24,885.845947265625,906.2310481871826,873.1847078360182,889.7078780116004,4692972
2020-04-27,907.0620727539062,917.0835076725024,891.7121556266937,893.8142365768323,3816089
2020-04-28,912.0484008789062,919.0389872580234,896.5518631017102,909.60414825322,2548149
2020-04-29,904.7645263671875,912.7816268021621,897.5295151207439,911.2173290768337,2514908
2020-04-30,948.4188232421875,957.1203858295099,908.2842099679872,914.3459679757968,4336412
2020-05-04,871.9625854492188,908.2842003220626,866.243058649459,907.7953498374974,4201101
2020-05-05,867.1718139648438,888.5834275932078,857.4436782009428,884.819303046583,5214901
2020-05-06,856.906005859375,872.0603705188884,842.0449395487681,867.2207389024758,3713850
2020-05-07,830.165771484375,858.9102004693332,827.5260269171666,858.9102004693332,4744629
2020-05-08,814.2782592773438,843.2671179855737,811.7851336459522,837.8897624505933,4751910
2020-05-11,811.1007690429688,832.4146997204351,805.6256670202528,829.5304696815912,3704305
2020-05-12,827.5750122070312,832.0235397621198,803.9146363917778,808.5587160790517,5287477
2020-05-13,841.2628784179688,864.2388530386369,836.91209682093,855.4395436094449,3599358
2020-05-14,827.1350708007812,836.9120810939347,822.4909909115333,835.9343800646194,2161536
2020-05-15,826.743896484375,840.6272618593939,823.2241969466542,827.135000732624,2130736
2020-05-18,799.074951171875,826.157278631056,791.9377463800655,822.7353254059569,4634758
2020-05-19,808.3631591796875,825.3263070050143,799.9060814982687,808.8520096702018,3072505
2020-05-20,829.7747802734375,834.9565831992159,800.345946864398,805.6255556863629,3403474
2020-05-21,830.8990478515625,840.8227354006501,825.0817755029157,834.956530269948,2217516
2020-05-22,830.7037353515625,836.8632401381333,819.2157478156213,826.0596552838416,1955658
2020-05-26,872.8425903320312,876.9489465730969,836.0810556505966,836.9120776524434,5625204
2020-05-27,866.096435546875,870.8871944745423,849.1333465070335,865.1676673055481,3925259
2020-05-28,879.3931274414062,883.9394010338992,855.4883273870229,866.09635877697,3441157
2020-05-29,870.1539306640625,877.9755390295821,855.4884149787131,875.4824132978999,4140081
2020-06-01,937.5174560546875,957.1692210962038,878.4642953574455,878.4642953574455,9822341
2020-06-02,954.3828735351562,962.0578026644004,925.2473354306056,937.5175309579602,4518557
2020-06-03,962.39990234375,982.589450748686,957.8536287492416,966.9462356123885,4194237
2020-06-04,949.592041015625,955.6537987978609,921.3364598894979,948.4676610613728,5293647
2020-06-05,968.852783203125,972.8124601765551,945.4368331565113,955.2138428065269,3136137
2020-06-08,1002.1435546875,1026.5860804115853,983.6161082538163,986.5003382240853,7033675
2020-06-09,974.8656005859375,1023.6529022214446,967.190671941322,1013.875892649129,17283990
2020-06-10,955.4583129882812,986.451446971436,949.2010026483027,974.8656541867447,5971985
2020-06-11,930.0379638671875,954.2360606931669,927.9358831015429,954.2360606931669,4955842
2020-06-12,955.8982543945312,962.839907441585,880.9085777397914,889.7567596213304,6968318
2020-06-15,927.2515869140625,964.5508416306144,923.9273798787096,958.0980393550815,3823415
2020-06-16,936.6863403320312,948.3698780844957,912.8304740486092,943.4813735582869,2976379
2020-06-17,941.5260009765625,951.156331322507,924.6606598375743,933.7043934918144,2372940
2020-06-18,954.2361450195312,958.635799376691,932.3845522486239,936.7352738180656,2118941
2020-06-19,954.0894775390625,972.7636020630237,951.3030536154942,958.1469604760373,2817395
2020-06-22,957.6580810546875,965.968539134284,946.9522437114399,957.1692305794171,1840153
2020-06-23,976.9677124023438,985.5225960485989,959.6135198627975,959.6135198627975,2929867
2020-06-24,966.1641235351562,1003.1212087653697,963.1821474712162,987.4779930341359,3451720
2020-06-25,955.8004150390625,971.8347343241225,951.8407381670346,963.0354258644472,2214883
2020-06-26,944.6546630859375,967.8261873704647,940.4505609657544,965.9685317090646,2514103
2020-06-29,936.0997314453125,949.9341632695099,914.1503344741819,943.3836150291568,3422997
2020-06-30,928.6692504882812,950.276477915975,925.2962298520171,943.4814441810879,1947529
2020-07-01,927.0560913085938,946.9034094848065,923.9274362035542,928.815941157012,3043306
2020-07-02,964.4042358398438,971.8347391508217,931.8467466380424,935.6109310800764,3845200
2020-07-03,981.1229858398438,985.5226404848655,964.3065161507114,969.8794239692327,3073808
2020-07-06,991.5843505859375,997.0594522304299,973.4480092551574,984.5448915614955,2509450
2020-07-07,993.5885620117188,1006.0542487675854,984.5448284829529,992.3664358591828,3538454
2020-07-08,969.04833984375,1006.0542976717412,965.0397300640971,1003.1211947630771,4272654
2020-07-09,969.4882202148438,980.1451842423423,956.5336828670023,972.8124272529981,3585878
2020-07-10,940.401611328125,964.990813474248,936.0508899489271,963.0842847346859,3691688
2020-07-13,944.80126953125,952.2318324013319,937.6151915677184,952.2318324013319,2760626
2020-07-14,952.085205078125,956.0938149119257,933.7044385370391,938.5929434508456,3642970
2020-07-15,946.3656616210938,963.8175999880236,941.9171341622814,957.1692453565328,2366530
2020-07-16,939.9127807617188,951.2541475421408,920.798739198294,946.9033663967156,2914310
2020-07-17,975.5989379882812,977.7010190488902,935.1221516041379,938.5929782869346,3843594
2020-07-20,979.3630981445312,989.9222569505101,964.013180595756,977.7009945190224,3349775
2020-07-21,992.51318359375,994.7130108206418,976.9677139873949,981.6117936886109,2491480
2020-07-22,1034.1142578125,1042.1802907337465,992.9530712597916,997.4994045941465,7642553
2020-07-23,1046.3355712890625,1058.8501919339603,1027.661505901155,1044.1357440205018,6785686
2020-07-24,1034.0164794921875,1042.2291911722018,1009.6717024703897,1041.055997795739,4407065
2020-07-27,1018.8621826171875,1048.5843167230944,1016.1735048820001,1033.4299513065835,2783336
2020-07-28,1029.2255859375,1031.4254127407419,1005.6142070612971,1021.6973375057023,3129955
2020-07-29,1017.2489013671875,1042.962483982267,1013.0936723473378,1033.2344073103936,2332468
2020-07-30,1018.6177368164062,1034.114273398713,1016.7600810944681,1018.764415832292,2297977
2020-07-31,1019.9863891601562,1027.6613167929345,1009.6715976819271,1022.1862160239093,1786573
2020-08-03,1057.38037109375,1074.359748700246,1023.6671017242808,1027.592958298487,7646498
2020-08-04,1055.2701416015625,1069.0106388609975,1045.5046218295151,1068.7652728385076,3357481
2020-08-05,1084.95947265625,1093.7926498105435,1058.0183302587081,1062.9256508999822,5465772
2020-08-06,1099.3870849609375,1104.147162098234,1071.0227472352872,1084.9594901582732,4499103
2020-08-07,1070.8262939453125,1110.4283404910982,1065.9189741798468,1094.2831865781493,4553672
2020-08-10,1087.0205078125,1093.9397571705103,1063.906982547214,1072.7401586015728,5185798
2020-08-11,1046.486083984375,1067.5384407520294,1029.163218867094,1054.0924306674972,11189277
2020-08-12,1036.7696533203125,1056.9387899622031,1029.114304669279,1048.203734876703,6260227
2020-08-13,1077.30419921875,1082.7022522993445,1042.3149766530037,1044.3270261788273,5476727
2020-08-14,1083.6837158203125,1098.258435167305,1069.8450946202151,1077.3041985472228,4149195
2020-08-17,1103.018310546875,1105.3247270232164,1085.499201820785,1092.3694499335747,3033448
2020-08-18,1124.3162841796875,1130.4504350038367,1104.245270798492,1108.023883744641,4134374
2020-08-19,1127.1134033203125,1137.5168988826483,1123.7764013983024,1137.3696553052187,2570066
2020-08-20,1104.8341064453125,1117.2987725916646,1098.0620998972258,1109.1035711921036,2727302
2020-08-21,1117.004150390625,1122.5985670549221,1108.170974422635,1116.6115408305243,2181243
2020-08-24,1105.7666015625,1125.4940068911515,1103.1656976199297,1118.869123920569,2122417
2020-08-25,1115.4339599609375,1117.887620233619,1102.0860720390772,1110.0359073610387,1465877
2020-08-26,1113.1763916015625,1128.6835703167865,1106.2571424681018,1118.5744434595993,2009966
2020-08-27,1116.5625,1127.2113600230223,1106.1098848462743,1118.8689163484942,1459135
2020-08-28,1113.0784912109375,1126.966233177659,1110.6248307859917,1126.966233177659,1628956
2020-08-31,1080.1011962890625,1131.62805935601,1065.8699674420009,1110.035850070813,3373546
2020-09-01,1099.288818359375,1108.7108489455845,1075.3410724223622,1084.5177370047247,2043953
2020-09-02,1100.515625,1103.8035054201835,1082.1621764175445,1096.2461607776606,1919880
2020-09-03,1163.329345703125,1169.5124971173088,1100.515648699898,1100.515648699898,5945052
2020-09-04,1137.76220703125,1175.84306033089,1133.590984792835,1140.0686236015547,3490945
2020-09-07,1146.0555419921875,1154.64335257004,1127.9966990231464,1142.4241728708885,2166322
2020-09-08,1141.0010986328125,1152.336936718301,1133.1983874181933,1146.055542730074,1994062
2020-09-09,1139.577880859375,1150.079618045459,1127.0152129440112,1135.4557797855696,1918422
2020-09-10,1133.8363037109375,1144.2397983119204,1117.6421474579788,1143.405577860413,1841208
2020-09-11,1146.104736328125,1171.86816970737,1133.5910686867776,1134.5725328155106,5572098
2020-09-14,1165.9793701171875,1169.5126169741982,1146.3009666631167,1146.8408198501124,2019325
2020-09-15,1152.77880859375,1197.3863079632597,1148.4603422100595,1172.6534583775665,5204233
2020-09-16,1159.7960205078125,1166.960755999234,1143.1111316499598,1158.1275795450765,2463561
2020-09-17,1160.483154296875,1169.4635746069866,1146.399168684388,1153.171175002794,2019300
2020-09-18,1142.031494140625,1179.2290039530178,1135.8973440992547,1163.0348478438004,2575064
2020-09-21,1099.1414794921875,1150.079481435709,1094.3814033918075,1142.031405322774,2666086
2020-09-22,1083.97802734375,1106.600823815765,1072.887554386541,1099.2398427260812,2000953
2020-09-23,1096.4915771484375,1101.1535313366667,1082.5548357087803,1086.9714238871027,2068183
2020-09-24,1075.8319091796875,1093.2528971490551,1056.055383382513,1092.3695554876738,2356296
2020-09-25,1088.7872314453125,1094.3325278574175,1061.2081127765316,1077.2060263534656,2275740
2020-09-28,1117.6422119140625,1122.7457771650654,1087.8056801657647,1098.2582964933795,2509616
2020-09-29,1145.6630859375,1152.3860910262604,1118.2310925995655,1123.7763886974587,3586518
2020-09-30,1179.081787109375,1182.664154776238,1141.6880315713352,1151.2573058527196,3635996
2020-10-01,1176.4320068359375,1188.5530649154562,1160.0906050619894,1181.290206370631,2990243
2020-10-05,1172.211669921875,1193.4603924831217,1166.6663735775112,1178.738430404794,2151235
2020-10-06,1177.707763671875,1193.411188802521,1169.9051722331355,1181.6827410811202,2087249
2020-10-07,1230.7559814453125,1244.4964788458185,1178.1985309653257,1182.6642405435418,9411156
2020-10-08,1230.9031982421875,1239.1475204646524,1210.7340635021949,1233.7003469049096,3144780
2020-10-09,1231.9337158203125,1245.4779686028764,1224.376490017406,1230.9032503786245,1873176
2020-10-12,1233.455078125,1237.9697892813363,1213.0896968868112,1236.841081540343,2009418
2020-10-13,1206.0721435546875,1258.1388623380847,1200.9685781229084,1234.240235301507,4735253
2020-10-14,1200.772216796875,1225.7995515881278,1195.9631385066211,1201.655558456916,4096708
2020-10-15,1191.1048583984375,1214.610996476592,1187.5716114498655,1200.2325228392465,2727327
2020-10-16,1200.4779052734375,1217.0646734561733,1193.4604126029374,1193.5095337337468,2772602
2020-10-19,1206.02294921875,1211.7153682419919,1190.6138933251154,1202.3914607205813,1606979
2020-10-20,1210.635986328125,1222.4626768415737,1194.539950874275,1207.2008619242754,2841242
2020-10-21,1221.6282958984375,1233.2587411253417,1206.2193577220287,1217.9969267152462,2687516
2020-10-22,1206.660888671875,1229.7744142124025,1197.386101627399,1217.1626255461294,1973416
2020-10-23,1218.683837890625,1224.670864318556,1208.378465577632,1212.1080768139539,1527141
2020-10-26,1192.969482421875,1226.8299901500154,1188.062162461275,1226.8299901500154,1425518
2020-10-27,1208.967529296875,1214.0710947064615,1191.0558094275193,1196.4047408627134,1778338
2020-10-28,1194.44189453125,1217.9970346041753,1163.3785295985524,1208.9676121659425,4810354
2020-10-29,1156.361083984375,1178.7385158893446,1134.1310154800365,1178.7385158893446,5274120
2020-10-30,1144.1417236328125,1165.7830539972977,1137.6149636968864,1154.5943397939423,2275592
2020-11-02,1146.8409423828125,1160.0907093679798,1132.6097111765218,1145.8594781616891,2502801
2020-11-03,1177.707763671875,1182.9586922960355,1153.0240381407414,1156.1646752438203,2079628
2020-11-04,1193.11669921875,1195.3249931514847,1170.5920292202895,1177.7076430035452,2043263
2020-11-05,1219.076416015625,1230.6086180683837,1187.816811434139,1201.459185058075,2215527
2020-11-06,1230.26513671875,1242.3861932825366,1216.0339085716246,1219.0764230415552,2546487
2020-11-09,1261.2303466796875,1263.83113040381,1229.2345248000036,1241.944555339021,1840061
2020-11-10,1281.203125,1287.6807634154138,1250.7286199854527,1262.162699506267,2898878
2020-11-11,1251.0721435546875,1294.2565606136193,1240.2760392899545,1285.619749086405,2872916
2020-11-12,1254.4091796875,1271.977410162848,1243.514952682352,1263.0951125777817,3650248
2020-11-13,1264.5672607421875,1279.8290740808463,1254.7526206035307,1272.9588259837865,3107920
2020-11-14,1262.947998046875,1273.8422251316467,1255.3906529139686,1270.9959554012696,288198
2020-11-17,1277.817138671875,1280.6144072064808,1253.624144422687,1272.958939293844,2185705
2020-11-18,1256.3720703125,1278.8476203726686,1243.514915588773,1277.817035226757,2934467
2020-11-19,1268.493408203125,1320.6582564852135,1246.5087050881787,1254.8511511225108,6942825
2020-11-20,1339.8455810546875,1345.8816085148173,1271.5847130782922,1271.9282015109989,10421957
2020-11-23,1322.6209716796875,1349.5131114623537,1307.310155976622,1349.5131114623537,2995116
2020-11-24,1302.550048828125,1339.1585863151543,1298.7223150395423,1322.6209408956731,2876893
2020-11-25,1282.7244873046875,1320.069245098367,1276.2468480560658,1306.328747379871,3417818
2020-11-26,1302.79541015625,1308.291584900986,1283.9022271034787,1292.5390389001714,2819881
2020-11-27,1335.968994140625,1343.0356081225186,1289.202321801066,1308.2917521825495,5497388
2020-12-01,1316.2415771484375,1360.7019520644699,1310.2546696605798,1357.3649499180387,2881906
2020-12-02,1363.253662109375,1366.2471755971749,1318.5970446680672,1322.9645120771863,2969071
2020-12-03,1392.2069091796875,1397.6049620527845,1360.358445151469,1372.9702356298142,3939085
2020-12-04,1410.5111083984375,1413.8481101890586,1387.4957041337727,1392.2067795802527,2229459
2020-12-07,1398.880859375,1409.3824775450757,1391.7161233697195,1409.3824775450757,1430365
2020-12-08,1401.3834228515625,1409.0388903811127,1386.1707300437727,1398.880761403242,1666175
2020-12-09,1399.7149658203125,1408.4008986203141,1391.2743990305235,1403.493578416062,1579066
2020-12-10,1397.8011474609375,1418.2156490168977,1389.3115786952806,1401.5307590284635,2588422
2020-12-11,1415.663818359375,1422.9756778602452,1396.623391173142,1401.039979550007,1398271
2020-12-14,1436.3236083984375,1442.2615142057668,1418.2156434347282,1424.10442811335,2453825
2020-12-15,1441.5252685546875,1448.6408826462766,1422.4358414320236,1433.4281904504655,2035503
2020-12-16,1476.5635986328125,1482.0107722419184,1441.9669895457082,1449.6224573518632,2638988
2020-12-17,1474.10986328125,1491.8253370821492,1464.638831164951,1467.4359797104555,1951230
2020-12-18,1491.1873779296875,1496.7326737645037,1469.3498028534514,1474.1590006519898,3299825
2020-12-21,1444.3717041015625,1500.2170367981605,1424.1044459505943,1486.132930752612,2298069
2020-12-22,1471.018310546875,1482.010659568975,1424.3005276839037,1438.826242998753,3305444
2020-12-23,1463.2158203125,1491.6292796550647,1450.6531509375943,1476.809074979403,2847742
2020-12-24,1468.172119140625,1491.825379151168,1458.4556009333128,1491.825379151168,1947894
2020-12-28,1514.93896484375,1518.9629437064764,1468.4175423774518,1475.4350346788326,2497242
2020-12-29,1511.5528564453125,1527.9923803377965,1500.1187755675214,1525.1952315773178,2081338
2020-12-30,1523.8211669921875,1526.8636817991505,1504.8789813826234,1519.3064560069233,1151230
2020-12-31,1538.1014404296875,1541.8800531356176,1515.5767681508012,1520.2878436073022,2031709
2021-01-01,1529.7099609375,1543.8430682960147,1527.1090570452777,1533.1450853742679,1003018
2021-01-04,1522.152587890625,1537.9541348100465,1509.491677943747,1536.972670780174,1383979
2021-01-05,1541.8310546875,1547.6217171196354,1512.92698346489,1516.3621079813527,1351709
2021-01-06,1543.450439453125,1591.2968149405117,1532.899700243086,1548.7503696224849,3312171
2021-01-07,1513.7608642578125,1540.8983658082502,1506.5471283539262,1540.8983658082502,2820445
2021-01-08,1519.895263671875,1526.4711449501906,1493.2976108318603,1519.2082867328938,3478504
2021-01-11,1534.91162109375,1542.8614557784122,1517.0489038560177,1531.0838874136916,1425529
2021-01-12,1498.7938232421875,1531.8692357401935,1495.7513084529237,1531.0840165266147,2550741
2021-01-13,1477.888671875,1507.5288394143934,1467.2888117998164,1501.6400548854308,3527208
2021-01-14,1462.33251953125,1489.7153943481592,1452.6161199125495,1480.0479960542928,2814477
2021-01-15,1449.867919921875,1481.0294067775321,1444.0282561349716,1462.3324667410836,1725346
2021-01-18,1475.680419921875,1481.0293514324253,1432.9376097358124,1439.8078585496144,2302268
2021-01-19,1491.7274169921875,1495.751396130486,1473.1777202046321,1489.8626111063502,2279346
2021-01-20,1502.916015625,1512.4361694172944,1491.7273009877072,1491.7273009877072,1838240
2021-01-21,1489.175537109375,1521.1221218998214,1484.0228505488872,1504.6825981115985,1558030
2021-01-22,1463.55908203125,1506.2527664149757,1459.4369811172478,1493.7882214259928,1364197
2021-01-25,1472.0489501953125,1484.7589825528269,1451.3400810310536,1477.1526355516498,1604484
2021-01-27,1413.9952392578125,1477.1034269502316,1405.4565497626124,1477.1034269502316,2021747
2021-01-28,1423.220947265625,1427.4902917785773,1389.4095597988546,1393.678904311807,1850239
2021-01-29,1393.973388671875,1442.0160042914981,1389.0169474722086,1429.0116060904686,2435997
2021-02-01,1473.717529296875,1480.5877782859973,1397.2614487278288,1411.1491902887958,2215933
2021-02-02,1457.9156494140625,1507.528702487327,1454.529646540507,1486.917958508008,1974202
2021-02-03,1496.8800048828125,1500.6586177285167,1464.344445814877,1464.344445814877,1853072
2021-02-04,1485.5440673828125,1511.454744100345,1460.5167323343978,1501.640102904888,2728965
2021-02-05,1481.4710693359375,1510.4242628561867,1476.6128695327143,1490.402489284906,1344007
2021-02-08,1513.123046875,1535.843963127226,1482.0598061767896,1485.9365411715933,2683198
2021-02-09,1530.98583984375,1555.277075783929,1514.448194084386,1519.306393349371,2364475
2021-02-10,1534.1756591796875,1558.56501853721,1497.7142432542712,1546.1985946186553,2125469
2021-02-11,1496.4383544921875,1546.6893912903001,1483.2377094838555,1523.232373941402,5970196
2021-02-12,1466.5035400390625,1508.2157622906952,1463.3629029925771,1508.2157622906952,3284441
2021-02-15,1457.2288818359375,1490.353296560277,1449.377168716094,1478.0849948105215,3156535
2021-02-16,1444.5677490234375,1477.1033042377728,1433.9188886985953,1464.491515933877,3090249
2021-02-17,1433.330078125,1455.511141005502,1422.6320963502865,1442.163254301028,2096959
2021-02-18,1406.4378662109375,1444.6168385294773,1402.5120103387505,1437.9428356237142,2686046
2021-02-19,1399.126220703125,1418.1175274162817,1386.6125532043027,1407.4195445734094,2543997
2021-02-22,1379.202392578125,1406.5361431288222,1370.123849876579,1398.5863080760207,1931189
2021-02-23,1397.6539306640625,1410.3147210841475,1374.1969158682903,1388.7716330736516,1871135
2021-02-24,1424.9385986328125,1446.678051936532,1397.6539691307973,1397.6539691307973,1143204
2021-02-25,1407.861083984375,1435.8328099137289,1403.9843488400234,1432.9375388370738,1967386
2021-02-26,1380.8218994140625,1405.4075038249455,1377.0922878214383,1393.6790554713207,2715597
2021-03-01,1425.233154296875,1438.826408478202,1390.3420567002886,1395.15125487842,1962042
2021-03-02,1443.880859375,1446.6780079525968,1423.1228707810483,1441.770687708524,1293306
2021-03-03,1447.2669677734375,1454.1863377443212,1438.9736438802956,1444.7151850222886,1227772
2021-03-04,1443.2430419921875,1460.0751762360446,1423.6628799949808,1425.085955098712,1822476
2021-03-05,1446.874267578125,1465.325839806847,1435.0966988723767,1437.844846160101,1954113
2021-03-08,1429.747802734375,1453.7936727649171,1424.1043842578192,1447.6595222469216,1060584
2021-03-09,1429.89501953125,1451.4872289502453,1418.2155732021777,1442.7521748146721,941590
2021-03-10,1443.97900390625,1453.5482785285683,1435.8819253796728,1442.7521738264657,1257628
2021-03-12,1455.0205078125,1479.8515971167694,1451.0946514676434,1452.5668475969646,2631081
2021-03-15,1464.540771484375,1469.1537249205016,1443.7337792174835,1469.1537249205016,1482287
2021-03-16,1473.1285400390625,1502.6215851094303,1469.1536821916416,1477.1035176941166,3191850
2021-03-17,1445.255126953125,1471.754659827263,1442.8014665018159,1466.552851747432,1195023
2021-03-18,1440.985595703125,1465.227831732622,1435.8820301219855,1458.0630956209898,1242978
2021-03-19,1438.2864990234375,1443.5864290571667,1405.5056943488719,1423.1229267954611,2360672
2021-03-22,1433.2320556640625,1441.427256837535,1421.1599994583198,1437.8448889547228,1331121
2021-03-23,1467.63232421875,1486.72187292956,1427.0488074725793,1433.2320792519429,2534795
2021-03-24,1460.5657958984375,1480.8330531297927,1449.082594267759,1458.4556241630557,1871092
2021-03-25,1423.9571533203125,1470.723941246052,1420.9146385979125,1456.5908343656454,1609996
2021-03-26,1477.9378662109375,1484.3665047510083,1429.9933632043585,1432.8396333932671,1922278
2021-03-30,1523.4285888671875,1534.0284494930725,1482.0108501180673,1482.0108501180673,3466042
2021-03-31,1529.1700439453125,1538.3467084487343,1508.2648126743147,1521.1710883271787,1431746
2021-04-01,1530.446044921875,1563.7668235359188,1522.7906967036606,1531.084020558634,1343989
2021-04-05,1506.54736328125,1530.1025012087746,1472.196120470277,1512.534270209637,1376233
2021-04-06,1497.2235107421875,1519.306453378503,1481.0293528088896,1501.1493672108659,1400544
2021-04-07,1486.034912109375,1532.50721773173,1480.0480044877631,1493.8866256610343,2592185
2021-04-08,1542.174560546875,1549.7317860580526,1497.2234576513993,1500.9039479602768,2085919
2021-04-09,1562.49072265625,1588.008787222244,1532.3598251109897,1540.800391736679,3569146
2021-04-12,1482.4525146484375,1543.499658195073,1474.4045563395182,1541.8802183454038,1889829
2021-04-13,1502.2288818359375,1524.5081881133017,1488.5375059801595,1500.2659536956037,1880575
2021-04-15,1510.0316162109375,1525.685920446862,1487.4579422512863,1516.362011637441,1313429
2021-04-16,1520.3370361328125,1530.8877753750933,1501.4438519082632,1501.4438519082632,1501276
2021-04-19,1490.549560546875,1504.0446926443672,1472.2943512710672,1496.732832630962,1439975
2021-04-20,1494.6717529296875,1531.084048322497,1482.0108416454939,1495.9475844187095,1789104
2021-04-22,1453.4010009765625,1501.6399825473702,1445.8437757848305,1501.6399825473702,2200432
2021-04-23,1434.3607177734375,1469.1536933796235,1424.6933199674659,1450.603997194166,1726070
2021-04-26,1452.4197998046875,1462.1363195294934,1437.9923237156065,1442.752401213865,1020499
2021-04-27,1467.386962890625,1475.680406482046,1454.5298070462763,1457.4741993682326,1145908
2021-04-28,1480.8822021484375,1486.8201083529427,1464.0500675213127,1477.10358902177,1037771
2021-04-29,1478.8702392578125,1499.1864993787117,1469.251842598973,1495.7513748302172,1927546
2021-04-30,1464.0008544921875,1488.4393329706652,1443.7335981702179,1472.1960552381556,3691399
2021-05-03,1397.5557861328125,1449.6225056360918,1394.660514901074,1449.6225056360918,3945733
2021-05-04,1376.89599609375,1407.419505337237,1374.0988473982247,1407.419505337237,3194977
2021-05-05,1401.92333984375,1405.358464182582,1377.3867374235206,1379.9385201136986,1819256
2021-05-06,1417.6268310546875,1421.6016889462956,1404.4751875867576,1409.1862633927021,1464006
2021-05-07,1419.6878662109375,1432.201533887529,1413.2102269045815,1422.1415265396809,1190019
2021-05-10,1428.177490234375,1442.5068419437998,1418.2156057892776,1427.4413921690864,1322561
2021-05-11,1408.6463623046875,1430.9255496537596,1405.456603950749,1412.4249751624425,1582827
2021-05-12,1427.98095703125,1432.9373980090527,1399.4203794297155,1404.4749428431196,1358169
2021-05-14,1428.8643798828125,1450.407587162091,1406.437950825246,1441.7706558006184,1876873
2021-05-17,1441.0836181640625,1443.5372781283768,1411.3452114735283,1434.9003471309445,2218758
2021-05-18,1510.7186279296875,1518.4230972143841,1448.8863891383473,1452.5668795425938,3075596
2021-05-19,1492.9539794921875,1525.0969253184567,1488.6846350767864,1494.033565924829,1504440
2021-05-20,1502.9649658203125,1537.218085510042,1494.2790328421638,1494.769764872654,3032029
2021-05-21,1509.83544921875,1524.0666803177287,1505.124492877467,1523.4287046172803,1158893
2021-05-24,1492.5615234375,1506.5473868003041,1477.5450748512271,1503.750238089269,1126532
2021-05-25,1540.0643310546875,1545.7077493166673,1506.5473099372305,1507.5287739827922,2530758
2021-05-26,1553.608642578125,1584.0831526383677,1547.4254902609587,1550.713371232107,3839248
2021-05-27,1564.6990966796875,1577.1636424701903,1538.2976891831563,1561.214851301274,2810155
2021-05-28,1547.7689208984375,1582.365531210213,1541.4385252325271,1565.4352751001952,1028675
2021-05-31,1566.6619873046875,1578.4395558858346,1539.917091984999,1541.5365316264313,1525715
2021-06-01,1561.902099609375,1582.1202374917243,1559.8410488198276,1578.1943808230103,1111933
2021-06-02,1556.3076171875,1567.1528437064235,1535.2061384715532,1551.6947837168343,1859258
2021-06-03,1659.8519287109375,1670.7462753497484,1559.1047413253184,1571.3239206427459,7221910
2021-06-04,1648.368896484375,1682.0331618229739,1634.6283995800695,1682.0331618229739,2952017
2021-06-07,1653.8651123046875,1682.0822048616,1644.9338130568945,1654.6012103713895,1471576
2021-06-08,1680.75732421875,1694.007089986314,1643.1672000810527,1654.7485247490877,1743285
2021-06-09,1698.6690673828125,1707.649488262758,1664.7104319588445,1683.1618859831453,2551140
2021-06-10,1706.422607421875,1713.489101126473,1690.277450846345,1709.1216337379915,1850763
2021-06-11,1696.4114990234375,1710.6918489558432,1692.5838850525959,1704.361453720106,761647
2021-06-14,1702.6439208984375,1707.7474861523942,1681.2479561948571,1696.411528191953,887780
2021-06-15,1691.4552001953125,1716.531535269524,1687.7255888106815,1715.599192327179,868275
2021-06-16,1683.1617431640625,1696.9513611415011,1674.868419773263,1692.0440408374482,1116772
2021-06-17,1679.677734375,1690.0812301811388,1669.8630930847494,1674.3778041167382,546515
2021-06-18,1679.57958984375,1693.0256003115778,1654.7484997827944,1668.5871198585976,2018319
2021-06-21,1710.544677734375,1715.1576308754982,1659.4104222350427,1667.5075010364262,925811
2021-06-22,1724.4324951171875,1737.9767481811732,1715.5993178513625,1717.6603685851949,2083172
2021-06-23,1749.5087890625,1752.8947921096512,1722.5185277058285,1724.4323346789795,1608518
2021-06-24,1747.84033203125,1759.7160237715027,1734.8359326057487,1751.913432039254,1271298
2021-06-25,1721.3408203125,1758.7837003957322,1709.710494469512,1751.9134515660614,1378327
2021-06-28,1696.01904296875,1735.719216885113,1687.8728432220373,1735.719216885113,1339433
2021-06-29,1699.503173828125,1713.6362805155518,1689.3450445804087,1703.625394841089,1236704
2021-06-30,1700.3865966796875,1722.8130279759566,1696.1172516971696,1705.7846493675595,803926
2021-07-01,1708.0419921875,1714.0288991344462,1693.7616418516193,1696.9514001225264,567971
2021-07-02,1722.2239990234375,1735.0811537980337,1707.943649527065,1722.469365029852,1259675
2021-07-05,1717.4639892578125,1730.2230220876038,1710.6918632558597,1727.3767523409715,632904
2021-07-06,1730.125,1741.117350229467,1713.6854759772584,1717.5622113312104,960973
2021-07-07,1695.23388671875,1750.3431205452396,1686.1553436866768,1730.1249838083108,2188364
2021-07-08,1694.3505859375,1713.6363801568052,1689.3451428092217,1697.9329539927107,1167637
2021-07-09,1688.7071533203125,1707.6984602203481,1686.1553705510867,1692.0441553143617,831213
2021-07-12,1687.970947265625,1706.9622529510143,1680.168355876377,1697.9328314812162,792602
2021-07-13,1692.2894287109375,1702.8401675009288,1685.6154250881716,1697.932847133491,797913
2021-07-14,1678.64697265625,1696.5586911280682,1673.39616407946,1694.0069086223743,891780
2021-07-15,1670.0103759765625,1684.9285831658547,1663.0910057810052,1673.887111454414,943422
2021-07-16,1663.9251708984375,1678.3036442094779,1657.3494092213712,1675.2611294008,907734
2021-07-19,1649.203125,1677.5674605662434,1643.854193744998,1662.9436219711438,831260
2021-07-20,1640.4190673828125,1660.0973500636296,1631.684013215203,1649.2031228692517,819793
2021-07-22,1674.213134765625,1686.9044174527533,1654.9794350251484,1667.5723598811426,1146821
2021-07-23,1673.426025390625,1698.021487829683,1669.5399903632665,1686.9044108642477,1053239
2021-07-26,1694.9718017578125,1708.7452617577403,1672.4915714197957,1673.3770321530849,1435514
2021-07-27,1701.0714111328125,1714.2053639781627,1685.6253887559142,1704.957446137063,1075244
2021-07-28,1695.6605224609375,1720.8953723794805,1687.8390928734323,1702.006104117464,1714957
2021-07-29,1711.008056640625,1727.8805688058308,1699.841740108067,1710.8604598389975,1346162
2021-07-30,1686.8062744140625,1719.616601594867,1683.5103859386431,1713.8120476784393,1199644
2021-08-02,1742.8839111328125,1747.2618559207217,1697.0871066797552,1700.038562517459,1718511
2021-08-03,1810.4228515625,1824.9341752061841,1748.3931639087239,1751.1970227632416,5956344
2021-08-04,1770.4798583984375,1828.5743924648764,1765.9543170367385,1827.1477834943692,2040687
2021-08-05,1770.1846923828125,1791.730221667288,1734.6687481097945,1790.5989264572606,2301814
2021-08-06,1758.821533203125,1767.2823483313969,1749.2293027745245,1766.9380358734793,877876
2021-08-09,1770.0369873046875,1801.9618479505673,1748.9832484679555,1758.8214329622203,1770502
2021-08-10,1770.086181640625,1792.517291281946,1764.330867485098,1780.7114693854676,862746
2021-08-11,1760.4449462890625,1785.630677277383,1744.851446211736,1775.7924917276455,748179
2021-08-12,1794.091552734375,1799.994464261311,1752.1809049121387,1768.9058209051236,889082
2021-08-13,1808.16015625,1811.2099697683532,1789.3200067985836,1800.3879656035233,1194666
2021-08-16,1807.471435546875,1817.1621445737628,1787.5983483963355,1798.420352706935,461655
2021-08-17,1844.1185302734375,1847.95544642369,1799.0597152506919,1810.2260311521075,1917077
2021-08-18,1849.8741455078125,1860.0566439101262,1829.9025800637235,1857.2527849435533,1029077
2021-08-20,1846.4306640625,1861.6798512685846,1827.885588706814,1829.3121976315012,1070166
2021-08-23,1840.0850830078125,1864.3362353654804,1817.9491646459533,1858.433323802318,1092285
2021-08-24,1839.34716796875,1856.760828653386,1822.6222523377103,1852.5303607792835,1003905
2021-08-25,1793.156982421875,1839.44557516218,1790.5498391316034,1829.9025828487815,1280400
2021-08-26,1785.9749755859375,1804.9134826189588,1776.0384322785285,1793.156899018293,1059290
2021-08-27,1793.05859375,1800.3879941032783,1767.9219810948584,1794.485082647202,1020589
2021-08-30,1848.0540771484375,1856.4165355924126,1802.1590336466609,1805.3072052581379,1670309
2021-08-31,1890.505859375,1893.8508667430624,1845.2010834250063,1848.0540613819837,1816071
2021-09-01,1908.0177001953125,1922.3321878930421,1884.0125038040755,1894.0474048724848,1247432
2021-09-02,1935.26953125,1947.4689058283782,1915.347204731675,1926.8087153649299,1167157
2021-09-03,1986.624755859375,1991.642206217573,1938.2208133399126,1938.2208133399126,1548784
2021-09-06,1987.953125,1999.9556641650931,1973.6877549635144,1992.2327119919362,679133
2021-09-07,2000.988525390625,2006.8914365505786,1980.1315005684346,1981.4105126911052,773091
2021-09-08,2022.681640625,2033.5528833222838,1982.4435591839103,2001.03763315858,796813
2021-09-09,2001.382080078125,2026.6661682164029,1988.3464845786748,2018.7956199903197,653397
2021-09-13,1997.7911376953125,2010.3839429214545,1988.4448615867143,2004.0383613909996,786459
2021-09-14,2022.435791015625,2028.141986772915,1999.1685778570325,2005.9077110582011,888765
2021-09-15,2085.547607421875,2098.484723777961,2026.6659779571494,2026.6659779571494,2795995
2021-09-16,2074.578125,2098.4357247990097,2061.1490978901957,2098.4357247990097,725123
2021-09-17,2061.690185546875,2115.20981693182,2046.3425205665983,2079.7431112657173,1727410
2021-09-20,2043.7354736328125,2062.083592730654,2037.0454597405205,2054.2130446667966,411738
2021-09-21,2052.09814453125,2063.559535266108,2028.7324525347922,2041.4236165326215,539788
2021-09-22,2047.375732421875,2076.79181229696,2039.8493760661488,2062.870875272381,1057480
2021-09-23,2070.987060546875,2079.5462329591287,2042.997473894081,2056.180544948352,711634
2021-09-24,2059.033935546875,2080.776423566565,2051.261864367039,2070.938237166723,540771
2021-09-27,2056.4267578125,2073.2501513690218,2043.587877486742,2065.035170265967,507550
2021-09-28,2094.844970703125,2103.4041443939327,2049.343360937821,2049.490837650215,923489
2021-09-29,2112.750244140625,2132.8200456108007,2075.906289085243,2094.54960175804,912912
2021-09-30,2126.868408203125,2149.6437134850635,2101.7317940875114,2115.1115833846197,1374265
2021-10-01,2128.7373046875,2139.8052629441077,2088.3022677806675,2122.0965297335356,626710
2021-10-04,2120.424072265625,2139.116623864161,2103.4039640878923,2125.0479712019865,870878
2021-10-05,2157.169677734375,2170.9431376269004,2095.533540791356,2120.4241984922924,1329784
2021-10-06,2112.89794921875,2169.0248491572493,2100.551217771331,2158.4980380307597,895210
2021-10-07,2336.913330078125,2345.6692185023303,2213.591587136518,2218.510679552377,8361061
2021-10-08,2320.040771484375,2380.8408036825463,2314.9249632500128,2380.8408036825463,1845797
2021-10-11,2324.1728515625,2367.165914444244,2319.4014756985375,2338.5366985001638,1056932
2021-10-12,2452.26611328125,2467.220106590232,2304.7423356040736,2326.7307753712407,3517011
2021-10-13,2496.144287109375,2566.7332655292175,2449.7081012600493,2498.8005490606797,4023645
2021-10-14,2522.559814453125,2542.1869450348677,2491.372816764509,2533.6277723214075,1546459
2021-10-18,2546.90966796875,2634.567762087015,2533.824832405593,2577.604760591207,2572741
2021-10-19,2444.6904296875,2595.3131341157286,2428.8018574102366,2595.3131341157286,3546129
2021-10-20,2372.380126953125,2465.006794247987,2364.1161466115436,2446.8553887258795,2868983
2021-10-21,2356.93408203125,2396.532779169994,2341.537417604888,2394.5159030789487,2303014
2021-10-22,2372.970458984375,2454.5781636713796,2359.196998608844,2378.282983338902,3063724
2021-10-25,2340.651611328125,2372.9701440677563,2302.135214394092,2366.083414793928,1446182
2021-10-26,2415.0283203125,2428.5065849288467,2332.63352580138,2351.3260761979327,2567357
2021-10-27,2420.2919921875,2442.181953851042,2412.519681909777,2428.0640622751594,2082690
2021-10-28,2336.716552734375,2430.0318390677235,2321.811797651752,2430.0318390677235,3330380
2021-10-29,2344.980712890625,2365.099753856926,2308.579427161546,2361.1644797240524,1450019
2021-11-01,2367.36279296875,2401.943921380231,2351.670934020256,2401.943921380231,1276469
2021-11-02,2414.24169921875,2424.9162275194617,2381.8741620973938,2383.5958447142766,1546219
2021-11-03,2378.82421875,2431.6552313734983,2367.1168730779555,2422.1614776286124,1554405
2021-11-04,2392.400634765625,2405.2395142146347,2382.8084044010875,2399.5333188828454,181506
2021-11-08,2495.701416015625,2507.4579982807145,2408.682723441993,2437.8036050159753,3449086
2021-11-09,2471.450439453125,2502.6374364710655,2450.8392506473865,2488.0276363230923,1097405
2021-11-10,2444.395751953125,2485.9620871623365,2432.19625738714,2464.4655550076927,911235
2021-11-11,2487.19189453125,2501.653979888783,2436.2300430993873,2443.805398268563,1726010
2021-11-12,2498.4072265625,2520.297189465046,2482.1742203651065,2506.6222075929695,1673817
2021-11-15,2498.30859375,2531.0697977190225,2490.7332393655265,2509.720984384575,846885
2021-11-16,2490.78271484375,2510.0656552807745,2479.370323125497,2508.8358820434664,1133767
2021-11-17,2458.90673828125,2497.915043735002,2450.7902360713983,2482.0754706191497,892518
2021-11-18,2438.09912109375,2479.2227851715156,2416.7503062594556,2451.6758653362767,739912
2021-11-22,2352.605224609375,2452.0691307405446,2314.924928061061,2452.0691307405446,1361329
2021-11-23,2349.063232421875,2371.9370110668856,2326.77984091469,2341.4878785000315,1247942
2021-11-24,2337.405517578125,2366.329688350654,2326.730989688929,2361.164640699125,614145
2021-11-25,2359.0,2364.312523717368,2317.0399977029724,2321.811613408246,662071
2021-11-26,2255.207275390625,2346.505683459317,2248.074591013228,2339.3237601171654,1289322
2021-11-29,2286.5908203125,2296.6257205823695,2195.2924190420104,2252.9442769652655,1094276
2021-11-30,2337.060791015625,2351.3261589254234,2298.5933925069726,2298.5933925069726,2675375
2021-12-01,2322.00830078125,2402.4354605626136,2309.4153763493373,2370.805792883641,2177426
2021-12-02,2347.8828125,2383.3002779305466,2321.860861631402,2330.6659890268174,1682636
2021-12-03,2330.912109375,2366.526292996529,2316.9419339443543,2366.083622685185,1062389
2021-12-06,2287.673095703125,2341.340440326579,2280.8846042666455,2323.139798954797,547641
2021-12-07,2342.029541015625,2347.2438279113803,2287.7227994410077,2298.6922813392594,904175
2021-12-08,2366.624755859375,2378.8732487423035,2338.6351662105753,2346.4072366626942,926476
2021-12-09,2334.748779296875,2384.7760461428525,2317.7289113836323,2384.7760461428525,1250492
2021-12-10,2301.49609375,2346.800747257149,2259.142655796039,2346.800747257149,2288164
2021-12-13,2312.46533203125,2347.390887992581,2302.2337159383196,2314.5314469106197,992852
2021-12-14,2316.74560546875,2332.8801363770294,2281.2296536528147,2304.792063924219,765269
2021-12-15,2285.557861328125,2329.9281719313776,2279.950143893739,2316.9910546807287,567271
2021-12-16,2319.1064453125,2326.5343239421445,2287.6242494274647,2306.1693265170306,998086
2021-12-17,2243.49951171875,2301.446562910098,2220.5767338385094,2298.1999139662275,1591893
2021-12-20,2203.114013671875,2226.5287013906745,2169.319752740238,2223.1345756658957,1063366
2021-12-21,2250.63232421875,2272.620764050853,2214.870665400648,2214.870665400648,883858
2021-12-22,2262.53662109375,2270.7516017381568,2245.4182750751875,2268.980680380014,643034
2021-12-23,2292.198974609375,2299.725331389534,2272.6210795670668,2282.459266058699,613686
2021-12-24,2281.91796875,2304.004647943392,2272.6209311605417,2302.233966642607,534065
2021-12-27,2293.576171875,2306.070619085444,2249.3043383174722,2268.832991894918,537545
2021-12-28,2341.340576171875,2346.3579064568476,2289.8375811177543,2302.2337904148694,871453
2021-12-29,2363.279541015625,2377.348193766254,2331.9943045060563,2340.504238553395,764644
2021-12-30,2397.86083984375,2408.387649587842,2352.014802398938,2355.064735776319,1152684
2021-12-31,2481.583740234375,2493.9799496697074,2405.042851485324,2407.6991134528757,2225749
2022-01-03,2483.010498046875,2504.801982454494,2461.809160644409,2469.384515302742,921729
2022-01-04,2541.203369140625,2552.9599530272044,2483.551504798375,2484.141892017065,1037293
2022-01-05,2534.464111328125,2565.7988288376228,2518.674015442289,2534.316634618756,1244568
2022-01-06,2553.89453125,2559.256534611636,2497.3742024091375,2498.8991692315276,1130508
2022-01-07,2531.070068359375,2643.766537213392,2520.8876899466222,2587.442922270433,4625230
2022-01-10,2614.497802734375,2620.4499530137987,2529.3974979605186,2543.1709576927033,1894316
2022-01-11,2610.415283203125,2635.4041805704796,2591.6734900825604,2607.119394684749,1123968
2022-01-12,2570.668212890625,2628.7627368305193,2565.798359900447,2598.2643667550155,1293999
2022-01-13,2576.866943359375,2586.3606970507963,2546.1226112108666,2568.750439672169,1023670
2022-01-14,2550.795654296875,2596.2972641748925,2546.9588578642765,2583.5076224794498,1166457
2022-01-17,2555.517822265625,2562.1585972174203,2509.1306353401546,2550.7954453730017,1172956
2022-01-18,2558.518798828125,2592.3620632745333,2545.138769522284,2555.9607743405077,1221314
2022-01-19,2547.007568359375,2575.4400665628623,2529.495791556673,2555.960412608894,629040
2022-01-20,2522.805908203125,2567.766367051803,2508.737255165555,2554.976726143116,1215237
2022-01-21,2487.240966796875,2520.44484547178,2464.4656616484967,2506.769862626894,1457884
2022-01-24,2364.1650390625,2481.7313470575173,2337.552701223106,2479.2225619032943,1411443
2022-01-25,2338.044677734375,2368.7890060235395,2292.6905485661737,2347.390953534281,2849686
2022-01-27,2272.670166015625,2322.205287562566,2223.4299978915583,2289.345842961795,2460051
2022-01-28,2278.13037109375,2339.3238379573154,2270.6532539043415,2275.572346742089,1317407
2022-01-31,2322.10693359375,2341.488110673495,2298.544527744945,2314.925010258292,900510
2022-02-01,2392.4501953125,2402.58357525155,2320.778911955869,2340.3078078605927,1246431
2022-02-02,2424.12890625,2437.8038880136105,2402.2389435210785,2411.339265105012,1144427
2022-02-03,2434.901611328125,2465.990372805866,2377.8893758209088,2440.3618521819462,3883564
2022-02-04,2431.1630859375,2479.2227176311003,2390.6790491442753,2469.3845322436755,2718069
2022-02-07,2370.215576171875,2457.726187179797,2349.35867118264,2439.869976772591,1119632
2022-02-08,2404.108154296875,2425.1127768580673,2362.049910398018,2379.266735385854,1524580
2022-02-09,2444.59228515625,2454.627185934482,2416.307502953598,2425.1126305925845,826261
2022-02-10,2451.5283203125,2463.432380509816,2425.653844721696,2459.4971063573003,788689
2022-02-11,2402.730712890625,2439.8698609760468,2382.0705245517147,2439.8698609760468,1030760
2022-02-14,2359.197021484375,2383.7924866791664,2313.2035015701153,2341.4882865441255,816491
2022-02-15,2455.5126953125,2459.349731884747,2360.180771081009,2382.7593594316168,1293933
2022-02-16,2447.789794921875,2479.1242716708553,2420.4395911541233,2469.384564087735,1008929
2022-02-17,2452.856201171875,2496.439408138171,2446.756574596899,2468.892490531129,960885
2022-02-18,2448.675048828125,2459.054382216161,2420.9806536621495,2439.1812962190606,654373
2022-02-21,2414.63525390625,2447.7406534037837,2372.0358608954098,2447.7406534037837,788568
2022-02-22,2410.4541015625,2417.242353977486,2338.5368642264893,2338.5368642264893,874150
2022-02-23,2455.315673828125,2484.14160264134,2412.3228553174517,2412.3228553174517,2096198
2022-02-24,2367.65771484375,2426.096438079119,2356.2453240873842,2363.1320536358653,1875086
2022-02-25,2428.5068359375,2433.9670768925535,2384.2842404402195,2384.2842404402195,1284338
2022-02-28,2505.34326171875,2522.1664153816687,2390.6791577798126,2390.6791577798126,2355891
2022-03-02,2550.69677734375,2562.6503154801308,2483.502170176725,2508.7370170367817,3536974
2022-03-03,2532.5947265625,2597.0840760771252,2518.575313198019,2577.6044221010975,2153478
2022-03-04,2401.5009765625,2523.494471480054,2390.678972981104,2523.494471480054,2652474
2022-03-07,2351.03125,2380.7917625185796,2292.2973278773825,2375.7251928269884,1545686
2022-03-08,2332.879638671875,2380.348881714961,2287.968419827344,2361.1644207959935,1467595
2022-03-09,2394.27001953125,2420.6856447935093,2336.56915520609,2354.2778898560728,1581979
2022-03-10,2427.8671875,2464.219230718624,2405.2886024029694,2457.5784562671415,1051744
2022-03-11,2453.249755859375,2457.7751765652865,2409.223880708868,2437.902092133123,812330
2022-03-14,2497.915283203125,2503.8181944670946,2434.9508963874496,2449.7081745473733,1004492
2022-03-15,2515.57470703125,2537.2679533520914,2502.0472024331148,2517.5915830275308,1571483
2022-03-16,2545.433837890625,2551.5334649954552,2524.4784542812176,2536.0875614620704,757197
2022-03-17,2659.261474609375,2677.609594035184,2558.026644404491,2558.026644404491,3336088
2022-03-21,2663.44287109375,2723.2098502862686,2656.310186334149,2695.662929835396,1889261
2022-03-22,2668.853515625,2674.805665319828,2603.626303975917,2672.296880219853,1279904
2022-03-23,2646.4716796875,2698.5648195451963,2634.5183813738554,2685.8244184189125,1281815
2022-03-24,2576.128662109375,2650.406956548656,2570.2749902544892,2650.406956548656,1835380
2022-03-25,2483.0595703125,2591.378089966873,2477.2551368779755,2588.42663428354,2863040
2022-03-28,2494.865478515625,2504.359472069643,2442.82157092594,2495.4558657485486,1316800
2022-03-29,2497.718505859375,2517.591591919357,2484.4369558433878,2508.7372252420323,908172
2022-03-30,2482.321533203125,2524.2322970584305,2469.384416103151,2514.935260342588,866666
2022-03-31,2495.111328125,2504.211649743934,2479.173515597963,2484.387801968989,910316
2022-04-01,2480.059326171875,2508.7375435842596,2451.5285854801323,2496.931719849745,1208002
2022-04-04,2476.271484375,2520.543322593862,2468.154980701542,2499.2437453934917,1424995
2022-04-05,2507.950439453125,2536.0877487498797,2479.272222054205,2491.0288068129526,1586304
2022-04-06,2498.948486328125,2523.396234456945,2482.469524755967,2505.785977569301,1349078
2022-04-07,2418.570068359375,2503.2766887880716,2412.3227254210333,2461.8088391558917,2785215
2022-04-08,2469.335205078125,2491.6678370718805,2425.112611379223,2428.4084994423156,1217812
2022-04-11,2449.560791015625,2469.3354003880445,2437.3120575249245,2462.4979092852172,660112
2022-04-12,2447.937255859375,2467.9088203627534,2400.763204660239,2439.8699918276375,1182427
2022-04-13,2421.52197265625,2455.561951616803,2401.599646290333,2451.872631919411,1165453
2022-04-18,2453.10205078125,2459.5461096264817,2371.0024496799283,2395.5979107761927,1109814
2022-04-19,2412.91357421875,2479.8132384582123,2401.501182478337,2468.7942780784674,929834
2022-04-20,2442.526123046875,2464.465323465438,2403.17338335082,2413.356000823199,639190
2022-04-21,2480.206787109375,2484.09282269257,2426.096762003855,2442.526485225148,880723
2022-04-22,2472.040771484375,2485.56827626745,2436.4265887480387,2474.303602140649,878780
2022-04-25,2414.192138671875,2448.7242643496174,2407.45312601179,2431.015531220532,682383
2022-04-26,2506.96630859375,2510.852343715887,2419.209744508872,2420.193563030429,1232557
2022-04-27,2452.0205078125,2496.735017406202,2447.986755272432,2487.7329326468116,801135
2022-04-28,2472.532958984375,2490.044978821296,2436.9187722403594,2488.9626822408304,933881
2022-04-29,2418.422607421875,2491.028461323097,2410.3553436973093,2480.2064577391498,1496781
2022-05-02,2347.932373046875,2397.565974333906,2333.9621966960785,2395.598337096045,1287401
2022-05-04,2252.89501953125,2368.0510175502563,2238.186981689586,2317.87627642227,2357806
2022-05-05,2225.3974609375,2271.6369307270943,2215.7067525757825,2271.6369307270943,2118580
2022-05-06,2173.00927734375,2203.7536078098474,2159.924442259363,2203.7536078098474,1465638
2022-05-09,2147.872802734375,2177.5350787881493,2135.8702633871694,2159.4819107023663,968069
2022-05-10,2102.7646484375,2150.627324238976,2090.614393416205,2144.724413010507,1092429
2022-05-11,2080.48095703125,2103.403976373994,2061.83764428709,2092.778688417908,1472911
2022-05-12,2015.4014892578125,2069.8557005519942,2002.611848421193,2067.986541428824,1362031
2022-05-13,2057.85302734375,2119.144965517193,2022.8782330085544,2022.8782330085544,2580348
2022-05-16,2075.463623046875,2117.1774317601753,2062.7722201643846,2083.7276024479793,1370151
2022-05-17,2141.133544921875,2149.6434790948956,2076.8409081781806,2110.2907380588335,1256142
2022-05-18,2131.688720703125,2158.7929682359436,2126.0317643657336,2151.6110451956774,1188772
2022-05-19,2077.775634765625,2121.2113698717844,2021.8456917244948,2090.6145154751484,981115
2022-05-20,2102.4697265625,2120.6703718692092,2094.7466539644224,2105.2734656443363,1017542
2022-05-23,2116.489013671875,2164.4009317131436,2103.404178183046,2125.0481875001774,1346294
2022-05-24,2105.61767578125,2129.96718517295,2087.0236010490744,2116.83311130382,1150314
2022-05-25,2079.20166015625,2145.707878462462,2071.9215002484843,2125.047692562548,1125068
2022-05-26,2107.2900390625,2116.0461680385574,2041.9153461925425,2097.501092788485,1382368
2022-05-27,2114.4228515625,2124.998901334837,2089.0402840708757,2120.129047384661,865917
2022-05-30,2219.395751953125,2223.429503322776,2128.982940349773,2128.982940349773,1691435
2022-05-31,2180.141845703125,2262.7826015871788,2141.379491995442,2218.412290149594,7005071
2022-06-01,2162.039794921875,2267.60333579045,2144.7244919384493,2218.5108850097263,2126105
2022-06-02,2185.01171875,2189.340664401163,2141.3795110069327,2141.3795110069327,966727
2022-06-03,2168.729248046875,2208.6231333667674,2162.18695157235,2195.5383002276717,1228695
2022-06-06,2162.974365234375,2173.205982286924,2130.901783774521,2168.729559755154,1285097
2022-06-07,2066.80615234375,2144.1833887618345,2054.213226290161,2138.3789551275668,3255286
2022-06-08,2094.40234375,2098.4850949050265,2062.6249546123886,2071.971231406387,1775344
2022-06-09,2105.07666015625,2119.145314506919,2068.9705647205437,2071.9220205903302,1035771
2022-06-10,2107.585205078125,2130.9508947131376,2073.8894210781596,2073.8894210781596,927889
2022-06-13,2068.380126953125,2090.073375104248,2042.6041276912167,2073.8896071848694,928411
2022-06-14,2067.986572265625,2082.645372444,2039.111402024041,2066.018935184497,893733
2022-06-15,2070.987060546875,2093.073736544315,2056.180544948352,2069.9540031441784,783714
2022-06-16,2027.6007080078125,2110.290701724106,2009.0066342644513,2091.991581381381,1265289
2022-06-17,1905.1153564453125,2018.4512037810382,1879.6345524329745,2007.9736324462137,6066708
2022-06-20,1929.956787109375,1941.5166549856974,1874.6169940844268,1906.6403356862115,1967950
2022-06-21,2044.4732666015625,2059.8699296414266,1934.6790288429208,1947.8622204116316,3289922
2022-06-22,1998.3321533203125,2037.4389399508725,1974.5237928939355,2036.5043603838797,1507811
2022-06-23,2008.3673095703125,2014.6637726152487,1964.833336617611,2006.9899395143823,1632845
2022-06-24,2012.4991455078125,2042.8006839422985,2001.0376357022453,2020.3205748183227,854618
2022-06-27,2007.2850341796875,2049.933424177901,1992.2325623373458,2048.310219647582,1067849
2022-06-28,1936.2041015625,1989.2810630962174,1928.2843143761554,1987.3134260407317,3397585
2022-06-29,1904.8204345703125,1922.6767664433135,1891.8831957700365,1918.4462983627516,2375427
2022-06-30,1909.8377685546875,1933.9413231352876,1894.8345356014568,1918.4461809049017,2489709
2022-07-01,1914.70751953125,1922.7256643372718,1795.5180041536653,1864.336060293779,4064801
2022-07-04,1930.743896484375,1934.7775285038826,1896.8021566480893,1922.381438843551,1023678
2022-07-05,1922.62744140625,1956.9134945692851,1909.1491750283697,1935.1711281801681,1555345
2022-07-06,1980.9678955078125,1992.7244791786022,1909.9361239214413,1926.3167268485327,1952701
2022-07-07,2093.073974609375,2136.460468937003,2068.5277497136635,2095.53352099552,5915740
2022-07-08,2117.11474609375,2126.642085203463,2083.6945779117495,2112.8198989486586,2039331
2022-07-11,2136.119873046875,2146.239686187228,2099.5898158573086,2125.654408895583,1219508
2022-07-12,2102.947021484375,2114.794610337808,2087.5944727205056,2104.921619626614,1096542
2022-07-13,2084.583251953125,2114.5972896292205,2080.6834686625302,2102.9471118812567,1169721
2022-07-14,2100.429443359375,2112.8200953978267,2086.163019427854,2104.9217025178345,767221
2022-07-15,2161.888671875,2165.2948053742525,2105.118976754769,2107.8834622903237,1742573
2022-07-18,2209.031982421875,2218.7569734730664,2166.183304505698,2168.108489245842,2016386
2022-07-19,2212.734619140625,2224.3847963307007,2188.5457920167446,2204.145165471944,867223
2022-07-20,2242.353759765625,2268.8134249398167,2232.3821830701613,2251.042040410262,1620332
2022-07-21,2259.532470703125,2268.812984406193,2235.2448201460493,2255.978098071432,1117118
2022-07-22,2295.47021484375,2300.3572967706186,2254.1024824416254,2269.8004403981854,1185176
2022-07-25,2299.271484375,2318.9680521748464,2283.622698048112,2309.5887112187474,1248393
2022-07-26,2264.07421875,2305.293955644076,2257.508776235493,2305.293955644076,1142159
2022-07-27,2274.29296875,2281.648299091681,2237.762900785313,2256.077347932331,1456382
2022-07-28,2304.99755859375,2311.760653290704,2275.7736522514097,2291.521023398558,1126799
2022-07-29,2322.1767578125,2362.112955816781,2309.3418702782815,2325.0892417757655,1239445
2022-08-01,2346.0693359375,2350.8084195215783,2309.292446820752,2334.764810175346,581266
2022-08-02,2354.65869140625,2367.34557991594,2327.113145844249,2339.898619629625,777687
2022-08-03,2385.709228515625,2395.088569099489,2325.089165789516,2364.5811261426284,1207016
2022-08-04,2392.866943359375,2399.5806242578888,2340.8363382155026,2399.0869747953475,1015590
2022-08-05,2401.90087890625,2440.99777180937,2386.647158685116,2394.3973106417257,2443597
2022-08-08,2415.871337890625,2443.2688862525597,2402.246562929702,2428.7556385714956,1576547
2022-08-10,2402.691162109375,2438.5299262485405,2386.4007271225482,2438.5299262485405,1065998
2022-08-11,2440.948974609375,2454.425510623057,2415.130959067227,2415.130959067227,1127878
2022-08-12,2440.5537109375,2461.3364030622097,2430.6313077954155,2440.60312409538,761420
2022-08-16,2462.17578125,2467.7539243510155,2404.0731369452783,2429.841738032358,1035928
2022-08-17,2460.546630859375,2491.103488083215,2449.14327868575,2463.311116392346,863500
2022-08-18,2447.218017578125,2472.0979045207723,2435.962905235436,2460.54655426595,827663
2022-08-19,2409.60205078125,2467.210803165164,2400.025057589934,2467.210803165164,751505
2022-08-22,2386.894287109375,2426.781072437336,2377.416119784014,2409.0096894821404,947292
2022-08-23,2448.698974609375,2470.1727282366137,2369.517641626322,2376.428734747732,1417877
2022-08-24,2429.446533203125,2463.3109361647707,2410.0462048111694,2463.3109361647707,672569
2022-08-25,2435.123779296875,2469.8274867486325,2425.4976132208662,2441.5906365097467,732577
2022-08-26,2500.7294921875,2523.536195061128,2450.0318341445554,2451.5127826158355,2398253
2022-08-29,2499.544921875,2508.6280248005714,2426.0405568338883,2426.0405568338883,1149676
2022-08-30,2571.568115234375,2589.783973704559,2510.701231346508,2512.675829247685,1794736
2022-09-01,2588.697998046875,2613.528471673244,2533.0636025501244,2560.0169136668096,1438313
2022-09-02,2579.41748046875,2611.4058718593506,2573.937922775415,2597.583685770114,800453
2022-09-05,2593.980224609375,2606.4694610275437,2577.6897904779526,2591.659975453523,733481
2022-09-06,2598.225341796875,2613.281651690951,2577.837713667701,2598.274754955307,680071
2022-09-07,2604.247802734375,2607.8513474823253,2567.3720905731757,2573.888360052513,438635
2022-09-08,2593.338623046875,2626.1169065424383,2582.7745703744868,2615.3554422484767,754150
2022-09-09,2570.383544921875,2618.464958230528,2560.0663185333538,2618.316959795779,777186
2022-09-12,2627.350830078125,2635.792285355033,2576.850578941236,2583.5642608414596,808360
2022-09-13,2671.18701171875,2688.415332054435,2638.0630801503676,2645.961472605907,1536444
2022-09-14,2666.300048828125,2677.555162164659,2611.4061223914173,2611.4061223914173,915281
2022-09-15,2622.4140625,2682.4913012346974,2614.3676723111807,2679.67740275455,753648
2022-09-16,2578.6279296875,2643.6414331206624,2571.1737730083,2614.36811017605,1425731
2022-09-19,2586.526123046875,2598.5711233590423,2520.1302613273097,2578.578317413746,808421
2022-09-20,2649.91064453125,2659.339398646541,2601.631817505452,2608.6414961215723,844553
2022-09-21,2632.78076171875,2665.7072795318477,2622.907771794558,2653.859691622817,1052572
2022-09-22,2702.830078125,2710.086581793615,2616.3425816514628,2626.2155725256193,1352472
2022-09-23,2638.507080078125,2720.6997192032036,2633.1263489079242,2702.8297524977797,1226889
2022-09-26,2621.7724609375,2643.9372749957993,2530.990367257602,2632.139100304792,1371409
2022-09-27,2567.3232421875,2645.517280600611,2552.711167691761,2636.039113079101,1246270
2022-09-28,2544.22021484375,2601.0393228466723,2531.928389994417,2554.6362679315866,1419969
2022-09-29,2499.347412109375,2572.950600579137,2485.3772277110133,2561.8929000153694,1177076
2022-09-30,2573.839111328125,2603.9023180379327,2490.5605842832456,2505.764892653324,1453944
2022-10-03,2541.505126953125,2591.6599661245627,2523.141509531324,2591.6599661245627,1049142
2022-10-04,2552.266845703125,2595.6091771599,2538.9874807781657,2595.6091771599,1291070
2022-10-06,2559.918212890625,2586.723283322885,2548.8110995557463,2565.0521192907895,1409852
2022-10-07,2695.820068359375,2710.135904649875,2641.0249708336673,2655.834456651426,5284814
2022-10-10,2646.060302734375,2693.253004892275,2624.240897128631,2675.5804481635028,1290447
2022-10-11,2591.16650390625,2659.783791778791,2583.169284731076,2658.7964926727113,1067626
2022-10-12,2588.05615234375,2611.3068493652854,2572.901017318537,2596.596191691386,1131702
2022-10-13,2565.64453125,2594.6218542343295,2558.0917900765403,2576.850471671081,1038687
2022-10-14,2584.551513671875,2629.769858586326,2574.6291099639084,2606.469504478849,1326916
2022-10-17,2591.659912109375,2601.434075933411,2569.495097449961,2580.700796636536,1111199
2022-10-18,2607.555419921875,2630.855531113662,2589.8332104844885,2604.642695113086,771852
2022-10-19,2610.96142578125,2642.9992277565975,2606.4691674551427,2620.6370034744555,1001916
2022-10-20,2598.077392578125,2610.418630430007,2548.564442732297,2606.4694343174046,1022636
2022-10-21,2631.79345703125,2645.615642895208,2606.5187475038874,2616.342324249242,986521
2022-10-24,2649.811767578125,2665.6085520424886,2645.122097190267,2662.7454812742435,184595
2022-10-25,2636.385009765625,2663.091500399587,2628.190378484247,2663.091500399587,505759
2022-10-27,2669.458984375,2729.8816327028158,2645.9612208475755,2665.707200107632,2117791
2022-10-28,2701.644775390625,2704.1130227884896,2659.0429217193982,2674.54346717003,1003160
2022-10-31,2726.42626953125,2755.551590896874,2703.4715670990204,2715.072330693803,1144647
2022-11-01,2719.959228515625,2748.640311584041,2706.1864561967873,2734.966124537581,890107
2022-11-02,2693.796142578125,2712.45623992457,2668.6694290512182,2710.135990656898,1704942
2022-11-03,2728.548828125,2743.7039644308124,2670.6438372743246,2670.6438372743246,1227960
2022-11-04,2734.52197265625,2746.122735823797,2711.7155105422253,2739.6558792118017,1172058
2022-11-07,2706.729736328125,2736.792943943789,2671.9274451037313,2736.792943943789,1825529
2022-11-09,2683.57763671875,2733.8310618073397,2675.580418020184,2733.8310618073397,1184702
2022-11-10,2607.45654296875,2676.666296204849,2594.6216565398995,2675.5801709372636,1198585
2022-11-11,2618.11962890625,2660.1784231683123,2607.9998137987163,2637.0757221680105,833729
2022-11-14,2596.399169921875,2631.152049345036,2589.8828995751137,2624.2409557820283,565428
2022-11-15,2622.90771484375,2635.2489519810265,2587.760016100659,2609.3817671492525,1033296
2022-11-16,2610.715087890625,2644.184431343562,2596.596662392844,2625.2283366169477,835064
2022-11-17,2549.206298828125,2611.406142680244,2543.2825041755423,2604.4950489188977,1265647
2022-11-18,2533.211669921875,2550.587986652035,2512.6758037500676,2547.2312666700095,1038751
2022-11-21,2540.665771484375,2546.194500810957,2507.393605057899,2519.5868431323847,629040
2022-11-22,2573.0986328125,2575.8631182497043,2528.472765748368,2547.231446946814,912070
2022-11-23,2568.70556640625,2599.065015302951,2557.8946889095373,2581.737866992965,992873
2022-11-24,2577.0478515625,2585.0450700334886,2559.5727071316055,2577.837738985775,752066
2022-11-25,2562.43603515625,2586.7236898817564,2553.15551986039,2586.7236898817564,633047
2022-11-28,2559.325927734375,2575.3695370798023,2546.244215498873,2551.5755338808162,665149
2022-11-29,2580.552978515625,2606.469579447633,2562.0905338691673,2564.1637173198387,866621
2022-11-30,2619.3046875,2631.1522774924615,2571.1244399893567,2580.553195232991,1569918
2022-12-01,2605.185791015625,2631.1518026038766,2596.5963380293415,2628.189905640345,539844
2022-12-02,2584.64990234375,2617.7244181611795,2571.9138419225064,2614.367698046371,731396
2022-12-05,2582.4287109375,2596.5471358186232,2556.364111956819,2595.609249911935,747114
2022-12-06,2583.761474609375,2590.6725675869316,2558.3879385997334,2586.5259600083564,706596
2022-12-07,2563.867431640625,2590.4256775692984,2553.8462024517867,2583.0703484364685,712914
2022-12-08,2550.68701171875,2580.7008054349185,2545.9973413856114,2563.8675500183335,648288
2022-12-09,2582.23095703125,2596.4973784655,2535.3342575153497,2564.015339848293,935047
2022-12-12,2551.822265625,2580.305938209792,2538.3457306819882,2580.305938209792,726330
2022-12-13,2543.18359375,2566.977597900309,2532.4221302362666,2564.4105238864836,832740
2022-12-14,2558.190673828125,2563.0283427741406,2538.4938648798134,2542.1470642094505,767737
2022-12-15,2490.6591796875,2555.771501590812,2482.612789122269,2552.1679565979957,1225728
2022-12-16,2451.3154296875,2487.99349128799,2448.5015311088155,2468.2475111984027,1177053
2022-12-19,2489.770751953125,2493.176885412196,2437.3450768359316,2451.660912827804,572224
2022-12-20,2476.2939453125,2485.6241139011067,2450.5749986243654,2484.8342264756425,597902
2022-12-21,2457.979736328125,2495.8919222758896,2449.4888683411714,2483.0570350173502,519326
2022-12-22,2451.46337890625,2477.330564096336,2433.6919971824027,2460.1516581792002,557608
2022-12-23,2451.512939453125,2473.184105261326,2423.819153060501,2436.3083895513873,1310439
2022-12-26,2449.587890625,2480.49015958781,2438.875598986321,2456.1533332165654,1076808
2022-12-27,2471.752685546875,2487.8948810482034,2454.030715085256,2466.273127388149,791283
2022-12-28,2547.379150390625,2563.0279343099273,2465.778993042775,2471.011725400129,2443430
2022-12-29,2520.8212890625,2555.9692315141124,2509.911586396832,2522.549062392906,1583143
2022-12-30,2564.50927734375,2576.850515444538,2520.623882865309,2531.434759233638,1057182
2023-01-02,2533.16259765625,2582.7743760961707,2524.3263191570027,2573.888684435289,697408
2023-01-03,2580.405029296875,2585.7363480315275,2522.598618669191,2535.3840938316007,852511
2023-01-04,2564.55859375,2592.8940271524257,2552.7604187787224,2585.538697729815,832054
2023-01-05,2529.558837890625,2586.723352977532,2511.342978699083,2558.0916822766358,1544601
2023-01-06,2505.864013671875,2551.5757704751545,2485.031905651161,2527.485768163279,879019
2023-01-09,2453.092529296875,2497.817225219723,2436.456684649331,2497.817225219723,2324487
2023-01-10,2436.851318359375,2466.9639375475704,2424.806318892055,2463.3109794933544,948787
2023-01-11,2406.4423828125,2456.992282272905,2400.1237658998416,2441.5903221185968,1000412
2023-01-12,2415.526123046875,2443.565321634754,2401.1114594810997,2418.8828436384433,874520
2023-01-13,2386.499267578125,2425.6949925112795,2369.5177717551755,2425.6949925112795,1416869
2023-01-16,2375.29345703125,2403.8757156129127,2361.619269111486,2397.1620340312243,737012
2023-01-17,2377.36669921875,2387.1902765582026,2355.695533279401,2374.454215229237,926137
2023-01-18,2393.311767578125,2398.988737220129,2382.155239899789,2387.289146846335,601233
2023-01-19,2354.75732421875,2381.1675701814293,2337.133942179146,2362.112652923766,1116874
2023-01-20,2341.18212890625,2366.506251429275,2323.114509291562,2359.5951585414546,1229902
2023-01-23,2334.665771484375,2354.016927259179,2325.6814956916164,2353.6712762118573,932554
2023-01-24,2340.638916015625,2360.236896005472,2333.974648301566,2342.3666891266776,714000
2023-01-25,2326.6689453125,2339.8986556415584,2303.9116549051573,2339.8986556415584,650664
2023-01-27,2301.640869140625,2338.318931776103,2273.3548482800297,2338.318931776103,1238620
2023-01-30,2305.88623046875,2313.0935613854945,2258.0022289103813,2302.3812708065184,1401847
2023-01-31,2346.9580078125,2356.1399378408482,2305.9850943129395,2317.191035746219,1252600
2023-02-01,2316.1044921875,2379.193039220575,2270.8369803096134,2377.958915542774,1521514
2023-02-02,2278.784912109375,2354.708108586671,2240.7739007129026,2311.3163658628127,1788381
2023-02-03,2431.816162109375,2438.6284285099464,2290.632410985115,2290.632410985115,3693638
2023-02-06,2426.781005859375,2448.4521712716805,2416.513192405101,2443.417090863062,1049075
2023-02-07,2415.822021484375,2428.508911073303,2401.210187937983,2425.102777456608,563195
2023-02-08,2435.419921875,2448.5016342353297,2415.920765715263,2415.920765715263,539085
2023-02-09,2431.2734375,2444.206911036035,2420.4625606048194,2435.6668702700263,464715
2023-02-10,2437.147705078125,2440.603251753342,2411.0336934119455,2420.857270752101,597337
2023-02-13,2487.0556640625,2491.893332882556,2444.700391148129,2448.501588820888,1856317
2023-02-14,2475.059814453125,2496.829806031248,2448.5015672564646,2496.829806031248,843477
2023-02-15,2492.239013671875,2496.138796670024,2451.7597530514972,2471.6537322819318,707224
2023-02-16,2490.36279296875,2513.317493721285,2486.1176002850552,2497.8663614586108,704946
2023-02-17,2468.5439453125,2513.51546674892,2464.298511047844,2483.0571936239294,607239
2023-02-20,2442.725830078125,2475.4055248073882,2434.97567721682,2468.2476067478196,460090
2023-02-21,2432.31005859375,2454.376047942374,2419.376344502664,2454.376047942374,750272
2023-02-22,2400.667236328125,2431.5203339937107,2383.7349117053564,2420.808042068289,1098118
2023-02-23,2364.08740234375,2401.6047635001764,2349.77156716564,2401.6047635001764,1602078
2023-02-24,2368.629150390625,2383.0929844656107,2347.7476317133246,2369.517623083362,1145691
2023-02-27,2370.505126953125,2381.365416997475,2343.4532281676716,2368.6293550886644,862629
2023-02-28,2342.6630859375,2394.2000448812114,2333.5799834597233,2370.603695493969,1430349
2023-03-01,2352.14111328125,2365.6178896682136,2336.2951566773804,2339.898701721917,479935
2023-03-02,2328.98876953125,2363.889883224798,2321.8802654224028,2352.091709184727,529609
2023-03-03,2365.66748046875,2371.4924487687817,2328.3475261144663,2339.8988774279824,710845
2023-03-06,2372.924072265625,2395.5825393439636,2362.212021209505,2381.908590864797,682556
2023-03-08,2366.65478515625,2370.7025668699466,2342.1203059381037,2365.963482949683,858496
2023-03-09,2338.1708984375,2377.3666212283656,2334.962176630291,2370.3075296684265,601071
2023-03-10,2345.328857421875,2349.722289919251,2308.3051436128576,2324.9412287669643,543004
2023-03-13,2302.38134765625,2346.7603910336875,2291.521058280513,2342.613783298185,631722
2023-03-14,2325.681884765625,2361.47147757751,2299.271633518234,2307.2686117019616,1470817
2023-03-15,2368.629150390625,2383.1918107824913,2349.7222297325607,2349.7716428910007,1656307
2023-03-16,2419.228271484375,2450.476189328016,2382.3525563450853,2382.8462058594546,2317115
2023-03-17,2424.460693359375,2442.577726428471,2416.3154766079465,2435.8146318613667,1625905
2023-03-20,2428.7060546875,2443.5155392475244,2410.5398500431183,2430.7300657853275,918922
2023-03-21,2482.119140625,2489.5238832487057,2436.7033858662703,2443.5650658229447,1652107
2023-03-22,2476.2939453125,2491.9427312252187,2463.311059590698,2485.9695239348844,754732
2023-03-23,2487.0556640625,2495.8919421529054,2462.373188368741,2478.120559653399,610778
2023-03-24,2461.68212890625,2487.6973136810175,2443.5156821595933,2484.834242914544,838919
2023-03-27,2462.718505859375,2478.120466529419,2435.4691983413336,2448.501496809944,728727
2023-03-28,2468.5439453125,2475.306799406831,2462.225086557719,2471.1107783042858,599191
2023-03-29,2483.1064453125,2492.9300223410924,2462.323752759875,2468.543784785953,710603
2023-03-31,2482.958251953125,2504.5308323293884,2468.2475927164564,2494.8552535579793,848456
2023-04-03,2505.17236328125,2512.3302809658107,2481.3786022226545,2493.8184248850503,701713
2023-04-05,2540.024169921875,2548.7124496063166,2517.7113564357032,2527.4855204308233,1438377
2023-04-06,2516.082275390625,2551.180805657851,2512.676141795368,2550.193506584454,1192271
2023-04-10,2550.884521484375,2568.9521424079653,2528.5222942932496,2535.383974521005,1497452
2023-04-11,2547.281005859375,2570.4331207710907,2543.282396430317,2550.8845510377714,820568
2023-04-12,2555.03125,2560.510808224815,2531.582896324287,2547.28109667213,553807
2023-04-13,2552.809814453125,2566.928239752121,2544.56601161477,2555.130063747649,481459
2023-04-17,2572.506591796875,2579.0720342949353,2549.502474912839,2566.977620506013,1044487
2023-04-18,2544.960693359375,2574.530251470979,2527.5843748372035,2569.98882049987,674756
2023-04-19,2536.66748046875,2562.9789035599892,2529.460149243818,2547.280945185523,687292
2023-04-20,2546.49072265625,2585.7358544680505,2537.8518571630866,2544.9109479787335,995472
2023-04-21,2535.68017578125,2561.5967756133564,2526.74507125022,2560.6588897321553,409932
2023-04-24,2596.15234375,2602.915197823403,2537.358635334196,2538.444760738008,1026391
2023-04-25,2599.756103515625,2603.507888536804,2581.737893820594,2601.385291755789,630987
2023-04-26,2607.45654296875,2614.0219846106716,2592.301407577232,2599.558151320227,631279
2023-04-27,2629.621337890625,2640.0373900120544,2598.0771846734187,2607.4565246902903,620037
2023-04-28,2608.2958984375,2645.2701969130057,2586.2296698887294,2638.5071025055886,1567472
2023-05-02,2630.0166015625,2640.0375902404244,2599.9531534491257,2623.253506832015,726439
2023-05-03,2620.34130859375,2645.4680232865658,2609.5304313100237,2641.02517719409,808211
2023-05-04,2636.483154296875,2660.030331872732,2622.809207764981,2645.66508320871,1936641
2023-05-05,2698.189453125,2730.8691478027704,2632.43548160873,2636.6809156936074,2190777
2023-05-08,2716.306396484375,2734.8182528893117,2698.189363266825,2698.2387764251976,848638
2023-05-09,2713.49267578125,2754.56441363343,2703.669098212993,2718.3305858627737,893686
2023-05-10,2710.580078125,2732.547481578317,2701.44756208261,2724.9453272428823,522149
2023-05-11,2722.82275390625,2729.881845626396,2709.1979789461575,2722.9707523463294,621067
2023-05-12,2737.977783203125,2749.1343111078086,2721.835587734857,2725.7353709253052,705516
2023-05-15,2744.247314453125,2766.510957794773,2729.1415897243023,2738.7677561346527,772914
2023-05-16,2754.81103515625,2765.227087815745,2739.310489061923,2749.6277154054856,548885
2023-05-17,2727.31494140625,2754.564493021965,2715.1219421273386,2749.627997514757,539547
2023-05-18,2687.27978515625,2746.665721503982,2681.6028161056934,2746.665721503982,612441
2023-05-19,2667.33642578125,2685.404046900658,2648.972807773831,2685.404046900658,846419
2023-05-22,2678.09814453125,2699.275661406377,2666.79361837085,2667.2872679065863,559506
2023-05-23,2649.36767578125,2691.772123183541,2643.295882837384,2685.404092306844,713749
2023-05-24,2672.865234375,2687.4278947155785,2636.088346396251,2641.0248414269554,814553
2023-05-25,2673.556396484375,2685.4533981658283,2647.936034514982,2679.9738402667567,651488
2023-05-26,2707.32177734375,2724.6489224955226,2664.8679215839757,2673.5562007381195,811400
2023-05-29,2776.531494140625,2785.960247395801,2710.135639226959,2710.135639226959,1107678
2023-05-30,2766.9052734375,2805.804755174465,2762.166190327671,2793.5623447605376,1263691
2023-05-31,2787.39208984375,2796.129782999289,2754.6632222011176,2766.90563421132,1394580
2023-06-01,2791.34130859375,2801.6091225534105,2778.9506569998643,2787.392112295448,538550
2023-06-02,2825.30419921875,2834.535541651545,2790.5513212455426,2794.0562810427978,1116501
2023-06-05,2819.4296875,2838.484606282306,2803.9291415101734,2838.484606282306,724102
2023-06-06,2844.852783203125,2856.2561353736046,2821.9969067417924,2824.613152793461,1148132
2023-06-07,2870.02880859375,2873.040118781876,2833.548158386249,2858.230633633516,862821
2023-06-08,2840.459228515625,2884.739685167527,2834.5848476621773,2869.9793722570294,560514
2023-06-09,2839.71875,2882.8636681110324,2826.8838629943502,2853.2941112559756,727880
2023-06-12,2816.369140625,2848.8017671931166,2797.2648091233928,2848.3081177076983,1112274
2023-06-13,2875.50830078125,2880.9384452119098,2818.8374353208255,2823.576277628477,776313
2023-06-14,2870.127685546875,2891.008963558542,2860.2052821144584,2882.9131597425676,617700
2023-06-15,2871.065673828125,2887.5041068032733,2863.16728132791,2874.0769841767938,564711
2023-06-16,2916.777587890625,2922.4051441832876,2874.81737889475,2874.81737889475,1022389
2023-06-19,2930.895751953125,2985.986840391587,2925.71243247877,2929.3159772212184,1382633
2023-06-20,2936.227294921875,2948.4205342740042,2910.853758234243,2934.9437579837877,672298
2023-06-21,2933.3642578125,2947.087617976099,2920.57854248391,2936.2273285966226,509602
2023-06-22,2932.52490234375,2946.8407380760905,2918.2584797701707,2937.214572669862,496441
2023-06-23,2901.820068359375,2943.1386323240317,2894.760976173788,2934.746589930622,869340
2023-06-26,2934.844970703125,2943.13818551106,2902.6589283470366,2902.6589283470366,839713
2023-06-27,2937.90576171875,2951.234299015524,2903.3502946530393,2935.240102467357,913730
2023-06-28,2989.640380859375,3005.733162710143,2947.137108106223,2956.9606855480783,1525117
2023-06-30,3008.941650390625,3028.9838679619197,2990.6766191974366,3007.312703483906,946112
2023-07-03,2999.710693359375,3015.2112399343123,2987.8631049902815,3011.360870130278,429100
2023-07-04,3035.5986328125,3050.7537681738727,3000.4015215146924,3002.8697688999464,1291238
2023-07-05,3060.479248046875,3074.350607735434,3024.0971793620943,3035.9447687033758,643663
2023-07-06,3066.945556640625,3072.3265290916875,3042.2630813230826,3060.626939375253,976956
2023-07-07,3104.068115234375,3169.2298504778446,3086.6915560868633,3100.118919159013,3630808
2023-07-10,3006.86865234375,3114.9284845260836,2991.762928759165,3114.9284845260836,1777220
2023-07-11,3048.384521484375,3058.6523347784932,3006.1280756235687,3023.9488709725065,1141925
2023-07-12,3057.171630859375,3084.3223558226023,3048.433937500737,3074.4493649268834,1300168
2023-07-13,3055.43798828125,3085.0044433692838,3050.0398238125495,3084.360474727965,932018
2023-07-14,3026.515625,3067.9184817303626,3013.688726753088,3064.2534463848842,721349
2023-07-17,3004.625244140625,3043.7499038692963,2991.30309824273,3040.8279839752254,866575
2023-07-18,2967.97705078125,3011.063704592535,2935.241050498411,3004.625468965561,1359863
2023-07-19,2967.1845703125,2988.7278969722024,2956.6854389638975,2981.497456653359,568891
2023-07-20,2960.89501953125,2987.935656900471,2937.816373225043,2973.72191723361,1021556
2023-07-21,2948.018798828125,2976.446038754237,2941.7786140100116,2962.3314443940885,599594
2023-07-24,2950.890869140625,2964.4606400466887,2923.206505198027,2949.702320196434,523141
2023-07-25,3000.2177734375,3004.080618048391,2944.50227335303,2951.683382252806,874788
2023-07-26,2979.763916015625,3015.96641426544,2966.5406747105753,3015.96641426544,588487
2023-07-27,2973.5732421875,2995.364191589619,2955.2983661641406,2985.310494841205,595544
2023-07-28,2958.61669921875,2981.3981468525067,2923.652081225403,2979.565629336281,837051
2023-07-31,2975.505126953125,2989.2729503967157,2921.9686695752293,2921.9686695752293,656048
2023-08-01,2973.375244140625,2998.732084506703,2959.3102237681956,2996.1073620693746,602288
2023-08-02,2948.8603515625,2977.139111378441,2931.8734114642402,2977.0895381255846,1152335
2023-08-03,2874.523681640625,2958.567272525508,2855.6050774619202,2910.0328816841507,3319847
2023-08-04,2876.801513671875,2907.903287522946,2870.4624249207027,2892.203801755662,709334
2023-08-07,2877.0,2892.203996102626,2855.0603286879427,2892.203996102626,580359
2023-08-08,2893.49169921875,2904.139550572315,2877.0000075715293,2890.272581367672,474417
2023-08-09,2927.812255859375,2933.8543889727953,2890.4209651153765,2896.215473786784,600081
2023-08-10,2960.152099609375,2967.0360106088497,2889.2819372211698,2929.8923449777926,970990
2023-08-11,2988.579345703125,3038.3022845472947,2951.6833043981483,2960.102535299955,1823274
2023-08-14,2982.042236328125,2991.6502588683707,2959.95432787081,2991.6502588683707,542561
2023-08-16,2982.488037109375,2987.242233116367,2949.752036292767,2976.445903771089,544441
2023-08-17,3042.5615234375,3050.1883078984406,2983.3792817103445,2989.322268327297,1699758
2023-08-18,3021.4638671875,3050.237875704012,3006.1607250403235,3041.422542299572,860782
2023-08-21,3049.04931640625,3053.2093586524306,3021.0181813105964,3022.0086790749606,706621
2023-08-22,3046.375244140625,3061.628814101796,3011.212570927874,3055.6362538239214,714220
2023-08-23,3040.828369140625,3055.685836742289,3027.2585970952573,3046.375253773551,602197
2023-08-24,3032.11181640625,3070.4440328946457,3027.2089006613537,3046.4740345034575,618626
2023-08-25,3038.0546875,3045.532993967883,3008.6865255825055,3025.970663166723,648003
2023-08-28,3019.58203125,3050.6835645630713,3011.80652701136,3044.790151183712,471698
2023-08-29,3050.138916015625,3060.6382897248614,3015.0753896189253,3022.949798990473,482639
2023-08-30,3052.912109375,3081.4384928708355,3037.856591975202,3050.7330626943663,582766
2023-08-31,3074.950927734375,3089.3131462121823,3052.9123511046364,3061.480302392473,1420498
2023-09-01,3087.18359375,3095.2064808436453,3070.543182333205,3082.3795826880487,423739
2023-09-04,3070.840576171875,3095.2562517915535,3056.973606075656,3087.3322688794283,539813
2023-09-05,3106.349365234375,3127.496588539173,3085.400434932549,3090.352923592152,721199
2023-09-06,3145.87060546875,3150.3278455962577,3091.1951749354735,3106.349597912397,1163154
2023-09-07,3142.651123046875,3152.7045778844035,3122.0487227054855,3142.8491742209726,805295
2023-09-08,3168.701416015625,3174.545255951953,3142.651277095616,3151.7638079373214,700158
2023-09-11,3182.7666015625,3190.938208341788,3156.3203588954993,3179.448337232913,544452
2023-09-12,3155.52783203125,3190.5417829751623,3147.405798712283,3185.4903894598174,591509
2023-09-13,3232.192138671875,3238.927571588561,3147.8513538341854,3147.8513538341854,1370306
2023-09-14,3230.360107421875,3271.069422043807,3209.212882593766,3246.4061234706933,1264935
2023-09-15,3217.731201171875,3232.9847703330142,3208.222325707302,3230.6076723772453,1397407
2023-09-18,3307.76708984375,3320.148311171208,3215.9480008434653,3226.0510290825255,1423507
2023-09-20,3275.229248046875,3317.176923972009,3268.6921080696798,3282.5095031481746,1201025
2023-09-21,3273.099853515625,3290.928813226105,3254.577593736108,3268.6426135880047,1091384
2023-09-22,3243.385009765625,3267.454154400138,3230.7065897035063,3267.454154400138,1019051
2023-09-25,3252.7451171875,3283.400974934535,3230.360012583251,3243.3849615855524,623515
2023-09-26,3231.597900390625,3276.566399348679,3224.0700211245316,3262.6994315158854,1054827
2023-09-27,3184.004638671875,3235.9066248267573,3155.725879118513,3215.948191591389,1464192
2023-09-28,3127.249267578125,3194.256348916703,3111.8965512435107,3186.926761717513,1214383
2023-09-29,3118.87939453125,3146.2665608623793,3113.1840324122013,3130.0224943293892,697564
2023-10-03,3165.87841796875,3181.974006327606,3084.8060807990805,3118.8793483250392,1007308
2023-10-04,3136.559814453125,3174.545502451005,3121.0586203504267,3155.726043934135,486969
2023-10-05,3185.93603515625,3200.2982526316937,3134.9254006745005,3143.7407339828555,1109881
2023-10-06,3278.300048828125,3288.2545999464774,3190.4925167842775,3199.30785035572,1102120
2023-10-09,3236.451416015625,3264.6806020466715,3218.1767807912533,3263.3929066004057,822467
2023-10-10,3238.135498046875,3267.850433319214,3228.329666135308,3263.690390745239,633934
2023-10-11,3249.328125,3264.6808413351623,3232.9849108367625,3258.440656654138,546575
2023-10-12,3253.78515625,3263.7397071469686,3231.598103054401,3260.718640601218,429096
2023-10-13,3252.546875,3275.5759468976016,3235.510362648501,3253.7849971450323,920545
2023-10-16,3270.029296875,3297.367132521168,3243.8802520296863,3252.7947321116,778014
2023-10-17,3277.012451171875,3296.8224074930285,3272.7039307644777,3286.422180424423,584625
2023-10-18,3251.556640625,3292.563152661264,3246.356527194711,3277.7552589715438,324535
2023-10-19,3253.438232421875,3269.583393588039,3208.2221083273384,3238.92753758271,698767
2023-10-20,3235.16357421875,3260.2232146627894,3213.174573406073,3241.5522360884106,657550
2023-10-23,3189.155029296875,3243.8304549966115,3179.200478861315,3215.353645588339,566920
2023-10-25,3157.55859375,3205.5481650921397,3148.7925912549126,3185.4410108448565,762466
2023-10-26,3071.33544921875,3159.588653009223,3062.6685939693057,3130.3196381662606,1124281
2023-10-27,3091.04638671875,3108.9249200873046,3057.91428420216,3065.689788536253,1050608
2023-10-30,3086.836669921875,3092.284407556226,3045.7805864780507,3075.495519029056,802316
2023-10-31,3159.34130859375,3175.337993650136,3058.5088228969125,3089.957129017953,1235478
2023-11-01,3143.245361328125,3182.3700211860782,3138.2435413092,3163.501233116233,756820
2023-11-02,3171.07861328125,3197.8220530933986,3149.7829112086133,3169.5928666250197,774180
2023-11-03,3243.385009765625,3256.756729915827,3174.5949866904034,3174.693891376844,1355614
2023-11-06,3236.005859375,3278.5476911727437,3214.462532401282,3278.5476911727437,1137606
2023-11-07,3239.125732421875,3255.2213210518585,3219.315777184972,3242.889672281035,433992
2023-11-08,3280.380126953125,3292.2165269067405,3241.1067453921146,3257.7471562448354,632305
2023-11-09,3252.546875,3289.3933416720165,3243.5332490558717,3289.3933416720165,1317398
2023-11-10,3225.407470703125,3243.8305839078325,3192.3742737484827,3232.0437573169834,1170763
2023-11-13,3233.727783203125,3247.198650389063,3219.712335668522,3243.880385937739,275538
2023-11-15,3264.631103515625,3269.5340191532973,3229.7656300890408,3244.1278478721556,747863
2023-11-16,3304.2509765625,3326.0915006830696,3228.2798462183723,3264.0862437574046,1055389
2023-11-17,3307.12353515625,3334.0154525505764,3295.0888423072724,3307.2720130916146,633405
2023-11-20,3314.05712890625,3322.080015916447,3280.7763064188216,3306.2816245229155,497379
2023-11-21,3362.195068359375,3369.4257503613976,3323.219126650403,3333.024957732374,1038863
2023-11-22,3397.259033203125,3402.360000230627,3363.780158635831,3367.692576647491,980779
2023-11-23,3376.012451171875,3409.243699213893,3364.027573429678,3401.2701439225657,517362
2023-11-24,3364.671630859375,3386.6113033793204,3350.408558515184,3373.6356847864513,589530
2023-11-28,3409.689453125,3413.20576859988,3365.0677216975364,3385.471830825103,733524
2023-11-29,3396.7138671875,3440.840588816913,3391.464180926476,3440.840588816913,819200
2023-11-30,3457.431640625,3466.742223009928,3389.7310207702076,3398.497022833831,1480088
2023-12-01,3456.342041015625,3466.7422678190824,3437.027334094919,3465.751770028277,655263
2023-12-04,3455.25244140625,3516.2672028373054,3445.0009342312746,3516.2672028373054,808838
2023-12-05,3511.611572265625,3516.2668631287197,3445.9415258661456,3455.2521075923355,713651
2023-12-06,3513.196533203125,3539.9895469284766,3488.6323813378112,3516.267173096665,474140
2023-12-07,3551.33056640625,3560.8394416156343,3485.6111852257613,3513.196402706055,820214
2023-12-08,3600.112548828125,3612.295719512261,3541.0294547932276,3541.0294547932276,1562141
2023-12-11,3596.002197265625,3609.9683127190156,3564.1082170519057,3600.0137616465563,620604
2023-12-12,3537.4638671875,3609.869355572366,3529.3914065696895,3602.440621818273,1075941
2023-12-13,3568.119873046875,3575.4494600929866,3518.991085073858,3550.9346393609962,717618
2023-12-14,3557.273681640625,3612.345455730765,3550.2908656475674,3612.345455730765,992762
2023-12-15,3566.3369140625,3580.649558956141,3550.7365736604092,3580.649558956141,906271
2023-12-18,3585.205810546875,3632.3533591160945,3559.7498245040447,3566.4852576770027,699850
2023-12-19,3576.142578125,3593.476288871184,3565.8910714332733,3576.3406293122366,577926
2023-12-20,3520.328125,3616.80250843649,3507.352507838864,3576.1425277236317,849001
2023-12-21,3545.98193359375,3564.7518175317255,3485.3635198528873,3490.613206275149,816722
2023-12-22,3592.882080078125,3603.8764599185347,3526.7167825685215,3545.981915280409,777099
2023-12-26,3621.953125,3630.1743048047706,3589.019074349316,3600.45937188686,526101
2023-12-27,3654.19384765625,3659.889209755328,3610.3643219372584,3633.1457703335705,666625
2023-12-28,3679.798583984375,3701.4903897273125,3645.7253135489655,3664.7428235157645,1033648
2023-12-29,3640.525146484375,3679.798529949203,3625.469628057603,3679.798529949203,709614
2024-01-01,3642.208740234375,3662.8607152517466,3632.650533581877,3653.946235414736,286683
2024-01-02,3663.1083984375,3672.6172738111036,3607.888147450441,3653.946294013638,453685
2024-01-03,3657.9580078125,3674.697324174916,3630.1744957090204,3672.7659017978303,356757
2024-01-04,3684.3544921875,3691.5851742441578,3651.6184926538394,3660.8797434951457,545228
2024-01-05,3677.272705078125,3714.3667998215246,3652.213062037845,3684.3546677148156,963628
2024-01-08,3670.834228515625,3740.9615174606406,3660.6816265953726,3734.1765111563714,1202148
2024-01-09,3658.898681640625,3718.278973277656,3650.132679841263,3701.4405115592235,572612
2024-01-10,3679.154296875,3694.556585158508,3654.936675398095,3672.7656347902807,556311
2024-01-11,3663.455322265625,3707.1361308978767,3657.5123353643044,3691.486217026915,392818
2024-01-12,3690.5947265625,3698.8159064968236,3613.286326505328,3664.8417842944846,990582
2024-01-15,3723.1328125,3739.129255500528,3700.4998406754894,3704.461831939596,661292
2024-01-16,3783.998779296875,3821.3404978505487,3720.3097226352156,3723.132738082768,1170685
2024-01-17,3793.656005859375,3818.368876684142,3763.8914997145885,3782.661383960859,723356
2024-01-18,3699.2119140625,3788.307138684208,3683.5126697516557,3755.323756927582,1293580
2024-01-19,3774.390869140625,3824.8071085052757,3705.154930474563,3706.640677117774,2566367
2024-01-23,3704.114990234375,3821.3405012506523,3670.537211640644,3750.0246598587273,1053510
2024-01-24,3732.047119140625,3744.0815703169174,3676.4800975195285,3728.2336059981158,636988
2024-01-25,3734.374755859375,3760.8705719998925,3694.6559391860405,3734.5728070551536,646135
2024-01-29,3829.907958984375,3838.178711775463,3724.8162947040737,3724.8658679548244,699215
2024-01-30,3700.252197265625,3850.015417917485,3679.6993676883617,3845.1125021174216,852445
2024-01-31,3662.4150390625,3739.129042172865,3618.5359399517934,3713.3761004254493,1386754
2024-02-01,3592.981201171875,3702.480781476151,3566.782582690107,3702.480781476151,1408462
2024-02-02,3578.07421875,3678.164071559695,3568.2188138312895,3600.4595661509325,2320153
2024-02-05,3518.2978515625,3590.207848644902,3501.3106687524305,3578.6190724436838,1771614
2024-02-06,3525.330078125,3543.95148475931,3498.04205773357,3518.2976889771217,1069901
2024-02-07,3542.51513671875,3585.6017880391096,3522.0118820407947,3544.0008833160036,900220
2024-02-08,3515.375732421875,3575.6969498897784,3469.7136884941533,3570.546409849654,1011857
2024-02-09,3557.471923828125,3563.71186638632,3499.2801792457344,3515.3757681727784,838509
2024-02-12,3551.18212890625,3584.2153262548736,3536.12661117058,3564.8014732399674,487283
2024-02-13,3526.12255859375,3574.4588991023247,3517.4061296789664,3572.7255279700967,796060
2024-02-14,3551.479248046875,3559.700427717898,3470.0108082889847,3512.3050137565924,1046318
2024-02-15,3587.63232421875,3597.4877281936806,3537.067367119943,3560.888885710702,759063
2024-02-16,3620.66552734375,3654.936847629771,3590.0592423398657,3613.335940420977,915502
2024-02-19,3659.938720703125,3674.2513646747507,3615.316749174509,3637.0581261923835,528874
2024-02-20,3651.66796875,3684.6020185964876,3630.669465031575,3664.8416370527425,744107
2024-02-21,3621.606689453125,3672.2705546589605,3605.4119538661134,3617.347500594023,660426
2024-02-22,3617.347412109375,3641.069785224039,3521.5663265695075,3641.069785224039,1017437
2024-02-23,3656.8681640625,3701.49013660488,3620.269320120641,3637.1077820746905,897831
2024-02-26,3588.078125,3654.9367236024846,3576.5389228583863,3654.9367236024846,546842
2024-02-27,3619.13037109375,3640.0793021861973,3586.641995896484,3595.506902567591,673959
2024-02-28,3560.542236328125,3634.136267987857,3548.1114411219905,3620.2692993991873,538608
2024-02-29,3589.960205078125,3619.2790373029156,3551.231885376232,3561.0377170741194,1692242
2024-03-01,3730.115478515625,3738.138607230826,3591.5449363590287,3595.5069274636717,1533727
2024-03-04,3696.933837890625,3728.3328111477326,3679.699273151137,3725.85656668397,787542
2024-03-05,3715.109619140625,3723.4297039228973,3672.7658382386026,3712.3857501937114,733660
2024-03-06,3774.539306640625,3778.748922084625,3667.5159762237263,3712.4351459838804,765602
2024-03-07,3750.916015625,3787.9112051195198,3732.294850473705,3775.8271803445036,838514
2024-03-11,3714.51513671875,3771.8155297698386,3706.4922498282313,3766.763894385598,597848
2024-03-12,3713.17822265625,3730.214736551442,3678.2136017482158,3726.252745328339,564569
2024-03-13,3591.247802734375,3726.252700397896,3555.8870798587045,3723.2812070163986,1027729
2024-03-14,3605.560546875,3613.3360514992096,3546.130677606921,3595.457517463578,1293906
2024-03-15,3598.676513671875,3621.2103383405747,3575.6970133628893,3600.162260353328,1207241
2024-03-18,3545.684814453125,3585.6019228981563,3531.223692121728,3584.6114251294002,785257
2024-03-19,3549.349609375,3572.3786825085886,3513.3451605575133,3544.9915159188763,554444
2024-03-20,3556.38232421875,3562.721413362891,3516.2671636197083,3549.3496931632103,526882
2024-03-21,3593.080078125,3602.4402332814775,3555.9364133606186,3572.6757282194726,767905
2024-03-22,3671.47802734375,3691.4860338880912,3586.8400414539155,3593.0802257548708,1281102
2024-03-26,3663.058837890625,3694.5071423735058,3630.1743599923607,3630.1743599923607,1158224
2024-03-27,3723.67724609375,3748.934939407035,3657.7102392385605,3663.8512770917587,1315714
2024-03-28,3765.67431640625,3801.8274835332786,3697.0823486378467,3724.2714629486845,1590738
2024-04-01,3702.876708984375,3796.1322176702947,3695.0518734515085,3786.623342498054,964052
2024-04-02,3720.260009765625,3745.517702621576,3698.617778822677,3718.3285874996122,677963
2024-04-03,3677.222900390625,3716.34756155303,3669.7941672585225,3709.5132237997923,801601
2024-04-04,3746.805419921875,3756.2647219401783,3644.0412768204556,3704.461640475266,1177617
2024-04-05,3718.774169921875,3765.7732390470196,3705.452023760606,3742.4965422925757,623873
2024-04-08,3713.27685546875,3772.112565916497,3684.998338640928,3762.554117698151,849267
2024-04-09,3644.38818359375,3725.262232378261,3629.530716567514,3719.3192455677668,745285
2024-04-10,3675.935302734375,3684.9985024890752,3646.467993859838,3654.9367982198623,567546
2024-04-12,3584.90869140625,3659.6912743780067,3575.1521914690525,3654.4911609925534,1910561
2024-04-15,3566.38623046875,3604.6192978304503,3555.8868577815465,3572.72531922508,854076
2024-04-16,3611.255859375,3618.486541733378,3548.953644016053,3554.896630860624,1116890
2024-04-18,3491.603759765625,3625.2218112157443,3467.732666958011,3611.2556960344027,1677946
2024-04-19,3529.193359375,3537.265820001978,3445.1990946025126,3491.604014900752,1507940
2024-04-22,3562.57275390625,3580.649337699616,3518.2479799471744,3533.105446078708,668659
2024-04-23,3598.478271484375,3613.335737510322,3570.8928128345724,3585.5522276776537,769991
2024-04-24,3575.449462890625,3610.216032684225,3546.0317263533693,3607.393017202758,652811
2024-04-25,3537.166748046875,3568.2682818669787,3507.3526678947874,3560.839548455736,1889163
2024-04-26,3550.736572265625,3559.106230336134,3522.507384882454,3553.906116870813,798783
2024-04-29,3570.59619140625,3579.1143276331923,3539.1972168072125,3550.934712795384,703524
2024-04-30,3555.144287109375,3585.1068460520673,3545.982182308717,3568.416861119323,963220
2024-05-02,3534.541748046875,3563.811005755122,3512.602318989327,3550.9345346392756,1435891
2024-05-03,3500.320068359375,3564.8015716773375,3458.8183073901814,3560.839580489033,1681592
2024-05-06,3248.98095703125,3455.648448698365,3226.051031841479,3442.970029684059,6891728
2024-05-07,3239.819091796875,3300.3386028817386,3196.336335984205,3298.3576073217855,3111444
2024-05-08,3228.874267578125,3249.823198784693,3207.6774701071367,3244.2763145180847,2054981
2024-05-09,3214.858642578125,3290.9289215441077,3202.2793689547325,3228.8743314598455,1860654
2024-05-10,3258.589111328125,3274.783604407242,3211.936570692766,3227.140807845126,1307103
2024-05-13,3222.73291015625,3276.566559640428,3199.802983953568,3276.071310765029,1294603
2024-05-14,3257.64794921875,3276.5665529486537,3219.117683519687,3219.117683519687,620163
2024-05-15,3237.49169921875,3275.031469883447,3229.0228944902146,3272.6047985876285,657036
2024-05-16,3302.220458984375,3316.186574440155,3220.4054872761194,3245.1679318283905,1404971
2024-05-17,3329.21142578125,3335.996432117624,3276.566566937381,3316.1369038057446,1194228
2024-05-21,3344.9111328125,3348.1798239774453,3319.158189533517,3323.120180807207,827674
2024-05-22,3351.696044921875,3370.76312738792,3328.072575891488,3352.5873962049745,626567
2024-05-23,3419.248046875,3427.5185585770782,3345.654010506806,3350.8541240602544,977789
2024-05-24,3379.974609375,3422.2194858047233,3371.8525757469906,3419.297565647304,878625
2024-05-27,3371.06005859375,3403.6475807532775,3358.084682726359,3391.4148364025336,804488
2024-05-28,3377.0029296875,3390.473795806086,3359.916843512316,3371.6543385696514,548576
2024-05-29,3348.2783203125,3385.521130471371,3339.066885181199,3372.991431324746,519533
2024-05-30,3240.76025390625,3333.0250252621013,3223.0797718284925,3333.0250252621013,2365535
2024-05-31,3211.0947265625,3297.1691306215976,3186.1838035783594,3266.6617499654712,2524214
2024-06-03,3230.21142578125,3301.2796440045827,3219.1178986178566,3278.5477675154166,1378542
2024-06-04,3208.172607421875,3263.8881053109944,3026.614323269717,3230.21118214246,2934800
2024-06-05,3286.124755859375,3302.3194907622246,3170.632863572432,3234.9656439200435,1396386
2024-06-06,3290.086669921875,3328.072354385491,3259.480386962516,3297.3669249253867,1825503
2024-06-07,3411.323974609375,3423.754770283924,3263.095834696119,3263.095834696119,2084099
2024-06-10,3389.68115234375,3419.1980319220543,3357.7871750335353,3410.2835526963017,1655552
2024-06-11,3378.29052734375,3405.628361161068,3369.574099038175,3385.7192602483765,1086157
2024-06-12,3350.16064453125,3386.412717698484,3338.8194934671656,3378.9346530168114,2054168
2024-06-13,3439.20654296875,3444.0601274649075,3357.7876690912212,3392.4055201473457,1753028
2024-06-14,3496.5068359375,3501.4097517235705,3445.9418744685436,3456.8373503579237,2346892
2024-06-18,3554.896484375,3590.5544039730776,3504.3810982777236,3521.021509120975,1585048
2024-06-19,3429.4501953125,3560.8396333155783,3423.1604374794542,3560.8396333155783,1862394
2024-06-20,3403.30078125,3456.8372343466526,3385.620541060761,3440.9892699485017,2377432
2024-06-21,3367.444580078125,3440.6422639124553,3351.2498458369932,3398.100435752046,2707405
2024-06-24,3379.925048828125,3396.4167394172105,3340.255566105955,3348.229121251178,645002
2024-06-25,3370.119140625,3390.870020859161,3352.7358561319547,3380.1232649830336,1299560
2024-06-26,3340.701416015625,3369.17822743374,3337.9775470973705,3369.17822743374,1485709
2024-06-27,3359.43359375,3371.258988810378,3340.0059510547903,3348.8998650820854,1462935
2024-06-28,3382.8857421875,3398.4873935987493,3345.272872309567,3359.433650911769,1005498
2024-07-01,3409.96484375,3413.4926648955093,3360.327640857108,3360.824510240644,1001832
2024-07-02,3378.364013671875,3428.398859286263,3364.1040074620505,3424.4239040870907,878947
2024-07-03,3339.210693359375,3405.4930206265944,3320.975489931672,3399.381624251513,980605
2024-07-04,3315.112548828125,3348.800196209364,3309.150116186348,3343.9309732633815,741143
2024-07-05,3248.880126953125,3311.1377673404545,3236.6073554105224,3311.1377673404545,2001382
2024-07-08,3136.4384765625,3183.9392416108085,3106.5270830621457,3183.9392416108085,5323920
2024-07-09,3195.019287109375,3201.876230571136,3145.1833820655293,3150.152076192015,2044328
2024-07-10,3204.8076171875,3232.3341333150493,3170.523628724564,3197.6030109163034,1437517
2024-07-11,3228.260009765625,3238.3463616877943,3209.776370771485,3226.6201951545236,1105185
2024-07-12,3209.62744140625,3248.532219365468,3199.888752397526,3245.5510028900635,1496692
2024-07-15,3204.0126953125,3232.0360818673694,3185.3303567385806,3221.45286034576,1243810
2024-07-16,3213.801025390625,3230.64484958445,3203.913372820021,3207.739121645585,501336
2024-07-18,3241.675537109375,3248.631708925215,3185.926691654763,3212.7079046233434,1086374
2024-07-19,3238.594970703125,3258.469748062457,3214.7452378719267,3241.6259227728287,1111191
2024-07-22,3234.0732421875,3252.9045442339957,3203.0189041781023,3229.651152977365,696255
2024-07-23,3445.143310546875,3468.148265751977,3211.912629932349,3234.719128520233,7159507
2024-07-24,3456.62109375,3530.2572390462738,3440.4728375545033,3448.2737845152906,3862140
2024-07-25,3384.4755859375,3432.771145085304,3363.259165936619,3393.6179341924253,1476422
2024-07-26,3472.2724609375,3479.7752376807207,3371.755874600109,3384.4757802386,1830745
2024-07-29,3390.338623046875,3477.638673867616,3366.7870619564183,3473.117113795065,2213293
2024-07-30,3446.534423828125,3457.217115403459,3389.2454818665988,3403.5054873790305,1316880
2024-07-31,3437.292724609375,3477.9862793653515,3424.9704607102985,3457.2669712486936,1361595
2024-08-01,3446.634033203125,3470.135858568154,3420.9457884080384,3453.2422991192257,879399
2024-08-02,3440.671875,3456.1243203452127,3388.649548089359,3393.6182424413964,1168195
2024-08-05,3354.8125,3437.342557010321,3295.7347760406847,3299.262597352156,1932064
2024-08-06,3314.21826171875,3394.959536606987,3300.305918968777,3359.78103865771,976535
2024-08-07,3305.423828125,3347.7571999020524,3296.2814792873896,3338.962514092447,1277139
2024-08-08,3275.85986328125,3338.9125398688734,3263.338657703961,3316.106283564244,1280733
2024-08-09,3310.839599609375,3329.025068656079,3264.5315158633402,3329.025068656079,1019809
2024-08-12,3300.0576171875,3324.0563123529555,3274.717277586603,3310.7898022229747,874598
2024-08-13,3362.364990234375,3383.4322044284368,3284.704156870388,3309.1502285767515,1314371
2024-08-14,3380.848388671875,3394.810467447006,3335.8322147580275,3368.7745591991966,997803
2024-08-16,3423.181640625,3428.498240108976,3349.0983665249537,3388.649218239713,1161982
2024-08-19,3443.156005859375,3482.2594823860104,3414.6852434436632,3414.6852434436632,1135205
2024-08-20,3453.142822265625,3461.29167442837,3432.7711770827814,3458.2109871364046,526591
2024-08-21,3538.107666015625,3559.5725219869882,3432.9205554543278,3453.1429952646795,1990034
2024-08-22,3581.832275390625,3602.3033930968973,3531.4497633530273,3552.566714278078,1531544
2024-08-23,3547.6474609375,3600.1666527471625,3521.8102525385157,3588.8378850357876,1173387
2024-08-26,3607.470703125,3617.2093923190328,3551.672364076756,3569.5099278049356,1156681
2024-08-27,3529.01513671875,3635.8917999413597,3508.39505531448,3607.470771418856,1169007
2024-08-28,3505.413818359375,3557.53537289096,3497.861306000736,3537.362425569775,727481
2024-08-29,3511.077880859375,3531.4992617288835,3488.023189213755,3514.8541368230913,927472
2024-08-30,3542.82763671875,3575.472051970115,3520.3195508905314,3527.772591576962,2116894
2024-09-02,3565.087646484375,3579.3973880231874,3529.7601839586705,3542.827752009322,718800
2024-09-03,3598.47705078125,3612.1409588719416,3537.8589857970906,3565.0875736686535,1112614
2024-09-04,3585.111328125,3594.8500166371855,3545.858646533523,3563.6467161636992,529856
2024-09-05,3699.540771484375,3730.445904124736,3577.8572553202366,3593.9560187655698,3437885
2024-09-06,3672.36181640625,3718.5706716255413,3642.052782337683,3691.6899879701955,1408795
2024-09-09,3661.48046875,3701.130551175434,3630.873264145304,3666.9957678002197,923357
2024-09-10,3704.06201171875,3726.520606284096,3643.0465447033325,3680.808620180345,1109078
2024-09-11,3687.8642578125,3720.061298761515,3676.933130715832,3708.5338313238576,831810
2024-09-12,3740.68115234375,3750.3701053185396,3687.864033941365,3712.6080321860263,1337327
2024-09-13,3743.4140625,3776.058479150094,3716.583114879214,3753.3514505076982,1003355
2024-09-16,3717.22900390625,3765.276372690188,3712.011875123821,3744.407857560472,386602
2024-09-17,3743.8115234375,3753.351513128861,3703.9627424289965,3736.3584823073793,392339
2024-09-18,3702.02490234375,3762.295062977119,3684.7834372739453,3745.4015035289917,420638
2024-09-19,3757.276611328125,3771.238689782396,3717.676266305652,3726.5204444490078,945257
2024-09-20,3773.425048828125,3795.08860391385,3716.5832360926415,3769.2513942511737,1951755
2024-09-23,3796.181640625,3805.0258187923278,3757.3263569740902,3773.424876815344,530107
2024-09-24,3761.201904296875,3815.857538547131,3757.87302486884,3794.0947557722884,1281513
2024-09-25,3713.850341796875,3779.7352729632357,3686.8206948756024,3776.2074516899124,942343
2024-09-26,3734.0234375,3753.500573252785,3678.224855906362,3714.5957945997397,1863893
2024-09-27,3792.802978515625,3842.788090642717,3727.713084557234,3750.370378610193,2164755
2024-09-30,3800.00732421875,3839.359476588687,3762.2949863878966,3762.2949863878966,1068609
2024-10-01,3752.307861328125,3813.919665088962,3733.4765601526574,3800.0073223042573,774221
2024-10-03,3651.940185546875,3758.3199676866348,3627.196187616689,3666.0017344833946,1597560
2024-10-04,3647.120849609375,3730.2967382520783,3602.303132897351,3602.303132897351,1542987
2024-10-07,3566.777099609375,3724.533139050202,3530.0584983217723,3716.5334929372552,2523321
2024-10-08,3471.4775390625,3572.490991184283,3458.2110290184437,3566.776993075991,1360120
2024-10-09,3471.576904296875,3536.517834577236,3464.7699388057326,3495.973241356889,1063802
2024-10-10,3425.666259765625,3509.4384935656403,3393.7176526980365,3488.0233727688283,1488328
2024-10-11,3452.64599609375,3469.142157249222,3422.734603725351,3442.3112095993424,858463
2024-10-14,3475.899658203125,3502.9293053132096,3430.9329770498134,3452.6460244814966,593206
2024-10-15,3486.532470703125,3507.3512493892836,3455.2296994826183,3501.8856861603062,578719
2024-10-16,3449.267578125,3488.0233936095506,3418.4616735090754,3486.0359158923943,591644
2024-10-17,3382.041015625,3465.1671685513224,3358.93658870535,3465.1671685513224,560796
2024-10-18,3360.278076171875,3400.922139377966,3275.4626136589245,3373.7432856724404,1249585
2024-10-21,3342.192138671875,3398.4378538089536,3314.6158859852935,3396.5496044541915,714746
2024-10-22,3308.951416015625,3400.0772130092096,3298.4674234344056,3353.768889126404,882086
2024-10-23,3268.009521484375,3314.1189048549436,3261.947617747032,3309.150210844666,877837
2024-10-24,3310.04443359375,3321.969299055836,3258.6681867503307,3280.381476324016,764369
2024-10-25,3246.09765625,3321.4231088426777,3212.111836445183,3311.137814804105,805013
2024-10-28,3262.494140625,3294.2440460304033,3233.675716089591,3249.525801061665,736462
2024-10-29,3262.842041015625,3277.3507252614095,3206.795266955297,3265.2271598213556,702769
2024-10-30,3287.735107421875,3301.001617539828,3214.844511497293,3240.5822495532016,895278
2024-10-31,3246.594482421875,3279.2386573130584,3233.2287437246314,3270.394478799884,1170306
2024-11-01,3273.077392578125,3296.82789514272,3261.7986029185363,3283.312950601494,176636
2024-11-04,3201.826416015625,3297.225340887599,3170.1262453165136,3297.225340887599,1122152
2024-11-05,3210.02490234375,3238.495423192958,3165.058219631559,3185.9267353653936,872402
2024-11-06,3157.15771484375,3188.8578836290926,3094.502438716635,3125.3083396800957,4522923
2024-11-07,3101.309814453125,3166.101535344512,3088.6396448208275,3160.089367114235,1608603
2024-11-08,3166.30029296875,3172.9085590304935,3086.5527532243036,3101.4588354195275,1719882
2024-11-11,3186.52294921875,3209.826075674043,3138.475580951276,3171.616867143465,1054929
2024-11-12,3178.423828125,3218.7199851368437,3165.0580897378345,3181.6037437743908,992983
2024-11-13,3167.890380859375,3201.429065891212,3142.4008346679693,3155.120740032077,911537
2024-11-14,3163.76611328125,3175.144373818324,3116.364821879025,3125.358206382933,1161637
2024-11-18,3152.437744140625,3187.1191323201265,3137.730360909918,3163.7662697765372,943251
2024-11-19,3204.509521484375,3262.4445431613026,3152.4377044074477,3172.0143106216506,1174506
2024-11-21,3158.549072265625,3213.7015762231313,3128.637679650474,3204.80766239563,1582159
2024-11-22,3287.983642578125,3296.2317234504353,3132.413779070443,3154.9718447676346,2207527
2024-11-25,3288.38134765625,3348.7509831990396,3277.4004847676256,3338.962558416016,1892510
2024-11-26,3306.665771484375,3322.8140265667553,3275.0648299392233,3289.275342934119,721345
2024-11-27,3271.040283203125,3309.050792991372,3259.612286796201,3304.1815698280107,732835
2024-11-28,3192.237060546875,3284.306867051949,3180.312194463782,3271.3882621285984,1701387
2024-11-29,3228.657470703125,3239.588597873865,3192.2370394926947,3192.2370394926947,1139585
2024-12-02,3286.145263671875,3289.175972936881,3201.876164503094,3228.657376769841,915980
2024-12-03,3311.883056640625,3317.7957541048727,3256.084718870228,3269.400722030652,1162310
2024-12-04,3343.384521484375,3361.8184251015564,3317.100178240909,3321.075133517411,1630076
2024-12-05,3419.505126953125,3443.702522444537,3332.6027128235,3353.818891757381,2383630
2024-12-06,3448.373291015625,3477.73808003365,3408.524265963487,3432.3242629716433,1278516
2024-12-09,3446.48486328125,3466.409374776279,3425.318178284187,3445.789294642513,926422
2024-12-10,3453.987548828125,3494.929537854949,3414.536167964501,3448.273550869192,1063355
2024-12-11,3451.3544921875,3468.8938858208367,3438.634586402757,3462.9314527291153,554702
2024-12-12,3424.175537109375,3451.354390866056,3390.6368519530397,3448.770572890687,926472
2024-12-13,3486.880615234375,3495.97322854807,3359.0857037520223,3398.5868225225695,1242351
2024-12-16,3416.672607421875,3489.0168387587555,3407.5302592149737,3483.0544061092105,1295227
2024-12-17,3384.77392578125,3427.8026230290257,3376.3271457265655,3400.6240115967535,1005604
2024-12-18,3380.599853515625,3402.561577565156,3368.774459096343,3379.90428489308,646145
2024-12-19,3335.832275390625,3378.6622732277083,3311.137768517588,3328.6276689015035,732634
2024-12-20,3335.23583984375,3397.5929494006054,3312.280376571641,3329.0249723580077,1235769
2024-12-23,3375.68115234375,3384.9727076755817,3315.7586509114617,3356.9493205087874,691202
2024-12-24,3332.403564453125,3397.592926182805,3317.298783353421,3364.153712912882,485245
2024-12-26,3302.243896484375,3350.738400335632,3291.90886699462,3343.9311922456873,637094
2024-12-27,3288.48046875,3324.0563671812492,3280.431329840628,3299.06393279568,568989
2024-12-30,3236.955322265625,3297.175750676762,3227.1171621375915,3289.2258399205443,941859
2024-12-31,3232.78125,3255.140372791297,3210.571333594517,3229.651069854022,616440
2025-01-01,3233.477294921875,3249.4266095760267,3223.738605546574,3227.663825531203,357376
2025-01-02,3367.731201171875,3379.6560672797646,3230.644976395669,3243.5635813458825,1152493
2025-01-03,3430.03857421875,3460.148909629827,3356.8000701439546,3373.7433659089947,1630862
2025-01-06,3448.671142578125,3506.4074657127476,3419.654017230949,3468.148520713473,2145936
2025-01-07,3483.154052734375,3554.3056070408834,3463.179805306024,3468.148499431283,2389563
2025-01-08,3462.23583984375,3492.4951388754093,3370.066562811258,3465.8131540858853,1317377
2025-01-09,3465.217041015625,3484.4954773025356,3439.876700811562,3464.1238312561322,826237
2025-01-10,3418.7099609375,3466.160989390306,3407.281964556196,3440.323780180401,570060
2025-01-13,3361.570068359375,3445.292565812417,3331.5094683836537,3358.8372865434003,1282557
2025-01-14,3301.697265625,3407.5304511145596,3289.2755302389014,3378.712025018811,1133561
2025-01-15,3302.69091796875,3319.5844776514546,3262.4444963717183,3301.2003097614524,1169593
2025-01-16,3296.132080078125,3317.9448405061344,3261.4506935142604,3306.16893885495,1170734
2025-01-17,3336.37841796875,3346.912145876464,3264.481564202768,3299.113214444294,559153
2025-01-20,3361.0732421875,3386.3638475238195,3326.5408169776497,3352.974367564388,722342
2025-01-21,3332.354248046875,3391.332502844065,3314.268007004736,3379.65607143241,1016047
2025-01-22,3335.4345703125,3363.8058617754314,3313.7710157969796,3333.7949983257163,598329
2025-01-23,3377.27099609375,3411.505248712668,3304.678329331191,3335.4344962028053,713603
2025-01-24,3380.848388671875,3426.063504436938,3359.2843050601705,3385.6681189355936,564244
2025-01-27,3298.56689453125,3380.649571646916,3286.542558328304,3366.786964280382,618309
2025-01-28,3305.07568359375,3349.744435469127,3278.8908125279136,3298.5668887290312,579957
2025-01-29,3349.645263671875,3353.8686538285483,3288.3316245079927,3318.2927541040503,570137
2025-01-30,3347.3095703125,3368.774424753964,3324.254879408856,3349.545482541319,688608
2025-01-31,3468.39697265625,3505.3640088363204,3371.159530500228,3378.712042699305,1212261
2025-02-01,3529.76025390625,3612.3895389313498,3386.661865234375,3504.916783650716,2186692
2025-02-03,3557.883056640625,3619.7432966359775,3529.511765517945,3542.6788045531002,1543897
2025-02-04,3575.174072265625,3591.372063409382,3497.9606151635376,3567.5223319423576,1279779
2025-02-05,3469.042724609375,3629.134144398599,3450.4598573321464,3573.484770880986,2165947
2025-02-06,3389.394775390625,3482.309357666964,3376.575641297843,3469.0428470030197,1059617
2025-02-07,3403.35693359375,3432.2745891698332,3366.985993873859,3393.5187732045847,740155
2025-02-10,3306.6162109375,3403.5554820208176,3290.269255757935,3393.6180937521435,904436
2025-02-11,3261.251953125,3327.037411362515,3251.1158661647555,3313.820637161762,903965
2025-02-12,3235.06689453125,3296.6289640331374,3192.485332958168,3262.196012013508,774619
2025-02-13,3211.266845703125,3257.425963197407,3195.0688551770227,3229.899447701248,727243
2025-02-14,3193.13134765625,3232.6324667939875,3166.499098054817,3216.0370765843113,587411
2025-02-17,3212.956298828125,3218.223163087556,3156.114486943362,3175.2439591957736,712614
2025-02-18,3201.677490234375,3223.6887078873824,3172.3124598013455,3214.5463593343957,592636
2025-02-19,3190.19970703125,3233.278138293735,3171.8155392953954,3199.8389248352146,521953
2025-02-20,3171.4677734375,3198.4974213719756,3168.1883867420183,3189.9016774479605,653151
2025-02-21,3159.98974609375,3185.876688988224,3142.450354245378,3171.4674771496416,407794
2025-02-24,3153.13330078125,3167.989647735266,3111.3962700113752,3111.3962700113752,431232
2025-02-25,3178.771728515625,3191.3921627792406,3116.9114880880966,3120.339838432762,642281
2025-02-27,3202.919677734375,3207.788900892286,3157.0584857681015,3178.7717759617603,604023
2025-02-28,3057.982666015625,3197.801664079753,3040.8406720311355,3181.951579033888,1322618
2025-03-03,3062.703125,3082.6773728600265,3038.6049579716905,3070.653035772226,516171
2025-03-04,3029.412841796875,3050.7782267726443,2998.1100684602825,3030.9034500509983,1186136
2025-03-05,3067.224609375,3087.9936537086965,3016.692893234648,3029.412798677857,579883
2025-03-06,3101.558349609375,3112.0421001433083,3027.9222054930115,3071.8454131185536,1399483
2025-03-07,3060.069580078125,3105.0362594446333,3055.3988137670276,3101.5581737477764,1020056
2025-03-10,3007.8486328125,3063.6967045613756,3002.184370204185,3060.715488176788,855408
2025-03-11,3027.325927734375,3036.7664467848617,2991.1539307331095,2996.1226249702077,576260
2025-03-12,3000.047607421875,3034.6795005579197,2977.291086662101,3018.3820391830736,489535
2025-03-13,2991.302734375,3030.406452972341,2981.5145528191442,3000.4948182215303,785215
2025-03-17,2998.4580078125,3017.388538763107,2966.3601945237288,2966.3601945237288,632348
2025-03-18,2998.4580078125,2998.4580078125,2998.4580078125,2998.4580078125,0
2025-03-19,3057.038818359375,3075.6216860011787,3039.052048449746,3068.715249639024,730983
2025-03-20,3173.107421875,3184.9328164106287,3060.715467876673,3080.590243642106,1542807
2025-03-21,3142.897705078125,3170.026823279377,3135.1962292535436,3166.995871367945,1181974
2025-03-24,3059.8212890625,3156.0647479403924,3055.746862867204,3148.36327210715,1481216
2025-03-25,3034.580078125,3080.5404969144824,3026.928338005693,3065.684150606554,1174346
2025-03-26,3038.3564453125,3058.479656438445,3015.550187892165,3049.73470629094,1010449
2025-03-27,3068.317626953125,3078.304750800187,3028.4688451055345,3028.4688451055345,1635143
2025-03-28,3044.169921875,3092.3165193489804,3031.9468858241025,3074.627919769082,778417
2025-04-01,2968.248046875,3056.442364980934,2963.329088359381,3034.5801114786177,1068622
2025-04-02,3079.0498046875,3085.558842071597,2952.546812333952,2992.147398865565,1674921
2025-04-03,3107.968017578125,3131.2711453036954,3048.7908199910307,3051.772036568597,1115568
2025-04-04,3056.939208984375,3095.396851530666,3030.9033012793934,3079.5965018573243,901801
2025-04-07,3003.27734375,3028.915853234823,2906.6859812046773,2906.6859812046773,1378989
2025-04-08,3102.750732421875,3207.0435719228044,3081.58404726396,3129.979078748573,2830156
2025-04-09,3154.27587890625,3168.2876928708306,3071.3484255169224,3118.2033549683465,1215988
2025-04-11,3214.645751953125,3222.247999824843,3181.2065362467592,3201.8266176609322,814920
2025-04-15,3252.904541015625,3264.4320083181146,3224.781926631751,3249.5259260883518,1121769
2025-04-16,3251.61279296875,3265.425665109895,3224.7818456291375,3229.651068657078,889943
2025-04-17,3306.665771484375,3313.9201130591687,3191.0939035108445,3229.651016476099,1083612
2025-04-21,3315.212158203125,3332.503116541597,3269.4007017807826,3293.250433343925,672129
2025-04-22,3316.503662109375,3337.7698172786327,3299.3121755393727,3315.2119958025914,609213
2025-04-23,3336.279296875,3352.576516028624,3294.740966822458,3335.981126714822,628656
2025-04-24,3361.421142578125,3373.7434073155578,3323.0627257918186,3335.7826316378287,901747
2025-04-25,3344.1298828125,3398.0899501366057,3295.237980597451,3361.421084128324,704325
2025-04-28,3348.005615234375,3376.128230252462,3330.018845226689,3334.987539415329,384147
2025-04-29,3357.446044921875,3376.7244808163978,3332.999973118952,3354.762756041738,575435
2025-04-30,3358.5390625,3387.6556586310544,3333.298193358469,3352.8747997128708,708818
2025-05-02,3321.0751953125,3360.32787939833,3303.1878962354126,3341.0494429933888,514587
2025-05-05,3301.00146484375,3387.158566900873,3286.294082658409,3336.67658931919,565178
2025-05-06,3278.642578125,3304.4797877663386,3225.179380421673,3301.001701853081,650789
2025-05-07,3317.994384765625,3359.8308853218314,3239.7871896693264,3259.463266446497,1047443
2025-05-08,3348.2041015625,3391.1335681000023,3304.1814253282073,3328.9254237693217,1597339
2025-05-09,3488.3212890625,3507.8978945123063,3333.19856841051,3345.9184733209445,2863992
2025-05-12,3540.592041015625,3562.5537665796564,3508.196300169869,3515.0530011695228,956930
2025-05-13,3540.89013671875,3565.932306614644,3517.9349154025217,3540.5919665485094,996541
2025-05-14,3565.137451171875,3587.3971034671426,3527.772774877661,3532.7414689267844,588159
2025-05-15,3614.029541015625,3642.0529283951964,3531.6484438074917,3574.478685794685,1227751
2025-05-16,3610.94873046875,3633.0096839260373,3590.7757837396916,3631.121677197808,525064
2025-05-19,3595.048828125,3626.6497706622154,3588.788225127965,3594.3532594835547,376760
2025-05-20,3558.18115234375,3597.334363006812,3552.7155890850377,3595.0487153034946,811416
2025-05-21,3558.081787109375,3600.415157197291,3544.964483421236,3547.6475296691715,415016
2025-05-22,3518.8291015625,3552.6162208658393,3494.085102411624,3542.6788328354455,709846
2025-05-23,3557.28662109375,3583.720169380776,3500.9416814419365,3508.891591589974,416717
2025-05-26,3587.6953125,3617.2093069491325,3548.044987991232,3553.6100224313454,525514
2025-05-27,3566.926025390625,3616.215567934066,3539.8963779944224,3592.3658362411784,1019733
2025-05-28,3552.31787109375,3579.0495891111345,3522.8038786581396,3572.4908162978877,449324
2025-05-29,3565.8330078125,3577.4597033259065,3537.809621992183,3557.584927196318,513095
2025-05-30,3532.741455078125,3582.4283953745826,3519.922321526444,3557.584925226354,962944
2025-06-02,3503.42626953125,3519.822960340289,3454.136726175635,3503.0288710412938,726392
2025-06-03,3497.761962890625,3557.5849916012935,3481.5639715293664,3503.4262256676984,676943
2025-06-04,3477.88720703125,3497.761983638535,3464.1735626498194,3484.147810184949,410354
2025-06-05,3482.060791015625,3512.866694132487,3452.447325948626,3476.7939267990487,608651
2025-06-06,3537.61083984375,3548.5419672085,3464.3723350223286,3501.9357121254207,602422
2025-06-09,3511.7734375,3557.5848930842412,3499.153003301126,3542.48011189299,540262
2025-06-10,3502.13427734375,3522.804093182995,3484.147750390053,3522.804093182995,561695
2025-06-11,3519.425537109375,3526.779107406017,3483.0545988892895,3502.9293754878017,505077
2025-06-12,3431.08203125,3537.511557652593,3423.9271601517125,3525.785390862945,811822
2025-06-13,3400.474609375,3419.256417746883,3361.8182681604344,3388.3510448700417,821750
2025-06-16,3416.573486328125,3432.0756661362175,3374.9356847849504,3389.643067637766,534665
2025-06-17,3384.376220703125,3416.07663434688,3374.1406624255987,3406.5366447147753,1000345
2025-06-18,3446.087646484375,3458.2112119809835,3368.7747151194067,3384.674536783687,972739
2025-06-19,3483.451904296875,3499.550667001118,3446.0874708572796,3457.0185976943762,1022566
2025-06-20,3496.967041015625,3522.804251321509,3467.1548752780664,3478.086002715171,2941214
2025-06-23,3483.750244140625,3506.40753848347,3451.25503221003,3458.409903420396,643325
2025-06-24,3503.923095703125,3544.6663875136264,3484.147790137469,3501.0413501564576,968797
2025-06-25,3629.332763671875,3642.0526687180395,3527.7727077623576,3527.7727077623576,2697912
2025-06-26,3671.566650390625,3677.3303838816832,3621.1841423766664,3632.11526904136,1620497
2025-06-27,3643.245361328125,3685.8769040047696,3636.587359486121,3676.8337833306864,601285
2025-06-30,3667.094970703125,3675.3430514892466,3629.134196035887,3643.2452388562297,921775
2025-07-01,3677.330322265625,3703.1675303128904,3644.0400734354944,3675.839714109052,947173
2025-07-02,3684.783447265625,3698.596319454098,3665.902410184167,3681.8022308843424,583514
2025-07-03,3655.666748046875,3689.652565303872,3649.207446071259,3678.820909804947,528710
2025-07-04,3663.8154296875,3666.9955878893807,3622.277342560526,3643.046386124013,629926
2025-07-07,3643.14599609375,3672.8586898570397,3625.0597554252945,3652.4870439852675,829472
2025-07-08,3430.045166015625,3570.0856562336476,3423.765721700407,3570.0856562336476,3952270
2025-07-09,3420.875244140625,3450.1789926462607,3409.4128554607373,3430.045106416105,1868271
2025-07-10,3408.615478515625,3433.733012405282,3402.8343989409673,3420.8752996231224,496586
2025-07-11,3350.605712890625,3411.0073696883373,3346.0206602254875,3396.853860604248,856956
2025-07-14,3393.564697265625,3398.8474119996263,3333.063268541569,3360.971693038927,755781
2025-07-15,3403.8310546875,3410.808160802526,3376.6202921704703,3406.821243022511,686088
2025-07-16,3406.12353515625,3411.007412034061,3377.4176788587424,3405.824467658351,669532
2025-07-17,3422.0712890625,3436.7231633934557,3405.326185537628,3407.219874166674,559482
2025-07-18,3391.7705078125,3432.736185058154,3380.906254273304,3432.736185058154,293360
2025-07-21,3421.772216796875,3427.8523638052948,3354.193911123252,3379.909579714012,561799
2025-07-22,3461.043212890625,3478.5857483855316,3419.081049438312,3438.716570753606,1752275
2025-07-23,3460.04638671875,3470.5120455545466,3432.736098141243,3461.0431161316833,584590
2025-07-24,3473.00390625,3478.386391142719,3446.6903468038554,3456.059506048824,630718
2025-07-25,3451.474609375,3468.61830635869,3435.726236212185,3465.0299831876705,624410
2025-07-28,3381.903076171875,3451.2755443020064,3370.9390520522493,3441.7068440971075,603916
2025-07-29,3368.14794921875,3385.88978125673,3344.6252813183346,3378.9126754372433,511042
2025-07-30,3365.45703125,3382.4014321181326,3334.3591206780934,3368.9455843699097,443735
2025-07-31,3336.3525390625,3353.496236946449,3304.656493861183,3329.076365403816,553157
2025-08-01,3305.15478515625,3336.352464939091,3296.1842202990706,3329.076291442061,422977
2025-08-04,3345.322998046875,3353.994495324754,3297.280688713921,3304.1580243689627,450434
2025-08-05,3407.0205078125,3431.739446481727,3337.0501501077033,3345.323053090916,837335
2025-08-06,3406.522216796875,3451.0759748599594,3388.8801540749737,3425.759143986966,635456
2025-08-07,3404.528564453125,3425.758949351166,3366.652847235975,3368.945373525441,509599
2025-08-08,3448.883056640625,3478.3863445205566,3391.969953321262,3438.816235602496,2184271
2025-08-11,3456.557861328125,3475.894558098457,3391.6709220342127,3461.6412787114637,563586
2025-08-12,3475.396240234375,3522.4418208655648,3448.783613006621,3456.5579079205527,929276
2025-08-13,3455.461669921875,3483.4696211697365,3451.8733466024055,3475.3962587141527,360474
2025-08-14,3477.987548828125,3494.334057359091,3452.770489117713,3465.1298366173446,597987
2025-08-18,3543.173828125,3563.108416734523,3482.0742653683837,3484.566088944574,1253006
2025-08-19,3556.430419921875,3565.600282121353,3533.405872471029,3543.373166892668,537433
2025-08-20,3583.242431640625,3591.116497088175,3540.383064586231,3548.356900317281,517031
2025-08-21,3604.47265625,3613.1441535500912,3576.4644621642437,3583.2422709000216,673486
2025-08-22,3609.1572265625,3629.4904093752903,3595.900676620036,3604.472646961157,691835
2025-08-25,3639.457763671875,3657.5984340728096,3603.6752742720814,3617.828783588623,700503
2025-08-26,3582.24560546875,3660.7879339677133,3577.361728552188,3650.820639572976,960778
2025-08-28,3625.802490234375,3638.9592696478444,3540.4825995873557,3540.4825995873557,989246
2025-08-29,3616.931884765625,3630.0886648660667,3591.8143512389356,3625.802679553231,660956
2025-09-01,3606.76513671875,3641.4511254779923,3598.5917608912955,3619.1244840534064,297533
2025-09-02,3608.7587890625,3643.843617472107,3594.3062118570588,3602.180277273507,536300
2025-09-03,3678.52978515625,3685.805715427277,3578.258705704116,3593.2096473714037,791874
2025-09-04,3679.028076171875,3727.7680476939026,3664.7747967328514,3727.7680476939026,635811
2025-09-05,3653.3125,3687.89896322997,3648.0297852491053,3682.915315982362,454120
2025-09-08,3646.036376953125,3671.5527485518783,3628.0952466127324,3641.0527296363493,548987
2025-09-09,3618.2275390625,3655.8041892599585,3607.3630424567327,3655.8041892599585,428367
2025-09-10,3608.7587890625,3636.7667409518913,3596.3991977228993,3620.121407597503,408800
2025-09-11,3572.4775390625,3632.0820070563877,3568.2913241662645,3608.1605009725913,495417
2025-09-12,3560.2177734375,3586.431806260404,3552.2439379532498,3578.158903277064,275049
2025-09-15,3522.54150390625,3564.802733537658,3503.503874845482,3544.3697806402656,362285
2025-09-16,3545.167236328125,3558.623083447279,3490.546415650095,3513.471192223468,724742
2025-09-17,3511.477783203125,3561.0151872242204,3501.709786117043,3550.250460707766,659866
2025-09-18,3499.816162109375,3534.402625313015,3491.941853458858,3518.4549541328097,829442
2025-09-19,3455.8603515625,3499.8162182954693,3448.6839480846274,3492.5400445342584,2337255
2025-09-22,3446.19189453125,3465.628117797587,3428.7491300614606,3446.889556441614,817833
2025-09-23,3427.951904296875,3453.966640495214,3393.863805491645,3453.8668702125237,1144975
2025-09-24,3407.120361328125,3426.1577480062724,3399.844187602673,3418.7820473401257,690454
2025-09-25,3367.450439453125,3408.71494125593,3358.978239146672,3396.853958163756,1139904
2025-09-26,3316.41796875,3390.873610470201,3292.2971645749917,3376.620330576102,7524068
2025-09-29,3390.076171875,3406.8212753785265,3316.1188950217547,3316.1188950217547,1452636
2025-09-30,3355.988037109375,3463.1364523125994,3344.0272837843636,3440.7100398282037,1733728
2025-10-01,3397.153076171875,3403.7313446199823,3340.0404292943817,3358.978289084472,798754
2025-10-03,3442.005859375,3447.6871685732563,3366.952083099294,3368.8457717179963,1655328
2025-10-06,3414.197021484375,3447.9862964462977,3389.8769198082055,3442.0059196398147,1184781
2025-10-07,3407.0205078125,3434.6298645078646,3399.844104545214,3413.7983166424383,996165
2025-10-08,3553.9384765625,3568.291282709167,3448.6837536798093,3462.637965399901,4531362
2025-10-09,3538.987548828125,3550.0510992999293,3514.8665023755325,3548.15741075332,597739
2025-10-10,3520.3486328125,3560.018513429724,3511.7769055826234,3537.2930333936433,825274
2025-10-13,3522.043212890625,3533.4058310612695,3498.0219362791327,3506.4941364382357,606122
2025-10-14,3525.83056640625,3537.791319491826,3495.031724547749,3521.4450542783966,925998
2025-10-15,3537.392822265625,3550.2505348490877,3499.5171031204873,3521.3453807646406,1005045
2025-10-16,3628.394287109375,3640.0559730753866,3528.422274010643,3537.39283911406,1528118
2025-10-17,3662.78125,3702.8497232357654,3621.1179123864163,3623.1113711876196,1123500
2025-10-20,3724.977294921875,3737.635710414741,3664.1767977691916,3667.964418391396,707974
2025-10-21,3716.803955078125,3733.7483549805997,3706.836661017846,3724.977087539126,156306
2025-10-23,3759.96240234375,3787.571758334762,3726.0736024007547,3752.6862289816786,1622402
2025-10-24,3702.75,3768.6339115536503,3693.9789758369843,3762.6535350740623,563296
2025-10-27,3727.56884765625,3741.622586903039,3697.8662613628567,3701.853179164865,856124
2025-10-28,3704.84326171875,3757.6699210868137,3676.037878758682,3737.7353326460347,1482961
2025-10-29,3736.041015625,3741.2239600542875,3702.0524443204167,3721.9870331577913,789557
2025-10-30,3738.43310546875,3761.5571800775697,3707.933330254909,3732.751796263028,544151
2025-10-31,3734.446044921875,3770.6273713006426,3727.2696418130463,3746.606095098244,900994
2025-11-03,3712.31884765625,3749.6962021433246,3655.3059716137295,3717.800859647688,1119367
2025-11-04,3801.027587890625,3814.4834348649333,3702.8497414484523,3712.318670800743,2524600
2025-11-06,3762.055419921875,3825.148440782567,3749.2974780385443,3767.6372020024396,927231
2025-11-07,3756.972412109375,3779.598122242342,3723.7812723358097,3753.6831562143093,728998
2025-11-10,3790.56201171875,3802.5227648453933,3756.972278689855,3775.6110703104455,599567
2025-11-11,3799.93115234375,3807.5063932902954,3739.828562851129,3798.037463778186,668789
2025-11-12,3838.5048828125,3864.320078234545,3791.758125595138,3825.4476296786647,805025
2025-11-13,3826.6435546875,3855.2496404784156,3804.516210150443,3847.3755753682763,668623
2025-11-14,3816.67626953125,3842.092869895319,3787.5718189592553,3826.6435637916693,575050
2025-11-17,3855.947509765625,3861.628818759101,3809.001457011978,3835.4147864927622,504928
2025-11-18,3866.5126953125,3887.2447157985207,3829.0358153398306,3852.3591862977646,849966
2025-11-19,3920.236572265625,3927.612272623836,3849.7676077214614,3870.2005607956366,1578123
2025-11-20,3889.636962890625,3943.061759496704,3882.2612621940502,3937.0813827128363,762391
2025-11-21,3891.430908203125,3912.16292856945,3869.403334279394,3888.2414227641843,383311
2025-11-24,3861.62890625,3924.3230904973966,3852.3592738179204,3902.6941103839763,1258036
2025-11-25,3842.49169921875,3895.6171828362085,3832.424634701013,3861.728382425328,680366
2025-11-26,3884.9521484375,3901.6972510894,3830.929463421154,3832.4245575268214,364592
2025-11-27,3890.533935546875,3914.156373779023,3862.4262149918322,3887.842814821566,542241
2025-11-28,3894.919677734375,3922.030670486257,3883.7563564062066,3893.4245835384017,574817
2025-12-01,3882.161376953125,3897.90975068607,3848.671413960456,3894.919562382681,603073
2025-12-02,3873.09130859375,3886.8462235411876,3854.851111164027,3862.3265819678354,661018
2025-12-03,3805.313720703125,3867.310243463413,3773.5179054281234,3857.3429490214967,770638
2025-12-04,3787.970458984375,3817.4737476871715,3765.6438169091734,3792.555511736211,776693
2025-12-05,3800.828369140625,3815.480243035577,3764.6470423054793,3764.6470423054793,508448
2025-12-08,3754.6796875,3812.489993280462,3745.8088930877857,3783.8839078816613,545864
2025-12-09,3836.41162109375,3861.329857136188,3738.732135807393,3762.6536424081337,1121068
2025-12-10,3833.122314453125,3845.581432309177,3813.088198945881,3818.470440522837,616248
2025-12-11,3832.225341796875,3843.1893654715554,3764.647038115413,3817.8722920720056,669180
2025-12-12,3867.509521484375,3882.0618686341904,3819.3674409004825,3832.225396672013,547866
2025-12-15,3853.55517578125,3863.721767040758,3837.408208093544,3848.6712990350775,332337
2025-12-16,3916.648193359375,3924.62202859207,3815.480158844557,3837.4082057344685,1560827
2025-12-17,3895.118896484375,3922.8280236932565,3877.2775367754043,3917.14671453145,601010
2025-12-18,3906.481689453125,3911.1662690886506,3877.377238871455,3887.2447628556924,516547
2025-12-19,3917.246337890625,3948.942138344164,3900.2021677023226,3906.1825441414267,730780
2025-12-22,3920.934326171875,3937.8787266796685,3904.2889931650016,3927.1140000415817,569521
2025-12-23,3912.96044921875,3943.360696866818,3903.591046561271,3920.9342846674235,445656
2025-12-24,3896.514404296875,3922.1303019461116,3887.2447719415086,3912.9604398704737,399227
2025-12-26,3978.94384765625,3993.7950186886505,3887.2447409467372,3896.1155354546045,1113050
2025-12-29,3970.6708984375,4018.513910075195,3964.989589473952,3996.8849305657486,1242846
2025-12-30,3961.1025390625,3980.438992735801,3941.1679503922314,3968.976604250397,1169570
2025-12-31,4038.249267578125,4048.61515626689,3962.0992368036736,3970.970031354128,1358731
2026-01-01,4036.056640625,4054.6954328104425,4022.50102266714,4050.4094474750787,444679
2026-01-02,4038.448486328125,4046.7213890678004,3973.162710223706,4025.7900715381393,659997
2026-01-05,4066.35693359375,4080.6102128542193,4032.7672010767396,4038.448510056887,629273
2026-01-06,4098.35205078125,4107.0237918666335,4055.1938592912024,4066.357180715941,820331
2026-01-07,4259.224609375,4297.997288817103,4188.257275712523,4211.182053756641,3496340
2026-01-08,4235.103515625,4289.126447542047,4225.13622093066,4259.224563459027,1055725
2026-01-09,4188.0576171875,4265.005325563845,4169.419068443689,4217.162311862731,883117
2026-01-12,4217.76025390625,4228.126142397053,4131.443389966003,4191.247154356343,514767
2026-01-13,4225.33544921875,4253.642466721742,4196.230756188577,4217.760208474048,770707
2026-01-14,4207.693359375,4268.992220348958,4197.227700184324,4228.026542751453,998692
2026-01-15,4207.693359375,4207.693359375,4207.693359375,4207.693359375,0
2026-01-16,4183.173828125,4222.544642310648,4167.425697124466,4207.693470499,686949
2026-01-19,4130.54638671875,4193.639162802954,4115.595445780856,4152.075839006173,365905
2026-01-20,4062.1708984375,4141.410890199439,4051.00757719733,4141.410890199439,586156
2026-01-21,4065.858642578125,4096.458187413636,4040.242744893094,4062.1707923552003,552760
2026-01-22,4005.45703125,4114.499134821442,3967.7806096900367,4085.5939810157674,818966
2026-01-23,4008.646484375,4050.010755865831,3966.983145385686,4011.935740174026,1015415
2026-01-27,3983.927490234375,4026.786855278177,3942.0648546101957,4008.6464285094617,1760501
2026-01-28,3962.19873046875,4012.6333363144477,3951.932368803463,3988.911127517355,809022
2026-01-29,3926.81494140625,3955.620568339823,3830.5310231322255,3947.8460300090883,1145612
2026-01-30,3964.3916015625,3981.934137150637,3897.0128370117495,3932.097664845873,1427639
2026-02-02,3940.270751953125,3986.9177381580034,3880.566756161068,3986.9177381580034,1273196
2026-02-03,4055.29345703125,4129.450029300954,4030.873585991454,4129.450029300954,1043274
2026-02-04,4130.44677734375,4146.394448298745,4052.9011786566566,4073.6331995665796,917279
2026-02-05,4084.19873046875,4138.719539891277,4049.811564116971,4138.719539891277,693637
2026-02-06,4127.45654296875,4140.414025475052,4052.004174273563,4084.198583323033,888701
2026-02-09,4243.87451171875,4255.436670823227,4141.4109176242955,4186.46328401321,1092387
2026-02-10,4255.1376953125,4315.43982566258,4225.734177207915,4285.93653727841,1713633
2026-02-11,4235.203125,4364.080045827646,4194.237448025817,4335.773027308057,3342226
2026-02-12,4261.8154296875,4272.3808588027905,4168.621229566406,4218.55747049756,998509
2026-02-13,4165.53173828125,4257.828492152158,4151.178445452788,4253.343209814334,524758
2026-02-16,4167.42529296875,4182.276463340135,4115.296054572897,4141.41055890807,500349
2026-02-17,4222.54443359375,4231.016633695938,4141.4107558343585,4153.471279199037,464123
2026-02-18,4234.70458984375,4243.973978510509,4200.516479706513,4237.096643046371,387328
2026-02-19,4184.4697265625,4247.0641406741215,4177.293079926131,4211.18188086087,406232
2026-02-20,4222.54443359375,4238.193280220919,4186.46312046324,4186.76194461666,532169
2026-02-23,4258.72607421875,4266.002004459178,4226.2325971283,4256.034710056237,516387
2026-02-24,4280.45458984375,4285.936601776254,4221.149188028474,4226.5314296798915,491126
2026-02-25,4310.85498046875,4334.776487874819,4275.769908266122,4289.923661488439,586295
2026-02-26,4328.3974609375,4337.966161113804,4292.913794737703,4315.838572373869,520985
2026-02-27,4313.3466796875,4337.766551126517,4297.69783270388,4327.400662219876,1146258
2026-03-02,4256.33349609375,4315.838437820091,4179.286505722781,4274.772990574043,770589
2026-03-04,4190.64892578125,4224.437954570289,4070.144440562929,4191.247060748651,1024050
2026-03-05,4261.2177734375,4288.428291689557,4159.551373495063,4224.139244667133,691367
2026-03-06,4230.7177734375,4287.929944537757,4213.175238391702,4236.100014943159,580562
2026-03-09,4145.59716796875,4185.964709183034,4099.249250278276,4146.394356825195,576017
2026-03-10,4206.2978515625,4229.023087280567,4161.445028420832,4161.445028420832,788850
2026-03-11,4126.7587890625,4221.049493326745,4112.705293022249,4178.289896824444,454575
2026-03-12,4116.09375,4165.332084095139,4020.60702661123,4086.590462979199,1071366
2026-03-13,4059.878173828125,4133.6363933228595,4032.7671826134374,4077.620005949474,868825
2026-03-16,4077.4208984375,4111.508997090401,3989.110571490407,4043.7313942292744,1013667
2026-03-17,4077.121826171875,4096.55805049906,4023.2984357273617,4077.121826171875,1126905
2026-03-18,4131.94189453125,4161.145872456678,4064.4633600951647,4070.3439664557445,751307
2026-03-19,4024.693603515625,4124.566085473674,4004.759015235318,4090.9761095476442,567278
2026-03-20,4093.169189453125,4136.327379255284,4027.6838709903755,4033.6642475921135,1019586
2026-03-23,3840.498291015625,4045.72478475568,3812.4900964992553,4043.3327314437556,1533645
2026-03-24,3886.746337890625,3971.966702524462,3830.431126173528,3937.3802406338946,1300547
2026-03-25,4026.08935546875,4083.6005966283537,3927.612436176233,3937.081366043934,1306823
2026-03-27,3968.478271484375,4019.6105405037147,3959.009341789762,3986.917766152832,1040658
2026-03-30,3938.4765625,3994.2934104401893,3901.29874952784,3929.107403218326,1488223
2026-04-01,4052.20361328125,4086.5907795973744,3986.917833753536,3986.917833753536,781974
2026-04-02,4083.800048828125,4095.6610318057337,3931.798566161915,3982.930835009521,1614868
2026-04-06,4232.212890625,4243.974103115695,4091.5742720255826,4091.5742720255826,1678285
2026-04-07,4216.763671875,4229.621384331442,4155.165500389534,4221.448008238725,1274146
2026-04-08,4477.80712890625,4490.266247239322,4295.007042060272,4337.068733542139,3834533
2026-04-09,4425.279296875,4482.691011562465,4399.663641560751,4460.364368818537,1385274
2026-04-10,4490.26611328125,4509.104202301997,4410.62752860897,4415.611175793522,1565192
2026-04-13,4424.78076171875,4481.2955150452835,4376.738695227283,4376.738695227283,850456
2026-04-15,4507.41015625,4519.171369197922,4432.754730388897,4475.415043264428,918513
2026-04-16,4446.80859375,4539.105836555689,4425.478681226891,4539.105836555689,1283713
2026-04-17,4511.09765625,4516.978262584491,4315.838457109326,4446.80860763948,2124034
2026-04-20,4498.23974609375,4534.122004205732,4453.088099309882,4517.277374817795,1646815
2026-04-21,4465.048828125,4529.636697707301,4450.39671146729,4498.73808672063,656106
2026-04-22,4440.03125,4477.308835307954,4430.662090201536,4447.108126662484,596352
2026-04-23,4441.9248046875,4459.367570104762,4379.130849185354,4396.5736146026165,680187
2026-04-24,4395.57666015625,4471.9262296400375,4347.13551391155,4460.862435947686,958536
2026-04-27,4427.2724609375,4449.400048324654,4374.047208233913,4424.282272732981,649222
2026-04-28,4402.5537109375,4460.364015495882,4381.024258799593,4397.868888135784,620778
2026-04-29,4425.279296875,4457.772774865154,4395.776493972833,4405.444477800803,702730
2026-04-30,4370.85791015625,4423.485027207771,4343.746676108938,4423.485027207771,869299
2026-05-01,4370.85791015625,4370.85791015625,4370.85791015625,4370.85791015625,0
2026-05-04,4348.73046875,4432.854334640852,4338.464350375783,4392.686333602758,709160
2026-05-05,4359.2958984375,4382.619269581015,4316.1372224440165,4340.756633847013,850790
2026-05-06,4345.341796875,4426.57524685031,4283.046206403137,4383.117745600278,1459870
2026-05-07,4293.412109375,4344.743676091845,4247.064189912217,4335.673340752591,1377631
2026-05-08,4494.2529296875,4589.938953473262,4199.619617443652,4299.890693872671,4777990
2026-05-11,4191.84521484375,4365.176358217959,4136.5267337657515,4336.1714356672355,5925166
2026-05-12,4042.036865234375,4199.8191810747485,4033.763962380683,4146.394386830651,1978748
2026-05-13,4077.321044921875,4096.557971656722,3972.0665627502894,4016.819616977272,2841521
2026-05-14,4121.67578125,4133.436993986225,4045.8245734134175,4101.541651857563,1127140
2026-05-15,4155.46484375,4180.283309696747,4128.851972784219,4141.410861180254,901617
2026-05-18,4156.06298828125,4169.020471149777,4052.3033550510295,4116.592404667953,851825
2026-05-19,4088.584228515625,4154.268602329223,4081.6071223236186,4122.7718541827335,711398
2026-05-20,4092.9697265625,4103.236331934217,4039.744471133866,4039.744471133866,913576
2026-05-21,4069.74609375,4122.871578488693,4056.6888406851363,4106.525312929425,863060
2026-05-22,4066.456787109375,4100.345344469957,4040.8408893642713,4043.9306045995263,768112
2026-05-25,4145.59716796875,4156.361650952179,4096.9564806185,4106.624950595387,606086
2026-05-26,4092.47119140625,4146.394349879764,4077.6200205187774,4138.320744313574,766717
2026-05-27,4124.36669921875,4151.477934967971,4077.7199555713896,4084.8961156102055,474044
2026-05-28,4124.36669921875,4124.36669921875,4124.36669921875,4124.36669921875,0
2026-05-29,4061.57275390625,4149.6835402843,4045.724852927872,4102.737972358301,2001419
2026-06-01,4011.437255859375,4091.5742025878203,3993.894721015687,4086.590555568834,450200
2026-06-02,4064.762451171875,4074.6299753506637,3972.963571856102,4004.2607791244304,522015
2026-06-03,4075.42724609375,4090.37794384958,3988.9110849384024,4043.7312022976257,959352
2026-06-04,4217.162109375,4259.821933203119,4039.046613504238,4061.672322312249,1761933
2026-06-05,4246.26708984375,4274.972703953861,4209.388099392295,4255.038114520642,1390200
2026-06-08,4178.6884765625,4224.239207403382,4167.027033930725,4183.073988834731,666737
2026-06-09,4091.474609375,4203.208077712957,4073.8325468327307,4177.193341811167,1284964
2026-06-10,4028.880126953125,4105.6282930748075,4021.8032506621894,4091.4745404929363,613629
2026-06-11,4012.03515625,4056.3896148157537,3949.8393386542043,4006.951982284827,767665
2026-06-12,4170.31591796875,4186.263588783162,4039.445295679552,4054.4960073475113,1122271
2026-06-15,4269.49072265625,4282.946570620732,4206.49722491917,4207.195130228091,1076822
2026-06-16,4323.8125,4329.792876901798,4269.490743142001,4284.0430909399065,779706
2026-06-17,4366.17333984375,4380.625916816181,4313.346679185898,4323.812338372832,623868
2026-06-18,4373.548828125,4395.576645157543,4318.9282517885895,4365.674763217696,562833
2026-06-19,4405.4443359375,4427.173329648428,4345.740340070183,4345.740340070183,941346
2026-06-22,4358.19921875,4400.061852755146,4338.762995819039,4390.891747775549,390835
2026-06-23,4291.21923828125,4402.952710396701,4277.065971666899,4360.691477754865,586588
2026-06-24,4309.65869140625,4326.603092410774,4249.755639555354,4287.93018361535,652078
2026-06-25,4277.2646484375,4320.821917574416,4211.181684371836,4320.821917574416,754050
2026-06-26,4277.2646484375,4277.2646484375,4277.2646484375,4277.2646484375,0
2026-06-29,4263.21142578125,4302.183158180815,4252.64599620607,4270.9857208678,569087
2026-06-30,4389.59619140625,4413.916290951847,4261.018101330999,4263.50992478207,1243464
2026-07-01,4384.21435546875,4489.767909279109,4375.742154951739,4454.384013002184,1168751
2026-07-02,4466.4443359375,4482.292236501547,4368.7648520199655,4389.596399722663,820705
2026-07-03,4446.509765625,4492.957454484628,4436.442701026769,4480.298796026808,542120
2026-07-06,4469.7333984375,4475.81354535161,4435.44600307642,4435.44600307642,589165
2026-07-07,4589.14208984375,4640.672712211398,4490.266330250847,4535.1191570791025,3385946
2026-07-08,4571.39990234375,4614.857404177837,4546.78097666898,4575.386820187532,1045703
2026-07-09,4555.7998046875,4679.7998046875,4546.10009765625,4614.7998046875,1777107
2026-07-10,4584.39990234375,4602.7998046875,4560.7001953125,4578.60009765625,652646
2026-07-13,4601.5,4635.0,4524.39990234375,4578.0,770367
2026-07-14,4573.7001953125,4600.0,4554.0,4579.7998046875,631158
2026-07-15,4579.39990234375,4607.0,4565.10009765625,4573.7001953125,619451
2026-07-16,4625.7998046875,4668.7998046875,4580.0,4585.2998046875,1136159
2026-07-17,4638.10009765625,4647.5,4610.10009765625,4626.0,667212
2026-07-20,4643.39990234375,4660.0,4625.2998046875,4638.10009765625,274158
2026-07-21,4688.7001953125,4691.7001953125,4629.2001953125,4644.2001953125,530094
2026-07-22,4711.60009765625,4733.0,4675.0,4685.7001953125,996475
2026-07-23,4697.2998046875,4709.7998046875,4671.60009765625,4700.0,421185
2026-07-24,4677.0,4697.0,4604.10009765625,4605.0,513858
2026-07-27,4740.10009765625,4749.10009765625,4686.89990234375,4686.89990234375,500721
2026-07-28,4849.7001953125,4860.0,4712.89990234375,4750.0,1321587
2026-07-29,4850.2001953125,4866.89990234375,4823.2001953125,4849.7001953125,837059
2026-07-30,4850.0,4869.89990234375,4820.89990234375,4820.89990234375,777361
2026-07-31,4875.2001953125,4886.0,4820.89990234375,4850.0,1003314
2026-08-04,4935.0,4935.0,4862.0,4935.0,1181647
