Price,Close,High,Low,Open,Volume
Ticker,WIPRO.NS,WIPRO.NS,WIPRO.NS,WIPRO.NS,WIPRO.NS
Date,,,,,
2016-08-08,92.46817016601562,93.11662896564656,92.00498726726214,92.00498726726214,5468510
2016-08-09,92.86397552490234,93.05766743312603,92.01340199727746,92.24920143802278,4676916
2016-08-10,91.39864349365234,92.8050311021403,90.96072237222411,92.6366009559664,3369775
2016-08-11,91.45758819580078,92.22394671702551,90.95229776687547,91.10388900761711,2665604
2016-08-12,91.58392333984375,92.55239679452374,91.03652530024202,91.03652530024202,4163470
2016-08-16,90.36279296875,91.96287933944913,90.07646309415502,91.58391151480986,4939065
2016-08-17,88.89745330810547,90.64070806682327,88.69533850286984,90.39647887149665,5300457
2016-08-18,88.44268035888672,89.27640809205168,88.12265901504131,89.25956233847695,4851732
2016-08-19,87.60053253173828,89.23430339625791,87.42367952734236,88.74585876834483,5503785
2016-08-22,86.82575225830078,87.58368784053341,86.65732212891575,87.24682758176336,5422857
2016-08-23,87.5163345336914,87.66791893648137,86.74155305546527,86.78366059551146,6156019
2016-08-24,87.52474975585938,87.92055648560451,87.0868286363114,87.60054195062416,5587134
2016-08-25,84.8888168334961,87.7942369440363,84.59406406865868,87.75212940620239,25798062
2016-08-26,82.5307846069336,85.23408957547491,82.19392434551884,84.88880643683687,17698571
2016-08-29,80.64437103271484,82.79185526631295,80.3580343188166,82.69921732084234,27176665
2016-08-30,82.43814849853516,82.60657863298997,80.53488660850793,80.66120920934902,24165572
2016-08-31,82.80868530273438,83.54135905713653,81.89916540724947,82.83395393248837,14992145
2016-09-01,81.51178741455078,82.48026074297992,81.09913493225595,82.48026074297992,10604872
2016-09-02,81.45282745361328,81.78127169041879,80.72858337614358,81.52020361779063,8611208
2016-09-06,81.33492279052734,81.75599809064944,80.84647818376135,81.68862878400556,8491053
2016-09-07,81.1412353515625,82.4886763859786,80.85490550243698,82.16023900452757,11453063
2016-09-08,79.8274917602539,80.7875422803824,79.19587867419034,80.34120510760705,11891858
2016-09-09,80.9559555053711,81.35176903123258,79.8864283487176,80.44224226545698,10113106
2016-09-12,80.91386413574219,81.41915459983542,79.5243153594858,79.97065938149915,10068429
2016-09-14,80.5180435180664,81.68020864396546,80.14749175879251,81.60441645809193,9826386
2016-09-15,80.58541107177734,80.81279447788476,79.87800592996645,80.81279447788476,9677981
2016-09-16,80.74542999267578,81.23388152923681,80.50963052912232,81.06545138285857,12324284
2016-09-19,80.83805847167969,81.17491872496461,80.20644549677046,80.84648134869968,11299922
2016-09-20,81.02335357666016,81.26757594755014,80.52647910242067,81.26757594755014,5829321
2016-09-21,81.49492645263672,81.60441013792075,80.88858215916983,81.34334209262971,8668616
2016-09-22,81.1412353515625,81.72231792696654,80.77910646149947,81.68863327179403,7633032
2016-09-23,80.88016510009766,81.46967053676288,80.68647319799767,81.39387835130808,12300882
2016-09-26,80.72857666015625,81.01490648713079,80.18959480533479,80.91384567599202,11939239
2016-09-27,81.55389404296875,81.68863952741691,80.67805867421572,80.90543525412197,9878285
2016-09-28,81.46968078613281,81.63811093208382,80.90543705582088,81.58758051761048,4245028
2016-09-29,79.5327377319336,81.51179203704166,79.162192764644,81.4696844986351,26351076
2016-09-30,80.66963958740234,80.84649261571158,79.6674815649038,79.6674815649038,11216973
2016-10-03,80.66963958740234,80.86333151865891,79.88644213074188,80.84649261571158,5336686
2016-10-04,81.14966583251953,81.68021804815832,80.67806005559606,80.67806005559606,7095976
2016-10-05,80.77069091796875,81.37703527499701,80.28223942802536,81.14965871115125,7538366
2016-10-06,80.5096206665039,80.9475348813777,80.34961341773388,80.84648091799423,7396014
2016-10-07,80.33277130126953,80.79595416804175,80.10538787984186,80.50962431199777,5566297
2016-10-10,80.34119415283203,80.80437701945553,80.18960292078235,80.37487880880762,3538004
2016-10-13,80.5517349243164,80.6780575291737,79.90327614467303,80.34119724955427,7329358
2016-10-14,80.00433349609375,81.0485989468833,79.88643377403422,80.47593923777151,6884195
2016-10-17,79.5242919921875,80.11379736041025,79.43165406363622,80.01274340934945,8298392
2016-10-18,81.30964660644531,81.53702311615838,79.66745322695327,79.68429212391095,5801342
2016-10-19,83.37293243408203,83.69294693020156,81.47809352786012,81.688631184107,12378636
2016-10-20,83.44029998779297,84.40877318615972,82.90132496982451,83.86137529143069,6252382
2016-10-21,84.08033752441406,84.38351311986678,83.08660252906058,84.18982121764274,10617160
2016-10-24,81.51178741455078,82.53079115689033,80.44225325830082,82.53079115689033,18579446
2016-10-25,81.08229064941406,81.62126574955589,80.71174569640657,81.52021177333943,18599248
2016-10-26,79.42325592041016,80.9728118664489,79.25482577728769,80.9728118664489,7329390
2016-10-27,77.76422119140625,79.77696015842918,77.47789130066265,79.38115340910261,10042829
2016-10-28,77.8315658569336,78.55581665947007,76.48412505349397,77.76419655813694,12320247
2016-11-01,77.60420989990234,78.56426035609573,77.47788729110215,78.32846089437811,3786724
2016-11-02,77.12417602539062,77.62104354902245,76.19781029021819,77.09049136934502,7523630
2016-11-03,75.38934326171875,77.46945812585213,75.1282751873649,77.14102074031517,8053976
2016-11-04,76.21465301513672,76.42519067385169,74.81668159058145,75.41460991201984,6547449
2016-11-07,75.7935791015625,76.7115219398741,75.53251102923254,76.63572975202077,7134574
2016-11-08,76.08833312988281,76.78731544033582,75.19565205444958,76.29887079609632,6916238
2016-11-09,75.27144622802734,75.86937458652523,68.73635552578321,71.58282210665726,11558738
2016-11-10,74.94300079345703,76.02937369256287,74.12611197324429,75.9872661627259,8316376
2016-11-11,74.50508880615234,74.808264428551,73.1071172747985,74.42929661391267,10485629
2016-11-15,75.44829559326172,76.02937816853324,74.03347839538374,74.36192263019937,37705734
2016-11-16,75.00196075439453,76.55152361470529,74.46298564593182,75.6251577911649,8829107
2016-11-17,73.83979797363281,74.94301686259922,73.06501651712985,74.63141833361767,11076418
2016-11-18,73.62926483154297,74.44615387741689,72.86290620611997,74.10087066668335,5763107
2016-11-21,74.4124526977539,74.74089696131034,73.63767814740771,73.68820856129639,8909576
2016-11-22,75.86094665527344,76.29886772474524,73.95768485862966,74.44613633664657,5891539
2016-11-23,75.60830688476562,76.10517442195062,74.46298057389589,75.86095209215866,6756803
2016-11-24,75.9198989868164,76.61888126034911,75.22090985984441,75.53250833075762,7374200
2016-11-25,78.27792358398438,78.65689137699835,75.96200929334337,76.29886955380024,6822590
2016-11-28,77.57892608642578,78.825313028108,76.73677552587246,78.825313028108,6135518
2016-11-29,78.34529876708984,78.57268220131763,77.5621013441987,77.71368573139051,3333673
2016-11-30,78.36214447021484,79.32219491314618,77.81474650630908,78.32003693452978,11587709
2016-12-01,78.8758544921875,79.32219161048943,78.19371107180325,79.11165394083007,3302127
2016-12-02,77.54525756835938,79.33061986956126,77.22524303014404,79.24640479598457,4041268
2016-12-05,76.91364288330078,77.47788660565918,76.30729847848826,77.47788660565918,3176116
2016-12-06,77.10734558105469,77.95791236661323,76.78732417992296,76.8041699365132,3357785
2016-12-07,76.3578109741211,77.43576784887463,76.13043442530461,77.20838444661906,3144911
2016-12-08,77.24207305908203,77.38524140909105,76.48413748396489,76.63572871105198,5596430
2016-12-09,77.15785217285156,77.67998827101879,76.8883681007644,77.15785217285156,5430270
2016-12-12,76.39151763916016,76.78732438568734,76.04623445565825,76.63573998973062,3831332
2016-12-13,78.10948944091797,78.16001984807843,76.64414875389967,76.88837105949618,6269049
2016-12-14,78.53899383544922,78.88427012924494,78.02528055331253,78.17686493334774,5507907
2016-12-15,78.50530242919922,79.48219858360198,77.57893668602138,77.57893668602138,5511310
2016-12-16,78.06739044189453,79.18744813139767,77.46946207427108,78.53899620453163,8818851
2016-12-19,78.07581329345703,78.57268083554916,77.89053739816305,77.94106781082867,4144553
2016-12-20,78.59793853759766,79.1453364639571,77.75578788166007,78.64004607039453,4334313
2016-12-21,77.89053344726562,79.24639737557915,77.67999578303805,78.90953711281502,5486622
2016-12-22,77.76422119140625,78.52215688343132,77.35999156370241,77.91580558843506,4312617
2016-12-23,77.26734161376953,78.32002991150047,76.70309794480997,78.26107662545176,3585124
2016-12-26,76.82100677490234,77.56210353646713,76.34940784433596,77.2083974851021,3316809
2016-12-27,78.35372924804688,78.48847474609256,76.48415173958465,76.63574299492632,2952121
2016-12-28,79.05269622802734,80.08012273984438,78.32845216768091,78.48845941697978,6353966
2016-12-29,79.55799102783203,80.34119527072056,78.16002638459572,78.9937541854308,10907890
2016-12-30,79.91168975830078,80.2569728755705,79.33903009071135,79.77694429138587,2779631
2017-01-02,79.42325592041016,80.57699828873506,79.24640289944355,80.01276142133881,2460948
2017-01-03,78.65689849853516,79.85274841936469,78.43793793872575,79.667479371403,3686937
2017-01-04,80.10539245605469,80.44225274204207,78.50530609761465,78.656897338373,6050638
2017-01-05,80.91386413574219,81.84022998657979,80.35804325455152,80.35804325455152,5216996
2017-01-06,79.15375518798828,80.86331818846458,78.99374794244368,80.59383410476818,8381720
2017-01-09,79.4990463256836,79.91169879636244,77.78106027517092,78.99375590768341,3922249
2017-01-10,80.25699615478516,80.6528029401958,79.3727377668084,79.60011438308061,3528383
2017-01-11,80.2064437866211,81.09912480948041,80.00432900964748,80.49277362512032,4507028
2017-01-12,81.38545227050781,81.56230526523312,79.87800408392356,80.17275679065273,3741476
2017-01-13,81.62968444824219,81.93286006824975,80.90543348195743,81.70547663988411,4322788
2017-01-16,81.64653778076172,82.14340536479315,80.81280988844584,81.3349392542224,3227332
2017-01-17,81.2507095336914,82.14339056044926,80.9306950398722,81.74757702817459,2948943
2017-01-18,81.34335327148438,82.0254966921392,80.84648574157916,81.25071532610956,2863620
2017-01-19,80.67805480957031,81.59599766990203,80.04644180657513,81.41914465837544,4785278
2017-01-20,80.49278259277344,80.8128039742877,80.00433792288327,80.26540601338596,4077220
2017-01-23,80.80438232421875,81.57074085181296,79.45694116921888,79.59168665540689,6108473
2017-01-24,81.09913635253906,81.35178157307557,80.1727705439052,81.29282828024095,3921167
2017-01-25,79.78538513183594,81.52021713204631,79.36430973632083,81.18335681563423,10906509
2017-01-27,78.41267395019531,79.78537685580972,78.20213627427654,79.07797163541065,10272157
2017-01-30,78.44635009765625,78.82531787319894,77.05680158733301,78.15159738334526,9853933
2017-01-31,77.14102172851562,78.45477814093267,75.01037642698088,78.45477814093267,14628407
2017-02-01,76.80416870117188,77.64631944833033,75.79358780458173,77.64631944833033,8750755
2017-02-02,77.08328247070312,77.47237966333722,75.46768759748927,77.14249545701075,8171731
2017-02-03,77.43856048583984,77.75152478535989,76.8210781024714,77.14250926855715,4682452
2017-02-06,78.0052719116211,78.2928699888237,76.88874018064124,77.59080164291727,6599518
2017-02-07,77.57389068603516,78.15753307088693,77.0663743716196,78.15753307088693,4459769
2017-02-08,77.9037857055664,78.69043334843134,77.32859633937038,77.54006149967078,7007704
2017-02-09,78.83423614501953,78.97802833065589,77.37089303624778,77.53161207259407,5274137
2017-02-10,79.38402557373047,79.88308187313099,78.56353816630768,79.06259446570819,4093449
2017-02-13,80.26372528076172,80.5259434228166,79.04568748950915,79.17256656950693,4523470
2017-02-14,80.64437103271484,80.81354315723456,79.88309647237614,80.72049711202244,4619060
2017-02-15,80.3060302734375,81.08422483349779,79.27407751557038,80.61900147085193,5640489
2017-02-16,81.3379898071289,81.52407503751,80.01844569188303,80.01844569188303,5667011
2017-02-17,80.41598510742188,81.82011510362781,80.19606685464937,81.54098385441269,4210692
2017-02-20,80.46672821044922,80.76277938893712,80.02688487544548,80.3567690976059,3054543
2017-02-21,80.49211120605469,81.32951176592641,80.2129730970103,80.35677214260566,6829411
2017-02-22,80.27218627929688,80.78816258788105,79.54474483470531,80.37368541440198,5558777
2017-02-23,82.23458099365234,82.76747728200773,79.77313224612126,80.27218860483052,8693864
2017-02-27,82.85205841064453,83.33420165948274,81.14341741038578,81.20263040011346,7528200
2017-02-28,82.69134521484375,83.26652760631092,82.39529403731174,82.8943503598539,5401139
2017-03-01,82.64905548095703,83.76558726479362,82.18383218345078,82.55600944472964,5426302
2017-03-02,82.92817687988281,83.81633034261236,82.57291274133904,83.57103219153684,5423075
2017-03-03,83.54566955566406,83.85017384540294,82.42067089899726,83.02969324573648,3947295
2017-03-06,83.21578979492188,83.34266889417601,82.65752038147734,83.11429064569758,3143300
2017-03-07,83.76557922363281,84.51840053968876,83.215769924814,83.48644802537682,8801080
2017-03-08,83.75714111328125,83.94322631753963,82.77594142770462,83.68100815137922,3064671
2017-03-09,81.96390533447266,83.40186822365828,81.76935328399274,83.40186822365828,3759439
2017-03-10,82.39529418945312,82.7167184293435,81.8116449314794,82.06540308411826,2914404
2017-03-14,84.81446075439453,85.36427011190457,82.79284853295296,82.89435455240714,6553246
2017-03-15,83.70638275146484,85.58418905789647,83.30036555391118,85.55035601234137,9607608
2017-03-16,84.67912292480469,85.0766732589322,83.74021632386638,84.12931355927506,8848888
2017-03-17,85.3050537109375,85.77027699485446,84.40844018702599,85.26276068512686,8875816
2017-03-20,84.16314697265625,85.30505873682088,83.77404973554805,85.26276570851849,3751881
2017-03-21,84.35769653320312,84.92442589535874,83.418796763003,83.418796763003,5951390
2017-03-22,84.67912292480469,85.16125931516753,83.23269998645442,83.4864581551604,10620082
2017-03-23,86.27780151367188,86.61614575234944,84.7383324742365,85.09359667830041,14922870
2017-03-24,86.82762145996094,86.95450056489382,86.18476595157463,86.18476595157463,8062056
2017-03-27,85.26277160644531,86.69227468522381,85.05976643327742,85.99867310326422,5232713
2017-03-28,85.86332702636719,86.44696943300362,85.04283953398485,85.43193676628606,3323252
2017-03-29,86.658447265625,86.93758542003894,84.95826592310452,86.01559177247897,5380707
2017-03-30,87.28437805175781,87.74960140021865,85.66878286492205,86.40468436957633,14290321
2017-03-31,87.24208068847656,87.57197182609292,86.24396794387893,86.64997827437905,8061645
2017-04-03,85.78720092773438,87.3774160183362,85.54189585977882,87.36895603605656,4160286
2017-04-05,86.38775634765625,86.61614145087415,84.94134030604559,85.60110878524937,6502814
2017-04-06,87.07290649414062,87.2167055447311,85.67723655132968,85.78720255579033,7980291
2017-04-07,86.59922790527344,86.86990605628903,86.0917115348427,86.85299297412014,12196978
2017-04-10,85.3304443359375,87.59735511614804,85.0090200270724,87.11521176921845,13798807
2017-04-11,86.30318450927734,86.51464968278472,84.61992310488495,85.22894555803899,6303993
2017-04-12,84.71295166015625,86.25242055875935,84.46765348628139,86.22704061300162,7258323
2017-04-13,83.80787658691406,85.25429942467166,83.28344720490543,84.71295007914033,9674765
2017-04-17,83.283447265625,83.86708963675821,82.91126313689736,83.86708963675821,7798259
2017-04-18,83.57106018066406,84.20545572365319,82.9958707581746,83.06354374627276,6285310
2017-04-19,84.2900390625,84.50996422033043,82.94512193170556,84.1631599580169,6543459
2017-04-20,84.54377746582031,85.44885095255884,83.9178420737315,84.24772629138084,5025646
2017-04-21,83.10581970214844,85.16125808553636,81.71014979441742,84.58607566489346,8445800
2017-04-24,83.15657806396484,83.7402205043994,81.98082631669246,82.454509631984,6887352
2017-04-25,83.62181854248047,84.58609845269443,82.75057781094239,83.48647944127107,11770706
2017-04-26,83.03815460205078,86.70072807439111,82.65751046631677,85.09359300995553,60514032
2017-04-27,83.9178695678711,84.27312696341376,82.62369845113193,83.55414530421399,19864101
2017-04-28,83.61333465576172,84.19697704902406,82.9028131820671,84.07855795068006,12086663
2017-05-02,83.72329711914062,84.23927344358592,83.50337887783724,83.93476226164846,5568494
2017-05-03,83.98551940917969,84.53532880678023,83.61334211676096,84.26465754121719,4065380
2017-05-04,84.5776138305664,84.8059989275553,83.5541212105835,84.10393055613467,4048926
2017-05-05,84.46765899658203,84.75525021518376,83.96860263435681,84.53532508908916,2722905
2017-05-08,84.97518157958984,85.31352583422638,83.92631576694284,84.58608431003151,5002041
2017-05-09,86.09171295166016,86.23551201243457,84.67912982755975,85.26277228643387,7581832
2017-05-10,84.52686309814453,86.30317026237428,84.3576909872655,85.83794695745696,4459065
2017-05-11,85.37273406982422,85.55882616795066,84.65375251085737,85.06822973999064,3393796
2017-05-12,85.77873229980469,85.90561137031872,85.29658907839931,85.54188723800041,6031102
2017-05-15,85.65186309814453,86.27779854140837,84.8652086401407,86.27779854140837,3549668
2017-05-16,87.18287658691406,87.32666876061651,85.51652842966162,85.51652842966162,7146846
2017-05-17,86.37084197998047,87.54658675675333,85.93945172679067,87.46200070254477,7362627
2017-05-18,88.88304901123047,89.2975192929815,85.56727298996107,85.76181815783484,17123643
2017-05-19,87.92723083496094,89.2975277731002,87.63963960502453,89.15372871631637,5097614
2017-05-22,88.17252349853516,88.53624766724471,85.69415482664787,88.2571095540075,5733070
2017-05-23,89.05223083496094,89.49207422708477,88.00335815948803,88.3078693593469,8735341
2017-05-24,88.81537628173828,90.03341406794948,87.94414268947841,89.27213959111364,6636990
2017-05-25,90.75238800048828,91.13302520737471,88.92533491433741,88.92533491433741,20100101
2017-05-26,91.18379974365234,92.18191945202665,89.93192872106344,90.3379390841648,7765843
2017-05-29,90.43943786621094,91.19225241607525,89.66124336841771,91.18379243343227,3166943
2017-05-30,90.70166778564453,91.35297639549627,89.55975583883702,89.66125499281848,6637379
2017-05-31,90.5916976928711,91.35297228986249,90.1687673612092,90.93850194156019,15642998
2017-06-01,91.5475082397461,92.19881670555026,90.43942958933557,90.58322174658197,4250820
2017-06-02,93.32382202148438,93.70445928023707,91.48830182026894,91.86893907902164,6428073
2017-06-05,93.98358154296875,94.38113872871514,92.46103265333116,93.30689314757427,9633970
2017-06-06,94.82943725585938,96.08976795200897,93.30688844298953,94.05970286818251,11049943
2017-06-07,92.94317626953125,94.99015454381316,90.54938693083149,94.77023632131264,13762215
2017-06-08,92.35108184814453,93.55219972781433,91.63210036337614,93.02777030439712,8001795
2017-06-09,90.83698272705078,92.03810744812664,89.93191607880861,92.03810744812664,9384610
2017-06-12,89.04376220703125,90.60860420175882,88.07948257079013,90.60860420175882,12396076
2017-06-13,87.63117218017578,90.23642676122478,86.86989769777853,87.96951639457455,8946043
2017-06-14,86.64997863769531,88.40937280571214,85.36427466329998,88.40937280571214,8080517
2017-06-15,88.25709533691406,88.6123594661217,86.29470329625059,87.96950417136154,8317803
2017-06-16,86.36238098144531,89.01838167560986,85.5334404134094,88.00334903705291,8030288
2017-06-19,86.12554931640625,87.25900113867982,85.71953210001867,86.61614570878952,3891671
2017-06-20,86.02404022216797,86.73456172095675,85.7702820523412,86.27779839199475,2063458
2017-06-21,86.58232116699219,86.78532635331241,85.262777130463,86.0240517418877,4895705
2017-06-22,86.29472351074219,87.58042751780826,85.66878114754687,86.61614779160087,3843239
2017-06-23,86.90374755859375,87.93570036564785,85.60112345782342,85.93946773769271,6051953
2017-06-27,86.80223083496094,87.30974715203723,85.75335827276542,86.44696665955529,9540496
2017-06-28,87.42816925048828,87.76651347348701,86.02403934831742,87.29283018456263,4448070
2017-06-29,87.73267364501953,88.27402298323787,86.63305500528872,87.96951182935558,12944967
2017-06-30,87.4112548828125,88.2571154944696,86.68382026369241,86.88682543376386,7242552
2017-07-03,87.83418273925781,88.10486088089235,85.2627679282541,87.96952181007508,5572713
2017-07-04,87.9695053100586,88.29093640341421,86.27778445122841,87.29281696652652,5868339
2017-07-05,87.22515869140625,88.10485223999578,86.76839539537231,87.9695131824519,5030668
2017-07-06,87.20824432373047,87.9864387918192,86.5653889218699,87.22516428837056,4398852
2017-07-07,87.19134521484375,87.37743043755,86.27781153413615,86.3116445852071,3889807
2017-07-10,90.7608642578125,90.99770935919292,88.0541103012222,88.0541103012222,1769468
2017-07-11,89.05223083496094,92.53717245841072,88.68004665533824,90.06726357873626,10827743
2017-07-12,89.25521850585938,89.93190686902479,88.40935805190261,89.2213854644271,3170908
2017-07-13,89.33981323242188,89.9488286882709,88.46011965155284,89.28906022352679,4331508
2017-07-14,87.91876983642578,89.64433096337119,87.63117860981194,89.37365281853982,6545345
2017-07-17,90.28718566894531,92.70634852111722,89.50899799583411,90.13493350436293,20717986
2017-07-18,91.01463317871094,92.24959119382592,90.1687724674859,90.43945064853075,7342675
2017-07-19,91.72514343261719,92.04657459322945,90.43943944106185,91.35296614252567,7928152
2017-07-20,91.06537628173828,92.79093056801035,90.76086508212995,91.60672570124679,7137662
2017-07-21,96.78339385986328,98.42436205736972,94.82099450217378,96.0559523626009,43712663
2017-07-24,98.64427185058594,99.30404715027242,97.8660843449336,98.18750857149846,17479614
2017-07-25,97.96759033203125,99.11796203358602,97.78150514495795,99.08412898899367,8993269
2017-07-26,97.89993286132812,98.62737436044107,97.37549653127127,98.11985799598523,7921576
2017-07-27,98.01836395263672,99.21948891547527,97.18941632583915,98.11986999138975,15748342
2017-07-28,97.79843139648438,98.4074538156898,97.40933412219377,98.11986257247729,6488043
2017-07-31,97.59542846679688,98.28903696667263,97.24016423346896,98.11986483339871,6801080
2017-08-01,99.74390411376953,100.13300136164852,97.78151167639508,97.78151167639508,10760455
2017-08-02,99.40555572509766,100.72509956625859,99.13488447795618,99.47322869960612,6469635
2017-08-03,97.8153305053711,99.94689475080608,97.64615841206846,99.71005657363445,9722197
2017-08-04,97.91683959960938,99.20255039305327,97.78150741809384,98.0521786647557,6796056
2017-08-07,97.35856628417969,98.08600770647163,97.13864805637814,97.98450857447796,3921329
2017-08-08,97.24015045166016,98.64428033555323,96.39428990517406,98.55969428090462,7279766
2017-08-09,96.93563842773438,97.6292468232199,96.73263327508492,97.13865046401452,2906265
2017-08-10,97.4939193725586,97.93376965871437,96.68189178161106,96.76647784559243,7222248
2017-08-11,98.01836395263672,99.65933235493021,97.3416753839687,97.44318142272174,9466389
2017-08-14,97.61233520507812,98.4243558278419,97.18939804557839,98.13676461697716,4292153
2017-08-16,98.1029281616211,98.15368116968737,97.44315970765109,97.91683609325491,5363422
2017-08-17,97.56157684326172,98.45819035564408,97.44315774924075,98.4243504285263,7032915
2017-08-18,97.47699737548828,98.45819700466605,97.4093244003131,97.46007741078677,7948899
2017-08-21,97.34165954589844,98.52586434839026,97.2063204774589,97.8999289009422,7613358
2017-08-22,98.20445251464844,99.13489926295277,97.74768224039356,98.2890385826761,7238720
2017-08-23,98.1198501586914,98.72886561721472,97.98451109558711,98.49202741950522,6223409
2017-08-24,97.91683959960938,98.45819586019468,97.71383444370528,98.27210378516463,7413579
2017-08-28,98.35670471191406,98.72888203461639,98.01836043970616,98.11986647482127,5715785
2017-08-29,98.37360382080078,98.79653407138667,98.15367871377003,98.39051690064599,4691806
2017-08-30,98.52586364746094,98.79654178241438,98.32285848806133,98.61044970418003,4899684
2017-08-31,101.19878387451172,101.67246716632783,99.50706274919051,99.8115739284745,27585715
2017-09-01,100.30216979980469,100.92810523631736,100.08224467788648,100.82660609948417,8535629
2017-09-04,100.58977508544922,100.82662020512299,100.04842562904487,100.47135596742824,8020043
2017-09-05,100.5728530883789,100.9619434583013,100.28525497686242,100.62359921758187,7789014
2017-09-06,100.55591583251953,100.79275400684685,100.18373860844945,100.48824974946315,8243296
2017-09-07,101.14801788330078,101.46944210240981,100.65742157337014,100.82659366419175,8910077
2017-09-08,101.67247009277344,102.0784804210844,100.99578162316779,101.50329797537202,12046586
2017-09-11,101.89239501953125,102.65366959775406,101.58789069514735,101.97698108377824,14275591
2017-09-12,100.86043548583984,102.48448356892753,100.6574303359077,102.21381233022822,20911485
2017-09-13,100.11609649658203,101.40180753993704,99.91309130121866,100.8604580577573,17684075
2017-09-14,95.90369415283203,97.74766740247055,95.14241965614316,95.24391879218986,15503769
2017-09-15,96.68187713623047,97.18939344324012,95.29466727379685,97.10480739207185,15001278
2017-09-18,97.88300323486328,98.11984831174527,95.9206040658666,95.9206040658666,4860657
2017-09-19,97.86610412597656,98.61045873985736,97.27399479105708,97.88301720869158,4557233
2017-09-20,98.76271057128906,98.84729663547513,96.85106414395732,97.73076471839778,5712945
2017-09-21,98.76271057128906,99.10105482803338,98.01835595990416,98.32286716770035,4954436
2017-09-22,99.62548065185547,99.79465276235095,98.27210376789168,98.33976985863755,8097163
2017-09-25,98.76271057128906,99.65932422838782,98.15369503932818,99.20256085850929,3578780
2017-09-26,98.20445251464844,98.8980541422962,97.79843525793653,98.45821071873144,4138670
2017-09-27,97.54467010498047,98.39053072499985,97.20632585697273,98.33977771107241,6102854
2017-09-28,96.7326431274414,98.20444612222417,96.39429887735459,98.00143406526696,10644440
2017-09-29,94.82097625732422,97.40931058815984,94.46571900164398,97.18938549637879,4236150
2017-10-03,95.73452758789062,96.6480542833811,94.82099400876895,95.21009126189682,3430145
2017-10-04,95.66685485839844,96.8510597027,95.27776448789004,95.71760787130903,2334927
2017-10-05,95.95443725585938,96.4281136091009,95.39616797253319,95.95443725585938,1547076
2017-10-06,96.969482421875,97.10481460689496,96.00519586000644,96.42812614727126,3982263
2017-10-09,97.03715515136719,97.20632727784385,96.27588058222214,96.74956391308312,1350306
2017-10-10,97.10482025146484,97.54467052924055,96.42813175250616,97.03715415502153,2435394
2017-10-11,98.33976745605469,98.74578464150272,96.83413846288198,97.08789662242552,5113769
2017-10-12,99.28714752197266,99.81158387654436,98.08602264982795,98.45820684139835,4607998
2017-10-13,98.76271057128906,100.06534146665993,98.3905332655966,99.65932422838782,4222649
2017-10-16,98.35670471191406,98.9488071882779,97.18941284261767,98.76271508511081,6938446
2017-10-17,98.06910705566406,99.01646682582687,96.8172292000338,98.79654857015267,9840952
2017-10-18,99.72699737548828,101.19879351804335,97.98452307363574,97.98452307363574,14532324
2017-10-19,98.8134536743164,99.74390028702801,98.49202941610474,99.74390028702801,739517
2017-10-23,100.45442199707031,100.62359410884102,98.89803994550589,99.03337901164863,7465974
2017-10-24,100.42058563232422,101.13110710155078,99.84540322476714,100.30216653472489,3978687
2017-10-25,101.13111114501953,102.12923074156251,100.14991839685412,100.5897617603277,4602841
2017-10-26,102.28147888183594,102.83974820939852,100.53900481007481,100.75892992500924,10070656
2017-10-27,100.47134399414062,101.48637668529808,99.81157549834067,101.30028460513348,3277807
2017-10-30,99.21946716308594,100.2514128738867,98.8134499807191,100.2514128738867,3809919
2017-10-31,99.49014282226562,100.30217033945434,99.03337949498162,99.21947157228998,2886132
2017-11-01,99.32096862792969,100.36983432731704,99.15179651887912,100.1499160924559,2277490
2017-11-02,99.21946716308594,100.04840772451855,99.11796114658658,99.30405321562522,2564335
2017-11-03,99.6593246459961,100.09917493505945,99.33790035419472,99.38865336964534,2107524
2017-11-06,101.45254516601562,101.84164241354208,99.28714068222723,99.4393928347401,3876529
2017-11-07,102.26457214355469,104.46380966202845,100.91119520910928,101.45254460616124,15161185
2017-11-08,102.31531524658203,103.73636511591282,101.85855192143784,102.77208545535709,5255548
2017-11-09,102.34915924072266,103.0089277495085,101.3679595765651,102.5183313592453,2553036
2017-11-10,102.39990234375,102.85667255716977,100.91119325164274,102.36606929777136,4214004
2017-11-13,101.02963256835938,102.99202534769516,100.84354045279726,101.60481511597125,2073570
2017-11-14,100.99577331542969,101.55403575002778,99.96382073071528,101.43561665431396,3545721
2017-11-15,100.319091796875,101.41871054511324,99.50706426760362,100.9957802573293,3918684
2017-11-16,100.70817565917969,101.21569197178626,99.710062997839,100.82660163902565,4846150
2017-11-17,99.8623275756836,101.11420543287525,99.64240931973511,100.89428029329537,4640212
2017-11-20,99.59165954589844,100.45443328267937,98.9318841056913,99.84541774206312,5142518
2017-11-21,99.4732437133789,100.82662080424764,99.18564557466382,100.53902266553256,5494382
2017-11-22,99.5747299194336,100.04841321638106,99.13488655226384,100.04841321638106,3391791
2017-11-23,99.32096862792969,99.8792379645227,99.16871648323648,99.8792379645227,1803850
2017-11-24,99.03337860107422,99.60856102525771,98.45819617689072,99.60856102525771,4289313
2017-11-27,99.74390411376953,99.92999619690373,98.45820014796512,98.54278620691137,2796903
2017-11-28,99.76081848144531,100.11607577890749,99.23638219195215,99.81157149069153,4009460
2017-11-29,101.04652404785156,101.23261612362477,99.30405680938807,99.81157314299044,6735475
2017-11-30,98.76271057128906,101.65555671990563,97.89993684676995,101.28337941421319,18265488
2017-12-01,97.91683959960938,99.4224755134622,97.46007627791747,98.7965400812451,3808745
2017-12-04,98.1029281616211,98.49202537862185,95.66684572711453,97.08789553481766,8790643
2017-12-05,95.90369415283203,97.64616826642386,95.64993598726907,97.64616826642386,4956230
2017-12-06,95.58226776123047,96.24204315464864,94.93941921677381,95.85294590472989,5759926
2017-12-07,95.14241790771484,96.34353573912814,94.736400720097,95.93752543514096,6731998
2017-12-08,95.71760559082031,96.76647133691462,95.27776221788066,95.64993949763915,4843796
2017-12-11,97.91683959960938,98.11985163914426,96.15745240359952,96.15745240359952,4125876
2017-12-12,97.37550354003906,98.57662844249003,96.49580982172442,98.28903719199145,3314548
2017-12-13,97.17249298095703,97.93376754032242,96.51271756599488,97.57850332583268,2911417
2017-12-14,97.64617156982422,98.28902698772454,95.53152011859358,97.57849859320622,3375145
2017-12-15,98.01836395263672,98.37362820464026,97.00333109963469,97.64618661659573,4930972
2017-12-18,100.08224487304688,100.74202024008802,96.17436633202351,97.10481294811184,6890507
2017-12-19,98.93186950683594,100.47133842318298,98.30593409205538,99.81156996396604,10183834
2017-12-20,100.319091796875,100.9957802573293,98.93187494603887,99.760822440274,7081611
2017-12-21,100.74201202392578,101.16494226947324,99.60855345895436,100.08223671069356,3711281
2017-12-22,102.04463958740234,102.6536550333954,100.16682647408834,100.82660181178566,4689556
2017-12-26,102.4844970703125,103.87171402546807,100.87736185587609,101.92623455536085,4948094
2017-12-27,103.73637390136719,104.21005723126045,101.52021629559769,102.82284029008058,4841953
2017-12-28,104.21005249023438,104.85290791701206,102.34915918745385,103.49952408590418,13459388
2017-12-29,106.32469940185547,107.05214085659202,102.51832690063833,103.33034752732665,10069992
2018-01-01,107.10289001464844,108.27018174490775,104.70064734483175,105.39425577369443,8934389
2018-01-02,107.83033752441406,109.62356480732916,106.39237445833562,106.86605778624069,7665379
2018-01-03,104.86982727050781,108.4055288874252,104.46381691543544,108.4055288874252,5860470
2018-01-04,105.44500732421875,105.90177065423894,104.02395743971813,104.9205710185761,3905556
2018-01-05,104.73448181152344,106.20628474718369,104.10854635073301,105.90177355761152,4301878
2018-01-08,105.27584075927734,105.86794318811889,104.58223230346759,104.88674350074093,4760660
2018-01-09,107.32281494140625,108.2701815424278,103.6686944901871,105.76643285426883,12201522
2018-01-10,110.53707885742188,110.92617607800415,106.61228737438161,107.05213760349733,10163032
2018-01-11,108.64236450195312,110.3171726645317,107.93184295584314,109.47131204210758,5643897
2018-01-12,107.8641586303711,109.53896661678799,107.3228092656868,108.60852002998882,8433768
2018-01-15,106.57846069335938,109.70814484167437,106.03711129848514,107.8810846107967,3187225
2018-01-16,112.31338500976562,113.0069933919837,106.91679762721033,107.22130879217511,16443849
2018-01-17,110.19873809814453,112.8378257882661,109.96189989574192,112.66865367694115,8113347
2018-01-18,110.080322265625,111.06152191717123,108.9976234744484,110.63859162630054,4722081
2018-01-19,111.29835510253906,111.65361928428607,108.43934921876257,110.63858663201549,4288268
2018-01-22,108.79460906982422,111.29835067218961,107.25514018837508,107.25514018837508,12193514
2018-01-23,106.66304779052734,109.26829565078219,106.03711233149272,108.98070442729397,8613403
2018-01-24,106.22319793701172,109.42055510532904,105.6310955225416,107.08597849440635,17542056
2018-01-25,105.5465087890625,107.59349416232048,104.4638099915434,106.81529966910726,22129831
2018-01-29,105.27584075927734,106.95064201883376,104.75140442599375,106.27395352872914,9397269
2018-01-30,103.97319030761719,105.66491121395099,103.09349681304961,104.7344647154674,6079993
2018-01-31,103.43009948730469,104.87275723970914,102.36083412488976,103.9053293046119,7530432
2018-02-01,102.08926391601562,104.9236602838716,101.83467729184704,103.54888975091961,5872873
2018-02-02,102.03834533691406,102.66632429609037,100.20532025939889,101.59705909203116,6713662
2018-02-05,101.41036987304688,103.71861787094299,100.45991034643386,101.15578323978673,5851054
2018-02-06,100.01862335205078,100.52779661483298,98.47413526527407,99.01725203102087,6489310
2018-02-07,98.21955871582031,101.22367989337828,97.76130411349878,101.22367989337828,6662763
2018-02-08,98.3722915649414,100.01861696152709,97.43880730948413,98.47412897343287,14125508
2018-02-09,96.7429428100586,98.100745113942,96.40349396061387,98.100745113942,8405269
2018-02-12,98.08377838134766,98.7626761388792,97.04845653867001,97.72735429620155,6722288
2018-02-14,99.61128997802734,100.73147394640874,98.28743808069603,98.44019420698687,8063123
2018-02-15,99.288818359375,100.34110843551599,98.5929454396454,100.34110843551599,4415065
2018-02-16,98.7796401977539,100.44293399111562,98.45715965565601,99.44156267420567,8209045
2018-02-19,98.4232177734375,99.45853951632404,98.03285021926203,99.45853951632404,4420870
2018-02-20,98.9323959350586,99.5434066506024,98.13469248861875,98.44019784639066,9160624
2018-02-21,99.18698120117188,100.08652205637935,98.62688920407253,99.79799190820839,13748271
2018-02-22,99.3397216796875,99.88284532973137,98.79660493574772,99.42458388674385,12838500
2018-02-23,100.13744354248047,100.45991720418142,99.22092745651665,100.3071679762399,9779768
2018-02-26,98.98330688476562,100.3750457320442,98.57596413763982,100.06954039822591,13418935
2018-02-27,99.03423309326172,99.91679875306558,98.83055825121832,99.27184453417264,10467034
2018-02-28,99.39065551757812,99.7301043974853,98.10075391759395,99.45854943722264,13724575
2018-03-01,99.288818359375,99.83193514969571,98.84753208255555,99.39064887287626,10895423
2018-03-05,98.76268005371094,99.7131397143722,98.37231244643559,99.66222099931795,9996650
2018-03-06,97.40486907958984,99.10211327226477,97.13330724632013,98.864501847732,12604231
2018-03-07,96.86175537109375,98.72872404186099,96.50533131696001,97.9140454224871,4868340
2018-03-08,96.81084442138672,97.67643491263424,96.11497146225189,97.23515551693112,5387353
2018-03-09,96.75991821289062,97.727346054566,96.43744456770035,96.74294300794186,2681455
2018-03-12,98.67781829833984,99.11910462276091,97.11635476794325,97.18424178426707,4658262
2018-03-13,100.68054962158203,101.63100220569932,99.28881079426819,99.28881079426819,8546243
2018-03-14,99.74706268310547,100.6805469444965,99.45853256535085,100.13743020999887,5547337
2018-03-15,99.59432220458984,102.51358805975154,99.11909930361473,100.29019516203991,13181140
2018-03-16,100.39202117919922,100.86724402617276,98.79660750144545,100.1374345514187,12891090
2018-03-19,97.98192596435547,100.64660477986355,97.28606001301397,99.6452265970491,3963271
2018-03-20,99.6622085571289,100.20532533565694,96.62413720737051,97.38789711951748,8064555
2018-03-21,100.2223129272461,100.57873011996887,98.84754215302938,99.96772625839895,8382829
2018-03-22,97.91404724121094,100.13744000741076,97.47276096657285,99.73009723710528,5036841
2018-03-23,96.62413787841797,97.62551613607229,96.08102109611802,96.42046994831855,8771707
2018-03-26,93.00900268554688,96.94661474626943,92.44891071948683,96.60716590697295,18744243
2018-03-27,93.0259780883789,95.31725775851744,92.75441625392077,94.68927878570034,14239615
2018-03-28,95.43606567382812,96.23376908506532,92.66955618259303,93.00900503044753,13853121
2018-04-02,98.32138061523438,98.7117481704344,94.63836200717391,96.23376882534248,6543819
2018-04-03,96.36954498291016,97.54064759063621,96.08101485849213,97.5236723866864,4300609
2018-04-04,95.58883666992188,97.25213075828647,95.04571290397652,96.74295740729187,4358041
2018-04-05,97.16725158691406,97.32000770923474,96.06404285216138,96.06404285216138,2813628
2018-04-06,96.38653564453125,97.08240171430086,96.16589248831932,97.08240171430086,1802274
2018-04-09,96.75991821289062,97.09936706302967,96.14890752019853,96.64111249656287,2986425
2018-04-10,97.08238983154297,97.89706843609164,94.28193687635364,95.24937160393893,11673823
2018-04-11,96.98056030273438,98.1686312654318,96.35258131795806,97.7612954120916,3468465
2018-04-12,97.37094116210938,98.60993100229513,96.77690559959206,97.18424150859033,5989886
2018-04-13,99.84890747070312,100.12046932985405,97.37093485689705,98.2704757459664,8491437
2018-04-16,98.40625,99.7979958987781,97.57460302682234,98.10075154037064,6256147
2018-04-17,96.6580810546875,98.03285166388021,96.16588298310741,97.79524023058731,5854046
2018-04-18,99.3397216796875,99.73008921336749,97.25211000488066,97.82917715652624,7066675
2018-04-19,99.27184295654297,99.73009753164847,98.32138339579444,99.4585425900808,2552252
2018-04-20,101.1727523803711,101.83468177601918,99.76403828338637,100.06954362706207,8937349
2018-04-23,100.93514251708984,102.17413220972729,99.73009632847575,101.76678944313308,10660490
2018-04-24,97.40486907958984,100.3580712124025,97.13330724632013,99.93376016423377,9443424
2018-04-25,97.47276306152344,99.73009938057209,96.1149676101985,97.72734970864686,17195110
2018-04-26,95.50395965576172,96.06404473024095,93.0090050973528,93.34845394545148,25550129
2018-04-27,93.73882293701172,94.80808820611261,93.12781223863847,93.82368515033554,6519427
2018-04-30,94.62139892578125,95.84342045621486,93.72185798491971,93.73883319188336,5648769
2018-05-02,93.53516387939453,94.70625977191631,93.12782107313524,94.70625977191631,6354939
2018-05-03,92.1434097290039,93.6030355537637,91.49845557103836,93.34844893136447,8949440
2018-05-04,91.61727142333984,92.55075580881766,89.63149692999892,92.4998370974797,8256123
2018-05-07,93.26359558105469,93.56910093816815,90.70076081584152,91.65121348606645,5265878
2018-05-08,92.58470153808594,93.67094208366746,91.65121713018725,93.41635542696781,5221180
2018-05-09,91.73607635498047,93.14479052396152,91.51543321182118,92.66956073241185,5165820
2018-05-10,91.80397033691406,92.19433100650672,91.10809740170961,91.95671956361511,4808846
2018-05-11,92.55074310302734,92.87321672038888,91.0741421135707,92.16037557783436,4066852
2018-05-14,92.44892120361328,92.99204493296378,91.65121772202424,92.12644753215338,4104721
2018-05-15,91.99066925048828,92.95809719884912,91.02324130212746,92.60168001056107,4501617
2018-05-16,93.24662780761719,94.68928547969206,91.65121400307149,91.9567193619083,8413891
2018-05-17,94.48561096191406,95.31725785839404,93.12780869430489,93.3484518217703,6949715
2018-05-18,91.27781677246094,93.85762662037446,90.9892866346339,93.85762662037446,12844244
2018-05-21,89.9030532836914,91.46452362320386,89.64846662913241,91.345710992859,8120387
2018-05-22,89.93700408935547,90.61590183781651,89.30901814714498,89.61452351517346,3966732
2018-05-23,89.42784118652344,90.1916012424362,89.13930408496061,90.1406825241542,9401189
2018-05-24,89.73332214355469,90.29341412296232,88.91865043471212,89.64845993170822,6267787
2018-05-25,89.81818389892578,90.17460794931134,89.49571025798984,89.95396481841097,6265014
2018-05-28,89.37690734863281,89.86910542784845,89.1562642108068,89.1562642108068,3131052
2018-05-29,89.27506256103516,89.78423580348415,88.81680802405188,88.81680802405188,4768596
2018-05-30,88.54523468017578,89.427807043824,87.76450662031422,89.24110745010537,7799451
2018-05-31,88.90167236328125,89.78423795680551,87.57782051994273,88.86772886085807,13729428
2018-06-01,88.46038055419922,89.78423231434064,87.93423903444433,89.25809079458575,3800052
2018-06-04,88.3076400756836,89.0883751900191,87.59479887474069,88.74892634136965,4223321
2018-06-05,86.64434051513672,88.93562027470011,86.2200294485509,88.3246164824793,6572043
2018-06-06,88.00213623046875,88.42644729851193,86.05030531747015,87.28929501737714,5079518
2018-06-07,89.81818389892578,90.2424949560017,87.59479810351056,87.59479810351056,5339491
2018-06-08,89.61451721191406,89.9539660622686,89.10534393638224,89.81818514090588,5026132
2018-06-11,89.75030517578125,90.37828421699236,89.35993758602135,89.78424868225927,5541131
2018-06-12,90.44617462158203,91.36268379140107,90.14066926294075,90.54800513705925,6065963
2018-06-13,91.24386596679688,91.6512017868823,90.58193662652819,91.31175296810981,4100905
2018-06-14,90.42919921875,91.34570838657038,89.83516370839479,90.68378586604508,6231142
2018-06-15,90.59891510009766,91.22689405627303,89.95396093992939,91.22689405627303,12894495
2018-06-18,90.20855712890625,91.31176594672158,89.58057810614004,91.31176594672158,8318768
2018-06-19,88.59618377685547,90.27645997852558,88.29067838508767,90.27645997852558,9780146
2018-06-20,88.15489959716797,89.12232753052255,87.69663808116904,88.6980164276385,5125212
2018-06-21,87.79846954345703,88.6980104016793,87.27232104918417,88.59617298146368,10174400
2018-06-22,87.66268920898438,88.12094379083179,86.55948040900499,87.83241363975044,6965470
2018-06-25,87.40809631347656,88.68102945321195,86.8989230575824,87.54387722960251,4371876
2018-06-26,87.4420394897461,88.23974977922087,86.94984143999312,87.40809598736732,5289660
2018-06-27,86.91590118408203,88.22277787026127,86.287915289149,87.95121602887919,8530568
2018-06-28,87.27233123779297,87.90031722559567,86.79710139814722,87.03471977102285,10412698
2018-06-29,88.76589965820312,89.10534852604209,86.55948201724988,87.91727748860572,9652752
2018-07-02,88.46038055419922,89.02047248034795,87.61175851642956,88.49433096059306,10055613
2018-07-03,88.90167236328125,89.20717769729849,87.76452014242668,88.74892314932477,10490968
2018-07-04,88.91865539550781,89.12232333408114,87.61177173527713,88.95259890091921,10224848
2018-07-05,89.64847564697266,89.88609402545967,88.30765522719602,89.10535877716842,12472818
2018-07-06,89.20719146728516,89.75030830820428,88.76590514935411,89.27507848261055,7580592
2018-07-09,89.93700408935547,90.0388346079616,88.98654447906799,89.3769120656541,5832667
2018-07-10,91.85487365722656,92.43194081768225,89.5126822315965,90.29341040477179,13242228
2018-07-11,92.36404418945312,93.28056015634733,91.4475351286629,92.65258121424263,10556522
2018-07-12,94.85901641845703,95.55488249376248,91.60030157547587,92.48287420734468,11900279
2018-07-13,95.33423614501953,98.37230060216578,94.45166360662427,94.97781208865956,20625128
2018-07-16,96.09800720214844,97.42185235101864,94.65534941664674,94.79112344804497,12543791
2018-07-17,96.36954498291016,98.08376433767675,95.63972861683811,96.06403965454231,14471569
2018-07-18,96.675048828125,97.52367089051414,96.28468129820519,97.08238465563018,6125915
2018-07-19,97.0145034790039,97.88010079706338,95.58882109101656,97.08239048563019,7434390
2018-07-20,96.06404876708984,98.64386564593372,95.21542661118193,97.59156864772407,13966393
2018-07-23,93.84065246582031,95.89431371193278,89.39386733663115,95.89431371193278,23582642
2018-07-24,92.652587890625,94.5365248526923,91.37965471107772,94.43469434199122,9224277
2018-07-25,93.24662780761719,93.92552553565243,92.53377966829633,93.34845832315958,6629507
2018-07-26,92.1264419555664,93.38239996492747,91.53240645538935,92.80533967005448,11554893
2018-07-27,93.17872619628906,93.51817503227441,92.3301041063257,92.3301041063257,4829553
2018-07-30,92.72048950195312,93.00901968687535,91.48149963082238,92.94113266904856,7272923
2018-07-31,93.82367706298828,94.11220718219778,92.05854594044446,92.83927409206407,7436176
2018-08-01,94.14615631103516,94.53651692849209,92.90716673890896,93.68789487992674,4219572
2018-08-02,94.7402114868164,95.31727183764603,93.2126845749917,94.02736329259643,8010016
2018-08-03,94.36680603027344,95.19845990060652,94.0613006678267,95.19845990060652,4362841
2018-08-06,94.04434204101562,94.94388301503473,93.43333125327665,94.70626463931153,4540062
2018-08-07,94.18012237548828,94.87598847836556,93.55213638421353,93.55213638421353,4592433
2018-08-08,94.5365219116211,94.8590024507366,93.14478305983454,94.8590024507366,3821153
2018-08-09,94.60441589355469,95.1645078567709,93.53515067397906,94.40074797223177,6388521
2018-08-10,94.65532684326172,95.0117439498418,93.85761661545546,95.0117439498418,3598180
2018-08-13,95.6736831665039,96.55624878191456,94.19707516648683,94.36679958891598,6481139
2018-08-14,96.75991821289062,97.42184070821996,95.38514760738568,96.74294300794186,5241916
2018-08-16,94.85901641845703,96.74295359931865,94.3837865950135,96.74295359931865,6015278
2018-08-17,95.06266784667969,95.38514147112478,94.18010227431577,94.8420247270627,7277246
2018-08-20,96.75991821289062,97.21817277935743,95.04569875724663,95.31726059979968,4291894
2018-08-21,98.08377838134766,99.96772242093972,96.40350228779403,96.69203935962902,16189619
2018-08-23,98.35533142089844,99.49248368150052,97.89706995080259,98.44019363297478,7277960
2018-08-24,99.16999816894531,100.0865141571651,97.38789180452835,97.99890246334155,11267031
2018-08-27,100.42595672607422,100.91815473835025,98.7965996749127,99.11908018821744,6811390
2018-08-28,100.34111022949219,101.15578888259104,99.8319369345685,100.73147780348796,4051198
2018-08-29,100.73147583007812,101.00303077172123,99.492486122149,100.66358191508886,4285462
2018-08-30,101.4782485961914,101.83467261610386,99.79797971627009,100.98605057450645,9067763
2018-08-31,102.25897979736328,104.04108601780472,101.66494439054948,101.83466879249627,18087318
2018-09-03,104.66908264160156,110.99980528706843,103.97320971338463,110.99980528706843,68625769
2018-09-04,106.36632537841797,106.9264173726056,104.99155474778513,105.38192231380103,21828613
2018-09-05,108.2332992553711,108.62366684002316,106.756698041005,106.77366634096943,30871477
2018-09-06,109.03099822998047,109.4722845085444,107.94476464504497,108.62366236215583,26924326
2018-09-07,110.21906280517578,111.42410894519176,108.3181506893781,109.26861020032909,22940730
2018-09-10,110.32090759277344,111.3392541770967,109.70989687973757,110.11723965712974,16966961
2018-09-11,109.96448516845703,111.33925584027155,109.69293021891056,110.98283176799227,12710847
2018-09-12,111.59384155273438,112.18787706413985,110.3378835196333,110.3378835196333,16704169
2018-09-14,112.08602905273438,113.03648854362584,110.04933606319906,111.59383100937167,11404741
2018-09-17,111.98420715332031,114.05484380392977,111.37319644705963,112.7819105876406,12352938
2018-09-18,112.88375091552734,113.22319978194943,110.32090921159862,111.8144856050768,7248678
2018-09-19,112.93465423583984,113.22319127550476,111.01677380952906,113.17227256814598,7797531
2018-09-21,113.78328704833984,114.69980314875457,111.33925792611059,112.66310991152852,17700584
2018-09-24,112.93465423583984,114.73373585515408,112.1030073380292,112.1030073380292,9975645
2018-09-25,111.44108581542969,113.68144680347034,110.74521292314154,113.0364926189772,9037680
2018-09-26,108.36906433105469,111.6617151506159,107.40163656704786,111.40712853345073,20972861
2018-09-27,108.2672348022461,109.86264852960299,107.50347489515843,109.2686130463126,47992758
2018-09-28,109.98145294189453,110.88099375858243,107.06219426839226,108.28420872403224,18433179
2018-10-01,112.06906127929688,112.84978945194337,109.64200074085458,109.98144957403241,10879266
2018-10-03,111.1695327758789,112.0181549526076,109.47228842242151,111.79751180543715,9550589
2018-10-04,110.54154205322266,112.15392401844922,109.1667715099036,110.35484243164947,12296495
2018-10-05,110.42273712158203,111.32227101522618,109.03099136425975,110.25301270299192,8937680
2018-10-08,107.77503967285156,109.77778930946069,106.14568239755148,109.09889159576977,9465389
2018-10-09,109.18375396728516,109.57412153444079,105.80623369314397,107.60531539945875,9932090
2018-10-10,107.24889373779297,108.87825105191686,105.28009446484018,108.75944533041101,9764277
2018-10-11,106.26448822021484,107.0791668586621,103.4810103538001,104.55027563513059,7138056
2018-10-12,107.3676986694336,108.60668839854792,105.059450548528,107.31678686495194,8960733
2018-10-15,108.6066665649414,109.31951455763546,106.63786770226739,107.72410108125283,8342805
2018-10-16,108.30118560791016,108.86127762542579,107.29981420243143,108.62366617853064,8320912
2018-10-17,109.69293212890625,111.71265015737691,107.43559574607697,109.54017599265322,12641962
2018-10-19,109.69293212890625,110.69430354011003,107.77504461849927,109.76081914094871,7051648
2018-10-22,109.37044525146484,111.08466472081827,108.62366053762835,110.18512387953483,4842137
2018-10-23,104.92366027832031,108.70851613864706,103.56586494949308,108.2502615963887,10176672
2018-10-24,104.82183837890625,105.78927321875065,101.83469235707808,104.95761931310416,12479882
2018-10-25,108.13146209716797,109.69293243961748,100.47689414602618,100.47689414602618,37804166
2018-10-26,108.82733154296875,109.47228576283464,107.2658681569441,108.21632082812638,11805695
2018-10-29,111.84843444824219,112.76494366887847,107.4865176877755,108.28422118071526,6600369
2018-10-30,111.1695327758789,113.59659358254396,110.54155374632066,111.67870608191612,9880349
2018-10-31,112.42548370361328,113.29108103141189,109.33650055748244,111.40713715613468,8013245
2018-11-01,111.89933776855469,113.01951478344705,109.47227721046487,113.01951478344705,6681864
2018-11-02,108.08053588867188,112.56125765781333,107.62227444578578,111.67869208584354,9761930
2018-11-05,110.0154037475586,110.49063354132541,106.62091508651694,106.96036395262111,6810854
2018-11-06,110.2869644165039,110.94888693584464,108.99705597674195,110.2530209114796,6109153
2018-11-07,110.43971252441406,111.25439116727607,110.16815758086321,110.4566877298068,380109
2018-11-09,110.2699966430664,111.33926201308098,107.82596743112329,111.33926201308098,12329274
2018-11-12,109.76081848144531,110.83008380437181,109.23467687601509,110.23604828120207,6897542
2018-11-13,110.71126556396484,111.23740710990961,108.9631026979199,109.8117247779316,6101731
2018-11-14,110.16815948486328,110.69430108177009,108.16540980082853,110.320908711619,4883777
2018-11-15,109.69293212890625,112.18787995998913,109.1837588202728,110.03238100132855,8942797
2018-11-16,110.72824096679688,112.15393029635861,109.81173182401794,109.81173182401794,7275846
2018-11-19,112.98558044433594,113.85117780858918,109.13283722533784,110.49063267915953,7513344
2018-11-20,109.06494140625,112.32364885100537,108.65759865934044,112.32364885100537,6907315
2018-11-21,106.63788604736328,108.62366045380458,106.33238069880971,108.62366045380458,6943816
2018-11-22,104.2447738647461,108.21632286776197,103.87138149024027,106.92642130982323,8239488
2018-11-26,108.09752655029297,108.58973159660364,102.73423119348635,102.98881786726947,18657115
2018-11-27,105.92503356933594,109.4043910712036,105.5686164324569,107.55439075711075,11458234
2018-11-28,105.33100891113281,107.1131154967257,104.97459173767724,106.56999868043268,16926705
2018-11-29,106.8924789428711,107.48651446967374,105.09339715639823,106.5869735764373,7793384
2018-11-30,110.20209503173828,110.79613050238568,106.48512608602488,106.94338063930341,16991251
2018-12-03,111.42412567138672,111.84843678352293,109.65899420734227,110.32091677983261,7115262
2018-12-04,113.69843292236328,115.83696373609796,110.55853062483068,111.42412807470077,15925097
2018-12-05,114.20758056640625,114.97134041284694,111.39015949875404,113.03648489763876,10264210
2018-12-06,112.57823944091797,114.20758976759852,111.67869861252841,113.12135621647816,6232265
2018-12-07,113.13832092285156,114.17363566948264,110.13419337203524,112.96859651460676,9264269
2018-12-10,110.86402130126953,114.224566317135,110.35484802329307,111.44108849330559,8528293
2018-12-11,111.33924865722656,113.30805471841923,110.25301511690922,110.45668304245568,11795237
2018-12-12,112.03512573242188,112.69704824167776,111.32227760724824,111.95026351810165,7028448
2018-12-13,114.95437622070312,116.75345089068257,111.67869360332288,112.35759126884815,13728244
2018-12-14,113.07044219970703,116.43098731545047,112.79888725371151,115.07319186715854,12792082
2018-12-17,115.27684783935547,116.00666419829048,113.51171670220924,114.03785824015472,9162003
2018-12-18,113.73236083984375,114.86951303873784,112.88373876513113,113.80024784337911,9864405
2018-12-19,115.6502456665039,116.17639413557032,112.49337557041864,113.73236522852982,9978008
2018-12-20,113.12135314941406,115.4126328112107,112.815847813287,114.13969966576813,6421739
2018-12-21,109.33649444580078,113.64749873281342,108.87823990627179,113.10437507963402,26209361
2018-12-24,110.89796447753906,112.1878728737095,109.09888971100136,109.54016907361421,11285031
2018-12-26,110.71126556396484,111.10163310199107,108.40301074389133,110.55850944590024,6281385
2018-12-27,111.15254974365234,112.4764016273577,109.98145398466558,111.27136236491273,13527065
2018-12-28,112.03512573242188,113.0025535944515,110.59246808897804,110.72824210700666,5945206
2018-12-31,112.30669403076172,113.30807242249304,111.6956901586547,112.35761274663035,5696321
2019-01-01,110.88099670410156,112.9516333236785,110.45668563836429,112.27273561849887,4036542
2019-01-02,110.50761413574219,112.45944521101805,109.6420167225256,111.61082300437637,8822139
2019-01-03,110.49063110351562,111.32227804467985,109.6589841623514,110.99980439143773,9446080
2019-01-04,110.13420867919922,110.9488873332244,108.50485827725365,110.15118388482456,6414073
2019-01-07,110.06631469726562,110.91493680268466,109.40439221748053,110.69429367405483,5076276
2019-01-08,110.50761413574219,111.16953669448061,109.50623578824188,110.32091448783893,5559089
2019-01-09,111.67870330810547,112.90071783102212,110.1681586334884,110.1681586334884,10474346
2019-01-10,110.57550048828125,112.37458231804015,109.64201606656025,112.2897200978837,8265043
2019-01-11,111.57686614990234,111.9842089292376,109.81173482443063,110.52457605563633,4263836
2019-01-14,106.09474182128906,112.39151958042522,105.68740603946978,112.03510249785917,18435523
2019-01-15,111.95026397705078,112.79888612373203,106.94338640552671,108.28421354094591,40188776
2019-01-16,114.24154663085938,115.34475544914193,111.6956801271304,112.62916451183102,26390100
2019-01-17,113.85118103027344,114.93741466162638,112.56127255019994,114.39429784594991,14104487
2019-01-18,117.50023651123047,117.958497964052,113.1722707645855,114.05483635568999,26911902
2019-01-21,114.66584777832031,117.07592623900992,113.10437759979355,115.41263245892543,41658250
2019-01-22,117.61906433105469,118.67136138202989,114.05485109752031,114.32641296346975,17817926
2019-01-23,119.3332748413086,120.77593246876246,118.12822864887588,118.34886487877925,26499796
2019-01-24,119.40116882324219,119.82547991492243,117.61906223818514,118.87502030711667,11281453
2019-01-25,119.97823333740234,121.6415411622292,118.12823967548157,118.21310189678262,13964137
2019-01-28,120.5552978515625,123.11812568014392,120.24978559198335,120.28373600267305,18399880
2019-01-29,122.34245300292969,122.81901781243279,120.18086051785633,121.18505955651717,12320260
2019-01-30,123.65299224853516,125.15079283456161,121.86585373823343,122.20626107352899,19757160
2019-01-31,125.67841339111328,126.42732061132735,123.67001564907365,124.58911268608823,20517517
2019-02-01,126.47837829589844,126.78473936297974,123.73809642465505,125.9847904206185,8977608
2019-02-04,126.37625122070312,127.55065375992396,125.30397365254713,125.95074205060789,8383256
2019-02-05,125.423095703125,126.69962308917755,124.52102189079798,125.95072979293512,6550401
2019-02-06,126.69963836669922,127.63575856268237,125.52523580016239,125.66140704848613,5811361
2019-02-07,127.17619323730469,127.48255424927066,125.83158724957539,126.63153604802329,5982481
2019-02-08,126.8698501586914,127.61875744437815,125.50822069556813,126.46136408999665,3735809
2019-02-11,126.98899841308594,128.4697759963015,125.84862819601544,126.25712811635849,7927406
2019-02-12,127.65277862548828,128.07828779523186,125.38907538293653,127.36344070078863,7939320
2019-02-14,127.68682861328125,128.81017562431842,127.29535185500524,128.12936093292745,8199603
2019-02-15,128.02723693847656,128.45274612385137,126.00181598633458,127.73788515193752,9393792
2019-02-18,127.8570327758789,128.94633351603488,126.20605160244766,128.94633351603488,9280197
2019-02-19,123.7210693359375,127.78894802077085,123.29556017235323,126.81878158731482,8171619
2019-02-20,126.69963836669922,127.31237435613025,122.95515758276657,123.63597227075432,11761287
2019-02-21,127.49961853027344,128.26553515857304,126.22309081644076,126.90390559715152,6861558
2019-02-22,128.92930603027344,129.3548151996723,127.14216751879825,127.65277852207687,8519101
2019-02-25,131.19300842285156,131.6355406796854,129.09949523324818,129.62712931442667,12475916
2019-02-26,131.95895385742188,132.40148621156087,129.78033836443436,130.88666232417611,10140096
2019-02-27,127.44853973388672,130.66538621621157,126.76772507725882,129.4399142937975,21357373
2019-02-28,125.5763168334961,128.23148328139294,124.79337709961378,127.61876108647,25142033
2019-03-01,127.89108276367188,128.79317066783406,124.4189301176748,126.25713835464666,18763773
2019-03-05,123.77214813232422,127.53365219389771,123.22749082114939,127.3123791013282,36042630
2019-03-06,125.92803955078125,129.76328763719624,123.95367401988014,124.54370792510969,43014120
2019-03-07,122.02469635009766,127.22157381764637,121.41196032215483,127.08541641197515,16200268
2019-03-08,116.96397399902344,119.02910643481519,116.44200496800693,118.50715125500956,54689738
2019-03-11,117.8944091796875,118.41636433266642,116.85049887372968,117.55400183845646,14708454
2019-03-12,118.62062072753906,119.52837368684496,118.07596341147116,118.46176118941835,12580708
2019-03-13,117.05474853515625,120.54960318402237,116.2831667829939,119.14258324027581,14439446
2019-03-14,116.57817077636719,117.87172144934412,115.7384965604902,117.71286191911709,8978946
2019-03-15,119.57376861572266,119.93686427265766,116.73704051088212,117.10013616781713,17440194
2019-03-18,116.91858673095703,120.16380086800947,116.21506985990766,120.16380086800947,11497228
2019-03-19,116.85050201416016,117.5086145808346,115.78388954606162,117.00934769670225,10103694
2019-03-20,118.71138000488281,119.36950639813219,117.28167195704833,117.28167195704833,12229124
2019-03-22,118.25751495361328,119.70992527468164,117.32707368153632,119.119891373054,6396058
2019-03-25,116.41931915283203,118.91563983642102,116.1923809088694,118.91563983642102,6747924
2019-03-26,115.73849487304688,117.37245286502602,115.01228978203281,116.69163818930221,7701032
2019-03-27,115.53426361083984,116.37393097430406,115.17116102838781,115.82928056342888,6715462
2019-03-28,115.62503051757812,117.05473862517849,115.33001358286862,116.14698568686579,14209672
2019-04-01,118.75677490234375,119.7779969537992,116.16968042377766,116.1923756322644,14133132
2019-04-02,118.75677490234375,119.7779969537992,117.64478586815193,119.55105872014244,7413134
2019-04-03,118.75677490234375,119.41490132043259,117.1909094008384,119.0971822528289,7538708
2019-04-04,117.57669067382812,119.0291008770638,115.71580135504072,118.46175530567646,12838396
2019-04-05,118.96102905273438,119.75531289857322,117.78094742581732,118.46176215082204,7229104
2019-04-08,119.68722534179688,120.50419741087813,118.34828427452533,119.68722534179688,7274928
2019-04-09,124.27137756347656,124.81603489258325,119.52837654828515,119.59645525162068,27982768
2019-04-10,127.5392837524414,127.90237937566536,124.81602502463127,126.17765438853634,37061332
2019-04-11,127.67546081542969,129.17326165717205,127.15350558243965,128.6739947099246,18883256
2019-04-12,128.62860107421875,129.21864885212236,127.72084804779348,128.17472456100612,11578108
2019-04-15,130.58026123046875,131.39723330639754,128.96899150959516,129.35478926536544,14134384
2019-04-16,127.49388885498047,132.28229359378065,126.17764995305029,132.23690317967072,40734118
2019-04-18,129.26400756835938,131.41992070834183,127.17618697692333,131.17029420103842,54851156
2019-04-22,130.82989501953125,131.17030237864537,129.40018688149408,129.58173470277944,16824108
2019-04-23,132.12347412109375,132.4638815532928,130.12641995576888,131.488049684565,12355568
2019-04-24,133.00848388671875,133.57582943111052,131.71494712647322,132.55460745120536,18298138
2019-04-25,133.9843292236328,134.3247365500636,132.9177168305745,133.00848380689698,20781632
2019-04-26,133.80279541015625,134.64246976031288,133.21276146205292,134.52900062789203,12393102
2019-04-30,135.50482177734375,135.91332170301573,133.89356576372248,133.89356576372248,14679834
2019-05-02,133.28082275390625,135.64098594031447,132.82694628353627,135.5048146884771,9078250
2019-05-03,132.0326690673828,133.3035315587399,130.96605653839728,133.2127507196389,14816616
2019-05-06,132.00994873046875,133.3488757492357,131.26105546896073,131.57876062625093,8608690
2019-05-07,133.37159729003906,133.87086415411048,131.76032758559083,132.82694001083206,8707688
2019-05-08,132.00994873046875,133.55312566201422,131.64683931344112,133.55312566201422,7904232
2019-05-09,132.10072326660156,133.03117821554886,131.76031595993496,132.44113057326817,7497994
2019-05-10,131.7830352783203,132.7134764974075,131.62417574424893,132.30499044637435,6133344
2019-05-13,131.21571350097656,133.21276755264756,130.82991566286427,131.8511379013428,8563900
2019-05-14,129.17324829101562,131.17030202214872,128.4924335746377,131.17030202214872,16740848
2019-05-15,128.44705200195312,129.78599324351828,128.12933290527982,129.58174327405519,8631244
2019-05-16,129.513671875,130.2625653865968,128.8328570733279,128.8328570733279,7191096
2019-05-17,129.990234375,131.57880221720794,129.4909674257779,130.03562479787698,6713562
2019-05-20,131.73765563964844,132.30500127117148,130.4441048295336,131.3972482607346,8366922
2019-05-21,130.2171630859375,132.07805947768668,129.80867701243434,131.89651165070876,5029334
2019-05-22,128.492431640625,130.4894853416993,127.53928828180001,130.26254710632244,15300108
2019-05-23,128.08392333984375,129.76325767921674,127.7662043250176,129.62710030212452,9712568
2019-05-24,128.40164184570312,128.99168952723392,127.08540294261088,128.85551828478387,9855298
2019-05-27,127.31237030029297,128.9463286251917,127.17621287789011,128.90093820065314,10900622
2019-05-28,128.42437744140625,129.69522626148844,126.92657649143798,127.53931261409713,88274856
2019-05-29,129.67250061035156,130.94334906425226,128.67396693142294,129.1278433579888,11011746
2019-05-30,130.7164306640625,131.62418365478516,129.58173942565918,129.80867767333984,23151914
2019-05-31,129.990234375,131.6241926400849,129.3548100083593,130.78451829610395,14648962
2019-06-03,132.21421813964844,132.5546255126663,130.37602386583663,130.94336948753306,11706676
2019-06-04,133.3262176513672,134.32475146021932,131.9872764782988,133.4396867727726,22163334
2019-06-06,132.30499267578125,133.71201252079157,132.07805443791543,133.43968386511042,17201760
2019-06-07,133.91624450683594,134.3020422695885,132.53192683890006,132.7588650697886,13569768
2019-06-10,134.84671020507812,135.2551962826694,134.12050503868727,134.2339741630855,14963786
2019-06-11,135.1190185546875,135.93599058701383,134.3928134975033,134.8012995136665,14468168
2019-06-12,135.2551727294922,135.61826832385282,134.73321761839534,135.0282345202145,12445080
2019-06-13,135.4367218017578,135.66366001317203,134.8693762732223,135.25517400286827,10004562
2019-06-14,135.6182861328125,136.88914858237848,135.2551904907713,135.595597849389,15931606
2019-06-17,135.77713012695312,136.50333517911213,135.6409727395774,136.16292785946348,12357208
2019-06-18,135.2551727294922,136.38986377588054,134.34741989238148,135.9359873573252,16803584
2019-06-19,133.46237182617188,135.79984675151485,132.60000929460602,135.70906591610338,23805922
2019-06-20,130.2398681640625,130.62565211090305,128.17472176329446,128.92361522350657,19120844
2019-06-21,129.74057006835938,131.6241543342807,128.99167678807842,130.26252515151228,12954516
2019-06-24,128.85552978515625,130.534878300121,128.51512242546428,129.5817349227413,6343478
2019-06-25,129.49095153808594,129.9448280087434,127.92508602504414,128.90091766671551,5619496
2019-06-26,129.8767547607422,130.71642903695096,129.15054960696133,129.42287827103056,4663538
2019-06-27,128.0385284423828,130.6256154749095,127.40310428621176,130.4213794164301,10178400
2019-06-28,127.31237030029297,128.81015735157598,127.08543202881295,128.81015735157598,6298778
2019-07-01,127.99315643310547,128.62858068061652,127.51659171027461,127.81160862684656,3471842
2019-07-02,129.01438903808594,129.35479639702547,127.85700955817585,128.1974169171154,5218738
2019-07-03,128.37896728515625,129.62712762602956,128.0158577843573,129.3094085442319,2516552
2019-07-04,128.83282470703125,129.30938940799072,127.9931505590087,128.44702697943072,3256662
2019-07-05,123.38631439208984,129.15053693513426,123.00051664344592,128.9009104307699,9170926
2019-07-08,121.1396255493164,123.11399093922908,120.75382778442604,121.52542331420678,7149570
2019-07-09,120.50418853759766,122.88703972336936,119.93684301717582,121.41194137027259,5240124
2019-07-10,121.16231536865234,122.31969469448013,119.50565536139622,120.14109342778933,5561126
2019-07-11,121.52542877197266,122.54665086249344,120.77653534249964,121.4119596508037,5383786
2019-07-12,117.53131103515625,121.93390424324987,117.12281115347314,121.63888732408641,15190556
2019-07-15,117.96248626708984,118.91562957976507,116.14698047197892,118.00787668220961,9494898
2019-07-16,118.00787353515625,119.23334545465903,116.30583689762996,117.55399709848257,9723314
2019-07-17,117.82634735107422,119.27874390420925,117.14553257113874,118.91564822872853,11637538
2019-07-18,122.13816833496094,124.43023910849281,117.80363947000491,118.46176593233581,42054706
2019-07-19,120.14112091064453,122.38780138375661,119.59646354377433,122.13817483714823,8459390
2019-07-22,120.18649291992188,120.86730767706165,119.09719207874059,120.54960243445677,8839780
2019-07-23,120.0503158569336,122.54663622446907,119.73259681512712,120.23186365887611,9361236
2019-07-24,119.91416931152344,120.66306271926092,118.91563553373301,120.05032671249,4498944
2019-07-25,119.02912139892578,120.48153185257218,118.6887139974036,120.48153185257218,9982362
2019-07-26,119.641845703125,120.16380089711953,118.37098321860434,119.0064213864703,5438744
2019-07-29,119.09719848632812,121.2531119999284,118.12136671883574,119.36952717407802,5764526
2019-07-30,119.05178833007812,120.18647946494815,118.46175448042978,119.32411697268896,4830174
2019-07-31,120.41342163085938,120.86729809965449,118.25750840408259,119.14257305871729,5698432
2019-08-01,122.72820281982422,125.33799269461299,121.88852852464987,123.22746974002612,35302414
2019-08-02,119.66452026367188,122.95512444344003,118.77946951914969,122.50124800485132,9957332
2019-08-05,118.91561889648438,120.45879591344891,118.14402346239774,118.52982117944106,7665468
2019-08-06,117.50861358642578,119.23335245781382,117.00934670651843,118.91563339299722,7906452
2019-08-07,119.1652603149414,119.93685584572924,117.55400440508562,117.55400440508562,7992066
2019-08-08,120.61767578125,121.18502138699435,118.62062201927208,119.36951544861242,7250870
2019-08-09,119.59645080566406,121.95661400910645,119.30143386803645,120.73114198977852,7060998
2019-08-13,117.32707214355469,120.23187889640239,117.10013389956329,120.23187889640239,4380900
2019-08-14,113.94568634033203,118.05326967663673,113.58258378825555,117.91709842830227,8706726
2019-08-16,113.10603332519531,113.92301248912305,111.22244843874522,113.46913594534169,9944870
2019-08-19,114.4222640991211,114.92152407490323,113.46912071487394,113.60528504485289,5540152
2019-08-20,114.96691131591797,117.59939622886621,114.46764442832931,114.96691131591797,15930242
2019-08-21,114.55841827392578,115.69310944908592,113.96838440332677,115.05768516123837,6826530
2019-08-22,114.39955139160156,115.0576708059625,112.78828873878376,114.37685618580888,6739804
2019-08-23,114.10453033447266,116.69163149427565,113.26486310461776,114.80804017747865,9793938
2019-08-26,113.06063079833984,114.80805104244747,112.49328521409608,114.55841760025916,6529420
2019-08-27,113.51451110839844,114.21801411619128,112.15288166011987,112.8790798771718,8045102
2019-08-28,113.12872314453125,114.92153402188104,112.60676791430745,113.51452095859658,5363314
2019-08-29,112.92446899414062,113.58258850143545,112.13018515846625,112.13018515846625,5438102
2019-08-30,115.46617126464844,115.85196903461406,113.08331979576802,113.51450798300208,8368026
2019-09-03,115.12576293945312,115.8973584728665,114.62650298174448,115.33001288983034,4411118
2019-09-04,116.21505737304688,116.5781668371835,114.0591512002754,114.1499251035071,6606662
2019-09-05,116.01081848144531,117.50860516258506,115.51155163732892,117.50860516258506,8811234
2019-09-06,114.3768539428711,116.78239334642421,112.9244508334793,115.89734266830574,22872104
2019-09-09,116.01081848144531,116.23775669684281,113.62796721977153,114.1045319316225,11581912
2019-09-11,112.62945556640625,115.73851249585094,112.26635989121785,115.28463597625937,19598224
2019-09-12,110.99549102783203,112.78830168151167,110.74585758667544,111.51744619293697,9329514
2019-09-13,111.35858917236328,112.28903034932112,110.38275065480522,111.1997296454849,7620240
2019-09-16,112.15287780761719,112.49328515799367,110.79124840611121,111.24512487327986,7950382
2019-09-17,110.8139419555664,112.28904054397057,110.60969892075464,112.08479750915882,6329530
2019-09-18,110.88201904296875,111.63091242145963,110.42814258919122,111.38127898676098,5052560
2019-09-19,109.61116027832031,111.58552556289226,109.0438147282255,111.3131969286048,5137674
2019-09-20,111.63092041015625,112.87908074736711,109.15729494516854,109.79271925568821,12392500
2019-09-23,108.63533782958984,112.56136659585637,107.34178709645174,112.42520226727255,13553962
2019-09-24,109.24806213378906,110.26928416502109,108.70341176891968,109.3388360403331,11536662
2019-09-25,108.38569641113281,109.5430827305768,108.0225938701458,109.15728498222715,7209996
2019-09-26,107.6141128540039,109.1345948596724,107.36447941259408,108.5672492771979,10777480
2019-09-27,107.38716888427734,108.47646957419467,107.02406634576995,107.75026449717987,6383350
2019-09-30,108.83958435058594,109.22537521407428,107.00138316975949,107.56872878571792,6597906
2019-10-01,105.98014831542969,109.13458817567162,105.3901075606725,108.93034516361082,8754660
2019-10-03,107.04678344726562,108.74882045188228,105.54898949808171,106.29788300987052,9570460
2019-10-04,107.88642883300781,109.33883206167738,107.22830937750496,108.02259315067165,5951042
2019-10-07,107.5914306640625,110.01966589550473,107.2056328510565,108.04530718496079,4447336
2019-10-09,107.90913391113281,108.74880817553104,107.29639788839836,108.58994863612418,4556276
2019-10-10,108.56724548339844,108.74880021880914,107.02406832323507,107.90912601584657,4135724
2019-10-11,108.68071746826172,109.11189872214972,107.34178329014416,107.56872152120155,5316578
2019-10-14,110.49622344970703,111.1316546527956,108.02259811332546,108.83957713123635,7184274
2019-10-15,110.58699035644531,111.426664529455,108.58993681740166,111.17703110567335,17103786
2019-10-16,112.9698486328125,114.24070411166015,110.74585673903302,111.60821924667684,32571658
2019-10-17,112.4932861328125,113.53719647586227,111.9259405439353,112.96985088698507,10324480
2019-10-18,112.9698486328125,113.78682764961492,112.49328388814918,112.49328388814918,5528778
2019-10-22,115.08037567138672,115.48886170752468,112.15287394411801,113.01523643178925,12546576
2019-10-23,115.44349670410156,115.98814714803727,113.49182626485965,114.73998670644846,5348508
2019-10-24,113.28755950927734,115.37538692843201,113.10600478221735,115.23922261453818,7834196
2019-10-25,114.83074951171875,115.05768775186048,112.90177447051398,114.39956824057055,6530578
2019-10-27,115.12576293945312,115.8519680559815,114.83074600651643,115.53425591460231,630698
2019-10-29,115.82928466796875,116.1469968417706,114.46765512972709,115.12577468808936,6382884
2019-10-30,115.62503051757812,118.41636803264751,115.01229451397494,117.10012904233623,8119090
2019-10-31,117.69017028808594,118.00788937689293,115.19385647687278,115.28463039127233,6992524
2019-11-01,117.37244415283203,118.4617447828927,116.53277001152375,118.09864918994214,5061842
2019-11-04,116.46470642089844,118.32560274128748,116.07890864635753,117.69016459441502,3841070
2019-11-05,117.32707214355469,117.73555821249698,115.60234010409891,116.78241481749086,3169448
2019-11-06,116.57817077636719,117.75825233506913,116.21506129996108,117.55400238889005,3255238
2019-11-07,117.8490219116211,118.23481967889606,116.46470422745796,116.64625204405485,4253934
2019-11-08,116.3739242553711,118.3709779551473,116.07890731981506,118.07596101959126,3079708
2019-11-11,116.3966293334961,116.87319409904664,115.01229775285846,116.73703669494962,3804758
2019-11-13,114.87613677978516,117.5540051697813,114.44494859485579,116.7824096339742,3722946
2019-11-14,114.71728515625,115.62503815451905,114.10454911217609,115.28463078016814,5796412
2019-11-15,114.62650299072266,115.37539639014692,114.21801001554148,115.28462248197508,2425834
2019-11-18,113.219482421875,114.60380702051113,112.69752725915238,114.60380702051113,5756874
2019-11-19,113.65066528320312,113.99107263559962,112.42520019969679,112.65213843462779,4061312
2019-11-20,112.9698486328125,114.26339931988345,112.74291040178989,114.26339931988345,2988298
2019-11-21,112.35712432861328,113.24218208200888,112.10749087878234,112.742915182347,3488196
2019-11-22,110.33736419677734,111.49474356636208,109.88348776145634,110.4281380987206,8183112
2019-11-25,110.29197692871094,110.65507947244497,109.52038835177922,110.31467213624525,3782394
2019-11-26,107.81835174560547,111.01818209322452,107.34178008947411,110.83662735842901,15380804
2019-11-27,108.95304870605469,109.33883955266103,108.04529576024395,108.47647702438297,3894494
2019-11-28,108.83958435058594,109.15729651040152,108.13607440167635,108.90766305425868,3198740
2019-11-29,107.88642883300781,109.47499637934122,107.50063801283264,108.9530412415022,5333922
2019-12-02,108.29492950439453,108.79418947060536,106.91060487309088,108.136069968197,7259920
2019-12-03,107.47794342041016,108.24953199077899,106.8425122428791,108.24953199077899,5730370
2019-12-04,109.92888641357422,110.17851987255699,107.34179176049321,107.38718218052853,6671932
2019-12-05,110.60968780517578,111.1543381518084,109.42961320840588,110.15581136204776,5226290
2019-12-06,109.38422393798828,110.97279150555242,109.08920701711122,110.60968896213106,2735116
2019-12-09,109.11190795898438,109.67925358465631,108.29493579850141,109.29346271456286,2414590
2019-12-10,108.09068298339844,109.1119050826875,107.61411821088134,109.1119050826875,4411226
2019-12-11,108.95304870605469,109.2934560607337,107.27370714142589,107.86374101571859,4775320
2019-12-12,108.68071746826172,109.49769648518935,108.34031012167563,109.08921043952813,2811896
2019-12-13,110.67778015136719,111.13165662207099,108.93035296891537,109.838105910323,8623666
2019-12-16,110.36006164550781,111.83516018283534,110.11043512582899,110.7004690002757,5685154
2019-12-17,111.08625793457031,111.63090827374552,110.54160759539512,110.85931971611359,4422758
2019-12-18,112.69751739501953,113.4237155176102,111.4266620234801,111.58552154202425,10598214
2019-12-19,113.10603332519531,113.76415292855701,112.40252329721291,112.83371155429036,4968422
2019-12-20,114.28609466552734,115.1938475907093,112.24365058386799,112.56136272256062,10423252
2019-12-23,115.21654510498047,115.60233595054115,114.19532304371137,114.73997342460049,3701304
2019-12-24,114.4903335571289,115.26192213056935,113.9683784142264,114.83074089178835,3088960
2019-12-26,113.60527801513672,114.55841441479976,113.26487067405596,114.37686660313206,4052868
2019-12-27,112.35712432861328,113.80952768362215,111.81247393618563,113.46912032265419,5022240
2019-12-30,112.99254608154297,113.26487473441212,111.92594052995031,112.76560784602044,4333614
2019-12-31,111.56283569335938,112.83369117149533,111.33589746246385,112.42519820052027,4329828
2020-01-01,112.42520904541016,112.85639034058372,111.74439428705006,111.88055862384324,2827732
2020-01-02,112.69751739501953,113.4237155176102,111.81245975388471,111.92592885981493,2887932
2020-01-03,113.96837615966797,114.69457430387928,112.26633952004093,113.24217108985184,6762808
2020-01-06,114.44495391845703,115.48887122816276,113.53720094055737,113.92299872640697,9133390
2020-01-07,115.82928466796875,116.35124681299163,113.55990210423266,114.94422685323286,8805574
2020-01-08,115.64771270751953,116.26044171654158,114.62649076687825,115.28461018794839,5588820
2020-01-09,115.12576293945312,116.41931363901764,114.6718864730242,115.39809158955258,4990046
2020-01-10,114.2634048461914,115.82927733085921,113.92299748319381,115.26193172586323,4113154
2020-01-13,115.64771270751953,117.05472544815146,114.76265507741799,115.28461018794839,13927198
2020-01-14,116.7370376586914,117.25899284698704,115.53426081626256,116.57817811845939,14593554
2020-01-15,112.6748275756836,116.19237002769385,111.92593421098145,115.2846171368525,20280902
2020-01-16,113.67337036132812,114.64920901162027,112.10749778947087,112.56137429873998,17623672
2020-01-17,113.96837615966797,115.23922464343896,113.310249785195,114.37686218293652,8281636
2020-01-20,112.56137084960938,113.83222642174223,112.19826826819917,113.83222642174223,3817166
2020-01-21,112.15287780761719,112.65213776613955,111.65361092348955,112.51597344086788,3015884
2020-01-22,111.58551788330078,114.35415982185583,111.38126795883974,112.83367800760793,6800848
2020-01-23,112.87907409667969,113.06062883584946,111.35859211266187,111.85785206276714,3393088
2020-01-24,112.83351135253906,113.6765685328094,112.21830163827377,113.31200007078422,3421554
2020-01-27,111.80816650390625,112.97021848127154,111.53473841889968,112.97021848127154,3306994
2020-01-28,111.21575164794922,112.14995622664567,110.19040668552847,112.05880888935583,4272362
2020-01-29,112.44615936279297,112.74236733551403,110.85117837892356,111.46638811127072,4009378
2020-01-30,109.68911743164062,112.83351262943088,109.46126300949199,112.83351262943088,4294930
2020-01-31,107.91184997558594,108.98276153053514,107.09157270880554,108.45869916891795,11107276
2020-02-03,108.18526458740234,109.43846376711709,107.20549346468748,108.32197861590228,8463660
2020-02-04,109.48404693603516,109.9397557682351,108.41312839893934,108.91441089578524,6329512
2020-02-05,110.39547729492188,110.73725895837364,108.13971970685334,110.09926930135664,7751206
2020-02-06,111.03345489501953,112.08158660650341,110.12203722478398,110.62331972483953,6112396
2020-02-07,111.170166015625,112.56007931693165,110.71445719247953,112.56007931693165,5519024
2020-02-10,109.78026580810547,111.94488297622615,109.1194893264449,111.83095575685138,4517992
2020-02-11,109.93975830078125,110.69167510980614,109.27898186958284,109.62076350160599,5460620
2020-02-12,111.39802551269531,112.62843800064542,110.14482619183472,110.14482619183472,6838800
2020-02-13,111.07902526855469,112.01322974357754,110.50938924153645,112.01322974357754,4829910
2020-02-14,110.6916732788086,111.80816548780129,110.28153810859108,111.10181540259111,3619586
2020-02-17,111.10181427001953,111.64866347592331,110.25875015214271,110.691672150418,2035556
2020-02-18,111.21575164794922,111.58032013641193,109.93976541511252,111.07903759558,2505274
2020-02-19,112.83351135253906,113.1752929818942,111.42081116977842,111.42081116977842,3570768
2020-02-20,111.96766662597656,113.2664396713326,111.69424547939376,113.01579840512427,4241614
2020-02-24,111.28409576416016,112.92465034639508,110.46381847304269,111.64866422171959,7043950
2020-02-25,111.23853302001953,112.40058502418258,110.4866092456941,111.26131289965785,5059572
2020-02-26,109.32454681396484,110.94231457009526,108.64098356097158,110.76003381738971,7988388
2020-02-27,105.54216003417969,108.89161551578778,105.04087757668299,108.89161551578778,9733628
2020-02-28,100.9167251586914,104.58518285431622,100.11923465762364,104.1294739965632,11274618
2020-03-02,100.6205062866211,103.44589950802154,99.52680097430944,102.899050328648,11532350
2020-03-03,101.94206237792969,102.89905368825212,100.52936919788802,102.07877641562787,10346226
2020-03-04,104.28897094726562,104.69910612235809,101.37243019543956,102.48891546413799,9036356
2020-03-05,104.67631530761719,106.59029097451409,104.19781965250176,104.38010735393682,5941556
2020-03-06,101.87371063232422,102.9901958783455,101.41800180100411,102.5344870470254,5868566
2020-03-09,97.70396423339844,100.71164510389997,97.06597469289906,100.34707667208698,17462228
2020-03-11,97.1115493774414,97.70396526261803,92.82788242725225,92.82788242725225,12270332
2020-03-12,90.73163604736328,94.30894639625677,90.00249909604514,92.96460666123144,10764010
2020-03-13,89.95691680908203,93.16966532802739,77.12871651820396,90.68605369053228,13043196
2020-03-16,81.91365051269531,88.38471358529421,81.36680138538176,88.38471358529421,11201148
2020-03-17,78.88319396972656,84.55676698857087,77.8122755366977,81.3668054731572,12175374
2020-03-18,77.44771575927734,81.3440277215256,76.78693933376508,80.5237504210157,12733198
2020-03-19,73.98433685302734,78.08571662909392,72.63999014135317,75.19196256122078,11980172
2020-03-20,81.66302490234375,84.67070610750966,74.0526884632909,74.32611655596608,20319490
2020-03-23,77.53885650634766,80.66046484828647,75.19195875687721,75.19195875687721,10720786
2020-03-24,80.3642578125,82.82508280066736,76.58187299815265,76.78694058823906,12061562
2020-03-25,79.58954620361328,85.67326200508097,77.56164325431241,80.84274551485782,13456292
2020-03-26,83.21243286132812,85.12640850421644,78.60977102290875,80.63767387017808,10247690
2020-03-27,83.62256622314453,86.35681906967787,82.71114860763342,83.46306535900426,13535120
2020-03-30,83.91878509521484,85.39983891329295,81.73138809598264,82.5288786134093,7334804
2020-03-31,89.6379165649414,91.05061657901848,84.60233310300345,85.21754274380957,10615252
2020-04-01,86.35684204101562,89.18223600995562,85.21756971857478,89.18223600995562,9875668
2020-04-03,82.027587890625,86.40239535955091,81.00224304199219,85.67325846354166,13147474
2020-04-07,87.45051574707031,87.81508417698485,83.4174970480407,85.78718141213855,9562862
2020-04-08,87.90621948242188,91.1417545503862,86.03781768627738,87.26822998199479,10275308
2020-04-09,89.6379165649414,92.48609646948049,88.88599985156877,90.41262010826318,6930346
2020-04-13,86.2201156616211,90.23035505476832,83.34914842825629,90.23035505476832,12384376
2020-04-15,85.01248168945312,88.22523025843527,84.67070007474364,86.60746255809741,22652006
2020-04-16,85.60490417480469,86.47074814689181,82.02758717491713,82.02758717491713,43380846
2020-04-17,85.21754455566406,88.29357891796745,84.55676819447473,87.7239429249483,13212894
2020-04-20,82.52886962890625,86.12896650565317,82.09594068943876,86.12896650565317,16203026
2020-04-21,81.13896179199219,81.98201898880768,79.20219918763702,81.57188380695854,18086618
2020-04-22,81.3668212890625,81.79974333102051,79.77184022132673,80.66047113978067,10621898
2020-04-23,82.43772888183594,83.21243949625004,80.7060408000204,81.75416560104604,11104460
2020-04-24,81.00224304199219,82.39215633862962,80.72881496759751,82.0048010588313,9282278
2020-04-27,82.96179962158203,83.34914798169349,79.97690518823127,82.02759506485258,18283250
2020-04-28,81.890869140625,83.37192272563807,81.1161655791772,82.98457442169637,13329834
2020-04-29,82.32380676269531,83.14408414111628,81.75417066012044,82.07317244041494,10060582
2020-04-30,87.01759338378906,87.76951707086842,83.64535106790498,84.30612743274605,17667854
2020-05-04,86.60746765136719,87.17710370938255,83.41750572648122,84.07828216306599,17140740
2020-05-05,83.94156646728516,88.40751446499263,83.03014879238832,87.24545553878616,13864778
2020-05-06,85.24034118652344,85.6732632002799,82.4833012726099,84.62513146190388,10885580
2020-05-07,83.89600372314453,84.48841967699097,82.57444385990819,83.85043005581849,11402138
2020-05-08,83.85043334960938,84.76185110340948,83.18965686881742,84.39728261117631,8227344
2020-05-11,84.16942596435547,86.56189750530896,83.89600481752862,84.30614001455162,8787666
2020-05-12,85.24034118652344,85.6732632002799,83.21243820893197,83.94156819168887,7030818
2020-05-13,86.44796752929688,87.26824485072166,84.3744908692847,87.26824485072166,10560968
2020-05-14,84.7618408203125,85.3770505109181,83.44028801905611,84.19220479329427,10324394
2020-05-15,83.75929260253906,84.76185073666825,83.23522322423213,84.76185073666825,6849030
2020-05-18,83.0301513671875,84.30613754232493,81.84531252521829,82.96179782087658,14454486
2020-05-19,84.03271484375,84.76185183450535,81.11618078785996,83.05294353139033,11486668
2020-05-20,84.28334045410156,84.71626241971512,83.03014126473558,84.3061272846211,15415706
2020-05-21,86.1745376586914,87.35937637751458,83.576991911808,83.576991911808,14258230
2020-05-22,86.12896728515625,86.97203138656914,84.9669083993261,86.15175411694993,9177652
2020-05-26,86.03783416748047,88.04295037025864,84.62513391991037,86.12897454877668,11822268
2020-05-27,91.71141052246094,93.64817322914645,85.53655391396225,86.40240494320805,36165936
2020-05-28,90.84555053710938,92.73673924395095,89.34171013162974,92.73673924395095,24695246
2020-05-29,96.974853515625,97.93183801577081,89.38729629893764,90.84557031479652,61260422
2020-06-01,98.00018310546875,100.71164919302967,97.24825938053125,98.20525068370088,26749248
2020-06-02,98.36475372314453,99.59516617325916,96.13177628431843,98.02297210069241,12812554
2020-06-03,96.3140640258789,99.0938837174313,95.94949557107526,98.47868096891725,16844202
2020-06-04,98.54703521728516,100.23315651005866,95.76720855227333,96.31406471517498,14794936
2020-06-05,99.68629455566406,100.36985771833147,97.97738664899553,100.25593052455356,14491168
2020-06-08,103.19525909423828,103.58261436589248,98.36474985882359,99.80022983530277,24427392
2020-06-09,99.5040283203125,103.1269122194284,98.95717214767492,102.12435415886802,15690504
2020-06-10,98.88883209228516,100.73445454278526,98.25084240860005,100.25595880323841,14787292
2020-06-11,97.0204086303711,99.18502560644453,96.76977433283565,98.88881764377628,12497490
2020-06-12,94.74185180664062,95.47098863011006,94.01272193673528,94.787425465694,12418688
2020-06-15,97.43055725097656,99.29895943537178,94.85579797775921,96.5874930647726,28511450
2020-06-16,96.79254913330078,99.29894760566894,95.51657001931054,99.09388003046084,15921712
2020-06-17,99.25338745117188,99.68630946154902,96.17735275921551,96.61027476959264,27938908
2020-06-18,99.41287994384766,99.93694927818729,97.817899015411,98.79767718644682,12408426
2020-06-19,101.19015502929688,102.12435959478636,97.97740613508451,99.34453273231824,22447354
2020-06-22,99.3673095703125,101.05343081323642,98.79767354543517,100.7800027398694,12961806
2020-06-23,100.52938079833984,101.30408449660565,97.06599056030188,97.9774083120418,14850298
2020-06-24,99.43566131591797,102.0787738143232,99.13945336975762,102.0787738143232,16492172
2020-06-25,99.43566131591797,101.16735619098102,98.11410854349768,98.86602530132912,10193692
2020-06-26,102.73955535888672,104.81303194680831,99.48123997327062,99.93694880782196,38389012
2020-06-29,100.11922454833984,102.94461779040856,99.66351573660087,101.19014303735229,13374148
2020-06-30,100.0964584350586,101.14459030971406,99.34454152148297,100.07367855260836,11001386
2020-07-01,99.82301330566406,101.34963360243702,99.50401853869393,100.71164406849674,7905234
2020-07-02,102.16991424560547,102.73955026052695,100.05087105152337,100.71164743811939,14359882
2020-07-03,102.44334411621094,104.12946535932512,101.46356598117252,102.16991604281306,10838912
2020-07-06,101.46356201171875,103.55982528291982,100.98507333233903,102.94461561862519,15175628
2020-07-07,102.48890686035156,104.08388766847172,101.16735411504924,101.7142032871204,18235138
2020-07-08,101.66864776611328,103.76490431530789,101.39521967320886,103.28640862950778,14152368
2020-07-09,100.98506927490234,102.35219562634832,100.09643158361108,102.19269477058728,13417996
2020-07-10,101.21293640136719,101.82813916478383,100.028090632945,100.71165389467355,9097518
2020-07-13,103.7193374633789,104.35732707454831,101.41800637080355,102.05599598197294,24694620
2020-07-14,102.53450012207031,105.5877482905477,102.12436490300836,104.08390756471083,27877134
2020-07-15,119.73749542236328,122.44896853141147,107.09157535396906,107.54728418526255,260735176
2020-07-16,119.35014343261719,122.33504470435612,116.22854202412931,119.62357152037552,104555854
2020-07-17,119.0995101928711,120.23878231274335,117.11717392286731,117.84631086101163,37713024
2020-07-20,123.40596008300781,124.65915951257249,118.02860082081921,119.09951947841896,42789980
2020-07-21,123.65660858154297,128.32762464732957,122.76797069397976,126.91492432405563,65998100
2020-07-22,121.21855926513672,124.3401678020749,120.14764064057866,124.15788703573398,25167708
2020-07-23,121.49198150634766,122.3350456555198,119.64635232997668,122.26667820270097,20736656
2020-07-24,123.2920150756836,123.86165109785388,121.01347098700248,121.67425433557179,44244246
2020-07-27,122.51732635498047,124.49966262178859,121.7426157518641,123.2920230509665,27980494
2020-07-28,125.52500915527344,126.11742510147967,122.72238858286947,122.72238858286947,28087614
2020-07-29,126.23136901855469,126.68707793197906,124.11232535255776,124.7730949327437,21567278
2020-07-30,129.4668731689453,130.69727858759052,127.64403796461558,127.64403796461558,51694590
2020-07-31,128.03138732910156,132.5201076872842,126.9604689144647,131.97326549545332,33401320
2020-08-03,128.30479431152344,129.78584776416673,127.37059692732252,128.96557756863066,17817526
2020-08-04,128.0769500732422,129.12508863621002,126.80097102203541,128.30480446860972,16239042
2020-08-05,126.77821350097656,129.62639394530896,126.41363805982337,128.16811999495835,14690906
2020-08-06,127.43898010253906,129.53524364300773,126.57313604870852,127.917482750512,20305210
2020-08-07,126.41365051269531,128.44156075167967,125.95794159671074,128.07698527461253,14642400
2020-08-10,126.41365051269531,128.14535273771617,126.04908894276063,127.59849647568171,12621492
2020-08-11,127.43898010253906,129.71752440584615,126.82377035921999,127.14277212453528,20157816
2020-08-12,125.86677551269531,127.91746510275432,125.11484487063727,127.78074411913974,17807334
2020-08-13,126.23136901855469,128.44156003008942,125.22880384616809,126.64150425921015,19307912
2020-08-14,126.00347137451172,127.94023359274563,125.7300433387473,126.91488888897473,13163422
2020-08-17,128.4871063232422,130.51500221157224,126.5275500688043,126.9604790071566,29094008
2020-08-18,128.8289031982422,130.97072654439984,128.3731943279366,129.76310081951624,24108414
2020-08-19,127.48454284667969,130.3099431035419,127.25668843587239,130.10486857096353,18745042
2020-08-20,124.95536041259766,127.14275712282691,124.49965160570581,127.14275712282691,19783530
2020-08-21,124.56800842285156,127.11998059001729,124.27180047200409,127.11998059001729,15939272
2020-08-24,124.27180480957031,125.06929527044952,123.90722939746185,124.63636631454882,12309628
2020-08-25,123.01860046386719,125.18321734025106,122.74517239279282,125.02371647319688,15592276
2020-08-26,123.97560119628906,125.18324091200286,122.12998570648786,123.01862362802592,19265334
2020-08-27,124.11231231689453,125.41108536516883,123.72495699974172,124.40852029808283,12380336
2020-08-28,123.97560119628906,125.31994801971702,123.63381951987165,125.18324091200286,15199568
2020-08-31,123.63380432128906,128.5098945349348,122.12997069277492,124.8642237679863,41141934
2020-09-01,123.7705078125,127.32503074465006,122.5856621994072,123.49707976222807,24586106
2020-09-02,124.7275161743164,126.00349537475294,123.58824406423727,124.36294075481294,16863810
2020-09-03,128.89723205566406,131.17577597071158,125.09206093610902,125.54776971911852,49790330
2020-09-04,125.775634765625,127.37061564127603,125.36549960759778,127.00605414683619,21415428
2020-09-07,127.02884674072266,127.37062839114613,123.7249574532958,126.00350178945226,16651534
2020-09-08,128.76052856445312,130.76565860772996,126.91491330544862,128.60104159444134,44589722
2020-09-09,128.89723205566406,131.90491280495246,126.91489606814704,127.50731192320804,45588720
2020-09-10,129.67193603515625,130.72007464010997,128.09974898841944,130.62892731546037,19035804
2020-09-11,133.65940856933594,136.0063204205124,128.73775824187945,128.73775824187945,83871852
2020-09-14,139.99375915527344,140.6089549545362,133.59104170300876,133.63661536776561,76179084
2020-09-15,140.06211853027344,141.8393802727468,137.96585502835052,139.99376498385726,56312624
2020-09-16,142.24951171875,142.86472143458332,138.5582673308802,139.90261397262225,29986974
2020-09-17,142.04444885253906,144.32299301823824,139.9937591034098,140.01653898221483,53623304
2020-09-18,144.2318572998047,145.3711294743687,142.29509460304584,143.09258512524067,36975462
2020-09-21,142.13560485839844,147.87753984970558,141.24698083686283,143.9584404805828,45477692
2020-09-22,142.29507446289062,144.3457640868554,138.5126969415405,143.73055441824016,47020668
2020-09-23,143.4799041748047,146.64707167516525,141.79377621984472,143.5482577065728,44278872
2020-09-24,138.8544921875,142.81915083906827,137.8291472747811,142.81915083906827,35838302
2020-09-25,143.04698181152344,143.66219143971708,138.62661503457826,139.58359233718156,44013790
2020-09-28,141.97605895996094,144.45967727084388,141.08743522007939,143.54825974863036,24921524
2020-09-29,141.95330810546875,145.16604996522827,141.49759925119758,143.54828909541783,29660738
2020-09-30,142.88751220703125,143.93565096390998,141.0874704948882,142.18116901356635,24786634
2020-10-01,142.65963745117188,144.84704808411675,142.20392864103283,144.18626474656347,18514618
2020-10-05,152.18394470214844,153.11814208954613,143.6394055230443,143.6394055230443,77811262
2020-10-06,150.4066925048828,152.79916384212143,147.19395084344282,152.6624567571311,55159848
2020-10-07,152.7991485595703,153.36878453527274,148.33320807291454,149.01677124375746,35479916
2020-10-08,163.80455017089844,167.5869280278454,157.8803351760324,159.9538048613834,214540492
2020-10-09,170.43508911132812,171.39208036102605,162.8019668048716,164.96658357834434,110861504
2020-10-12,172.0300750732422,173.07819976911492,168.2021238662833,171.80222066917167,105931918
2020-10-13,171.32374572753906,173.94407158455982,169.9566191934413,171.93894154217884,72176286
2020-10-14,159.7031707763672,166.3337289283293,158.72338563094812,166.3337289283293,148263902
2020-10-15,155.67013549804688,161.43484928238578,154.46250990798845,159.95379561924463,77922358
2020-10-16,154.78150939941406,158.63225477656954,154.3030206658144,156.26256317414607,50488458
2020-10-19,156.3992919921875,157.90312572192477,154.32580825964106,156.05751033478074,25693748
2020-10-20,158.0170440673828,159.27024340749904,155.78407347914725,157.1056263654801,33993548
2020-10-21,156.5132293701172,159.54369081439555,154.53089284706434,159.31583636133504,19934922
2020-10-22,156.96888732910156,158.67779517239794,155.3283330181115,155.39668655041783,19082496
2020-10-23,156.03468322753906,158.17652005277978,155.53340078895843,158.0853727340821,17346096
2020-10-26,154.849853515625,157.17397130970613,153.43716728069523,156.62712906277096,17390338
2020-10-27,152.22950744628906,154.8270529706792,150.86238115074224,154.16626969831376,19821156
2020-10-28,152.95867919921875,154.8726620131324,152.38904311259338,153.004252867575,17969178
2020-10-29,153.77894592285156,154.94099784382848,150.9079720302912,152.04724407326052,14479922
2020-10-30,155.26002502441406,157.21956769662071,154.23468001769697,154.5992415683437,22991068
2020-11-02,152.57131958007812,155.73850169532992,152.07005096367624,155.73850169532992,9662266
2020-11-03,152.95867919921875,154.69038124683848,151.59155259131785,152.8903256502499,9515596
2020-11-04,156.28533935546875,160.20442393064474,153.8017208193856,154.0295752205995,30763800
2020-11-05,157.40182495117188,159.04237949819523,156.7866152576469,158.56389079608115,11204872
2020-11-06,157.5613250732422,159.04237874348956,156.49040656102198,157.7436058204621,10915586
2020-11-09,160.38671875,160.77406010677748,158.13095461270208,159.49808102145744,14214570
2020-11-10,155.98912048339844,159.83986550021103,155.46505813203672,159.83986550021103,18099240
2020-11-11,158.0170440673828,158.47275291833415,155.62457259988818,156.99169915274226,15275758
2020-11-12,157.4701690673828,159.8170804950558,156.90053307175904,158.58666118165692,10228848
2020-11-13,156.83216857910156,157.78915976633016,156.17139921460952,156.99166942816098,9455776
2020-11-14,157.4246368408203,158.38161435510298,156.35371820036028,158.1993335860554,1498484
2020-11-17,158.90567016601562,159.72594047435885,156.62712607936285,158.13095961370192,13307668
2020-11-18,157.3562774658203,160.56903355221402,155.76129631725283,159.38418763185177,14815616
2020-11-19,156.12583923339844,159.27022720363232,155.67013042881007,158.4499569182249,22113702
2020-11-20,157.81195068359375,158.81451559886278,155.87518829824177,156.67267869221024,12362786
2020-11-23,162.16400146484375,162.87034463870435,157.67526638882248,158.5866841136134,20666694
2020-11-24,162.00448608398438,164.69316535008448,161.77663167317706,163.5994669596354,20184882
2020-11-25,159.49810791015625,163.5083404890448,159.29303335141924,163.0982052787021,13624676
2020-11-26,161.70826721191406,162.4146102748686,158.22209774339407,159.9537855857444,14732740
2020-11-27,159.72596740722656,162.91592966642938,158.51834161909755,161.70830387830037,24804168
2020-12-01,160.79689025878906,161.27537904722212,157.78920869785125,160.7285367043175,21387134
2020-12-02,163.5538787841797,164.19186829640643,161.41205585690932,161.5259830522044,18868154
2020-12-03,164.19189453125,165.87802285388068,163.14376972991562,165.87802285388068,21394090
2020-12-04,164.4197540283203,165.14889099862089,163.59948362868903,164.55647503301284,14854786
2020-12-07,163.3488311767578,165.30837352892848,162.9159022373313,164.96659191584317,16784766
2020-12-08,165.7413330078125,166.33374901680034,163.32606748602907,164.19191161729287,23626602
2020-12-09,163.82730102539062,167.58689833682172,162.91588349534672,167.58689833682172,36275376
2020-12-10,162.18678283691406,163.1437742381731,160.75130268859095,162.32350384116873,13794794
2020-12-11,161.0930938720703,164.05520168018475,160.70573853112128,162.87035577551262,11727232
2020-12-14,159.20187377929688,161.57155122058958,158.17652896823287,161.093062538278,23003678
2020-12-15,160.728515625,161.27535789618702,158.35882406179866,159.17909442214435,14463562
2020-12-16,163.3260498046875,163.5766980176108,160.95637211814048,161.27535997031944,13332544
2020-12-17,162.6424560546875,163.71337443786388,162.00446656272962,163.32601920474121,8330742
2020-12-18,165.67294311523438,166.69828800459126,162.9159101978157,163.57669357825327,34796162
2020-12-21,161.29815673828125,167.45022635508673,158.7461843380321,165.19446193273907,19330126
2020-12-22,165.9691619873047,166.65272523452236,159.2474567229975,161.32092634337252,16372078
2020-12-23,175.6985321044922,176.63274354102276,169.38697599717113,170.4351007329443,89748866
2020-12-24,174.17193603515625,176.2226259543749,172.55416119904956,176.10869873664052,24480344
2020-12-28,174.49093627929688,176.08591744072945,174.0808010477835,174.74158452037267,9451758
2020-12-29,175.44790649414062,177.95430515834263,174.5820624642969,174.9921976461039,22918252
2020-12-30,175.17445373535156,176.17701862270061,174.44531689974576,175.44788178709481,14376870
2020-12-31,176.01754760742188,176.6327573513594,173.71622342162053,173.71622342162053,12789210
2021-01-01,176.86061096191406,178.0682366568556,175.4706905976653,175.4706905976653,10084672
2021-01-04,180.64297485351562,181.3493318742166,176.72387618999963,177.72644116454896,19511442
2021-01-05,185.1544952392578,186.74947617159202,179.32142767814477,179.59485576225666,50313494
2021-01-06,185.2000732421875,190.2128705755038,183.7873730304632,184.56208363573694,44972600
2021-01-07,185.35955810546875,188.2077381624059,184.03800534047576,187.86595655557343,24689510
2021-01-08,196.0459442138672,197.16242250300397,185.58742100331466,185.70134821080595,81986460
2021-01-11,203.61070251464844,205.52468519013584,198.2333438086676,198.68905264500938,94668036
2021-01-12,208.57794189453125,209.96784829543628,201.60558828943888,204.1347806989143,44268930
2021-01-13,209.1703643798828,213.02110976628626,206.34496391691016,210.08178208959907,58380386
2021-01-14,207.0513153076172,212.36032053968324,195.95480221472917,205.98039674664554,143103614
2021-01-15,199.8511199951172,209.35265274549488,198.9624960401414,207.23360927485277,50615558
2021-01-18,196.6611328125,202.79042191410386,195.54465456421678,200.96758666094337,43021174
2021-01-19,196.06874084472656,200.306827762655,194.90668879188098,197.32194023420476,31355580
2021-01-20,202.76766967773438,204.08922263500497,197.3219430537001,197.7776519291128,48839358
2021-01-21,203.15499877929688,206.64118259054948,201.56001781205254,205.79811844072285,31822754
2021-01-22,203.1321563720703,206.44347314260995,201.16820855248778,204.3653419861123,22797624
2021-01-25,199.7066650390625,205.98674884532232,198.74752217915446,203.31485585643435,14760338
2021-01-27,203.90863037109375,207.6995119853521,199.70667754941223,200.04922759666678,59180420
2021-01-28,197.26315307617188,204.89060644714624,195.16217664419116,202.44707996446422,29624870
2021-01-29,190.86888122558594,199.91221072636677,189.7955549695381,199.77518234609008,31264842
2021-02-01,192.51312255859375,193.56360377299723,186.43857408880586,190.0467650572662,30163704
2021-02-02,195.64173889160156,198.93021074322073,193.49508650945327,195.48187942682097,26620996
2021-02-03,197.99391174316406,200.93984749324773,196.48669722912814,196.48669722912814,19795332
2021-02-04,196.3496551513672,199.5467884511423,195.59604794695633,197.99389792178766,14386598
2021-02-05,194.3628692626953,197.9482288062873,192.07920253918394,197.30880491138322,17358052
2021-02-08,198.81602478027344,199.9121959880853,194.70542456616664,196.55520302555226,25032680
2021-02-09,200.66580200195312,206.32929280766646,198.77036136926301,201.0768592331492,58949660
2021-02-10,200.50595092773438,202.85812501312532,198.6790174340876,201.87615104796947,21215470
2021-02-11,199.5924835205078,201.19105032215947,197.9482405939868,200.50595026430875,18474052
2021-02-12,201.87615966796875,205.16464567230804,200.78000231265466,200.96269288214083,38561668
2021-02-15,200.82566833496094,203.2006734955755,199.5011304114378,203.06365905995406,15689754
2021-02-16,199.8436737060547,204.52519059014676,198.1309236265088,203.70307612732307,24907596
2021-02-17,196.4866943359375,200.50594227311544,195.71024205929376,199.09006608897462,14780384
2021-02-18,197.74270629882812,199.4326113037937,196.09846347741652,196.53235178994754,16771472
2021-02-19,196.37252807617188,199.0215761826475,194.6141017238265,197.8340665720768,16957332
2021-02-22,191.23426818847656,197.69704260637556,190.00108251028684,196.71506864550406,21332174
2021-02-23,189.77272033691406,194.5684208508433,189.22463470282062,191.6910061178444,17984706
2021-02-24,193.243896484375,194.4770682512852,189.43016996148552,190.77753901215794,10120594
2021-02-25,192.4217529296875,195.93860526623456,192.03354073663635,193.24388131482092,18220784
2021-02-26,187.39768981933594,191.75950171885728,186.3472086791013,190.89171113278573,23463882
2021-03-01,189.2703094482422,191.23427134075519,186.89530424075215,187.71741874749935,12843392
2021-03-02,196.57801818847656,197.81120372813658,191.02871113679612,191.69098002631625,29750468
2021-03-03,198.90737915039062,199.43261972900982,195.59606227590078,197.76554574539412,17564904
2021-03-04,200.41461181640625,202.92664553485363,195.2535299338642,195.89295391088044,25927594
2021-03-05,192.2162322998047,200.9626731266134,190.4578061222677,200.9626731266134,87862344
2021-03-08,190.41213989257812,194.18019020946974,189.79554705304386,194.15735911624108,24709676
2021-03-09,191.462646484375,193.10687557047132,187.28352473175482,191.73667537312625,23811258
2021-03-10,194.8881378173828,196.71507132797126,193.19821874472987,194.61409500311524,34582736
2021-03-12,194.2030487060547,197.67421142126648,192.78717236779866,197.08046357219007,17920252
2021-03-15,194.72825622558594,195.75590620854663,190.82317792729833,194.0203112076205,15034204
2021-03-16,196.07562255859375,198.65617714969432,194.40854861044966,195.13932476177735,21347294
2021-03-17,191.66815185546875,198.90737840364812,190.7775301659527,195.93861156180262,24269624
2021-03-18,187.32916259765625,193.7234288792476,184.65726997088385,193.3123716916813,20165862
2021-03-19,187.48904418945312,188.9277514850791,182.4421461392489,186.78111305715342,33750804
2021-03-22,189.29315185546875,190.11526635081643,187.3520350218568,187.7402472378621,13245968
2021-03-23,189.77272033691406,193.38091126923862,188.4938724418916,190.77753935328647,23150388
2021-03-24,187.71742248535156,189.74989163749817,186.8953079622343,187.8772819588457,10280694
2021-03-25,182.53347778320312,188.03712293062458,181.66568721898764,187.58038958752218,25474258
2021-03-26,184.474609375,186.21020458185617,182.99022589015544,184.8856666292776,18066738
2021-03-30,190.960205078125,192.03353117454003,184.97699576089605,184.97699576089605,26339126
2021-03-31,189.15614318847656,191.73668422493142,188.79076202767504,191.73668422493142,14890268
2021-04-01,190.18377685546875,193.12971273509805,189.24747900078788,191.30277921306973,15193886
2021-04-05,194.3172149658203,195.4362033427207,190.09243135585024,190.20661469666024,42432790
2021-04-06,195.09365844726562,195.89294185394047,192.90134382145897,195.4590535104977,16641040
2021-04-07,200.04920959472656,200.50594294996566,193.38089982055652,194.11167597661824,27735300
2021-04-08,201.9218292236328,203.68025551680503,200.96268634204827,201.85332200460462,25833228
2021-04-09,205.57569885253906,206.14661558233482,200.9626888881099,202.28721291355674,23398770
2021-04-12,197.58285522460938,205.5756890610548,196.12130289058666,205.5300129371673,30172534
2021-04-13,191.3484649658203,199.8436951199421,188.4482050660047,197.30883030595373,40840640
2021-04-15,196.71505737304688,198.42780741772143,189.54433827731785,191.32559553610028,53517782
2021-04-16,214.29931640625,216.33177166895223,199.1357619826695,201.73914793257245,218723272
2021-04-19,215.9207000732422,218.29571916606417,210.59975911506575,211.46754972799818,87619710
2021-04-20,214.71035766601562,218.11301287209858,213.6598625635179,217.40508173173396,35461382
2021-04-22,222.269287109375,225.85464677713614,215.39545560890753,215.39545560890753,85241858
2021-04-23,217.26806640625,222.58900729878917,216.65147357837378,220.85341215593778,27192006
2021-04-26,219.36903381347656,220.99044565315478,217.86181925562013,218.9579765648245,18629288
2021-04-27,221.53851318359375,222.42914882096636,219.68874863015364,219.8714391885286,14418934
2021-04-28,223.4796600341797,225.26093154843215,219.80296152583404,221.90393807563072,19231068
2021-04-29,223.7308349609375,225.07818998446965,221.83539434039164,225.03252780004829,15282266
2021-04-30,225.0553741455078,233.75613950362845,223.47963840109384,224.48445741758923,58231142
2021-05-03,222.58900451660156,226.53974527043295,220.7163949635821,222.8630473187208,17199462
2021-05-04,220.12266540527344,223.02291131425068,218.22721066436148,222.56617791902312,16204858
2021-05-05,224.07337951660156,226.5397367662975,220.7392177697055,221.42431778008745,23713182
2021-05-06,233.98448181152344,235.1263151483714,222.5433173516651,225.4892529360909,48827088
2021-05-07,235.33187866210938,235.92562649239983,231.7921948976623,234.76096192590825,29333162
2021-05-10,240.2189483642578,241.38361301251632,234.41842834186187,236.40520757260893,25088944
2021-05-11,236.77059936523438,239.00857623917963,234.7837924024044,236.56506376538385,15298998
2021-05-12,231.83786010742188,238.66601558782415,230.58184334692288,237.47851998316025,15742214
2021-05-14,227.65875244140625,232.20324108171323,225.05536667317693,231.7921838389392,13599758
2021-05-17,228.2753448486328,230.05661623675252,226.08303013180443,227.6587659171728,11505300
2021-05-18,232.04339599609375,235.12634641555502,228.7777550061216,229.28016452882432,18761492
2021-05-19,233.68759155273438,236.4964985768283,230.71882508500704,232.15753220091912,14980792
2021-05-20,232.134765625,236.13118313453026,230.01095796475784,235.67444970486966,12584608
2021-05-21,234.16720581054688,235.62875817886933,232.54579397406468,232.934020128625,10395006
2021-05-24,235.17202758789062,236.81625659870733,232.77416341392373,233.80181351488244,14873624
2021-05-25,236.38233947753906,239.71648735380123,235.5373939316121,236.31384620118334,15909128
2021-05-26,240.8126678466797,242.27422019702038,235.1035007569054,235.17202191269965,17646380
2021-05-27,247.0470733642578,248.9196688969868,239.80783323998668,240.81265215768127,58822252
2021-05-28,246.042236328125,246.77299846347682,243.27900541554092,246.1792507439049,11757252
2021-05-31,246.2021026611328,246.8872026747767,242.54823592169876,246.04225714199893,10772410
2021-06-01,247.9148406982422,249.83312621897431,246.4761474652853,247.50379743602147,11930088
2021-06-02,248.00621032714844,248.91967703185247,243.4388768036282,247.5266458825371,9427136
2021-06-03,246.2021026611328,251.1576761525648,245.85955265431087,249.23939053900372,11275982
2021-06-04,247.18408203125,249.1480297610663,246.84153203616145,248.23456310749685,9543432
2021-06-07,250.40406799316406,251.75143699867272,247.86920338637557,248.78267011868078,8696866
2021-06-08,251.4773712158203,253.71537578026013,250.81513016013122,251.2033423566932,10859468
2021-06-09,248.55430603027344,252.6877374617451,247.64083928843252,252.57355411901497,12413798
2021-06-10,253.14443969726562,253.71535634069653,249.17085428362864,249.17085428362864,11441488
2021-06-11,253.1672821044922,255.29110326370792,251.88843434139892,253.48700101446312,11224718
2021-06-14,256.5014343261719,257.0495199132328,252.57353872635187,252.98460988584532,11904318
2021-06-15,254.81150817871094,257.59757003726435,254.40043707580895,256.45573683674456,7674490
2021-06-16,253.60118103027344,256.9353287579699,252.80189770419872,255.72500216170224,10994538
2021-06-17,255.1769256591797,256.45577345098576,250.99780439790842,252.34517334224336,8798696
2021-06-18,251.11199951171875,256.6613210695074,249.39924938607936,255.7706854288164,20014232
2021-06-21,247.61802673339844,248.80552243597754,244.4437239924956,248.80552243597754,10781642
2021-06-22,254.19497680664062,255.74788156997005,247.68652563613753,249.03389478714462,11505842
2021-06-23,246.70452880859375,256.1588868006312,245.9052454504501,255.77067460596365,22485404
2021-06-24,250.7694549560547,251.454555021253,246.27064234530314,247.50382803801867,17337360
2021-06-25,250.06146240234375,251.6600288286601,246.86432954971104,251.13477442358456,10079644
2021-06-28,250.015869140625,251.56874594243632,248.57714780965864,251.08918145771216,6519660
2021-06-29,247.82351684570312,252.91610510139643,247.09275460019046,250.19853595880843,15855760
2021-06-30,249.21656799316406,250.28988023396155,247.54948008541453,248.8511590052576,8586644
2021-07-01,246.33912658691406,249.33075239661034,245.7225477015767,248.91968122185745,8658748
2021-07-02,245.99656677246094,247.68648571268312,243.71290006318523,246.68166678524364,8314614
2021-07-05,244.9689178466797,247.96054355061636,244.6035367469229,247.96054355061636,6878338
2021-07-06,243.2561798095703,245.85956557357625,242.91362978474828,245.06028218232484,8386882
2021-07-07,243.0506591796875,244.99177588385575,239.83066681604632,243.9184358037117,10755374
2021-07-08,242.52542114257812,245.24299028817836,241.15522102312852,243.84995907542984,9131020
2021-07-09,240.150390625,242.50257853576193,238.98572615412223,240.88118071341907,11449216
2021-07-12,240.1732177734375,243.0506601418517,238.96289113800404,242.41122230958388,7731112
2021-07-13,239.7165069580078,241.84032835775943,238.68885683750742,241.15522827742583,8344716
2021-07-14,256.5471496582031,257.2779119284088,240.0590576225476,240.35594547551514,58696166
2021-07-15,263.03277587890625,264.74552612674563,255.31397027792562,256.2274370767733,62132402
2021-07-16,263.877685546875,269.1301189242684,259.56154993531095,264.90533555549547,73815654
2021-07-19,262.0735778808594,266.73226339914766,260.33799681081194,261.50266122118654,21715702
2021-07-20,259.4701843261719,264.06037642964986,256.47858669721074,262.9413742358827,21047054
2021-07-22,266.82366943359375,267.1890505940898,260.79478271662435,263.5808454268018,24086770
2021-07-23,273.6518249511719,274.86215172266895,266.5952884182615,267.8741363497728,28114910
2021-07-26,269.6782531738281,274.2684184653749,268.6734340753652,274.0857139468196,12199806
2021-07-27,270.13494873046875,271.5965010436686,266.8008008101262,268.9702842491096,7966274
2021-07-28,270.3633117675781,271.00272173069857,266.27554271486474,269.906578418153,9147860
2021-07-29,269.6782531738281,273.12658491639337,268.513588529226,271.11694671946753,11668940
2021-07-30,268.1710510253906,270.8429305044374,267.1890629765529,268.94747557362854,6356412
2021-08-02,270.5003662109375,271.9390876251668,265.933032041061,268.6506014474966,9247796
2021-08-03,273.7659912109375,275.8669535475029,271.3681410352349,275.8669535475029,10331214
2021-08-04,272.57843017578125,275.86691553902136,271.43659691609986,275.63854888708505,9018712
2021-08-05,274.4510498046875,280.66261150418694,272.89814544141854,272.89814544141854,22588728
2021-08-06,273.1265563964844,276.96312787116545,272.350104088895,275.7527732849121,10540400
2021-08-09,272.57843017578125,276.78038214676644,271.9846824561047,274.03998232353115,9293502
2021-08-10,275.7984313964844,278.12778828483636,270.88854772109744,273.3092568578383,14055564
2021-08-11,274.6109619140625,277.0088123091541,273.3321139453726,274.9078497803633,8565026
2021-08-12,276.7118835449219,278.10494253666025,274.33689247271866,274.9534713324655,7905016
2021-08-13,281.119384765625,283.38022048653966,276.78041781960803,276.78041781960803,16729368
2021-08-16,280.4571228027344,283.58576314152884,278.8357248999686,281.3934206443208,7144852
2021-08-17,289.98004150390625,290.9620015698591,279.1554545466439,280.3201191199709,23645544
2021-08-18,287.4679870605469,291.94396839957733,285.27564463778003,290.3682327370106,13847154
2021-08-20,283.1975402832031,288.63267891673183,282.2612423846324,284.3165426932584,12341386
2021-08-23,287.216796875,290.9163542626154,284.7732842554429,285.9151177929547,14072750
2021-08-24,289.3634033203125,290.4824055838474,285.0472676619868,290.4824055838474,8967436
2021-08-25,288.49566650390625,293.5882272450787,287.536509627047,290.02571226038884,12815436
2021-08-26,287.2624816894531,291.6242801476256,285.91511256446927,288.74686526107376,8416702
2021-08-27,290.00286865234375,290.4824331316836,285.5953803322541,287.513666126407,8743108
2021-08-30,288.86102294921875,292.08098760468596,287.9932184029601,290.45958973047976,8743710
2021-08-31,292.7432556152344,293.4740178478762,287.2396241471721,289.8429820239539,15591816
2021-09-01,293.2456359863281,295.66631711804405,290.1398548431761,294.0449193330035,9450444
2021-09-02,297.53900146484375,300.07386645082704,292.6519481405897,294.5930652371133,9077556
2021-09-03,299.2060241699219,299.9368142993148,296.6483284090293,298.24689522878543,7549940
2021-09-06,313.5246276855469,314.55227776894395,299.9139788230241,299.9139788230241,24676832
2021-09-07,307.95245361328125,315.14600369768493,307.2673536052428,315.14600369768493,12812218
2021-09-08,302.4488220214844,308.4777076588915,301.4440031024514,308.4777076588915,13432462
2021-09-09,302.5173645019531,303.5221835844245,298.70365165976744,301.85512335551977,11611460
2021-09-13,306.3539123535156,306.8563079170569,300.4620406446764,302.51734083937015,11177578
2021-09-14,307.5871276855469,308.61477788192065,306.01139180908126,306.46812522969185,7322676
2021-09-15,307.86114501953125,310.8299121419507,306.0113803109212,307.83831392471774,8290832
2021-09-16,305.02935791015625,310.9212293002758,303.7276790079815,310.46449594838407,9315692
2021-09-17,303.8418884277344,308.02101010699573,302.70005494999015,306.6508099337027,10815562
2021-09-20,302.58587646484375,306.23974365234375,298.42961368978024,300.4163928222656,9092860
2021-09-21,304.91522216796875,305.55466011114686,300.1195212245202,301.6724260140695,7367102
2021-09-22,305.1663818359375,308.0666272950414,302.814194064659,305.5545940109455,9583304
2021-09-23,307.9753112792969,309.2084969755328,306.6508012088749,307.33590127602895,6462586
2021-09-24,308.9801330566406,319.3251553141324,308.2950329833443,310.8070665854308,24253176
2021-09-27,298.657958984375,309.8250674743969,297.3334210731173,309.6880530400443,16798164
2021-09-28,292.12664794921875,298.6579573443502,290.13986897003457,298.6579573443502,16224924
2021-09-29,292.6518859863281,295.2781026768024,286.5316481134631,287.71917151696937,17679132
2021-09-30,289.6145935058594,295.3922812831417,288.9066624194642,291.738414641835,12027918
2021-10-01,290.59661865234375,292.19518551329963,287.83338722519295,289.9343496631604,8417708
2021-10-04,292.7889099121094,293.95357438509836,290.45958096613134,292.26368328304727,10494244
2021-10-05,295.4378967285156,296.64825101269207,289.5917166026219,290.68788757232073,10912148
2021-10-06,290.36822509765625,297.08221086795834,289.7516462304697,297.0593797759868,9673198
2021-10-07,293.6567077636719,296.2144033277149,290.89347662040603,291.8526054877245,7448686
2021-10-08,301.96929931640625,304.8923763576447,294.59304373722915,295.11829829926137,22091966
2021-10-11,298.1555480957031,304.32144879202565,290.0256994196144,296.39713571450636,20422932
2021-10-12,301.032958984375,302.5402014366907,293.47402713637484,297.7901631438024,18680432
2021-10-13,307.1988830566406,308.15803995196467,299.6171195361691,303.7277202615129,18925882
2021-10-14,323.48138427734375,337.91414650207986,317.42966759301646,318.3431342623489,118377606
2021-10-18,324.16650390625,329.2134019845218,320.80952484391867,328.39128750770516,21198892
2021-10-19,324.9886474609375,333.3925532302596,323.36724945498963,327.5235122732554,21865148
2021-10-20,320.60400390625,330.1040527012632,317.77225135510736,325.92493109434855,16108782
2021-10-21,318.0234375,323.8239568295694,311.3551415002068,323.8011257366042,15916912
2021-10-22,311.6748962402344,322.22542706719463,309.77944140088556,320.5126767461429,10758302
2021-10-25,304.96087646484375,312.4969770634307,301.8094050638085,311.8347081021357,17621916
2021-10-26,305.1663818359375,310.0305750145221,303.72766071342113,306.4908917505687,12193966
2021-10-27,306.51373291015625,308.0894685063906,303.01973958994,305.1663918604048,12631178
2021-10-28,300.0281982421875,306.74215729292695,299.1603935833647,306.4681283884545,10357542
2021-10-29,295.392333984375,301.17002279246043,294.25050045525103,300.64476821834535,13522634
2021-11-01,299.3658752441406,300.0509752586393,295.7348395919393,297.3790684760198,8802466
2021-11-02,298.61224365234375,301.9007291824883,297.3790580939408,300.0737958742735,8079378
2021-11-03,298.0185241699219,302.2889700322144,296.9680429934171,301.1699955762289,6871182
2021-11-04,298.5666198730469,300.37072232231696,295.6892051178634,299.16036769922863,1565810
2021-11-08,300.6903991699219,301.90075373576707,295.7348533190759,298.22405572932075,9504460
2021-11-09,300.7361145019531,304.2986294666921,299.936831047444,302.8599080978578,8284130
2021-11-10,298.0641784667969,300.9872831105447,297.5846140159548,299.5714208505745,8091390
2021-11-11,293.1314697265625,296.7625055740467,290.8478028887476,296.7625055740467,12067796
2021-11-12,301.46685791015625,302.5858602517288,294.9584073311568,295.9632263292381,12126506
2021-11-15,300.9416198730469,304.1844155548215,300.14233649884125,302.15194654219744,9435996
2021-11-16,302.1063232421875,305.44047159980573,299.00054159230746,300.71329190034373,11327094
2021-11-17,302.26611328125,305.097865512563,300.5305321965066,302.10626776590414,8854994
2021-11-18,297.53900146484375,304.16163626474787,294.7072485957323,302.996971582193,7842498
2021-11-22,294.1590881347656,301.649525707104,291.3958571338542,300.5305235016866,11582434
2021-11-23,293.5881652832031,296.39708628267437,285.9378823617954,293.54250310304457,9134924
2021-11-24,290.7108154296875,295.7805451293537,289.15791068515813,294.2733304518958,7985552
2021-11-25,290.8021240234375,293.1314529136905,289.1122050850231,290.9391384504893,6661362
2021-11-26,283.83697509765625,289.7516781632617,283.0148605585407,288.65550685991144,8277074
2021-11-29,288.0160217285156,289.0436717031085,275.8440954221893,281.59892412919356,10376060
2021-11-30,291.0533447265625,294.821395089833,287.9703944293412,288.0160566163606,26850200
2021-12-01,289.9343566894531,295.02694524920156,289.22642549494674,293.4968716334161,9453644
2021-12-02,295.4151611328125,296.00890898466537,287.2853120894246,290.8935171439684,10210456
2021-12-03,292.6518859863281,298.6807716163402,292.26367380019167,294.47881933622324,13405010
2021-12-06,285.2299499511719,294.22760166590206,284.6133711380217,291.05329960990275,9409906
2021-12-07,288.83819580078125,289.82015582517624,284.544890950332,286.82855781189164,8557090
2021-12-08,293.0858154296875,298.2468970467146,291.5100796938217,291.8526297287146,15360658
2021-12-09,293.7708740234375,295.7804838850063,291.32733406011704,293.1086051407884,6865604
2021-12-10,291.51007080078125,295.0040922008143,290.0713495474048,293.2913420786005,8525212
2021-12-13,294.7757873535156,299.86834872576514,292.4007677771418,293.9079826255027,13123680
2021-12-14,295.4607849121094,297.7444514275012,291.9667639928445,295.0497137886234,8609412
2021-12-15,290.6651611328125,295.3695098076349,290.1855687379107,295.3695098076349,7123544
2021-12-16,294.2733154296875,296.8310391208859,292.0353385612817,294.13630098905753,12437240
2021-12-17,306.3767395019531,309.11713972625824,296.92235315274195,301.44402467356247,104600018
2021-12-20,304.1615905761719,309.43685537660645,302.8142215714983,304.89235281084615,26298202
2021-12-21,315.51141357421875,318.38882829509976,306.46809821853856,308.75176512031607,27362096
2021-12-22,313.15924072265625,317.8407576819101,311.12677168693887,317.8407576819101,12327754
2021-12-23,317.2241516113281,320.6268207401252,314.73494920828637,315.19168257116405,12944908
2021-12-24,319.0054016113281,320.80950384978604,315.21452052751437,318.6856827032688,13182426
2021-12-27,319.5306396484375,320.17007748743134,315.6712651527681,319.64482298562984,10188656
2021-12-28,322.2025451660156,323.1388429518606,320.4212739622783,321.08354289068274,10158044
2021-12-29,321.4032897949219,324.28070455576216,319.7362017827558,322.1112209689455,7898416
2021-12-30,326.1532287597656,328.8023041230648,321.540233716536,322.04262918100306,18087350
2021-12-31,326.7242126464844,328.29994838484066,323.8696290178655,326.92974824310363,8549558
2022-01-03,328.2543029785156,331.9538323996157,327.0211172125507,327.934584020407,9280810
2022-01-04,329.5331115722656,330.2638737805451,324.9886091706509,330.10402825898126,10228800
2022-01-05,325.87921142578125,329.2361900493889,321.08351174817693,328.84797789286966,14711264
2022-01-06,322.3395690917969,325.30833593430015,319.6905211769216,322.3624001844577,12883220
2022-01-07,324.9657897949219,329.5331234533185,323.18451851743026,323.36722301448305,13120326
2022-01-10,316.7445983886719,323.8239657643379,315.14603156190856,323.8239657643379,27537820
2022-01-11,317.0414733886719,319.0054212637539,314.68928543103226,317.4296855944375,15487458
2022-01-12,315.7626647949219,320.51270390519073,312.04030384116123,319.71342035430496,23460682
2022-01-13,296.76251220703125,304.1844295958181,295.9632287959311,302.9055817134165,61505934
2022-01-14,292.2179870605469,296.5341227240721,290.7107726051165,296.5341227240721,26514548
2022-01-17,295.3466491699219,297.63031605323744,289.1350585212277,292.08099437606336,20457876
2022-01-18,289.249267578125,296.876721221798,288.26730745708403,296.37432561352546,14329980
2022-01-19,283.6999816894531,288.49568271280776,282.7179936625239,288.198794832072,17382766
2022-01-20,280.9823913574219,284.27087739056816,278.83573881656287,283.4715939459671,16827124
2022-01-21,276.79644775390625,279.5184414341411,274.8521705426213,279.06096444325055,19646694
2022-01-24,262.0199279785156,277.0022983692557,260.05278264141884,277.0022983692557,26150716
2022-01-25,257.4222717285156,261.67680155396135,251.93254861899194,257.33077075892174,34712370
2022-01-27,249.2105712890625,254.7689274623614,245.75662586251602,253.8997100788062,31351744
2022-01-28,252.59596252441406,258.45166313820425,250.0798387673635,251.6581122408579,29899780
2022-01-31,261.9513244628906,262.7748054177103,257.3536861019911,260.30441839761284,26252174
2022-02-01,263.8041076660156,266.4346002609321,259.1378369566846,265.2909078283597,20920202
2022-02-02,268.9964599609375,269.91141390638285,263.04925931554266,266.2515981246014,16368826
2022-02-03,264.53607177734375,269.3624484795502,263.5753812588271,267.4868039730445,14082780
2022-02-04,261.5625,264.3302305327475,259.86982935216156,263.96425448185397,13633558
2022-02-07,254.81471252441406,262.500321249511,254.17423349641317,261.63113162257577,15091358
2022-02-08,256.301513671875,258.8405056793687,253.6481524034836,256.82762344087786,13953814
2022-02-09,260.2815246582031,261.1049776102519,257.69676863870046,258.20001005319216,10207476
2022-02-10,262.4316711425781,262.9348846332922,259.0234621818606,261.859824938504,11603824
2022-02-11,256.8504943847656,258.9320093703557,254.86045247110053,258.9320093703557,15442458
2022-02-14,247.81527709960938,254.8833017811641,247.03756067600858,251.6123303181569,16241546
2022-02-15,257.7196044921875,258.5888217847034,248.52432982669632,249.59938938970456,13676992
2022-02-16,257.97125244140625,260.8990880451573,255.06625717758357,258.5430986048939,14607822
2022-02-17,258.42877197265625,261.8598495191749,256.71323319939694,261.6768475478217,14228840
2022-02-18,257.30792236328125,258.7947224869033,254.05981918606167,255.72962126300067,13411838
2022-02-21,261.1278381347656,261.99705551083076,254.08270984028692,254.24281560432024,17534002
2022-02-22,258.0856628417969,260.3044151411755,254.40295062376,254.4715833431966,21490124
2022-02-23,259.4352111816406,261.1736462242564,257.39946074657746,260.39592969290436,14408512
2022-02-24,245.73377990722656,254.76895059061573,242.98891792746275,250.69739415176076,26953888
2022-02-25,254.0140838623047,255.61525323379155,250.46863739686955,250.69737587851054,15922624
2022-02-28,254.2657012939453,256.23284673429725,248.91321501415672,252.06981736233897,18316874
2022-03-02,253.9912567138672,255.4094243607385,251.7953725190867,253.89975572196332,16354110
2022-03-03,260.5560302734375,263.4838943603864,256.3472361192664,257.55956138703,25911326
2022-03-04,263.1865234375,265.3366710111647,253.4651367840737,256.6446076504541,26948372
2022-03-07,261.60821533203125,265.1765583250298,257.2164472328985,257.55955498821135,21112334
2022-03-08,268.744873046875,270.25454158385526,261.6768477121713,261.6768477121713,22039998
2022-03-09,267.852783203125,272.83929366647027,266.32024642369566,268.9964757018574,23527232
2022-03-10,269.1108093261719,272.8849940723528,267.4410073302031,272.19877866395626,16161966
2022-03-11,268.17303466796875,269.91144175927013,266.43462757666737,268.5390106994772,9927188
2022-03-14,273.639892578125,274.8521899362171,268.0815355777345,268.2645375558752,15006442
2022-03-15,268.8592224121094,276.1788539745439,267.3037895362206,276.1788539745439,13853244
2022-03-16,273.68560791015625,274.2345858798695,271.0551152307022,272.3131769469628,11150296
2022-03-17,275.0351867675781,279.51845592631355,274.0287317510013,276.77359383865746,16881290
2022-03-21,274.4861755371094,281.8058068847656,273.5712216186523,276.8192968603037,15592952
2022-03-22,279.0838317871094,279.51844051145673,272.7249183880288,276.0416265610371,15580500
2022-03-23,279.6099548339844,281.3483618921337,278.00878529476086,280.86801661480285,11393836
2022-03-24,279.3125915527344,280.7993918814475,277.1395756876921,277.6885537011917,7751490
2022-03-25,276.01873779296875,280.8908790297013,273.2281392516109,279.5184480246702,11986194
2022-03-28,274.5776672363281,278.6034587570855,273.15947195732923,278.1459818133136,11476810
2022-03-29,275.6299133300781,276.93371170973757,274.09737643313235,275.8586518473645,9402006
2022-03-30,274.8522033691406,278.74075825613363,274.25748879439004,276.81934908047697,15488764
2022-03-31,270.7806396484375,275.9958605445082,270.00292318646274,274.4861920725451,14476178
2022-04-01,275.3096618652344,276.04164184207156,269.59119918141766,270.68915518558293,8567994
2022-04-04,277.04803466796875,277.45977509914684,274.0286979132547,276.7735596619684,8855948
2022-04-05,276.3791809082031,281.1534739204729,275.8717500346014,279.2852735310903,12862488
2022-04-06,273.7960205078125,275.8487467457942,272.6197480380675,275.8487467457942,8235902
2022-04-07,267.93768310546875,273.08102791676816,266.39238787488785,273.08102791676816,15721530
2022-04-08,269.22930908203125,270.7746043355508,267.77624841019974,270.3133188085737,8636632
2022-04-11,263.44012451171875,269.5060397928716,262.0562680814601,269.3907184236834,17164216
2022-04-12,257.72021484375,262.01016436886295,256.5670010921265,262.01016436886295,16338532
2022-04-13,257.9508361816406,260.8569289635713,255.82890616201468,258.3198589206011,11204576
2022-04-18,248.44833374023438,253.63779508682455,247.24900282420762,253.63779508682455,18930062
2022-04-19,244.6888885498047,251.6542880374574,242.65922117551352,250.93930117422917,13286008
2022-04-20,247.47964477539062,249.34784522338424,245.10401343787566,247.2490020495981,8660976
2022-04-21,248.72515869140625,250.24739528061966,247.87176358430492,249.55546699873776,13388782
2022-04-22,248.033203125,249.486235464333,244.78114618881955,246.78772672369257,9782424
2022-04-25,244.18145751953125,245.01179390704382,241.3906859971046,244.4582457002459,9473768
2022-04-26,244.13536071777344,248.05628762585295,243.14358559093515,247.71032348690474,8718740
2022-04-27,239.3841094970703,243.0974520425048,237.3313834456712,243.0974520425048,16275078
2022-04-28,241.04470825195312,242.93599550530854,238.02329416049298,241.71357779088822,13241338
2022-04-29,234.70204162597656,243.78937102058387,233.87173341047497,243.78937102058387,24151260
2022-05-02,228.33628845214844,239.4071388013435,227.22920623269175,237.7926397920859,43822854
2022-05-04,226.83712768554688,232.41868463419777,225.6839140216651,230.64273277635678,17267854
2022-05-05,231.1732177734375,232.3495042054634,228.93598035784228,231.10402776621615,10869532
2022-05-06,223.76959228515625,226.44504247555378,221.87831897530893,226.02988835322532,18441782
2022-05-09,222.87005615234375,225.7300314937122,218.92607129548153,222.33958071506322,16675250
2022-05-10,220.33299255371094,223.14683661643016,219.64106437815613,222.80087252865277,14969534
2022-05-11,217.6806182861328,222.3165458723211,213.36759617145387,221.44009218602883,21029342
2022-05-12,218.55706787109375,219.57190161874564,213.18309452298902,215.92774892414994,14573000
2022-05-13,216.18142700195312,221.18637703499635,215.42030881197766,221.18637703499635,16775318
2022-05-16,215.88160705566406,218.81077270190386,214.49775060017902,218.6493199666341,7314066
2022-05-17,224.48458862304688,225.56861237733787,216.01999677460987,217.2654732714236,11321450
2022-05-18,221.99363708496094,228.4516338001598,221.69380433864697,226.44503914818844,15390968
2022-05-19,208.10891723632812,218.5570293253828,207.57844181160573,215.02819863004834,22945978
2022-05-20,212.00680541992188,213.20615046073655,209.88488943652905,213.11388773555257,12731912
2022-05-23,214.9590301513672,215.7893383708111,211.03810363573066,213.9441964810998,14111568
2022-05-24,212.16827392578125,216.6196762392349,211.26876155895954,216.08920072327285,13779460
2022-05-25,205.2028350830078,212.58340227707484,204.4417169065826,212.26049683140852,15481506
2022-05-26,209.123779296875,209.746517522617,204.81075715836957,205.7333281365604,11583082
2022-05-27,215.39727783203125,215.85856334911253,210.4615171683348,212.1913378573896,11414472
2022-05-30,219.68719482421875,222.1089434285802,218.2572071185614,218.2572071185614,12291148
2022-05-31,220.51751708984375,221.7629935111603,216.98868599920104,219.52575612777386,31587004
2022-06-01,217.150146484375,220.93269316930437,216.11225412199616,220.93269316930437,10514566
2022-06-02,218.71849060058594,219.77945556887053,215.9277192934814,217.63446699101206,10535040
2022-06-03,219.34124755859375,225.10731610640116,218.87996207476917,221.25557950100267,23269778
2022-06-06,218.28028869628906,219.34123963985647,214.1287194917492,217.72674050475763,13791156
2022-06-07,215.7201385498047,217.15012626472736,214.56692492120817,216.8041621761484,4701342
2022-06-08,216.9886932373047,217.72675284206304,214.17484891265377,217.28852599249262,5627652
2022-06-09,219.1336669921875,219.64108384803683,214.15178931750475,215.44338306210665,7402238
2022-06-10,212.62954711914062,215.51258136212,210.48455838051146,215.51258136212,17453098
2022-06-13,205.77944946289062,208.96231636692374,205.27203263417454,207.60151860954636,14130822
2022-06-14,205.68719482421875,209.28523005147733,202.04304231034016,202.96561327979379,13056384
2022-06-15,203.01174926757812,207.87830561136155,202.64271242500192,206.86348596823828,11391596
2022-06-16,194.80084228515625,206.07927730644028,193.62457000420437,205.7333132147115,17944686
2022-06-17,186.9128875732422,193.16330037844207,185.45982700705,191.89476527147917,41550546
2022-06-20,191.2720184326172,192.77119621883753,186.4285209694438,188.66575832742032,20750838
2022-06-21,196.11550903320312,196.85356857913268,192.19458265259942,193.7398917474768,12187804
2022-06-22,189.7036590576172,194.9853835851022,189.265432208199,194.9853835851022,16202862
2022-06-23,193.30166625976562,194.10891581425486,189.72670394702763,190.2802521296034,19655010
2022-06-24,193.16329956054688,196.50761937383396,191.77944308608326,194.20119191639458,15362102
2022-06-27,196.0001983642578,198.69872124774017,195.58504424617954,196.9689006913176,12447870
2022-06-28,197.084228515625,197.93760950020211,191.75638665829996,194.66247965732884,12091828
2022-06-29,194.08587646484375,195.95407713143973,192.54056720575068,193.7399123356729,16684176
2022-06-30,191.91781616210938,195.12375584293727,191.4334720444893,194.61633900518757,12123284
2022-07-01,194.6624755859375,195.21602380146842,189.77284660646737,191.43347717574423,8907248
2022-07-04,193.87828063964844,194.54715021321644,191.8947587165336,194.1781274619955,6372716
2022-07-05,190.7876739501953,195.14681321227613,190.53395849431837,194.24731498866362,11513210
2022-07-06,191.91781616210938,193.09410256925398,190.557032457821,193.09410256925398,10522910
2022-07-07,194.10891723632812,195.56197770690613,192.44830083106496,193.7398944967841,10706024
2022-07-08,193.3247528076172,195.90795438222156,192.1484663548329,195.58504890640248,9535432
2022-07-11,189.6805877685547,191.43346689473705,187.07431364415976,191.31814552913784,16689574
2022-07-12,188.7349395751953,191.36427227840952,188.2044641216878,188.66574957296646,9777472
2022-07-13,187.6048126220703,190.049620064793,186.98207440105503,190.049620064793,11956780
2022-07-14,185.1830596923828,189.4038189759665,184.74483285991622,189.4038189759665,13161242
2022-07-15,181.6772918701172,186.40546811185948,180.36262541670615,184.95242164327504,22328354
2022-07-18,186.70529174804688,187.14351857022842,182.96887667030052,184.0529003272902,13632394
2022-07-19,187.12045288085938,188.11221385128823,185.06774093319325,185.8980491695254,12897178
2022-07-20,190.09573364257812,192.58667221625967,187.78930643040735,189.496054121025,25237412
2022-07-21,190.97218322753906,192.58668236110523,185.7135317222438,188.5965658893262,45382342
2022-07-22,189.51914978027344,192.5405641630247,188.68882743699515,191.77944590634013,15468542
2022-07-25,191.34121704101562,191.73331252588855,188.45818270712064,189.3576950502223,12535662
2022-07-26,186.9128875732422,191.61799115995132,186.49771936729238,191.34121704842346,15186298
2022-07-27,187.58175659179688,187.92772073677523,185.4137230629895,186.7975796429029,14084158
2022-07-28,191.89474487304688,192.35603031745322,189.5421862911115,189.9573403756143,15898464
2022-07-29,195.44667053222656,195.72343056832213,192.72507484054668,194.01668267736275,15919784
2022-08-01,197.89146423339844,198.76790380032108,194.93924007661496,196.59987056396665,10365748
2022-08-02,198.16824340820312,199.11387300356907,195.8848746698885,197.86841066411017,16912426
2022-08-03,199.43679809570312,199.73663086930452,197.19956050029487,197.89148878275205,12034938
2022-08-04,200.8898468017578,203.1040116981523,197.01505119440893,201.60483373694515,17789134
2022-08-05,202.96560668945312,203.88817762895064,201.18965481545735,201.18965481545735,12967586
2022-08-08,201.05126953125,204.2571950155131,200.75143679924193,204.2571950155131,9557496
2022-08-10,198.4219512939453,201.12047423387682,196.64599933673802,200.65918874251471,11329742
2022-08-11,202.2506103515625,203.88816806140127,201.2588353762899,202.04302626899042,9154644
2022-08-12,201.16659545898438,202.27367776698944,200.65917862859843,201.6278809270961,7092398
2022-08-16,201.6278839111328,202.87334624707776,201.3972411736635,202.27368076058377,4774208
2022-08-17,204.37252807617188,205.22590903712228,201.42030379373315,201.69707789962462,10401476
2022-08-18,200.6822509765625,203.77286945490926,200.22096547694753,203.77286945490926,16888260
2022-08-19,199.48289489746094,204.11880795569846,198.81402537605882,202.48125026856158,17253908
2022-08-22,193.7399139404297,198.7679231772299,193.30168707559017,198.7679231772299,12900580
2022-08-23,192.19459533691406,193.04797630329983,189.12704966392576,191.43347709885168,17028776
2022-08-24,191.9639434814453,193.50925260495748,191.13363527521068,192.7250616833796,7429170
2022-08-25,191.52574157714844,193.78603766856503,191.41042020434844,193.41700082921545,8753902
2022-08-26,192.4713592529297,194.89310793136679,192.03313243257216,193.047966081129,7904194
2022-08-29,186.5207977294922,187.44336874427654,184.0529174494807,186.8206304938338,23519514
2022-08-30,190.7646026611328,191.8716990635993,187.39722432269127,188.73494938547014,19750992
2022-09-01,189.3346405029297,189.88817466062417,186.75143886840632,189.0809250296679,11778706
2022-09-02,188.0660858154297,190.39557173449572,187.7893117267003,190.30330901248095,9815080
2022-09-05,187.05125427246094,188.20446792395578,186.35932608156403,187.74318246335784,18018508
2022-09-06,186.56690979003906,187.90463480758737,185.090790688204,187.7431820812437,18226162
2022-09-07,187.9507598876953,188.59655669417245,184.97546314140277,185.4828799455329,12248532
2022-09-08,190.41864013671875,191.13364107569498,188.9425350500256,189.1270464261978,14064948
2022-09-09,192.42523193359375,193.48619696615785,189.74978182547036,192.35604192821935,14671342
2022-09-12,194.6624755859375,195.76955793968344,192.8403922806878,193.67071460398418,11678424
2022-09-13,194.96231079101562,196.5076200079498,194.43183528955595,196.00020315021254,9408334
2022-09-14,192.0331573486328,194.98539595391466,188.66577866596177,188.66577866596177,17583964
2022-09-15,191.45654296875,194.15506598493153,190.62623469176327,193.60153182604586,10640314
2022-09-16,185.2753143310547,190.39558608795036,184.60645881662654,190.39558608795036,20192486
2022-09-19,185.4136962890625,187.37415949418025,183.13032763099932,186.82061131122097,13584188
2022-09-20,186.7744903564453,188.85027504222842,186.5669203342565,187.281907206211,8989822
2022-09-21,184.8601531982422,187.23577056736036,184.28354635732438,187.23577056736036,19290112
2022-09-22,183.5685577392578,184.67564004770477,182.20775997685894,183.5916163817465,16500324
2022-09-23,181.9079132080078,184.23739901231062,181.58500777417916,183.63773358070225,13966710
2022-09-26,182.11550903320312,184.14517648685492,177.41040539860472,180.82391526934856,18994144
2022-09-27,183.77613830566406,185.1599947900099,180.82391395452285,183.03807869854973,12454694
2022-09-28,183.61468505859375,184.74484014860653,182.3692226725209,182.66905542783567,8921590
2022-09-29,181.1929168701172,185.39061722824684,180.61631006480582,184.97546314388558,11883068
2022-09-30,181.86180114746094,182.9919562084729,178.74812414620447,181.0314929113855,13570530
2022-10-03,181.9771270751953,183.59162630146446,180.17811646710146,181.70035296380024,8140834
2022-10-04,187.05125427246094,187.2818970027599,184.0528987785744,184.49112559706845,12591696
2022-10-06,189.19622802734375,190.51089439980296,187.9507657355258,188.82720529139362,11203878
2022-10-07,188.2506103515625,189.93429956625556,187.39722938382835,189.03478723428682,7580186
2022-10-10,189.72671508789062,190.74154878976617,184.3988733463338,184.65257473314475,18714926
2022-10-11,186.5438232421875,192.7711764859518,185.57512103325024,191.38732020955973,22723292
2022-10-12,188.18142700195312,188.94254526814737,185.2522612358684,186.47466500609752,12610118
2022-10-13,174.87332153320312,180.98535390727343,174.41203607100914,178.5174738690726,84896212
2022-10-14,174.04299926757812,178.74811661322653,173.5586551631651,178.51747388211268,27864794
2022-10-17,173.0281982421875,174.80415027757323,171.78272172975684,174.04301792146745,16909538
2022-10-18,174.96559143066406,177.2489603767895,174.55043727972767,176.9952589726942,22328480
2022-10-19,174.38897705078125,175.8420376326908,173.9276915523506,175.8420376326908,10198278
2022-10-20,175.98040771484375,176.48782454993022,173.44333761672672,173.90462308911165,11868814
2022-10-21,176.46475219726562,176.8107163022745,175.38074259675687,176.44169355452456,8931540
2022-10-24,177.45652770996094,178.24070457039346,177.13362224681396,178.24070457039346,3472470
2022-10-25,177.4334716796875,178.263794058461,176.97218616169673,178.263794058461,5783256
2022-10-27,176.51089477539062,178.494430883196,175.79590787720224,178.05620402474742,11723118
2022-10-28,176.78765869140625,177.9870037445671,176.21105184635925,176.5800745962631,7609676
2022-10-31,178.3098907470703,179.1632716722198,177.47958254154472,178.3098907470703,6638382
2022-11-01,181.0084228515625,181.28519696009454,178.33297264949002,178.97876951785415,11540196
2022-11-02,181.72341918945312,182.1385733030487,180.20116866984856,181.21600234958493,6716614
2022-11-03,179.20941162109375,181.6311604267842,177.84861380411274,179.78601847959146,10312476
2022-11-04,180.15501403808594,181.0083948752813,177.89471830950015,179.20938456384826,9023630
2022-11-07,180.59326171875,182.1385708605421,178.79425119908376,181.28518992456895,8252598
2022-11-09,180.33956909179688,181.93099559601472,179.50924675813374,181.7695428580261,6862546
2022-11-10,179.39390563964844,180.40873924332107,178.51746611501179,179.34777427996977,5494908
2022-11-11,184.3758087158203,187.2127115520262,183.2456536789447,183.8222605187148,28417046
2022-11-14,182.92276000976562,185.7366043846999,182.461474508213,185.7366043846999,17623428
2022-11-15,183.19952392578125,184.30660625240296,181.74647749225804,183.61467803859995,12462712
2022-11-16,183.70692443847656,185.29836481971677,182.76129492791105,184.0528885146319,11039528
2022-11-17,183.0150146484375,183.59162149988185,182.2077650564154,183.5454901363032,6057616
2022-11-18,181.6772918701172,184.00677794853704,181.19293366237844,183.5224338181142,9546202
2022-11-21,179.27859497070312,181.95405914116225,178.79425085847868,181.67728504389882,7904612
2022-11-22,179.3477783203125,179.62455240730515,177.36425650527565,179.44004104174832,8410828
2022-11-23,179.32473754882812,180.80085677501185,178.9787734249397,180.2473085458639,6717760
2022-11-24,183.70692443847656,184.39885259078721,179.50922416566243,179.85518824181776,13370266
2022-11-25,185.80577087402344,186.54383039854275,182.62290413168063,184.0528918209403,13648550
2022-11-28,187.12045288085938,188.8733461581277,185.43676368771514,185.80578644223706,13679200
2022-11-29,186.88980102539062,188.61962149781615,185.85190874193532,185.8980401033297,9102602
2022-11-30,187.69705200195312,188.20446882650722,185.73658878501033,187.69705200195312,13892346
2022-12-01,190.8338165283203,192.05622028495785,189.88817280917334,190.441721038787,15852984
2022-12-02,190.234130859375,190.92605908564138,188.6888216719169,190.87992772176048,11726622
2022-12-05,190.2110595703125,191.41040456490148,189.42686866841956,190.62621366300854,9947062
2022-12-06,189.74978637695312,190.32639323109646,188.11221446479658,189.35769090067248,8832518
2022-12-07,187.4202880859375,188.8964072780107,186.9590025980791,188.66576453408152,6568616
2022-12-08,186.220947265625,188.20446912795927,186.0364218183533,187.85850503029758,8940712
2022-12-09,181.76954650878906,187.28191389093905,180.4779527335712,187.28191389093905,15423336
2022-12-12,182.83050537109375,183.3609808650515,178.97876874374836,181.23906481190468,10365880
2022-12-13,183.47628784179688,184.2143473776794,182.669038303838,183.75306192741718,6813842
2022-12-14,184.53724670410156,186.58997267721213,184.16822395890466,184.8832108067169,9995152
2022-12-15,182.30001831054688,184.39886150981388,181.76952877293184,184.39886150981388,7766926
2022-12-16,179.78602600097656,182.11551217583556,179.00183500968652,180.54714427057192,18012634
2022-12-19,179.46311950683594,180.13198911784153,177.91782433195468,179.18635946658736,8838046
2022-12-20,179.4169921875,179.85520494493824,176.67233796417983,179.34778810399052,8778558
2022-12-21,179.6707000732422,181.40052067728496,178.9095818229266,180.31649694995494,10215214
2022-12-22,179.32473754882812,180.80085677501185,178.05620242790394,179.94747578729053,9093800
2022-12-23,174.2044677734375,177.98701453723572,173.90463501129508,177.13363353935628,12120710
2022-12-26,175.5191192626953,176.02653608916745,173.58171468064356,174.36590560131097,7261148
2022-12-27,178.33297729492188,178.67894142027004,175.40381155151096,176.4417039275554,7685840
2022-12-28,178.88650512695312,179.693754724236,176.78766180494404,177.5949114022269,7676002
2022-12-29,180.24728393554688,180.87002208898284,177.50262996318418,178.17149947563655,9485398
2022-12-30,181.1698760986328,182.8074339563128,180.6163278800085,181.2851974710699,8256556
2023-01-02,181.30825805664062,181.70035354258962,180.13198567610976,181.2851994128326,5559512
2023-01-03,183.15338134765625,183.476286791918,180.6855154647267,181.30823955716556,5994422
2023-01-04,179.76296997070312,183.3609913396488,179.2555530911552,183.3609913396488,8926522
2023-01-05,178.47134399414062,180.91616541052434,177.01829759158804,179.90133175431748,9568980
2023-01-06,176.21104431152344,179.3477797835251,175.93427022227272,178.5174715930879,8484754
2023-01-09,180.7316436767578,181.2851918783048,177.64103943718112,178.0561935496836,7347432
2023-01-10,181.30825805664062,181.70035354258962,178.6789391833022,180.8239139181435,7879496
2023-01-11,181.6772918701172,182.6690528517024,180.59326816020578,181.28519639070464,7656600
2023-01-12,181.9771270751953,183.5454949366793,180.13198510231626,182.55373394172003,9510500
2023-01-13,181.70034790039062,182.94582432830296,178.28683816115125,182.6690502246207,13621860
2023-01-16,183.86839294433594,184.97547526763174,179.44004957383726,179.90133504832014,23867444
2023-01-17,182.83050537109375,185.45982419748609,181.63116029085288,184.53725322458018,14310032
2023-01-18,185.9903106689453,186.2901434146794,183.59162054844143,183.8222632878239,16080426
2023-01-19,186.0825653076172,186.3593394192476,183.9375905777846,185.48289979684802,9447456
2023-01-20,185.9672393798828,187.00513171509186,185.11385842213667,186.15175075734572,9265614
2023-01-23,187.74319458007812,188.08915869785469,185.6674098734188,186.9128863283408,8815290
2023-01-24,188.02064514160156,189.68536589894555,187.3501281063416,188.85299846427915,9552640
2023-01-25,185.68540954589844,187.69694656348867,184.96866162688983,187.28076989722595,6355554
2023-01-27,184.0669403076172,186.63338904622373,182.28662816568811,185.68541615445412,7410134
2023-01-30,186.0091094970703,187.18827906474843,182.67966795823148,184.06693291408286,7261256
2023-01-31,184.43687438964844,186.14782599465997,183.9050923247393,186.03222058437586,9566846
2023-02-01,186.07846069335938,186.77209313688232,184.20565874064266,185.66228404964323,7029896
2023-02-02,189.3385467529297,189.59287301095384,186.07846571323114,186.07846571323114,10835460
2023-02-03,188.6217803955078,190.98013353516782,187.81254254154524,190.77203815649642,8850236
2023-02-06,187.11891174316406,187.83567374446463,185.7085314014897,187.46572796934512,5958022
2023-02-07,185.19984436035156,187.51195227995646,184.52932741887142,187.51195227995646,6683580
2023-02-08,188.09002685546875,188.4830881236619,185.43110207509028,185.43110207509028,8300976
2023-02-09,188.80674743652344,189.10733278808536,186.6102446759644,188.08999954892582,5277374
2023-02-10,187.6507110595703,188.20562271729185,186.26344602725612,188.20562271729185,5160140
2023-02-13,185.24612426757812,187.5813480618691,184.5987367504272,187.5813480618691,4825356
2023-02-14,187.32701110839844,187.95128315120127,185.66229036492047,186.35592283203724,4638822
2023-02-15,188.3905792236328,188.59867461295642,185.13051220415616,186.2172059146447,5227672
2023-02-16,189.54664611816406,191.09576158742928,188.92237402016286,189.03797944157085,11189362
2023-02-17,187.8819122314453,188.66803468743854,186.81834807285583,188.1362526081438,5616244
2023-02-20,188.22872924804688,188.5755454897116,185.9859955082061,187.41949135082913,6497188
2023-02-21,186.24032592773438,188.6680396735335,185.93975466731902,188.39058385161576,5761172
2023-02-22,182.7259063720703,185.13050452050032,182.40221969454328,184.73744330808543,6883372
2023-02-23,182.1710205078125,184.36752341579404,181.9166801249579,183.02648929817178,6078322
2023-02-24,181.8704376220703,183.35019261457515,181.523621368701,183.09586634023344,5106634
2023-02-27,180.5063018798828,181.87043734049644,178.24043851710925,181.61611106654848,5554710
2023-02-28,178.9803009033203,181.82420545029694,178.3560429412907,181.19993337627795,10061602
2023-03-01,180.78375244140625,181.1536841221952,179.09590210383539,179.46584789661338,4542612
2023-03-02,179.44271850585938,180.50629678505257,179.09590226281597,179.7433038727549,4438972
2023-03-03,180.55252075195312,181.01494235550584,179.92824876475947,180.62188117008856,4393936
2023-03-06,182.07852172851562,183.41954166932473,181.3155288408129,181.4773792380804,6727722
2023-03-08,181.54673767089844,181.7317035034661,179.8126565305982,181.10743147056033,4908842
2023-03-09,180.39068603515625,182.12476719908304,180.15947521329934,181.63921600599036,4157054
2023-03-10,179.9282684326172,180.2982001111014,178.77221429736778,179.3733568029019,4567396
2023-03-13,178.2404327392578,181.54674475335088,177.45431028019166,179.88202397132133,5982520
2023-03-14,175.46591186523438,179.02655032885454,174.4948235162508,178.7490944988607,8094852
2023-03-15,173.75494384765625,177.43120179741246,173.3618826027154,177.43120179741246,7687926
2023-03-16,172.41392517089844,174.19425145056263,171.09602056844628,173.5699793639285,7686620
2023-03-17,174.1017608642578,174.95724378651994,172.87634624630968,174.42546168197524,9044282
2023-03-20,169.7781219482422,173.84744131828697,168.85327856123067,173.40813506466043,8184754
2023-03-21,169.43128967285156,171.21161584706894,168.99199757271273,170.63358878478985,7211152
2023-03-22,169.43128967285156,171.09601043461313,169.17696341024427,170.10180670989084,5374846
2023-03-23,167.16543579101562,168.73766666623723,166.63365368627754,168.73766666623723,9485192
2023-03-24,167.28103637695312,169.6393896776439,166.93422013014535,168.02091385920755,7906696
2023-03-27,167.0498046875,168.32146410034602,166.10184604271885,167.28101548983565,6227714
2023-03-28,164.714599609375,168.34459832152984,164.34465381716288,167.8590612272384,7813096
2023-03-29,166.03248596191406,166.81860840306493,164.15968394480402,165.54694887954884,8823840
2023-03-31,168.89952087402344,169.13073171710903,167.0729495688513,168.02092249269617,7914212
2023-04-03,170.1480712890625,170.35615258824933,168.85328205327482,170.1480712890625,4053500
2023-04-05,170.98040771484375,171.97461145522325,169.80123813401977,170.9572922767841,6443110
2023-04-06,169.54690551757812,171.30411636222158,169.17697381975302,170.63359928392518,6429614
2023-04-10,172.6219940185547,173.1306606492291,169.98619911558689,170.1711649507443,5624940
2023-04-11,171.21160888671875,173.33875121182783,170.44861601792644,172.71447918754748,6784354
2023-04-12,172.0902099609375,172.69136655823493,170.7954350178158,171.3734620659931,5578210
2023-04-13,170.3098907470703,171.04976822118408,169.24632658002426,171.04976822118408,6724634
2023-04-17,167.0960693359375,167.3735251537916,162.77242400101278,166.44868183560402,13603290
2023-04-18,170.1249237060547,170.58734536011409,166.1249792208387,168.06715581268375,8024898
2023-04-19,166.8417205810547,170.12491701820719,166.6567547491,170.12491701820719,7475944
2023-04-20,167.78970336914062,168.18276460538644,166.00937714284322,166.70300963786903,4423266
2023-04-21,170.1942901611328,170.49487553651124,168.1596376335889,168.36773303008326,5299988
2023-04-24,174.7722625732422,175.07283381356046,171.3503311850392,173.4081131053514,17779044
2023-04-25,173.7086944580078,175.21156485907616,172.99194652690937,174.88787816296264,7528552
2023-04-26,173.2000274658203,174.633537437178,172.66824537812013,174.633537437178,7008146
2023-04-27,173.13067626953125,174.14800962266654,172.04398248595263,174.05551964074883,8491700
2023-04-28,178.03231811523438,179.41958293171672,175.7202100877638,175.7202100877638,27709406
2023-05-02,179.58145141601562,181.33864804920577,179.16527475152205,179.88202266748382,9746608
2023-05-03,178.07858276367188,179.58145314749203,176.66818824397032,179.58145314749203,4828488
2023-05-04,177.4311981201172,178.5641227297142,177.13061274892829,177.91673522251745,6253358
2023-05-05,175.44277954101562,177.7548879011028,175.25781369460657,176.99189496467193,7902194
2023-05-08,175.882080078125,177.10749464688712,175.53526383534387,176.18265133280414,9613544
2023-05-09,176.78379821777344,177.31559442612496,175.74334946367776,176.8762881962666,5716698
2023-05-10,177.4542999267578,177.82423158474145,176.64506207692895,177.56990533387622,3670402
2023-05-11,177.87049865722656,178.88783201099218,177.15375068888483,178.35604989461058,4049964
2023-05-12,177.2230987548828,178.14794206214899,176.43697629891096,177.8473708096853,4580358
2023-05-15,178.379150390625,178.95717744957065,176.87628003736634,177.22309627273373,5089694
2023-05-16,178.93405151367188,179.78952022112875,178.72595613986522,179.18837775989076,4059352
2023-05-17,176.78379821777344,179.11903611082627,176.34450609990444,178.58725401446415,5376102
2023-05-18,176.92254638671875,178.19420606994373,176.76069596827384,178.12484563689318,4237016
2023-05-19,178.58724975585938,179.51209307077943,177.33870563592168,177.9398481458241,7281582
2023-05-22,183.0033721923828,183.39643342631197,178.21730518251522,178.72597183160065,12197390
2023-05-23,183.88197326660156,185.93975533185764,183.14209577617302,183.58140200511198,12725634
2023-05-24,184.82994079589844,185.1767570364872,181.89356046984915,182.42534254968746,8256974
2023-05-25,182.24037170410156,184.506234924638,181.56985467925418,184.506234924638,13605054
2023-05-26,185.75479125976562,186.147838391316,182.65656041302734,182.7259208414192,7926180
2023-05-29,184.8761749267578,187.74319487756557,184.66809364593433,186.81835155304555,7959308
2023-05-30,186.1247100830078,186.74898211934854,184.714329725932,184.96865598311336,7378972
2023-05-31,186.656494140625,187.1882762098598,185.19986878159446,185.77789583771678,11783582
2023-06-01,188.27499389648438,188.66805516714737,186.84148379217905,187.28079005562424,7065484
2023-06-02,187.25765991210938,189.50039371005084,186.81835368315768,188.9917411653565,6320754
2023-06-05,186.91082763671875,189.4772620266963,186.67961682277524,189.08420082059473,7252860
2023-06-06,184.94557189941406,186.51780291941043,182.91090504907544,186.51780291941043,13707400
2023-06-07,186.263427734375,186.63337350718697,185.43107444152756,186.07846190396316,8215860
2023-06-08,184.7605743408203,187.16517269222408,184.390642646138,186.86460142629602,10615052
2023-06-09,183.72012329101562,185.13051784744718,183.1420962052624,184.71434116810272,12018232
2023-06-12,182.9340057373047,184.87616818073485,182.47158409191817,184.87616818073485,11973622
2023-06-13,182.910888671875,184.27503826366663,182.42535155587575,184.02071198614124,13016186
2023-06-14,183.3270721435547,183.65075883728727,181.592990924308,183.25769760519356,18512564
2023-06-15,179.85891723632812,183.78950149787337,179.53521641705206,183.62765108823533,28702320
2023-06-16,176.32138061523438,179.72018277938744,175.32717682745906,178.2866727516234,41110648
2023-06-19,175.78958129882812,176.6450641439123,174.37920096027548,176.6450641439123,10629440
2023-06-20,176.87628173828125,178.009220429505,175.99768342263266,176.55258093736336,11802658
2023-06-21,178.26353454589844,179.0727723810614,177.15372548007252,177.68550752078204,8829264
2023-06-22,176.78379821777344,178.49476403597097,176.4601115170262,178.49476403597097,9356174
2023-06-23,175.6970977783203,177.10747805537613,174.8416149705378,176.7837772809759,6470406
2023-06-26,176.1363983154297,176.59881995139142,175.2809154665028,175.7202216654618,4100400
2023-06-27,176.92254638671875,177.68553937425565,176.41387969103067,177.68553937425565,5880750
2023-06-28,176.50636291503906,177.45432172506102,176.09017210869783,177.45432172506102,7140112
2023-06-30,179.9513702392578,180.22882603309824,177.10748010436595,178.03232334250885,9070810
2023-07-03,181.08433532714844,182.14789956172152,180.11324696271782,182.14789956172152,9036924
2023-07-04,183.09584045410156,183.7432278797986,181.73169107225024,182.0785072765866,12617234
2023-07-05,182.14788818359375,182.8415206702883,181.1999294299068,182.24037815994865,12366958
2023-07-06,183.2114715576172,183.5582878106071,181.80107699493107,182.42534907271084,9037242
2023-07-07,183.04962158203125,183.78949907921861,181.82420697430908,182.65656033865145,9065220
2023-07-10,180.3213348388672,183.04961985399981,180.18259987146016,183.04961985399981,5630400
2023-07-11,181.2924041748047,181.6392204160104,179.35024169124608,180.34444542697133,9634838
2023-07-12,181.19992065429688,182.17100891103675,180.5062882011953,182.14787936207367,6848220
2023-07-13,182.33287048339844,184.32129225861,180.92248994460087,181.1999457867223,13595726
2023-07-14,187.30386352539062,187.51195889028574,181.4311176697553,182.54092668789224,31366784
2023-07-17,192.0205841064453,196.50607961477473,187.65069400696987,188.2056056142643,45759860
2023-07-18,192.9223175048828,194.35581332642857,190.63332469875596,193.29224917909033,17769026
2023-07-19,193.26914978027344,194.67953028122025,191.51193890199008,194.21710859409148,10830990
2023-07-20,193.13038635253906,194.21707997958433,191.74312149554206,193.5234475510858,8255710
2023-07-21,187.1420440673828,191.6044100880243,185.4310783480542,187.2807649151171,23514212
2023-07-24,186.8414764404297,188.66804774352696,186.5871501581204,187.88192523313296,6808460
2023-07-25,185.15362548828125,187.5119787212296,184.968659651028,187.5119787212296,6458200
2023-07-26,186.24032592773438,186.63338716611878,185.61605385641673,186.58714217713427,5329662
2023-07-27,184.94557189941406,188.02067350405227,184.50626562218392,186.81837421394061,8948358
2023-07-28,184.390625,186.28655650578324,183.37329176899783,185.45418910442103,6760060
2023-07-31,187.30386352539062,187.74316969039708,184.4831030536223,184.85303468900548,6762180
2023-08-01,188.1824951171875,188.66803220232444,186.8414610496878,187.51197808343764,7181804
2023-08-02,186.263427734375,187.6969376160463,184.50623117748003,187.6969376160463,5399618
2023-08-03,184.8068084716797,185.89350216494213,183.6045093666231,185.89350216494213,6821698
2023-08-04,189.0610809326172,189.59286296976896,185.1073676400793,185.3617079966217,12481540
2023-08-07,190.12466430664062,190.98014720732797,188.69115432602797,189.56976677710585,8822866
2023-08-08,192.52926635742188,193.06104845892278,189.56977047290454,190.7026951044518,15724284
2023-08-09,193.19976806640625,193.52346888017723,190.77205429909222,192.1362038702835,9309388
2023-08-10,193.59283447265625,194.5870382672041,192.1593244351271,192.8760865098866,9901644
2023-08-11,191.00326538085938,195.21130540537192,190.6795786786596,193.59282955840476,7571468
2023-08-14,191.97433471679688,192.4598858900385,189.3616553590272,191.0957364520586,5792180
2023-08-16,193.59283447265625,194.3095965474157,191.44257647235744,191.51193690230454,8131780
2023-08-17,193.0841522216797,194.40205673230506,191.67377184924908,193.5928188535688,6340960
2023-08-18,190.3789825439453,192.52924020874974,188.6680169415917,191.92808364836094,10602392
2023-08-21,191.7200164794922,192.991676000855,190.35586698450757,190.42522740872963,7334260
2023-08-22,192.87608337402344,193.33850504880556,190.86454626632326,191.90499503458304,6350240
2023-08-23,192.0205841064453,193.26912816686357,191.72001286582267,192.9454273772771,6134234
2023-08-24,190.84144592285156,194.21711877097943,190.51774508010365,193.6390916317801,5776956
2023-08-25,189.45416259765625,190.19402597519823,188.25186344116653,189.59288345294803,6598510
2023-08-28,188.69114685058594,190.7258133809064,188.50618101473555,190.26339173528606,3401974
2023-08-29,188.7142791748047,190.4714758092033,188.25185752238517,189.43102709125938,3998562
2023-08-30,188.29811096191406,189.68537598144096,188.04377057447374,189.59288600201003,4018182
2023-08-31,188.85299682617188,189.59287427990583,187.95128308642407,188.66803099073556,22061952
2023-09-01,192.52926635742188,193.17665387716167,188.43683172936775,188.64492712699354,8476130
2023-09-04,200.7372589111328,201.84706814727653,192.36742348056595,193.29226686268404,27634648
2023-09-05,199.69679260253906,202.3094721056196,198.9800305770287,201.52334965492793,17973426
2023-09-06,198.51760864257812,201.40774395423918,196.94537785543227,200.5753906292763,13531912
2023-09-07,200.1592254638672,200.55228671122816,197.33845041526396,198.81820542462654,9322650
2023-09-08,198.84130859375,200.43666892377442,198.51760779542977,200.43666892377442,5748410
2023-09-11,201.0840606689453,202.30947523942632,198.88755779491726,200.2285777798208,8253314
2023-09-12,201.15342712402344,204.15916798909504,197.40780876207475,202.12451545667523,14545328
2023-09-13,201.4771270751953,202.51757583172136,199.5349504182176,201.13031082301998,7445670
2023-09-14,201.82394409179688,204.96840581196753,201.2921478801889,202.72565788367444,14895010
2023-09-15,203.95108032226562,205.1996245275674,202.65630523764827,203.37305321092038,19835876
2023-09-18,201.66207885742188,203.95105749496022,201.24590220623205,203.95105749496022,6025196
2023-09-20,198.88754272460938,202.00888867750388,198.40199155363297,200.80658963621357,9102700
2023-09-21,198.35577392578125,199.41933808410087,195.62747488037283,198.79506602943982,8893070
2023-09-22,193.52346801757812,197.3384467777813,192.6448696709595,196.2517530358104,19818260
2023-09-25,191.4888153076172,194.10149490623235,190.51772698360386,193.52346782193743,9301132
2023-09-26,190.93389892578125,192.73734056164915,190.37900140581598,192.73734056164915,6480566
2023-09-27,192.20555114746094,192.62172779955588,189.73159256002356,190.63332039955304,7773994
2023-09-28,187.442626953125,192.59862575662476,186.8183548755736,192.59862575662476,16876116
2023-09-29,187.76629638671875,189.24605124097306,185.66228362431443,187.28075932216026,12780272
2023-10-03,187.48887634277344,188.7142909759178,186.6333934099025,187.95129802411017,5728104
2023-10-04,187.23452758789062,187.4888679684594,185.26923552999057,186.21720840158292,6905870
2023-10-05,188.1131134033203,189.7778340934004,187.2807601142744,188.64490956730944,8125304
2023-10-06,188.5986785888672,189.5003923669712,188.1825019134354,188.66803901610763,6365004
2023-10-09,187.5582275390625,190.05530167295166,186.54089424540922,186.91084003946,6030450
2023-10-10,188.5524444580078,189.01486614889194,187.8356964819334,187.9281723529162,5128014
2023-10-11,194.74887084960938,196.04365990870946,189.13045074641076,189.13045074641076,19092228
2023-10-12,192.87608337402344,195.0957017681818,191.76627417694425,195.0263413393624,10234398
2023-10-13,190.0784149169922,191.62753027772348,189.1535716105244,190.47147614463876,10914054
2023-10-16,189.68536376953125,190.47147209612658,188.7373909333578,190.0552954394598,5277652
2023-10-17,190.2402801513672,191.37321893492285,190.07842973771778,190.3790151253481,5979388
2023-10-18,188.4136962890625,191.2807018898399,188.20560091352752,189.13044416125985,4881066
2023-10-19,182.79527282714844,183.46578986527643,180.3906887113564,181.24617158731627,25629102
2023-10-20,181.19992065429688,183.14208305578822,180.8068594418083,182.6796614203872,8429336
2023-10-23,177.1768341064453,181.73168971169312,176.7375420514339,180.73748608910296,8837826
2023-10-25,176.57569885253906,179.28086815857245,176.22888263668833,177.7548683416364,6678294
2023-10-26,174.91099548339844,175.9745596723418,173.43124050470482,175.1653217553664,10995582
2023-10-27,176.80691528320312,177.73175855486943,175.2809154177607,175.2809154177607,6202812
2023-10-30,176.6450653076172,177.73175897680255,175.90518786613,177.56990858147904,4688744
2023-10-31,176.55258178710938,177.61616005810941,175.32716722686038,177.1999833920611,6153536
2023-11-01,176.1595458984375,178.28667435203172,175.7896000846025,177.5005659576134,4241952
2023-11-02,177.40805053710938,178.10168296259943,176.69130267556477,177.47741095726082,4742730
2023-11-03,177.36183166503906,178.81847126261164,176.94565497087115,178.49477043826442,5291528
2023-11-06,177.87049865722656,178.70286615903206,177.10750569789732,178.4947707555832,4939936
2023-11-07,177.2462158203125,178.95718159926128,177.0381345414603,177.9860932953171,5692178
2023-11-08,176.73757934570312,178.42541572793172,176.41387851097858,177.84738860305958,7102052
2023-11-09,176.11328125,177.56990656741317,175.5814991959588,177.1074849357272,9231126
2023-11-10,175.39654541015625,176.55259966177076,174.33298114346707,175.85896711080207,10710700
2023-11-13,176.4832305908203,177.0612576883351,175.7202376444987,176.92253682972742,3585902
2023-11-15,181.10745239257812,181.3849082294763,177.68553470280756,178.2866772560952,10792518
2023-11-16,183.6276397705078,184.737448906497,180.02074243855688,181.1074361368752,13843576
2023-11-17,182.84152221679688,184.50624302134216,182.42534554365784,184.04382135963453,7886928
2023-11-20,185.06114196777344,185.47731861236898,181.82419055782628,181.82419055782628,8610496
2023-11-21,185.26922607421875,186.17095391132264,184.9917702695723,186.17095391132264,5440248
2023-11-22,185.0842742919922,186.1709680440245,184.5524921913775,186.12472305440812,5318582
2023-11-23,186.1247100830078,187.2807641829023,185.19986680309225,185.19986680309225,9677360
2023-11-24,183.1189727783203,186.58713514154607,182.91087739173125,186.124713493116,6250566
2023-11-28,183.51202392578125,184.39062218715947,181.77794283938164,183.58138434683963,8145314
2023-11-29,187.85879516601562,188.92235931539076,184.04381655649038,184.04381655649038,15544086
2023-11-30,191.00326538085938,191.67378244797013,186.8414703458009,188.18250448002243,19825958
2023-12-01,188.50621032714844,191.32698562645632,187.9744281743915,191.32698562645632,9830426
2023-12-04,188.4136962890625,190.9801306567245,188.08999550756099,190.84140981435985,10662472
2023-12-05,186.98020935058594,189.13046734272015,185.93976056936071,188.3905898314509,11165368
2023-12-06,193.63906860351562,194.40206151412272,187.7200770468187,188.09000872711638,22082070
2023-12-07,193.40786743164062,194.91073788986617,192.66798992211625,194.21710537068515,11250552
2023-12-08,195.41940307617188,196.29800143806682,191.90499551660244,193.66219224039233,15479122
2023-12-11,194.4945526123047,195.2344300891577,192.94543723214133,194.21709679448617,10084242
2023-12-12,195.2344207763672,197.87021563994145,194.28644795337186,194.54078832090212,11903364
2023-12-13,194.05523681640625,196.20549460242137,191.9049790303911,195.85867837525802,9696816
2023-12-14,200.87596130371094,201.61583876377392,195.71996274487915,195.83556815701436,24681376
2023-12-15,206.49440002441406,207.85854965470816,200.45980261471854,201.63897227942087,41567234
2023-12-18,205.8932342529297,209.7082127651962,204.3903639299156,206.24005048131755,20182072
2023-12-19,202.86439514160156,206.86433982124913,201.1534292936186,206.0551018873093,16064694
2023-12-20,199.7430419921875,207.858536493003,198.54074285192135,204.3903740376136,26449942
2023-12-21,200.6909942626953,201.84704837711178,197.54653271627805,198.33264104688803,10663008
2023-12-22,213.93936157226562,215.62719767787087,200.6909848639011,201.29212733044938,46080814
2023-12-26,217.38442993164062,220.02022498395914,207.32675860718618,209.939438220796,54628644
2023-12-27,217.77749633789062,219.8352643513938,214.6099050002624,216.6445575745087,25262992
2023-12-28,217.08384704589844,220.76009065909454,216.25147961710763,218.51734285683665,16839956
2023-12-29,217.93931579589844,219.81213192664947,215.53473170741245,217.77747950962635,15961140
2024-01-01,220.6444854736328,223.5808657468946,216.55205108585756,218.72543846593828,20347278
2024-01-02,216.96826171875,221.037566929561,214.70238415728596,221.037566929561,14282514
2024-01-03,210.8180389404297,214.51741234271665,210.40186225507034,214.51741234271665,19534364
2024-01-04,209.19955444335938,212.64460142685942,208.73713278715744,211.3266968842861,15170336
2024-01-05,211.14173889160156,214.10123477889024,209.7082288816992,210.4249768306556,16889130
2024-01-08,208.25160217285156,212.71396847165246,207.65044553389018,211.5579142951761,10082886
2024-01-09,208.43655395507812,213.87000821791153,208.06662228836146,211.78911084065618,14465048
2024-01-10,209.75445556640625,210.86426466328905,207.62731323205435,208.76025187778183,8874676
2024-01-11,207.2574005126953,211.28046062058127,206.56376799975052,210.37874682094682,8638818
2024-01-12,215.23416137695312,216.87575258004497,210.40184951795408,210.40184951795408,36086734
2024-01-15,228.71376037597656,244.6210629717815,226.19355663440157,236.73677915784592,127844264
2024-01-16,224.27450561523438,228.89872222585777,222.19360814045385,228.89872222585777,25912492
2024-01-17,223.0721893310547,227.28022894573343,218.26300724798816,219.71963254599552,28668932
2024-01-18,223.18780517578125,226.1241854575977,216.5982967038574,223.0721997639931,26144924
2024-01-19,224.297607421875,228.13571544262612,223.62710452127772,225.66175688389882,15498620
2024-01-23,217.29193115234375,224.73692256166075,215.97402662356586,221.06066478854174,19972336
2024-01-24,221.53211975097656,221.97236287070672,216.89804119417684,218.26510002526695,11708750
2024-01-25,217.8016815185547,222.13454758569182,217.12973450384442,221.53210891751732,12852980
2024-01-29,219.19190979003906,221.0455411624707,217.80168626071534,217.80168626071534,10051300
2024-01-30,218.960205078125,223.77964380063395,218.49679723668982,219.84067714843485,11828014
2024-01-31,221.57846069335938,222.3894244310214,217.33828169342914,218.96020916875324,10584480
2024-02-01,218.4272918701172,221.36993453181054,218.07973598429714,221.3004120409784,7828120
2024-02-02,223.8955078125,225.44792699328613,220.11873652992995,220.11873652992995,16296222
2024-02-05,223.5247802734375,226.83814358730694,222.04186948998563,223.82599254886466,11566604
2024-02-06,231.54173278808594,232.53805685164417,223.87233841599362,224.61379381518307,29024038
2024-02-07,229.4795684814453,232.49171944743878,228.25152638933383,232.14416356674724,9103534
2024-02-08,226.53692626953125,231.75026448925618,224.7991468629563,229.8039458970582,11303840
2024-02-09,227.27838134765625,229.27102940775677,223.710135313986,227.48690639092166,7893788
2024-02-12,232.37586975097656,236.70872179213993,227.5332521093309,227.5332521093309,48873500
2024-02-13,237.07945251464844,237.72822065878955,227.85763937598955,233.14048589554568,22373576
2024-02-14,238.42333984375,239.58185947370018,230.3368671698635,233.5343926621943,22594656
2024-02-15,240.2769775390625,242.2927904342559,237.75139902284945,239.55870100653217,14570776
2024-02-16,251.6304473876953,252.5572630318489,241.41231056773591,242.13058703512118,34942644
2024-02-19,248.36343383789062,252.97434743464711,246.23174083486188,252.97434743464711,18602758
2024-02-20,246.5098114013672,249.38294572746742,243.8683810002078,248.29392030974327,10374126
2024-02-21,241.620849609375,248.52560918395628,240.740363434254,248.3402630257305,13115574
2024-02-22,246.0927276611328,246.99637860554805,241.64402371286218,242.26961298290433,14596482
2024-02-23,248.45616149902344,250.81953051911358,247.13543198906498,247.9232310904864,19860994
2024-02-26,246.9500732421875,248.6183303145996,243.7757122592794,248.50247834334397,8820636
2024-02-27,246.27810668945312,249.03538904427214,244.47080476702172,247.45979104604115,10399260
2024-02-28,239.90625,246.04640402269067,238.6550431460893,245.60616090762588,12789056
2024-02-29,240.3232879638672,242.94155350221297,237.82090266653472,239.72086344511138,14462764
2024-03-01,240.5550079345703,243.38181284075827,239.83673141102545,242.08427649432707,9420630
2024-03-04,241.2037811279297,243.93789870222167,240.30013018156743,242.33913599468383,5662370
2024-03-05,237.86724853515625,241.20379077913702,236.6392205363597,239.92941916599077,10521548
2024-03-06,237.79774475097656,238.5855154527713,231.70392033256218,238.05261340650839,11091922
2024-03-07,238.88673400878906,241.1574436670601,236.5696948816427,238.07577031428784,9707982
2024-03-11,238.44650268554688,240.48550853173177,237.40383502687354,239.767232023702,11131512
2024-03-12,236.73191833496094,242.13061730873855,235.29535107849188,237.6123904785755,11652760
2024-03-13,233.742919921875,240.36966075313973,230.22101738508715,238.09895094328493,13580480
2024-03-14,240.02210998535156,240.4623531151313,229.4564021494095,232.23684934695964,12825472
2024-03-15,239.58184814453125,240.16110793211473,234.66972231740633,238.53918052688098,13649086
2024-03-18,236.43069458007812,240.30013887697243,235.87459949418104,240.0452702121528,6393960
2024-03-19,229.3173828125,235.87460121632452,228.5295837920749,235.87460121632452,9617386
2024-03-20,228.6917724609375,232.28318327466044,226.699124375964,229.87345681378002,8385344
2024-03-21,231.9124755859375,234.15999245521638,230.98565984039206,231.54174080246776,11644580
2024-03-22,225.72596740722656,227.4174032376324,222.2272296413964,226.72229146003394,28646502
2024-03-26,222.3662567138672,227.5100866093437,221.99552195351276,225.21621212530746,18273346
2024-03-27,218.86752319335938,222.87601243324863,218.38095060481407,222.29675261732075,14320668
2024-03-28,222.4821014404297,223.84914605017045,220.2577353768876,220.90651765089027,15455150
2024-04-01,224.72964477539062,225.40157767939994,223.15404675586996,224.15038495706256,6041008
2024-04-02,222.9918670654297,223.68697885286295,222.2504116637504,223.33942295914633,6932654
2024-04-03,223.91868591308594,226.00402130454523,220.55897889351263,222.4357750889917,13794516
2024-04-04,225.86497497558594,227.97348910098495,222.250399535023,225.12351961436963,16004046
2024-04-05,224.77597045898438,225.7491297657917,223.61745084185304,225.4479174937546,6414344
2024-04-08,222.38941955566406,227.81129693971985,221.6016347130281,227.06984156740927,26640770
2024-04-09,220.48944091796875,224.86865058937155,220.21140753229884,224.26622606430706,15801250
2024-04-10,221.18455505371094,222.18089321742633,219.23825062259002,221.27724227799118,10771534
2024-04-12,218.1492462158203,222.4357688445964,217.80169032700064,220.11872958579852,13170046
2024-04-15,212.8664093017578,217.03708015896925,212.33349307619798,216.15660802864178,12176472
2024-04-16,207.76890563964844,212.47249233623202,206.1237993402348,209.94691397878205,21439424
2024-04-18,205.915283203125,211.05911322217844,205.2201714206066,209.69205439305802,21986258
2024-04-19,209.80789184570312,210.34080801369166,202.50921863406353,203.89944210294726,20470106
2024-04-22,214.0944061279297,216.0175456922205,208.5335124622692,209.80788392731637,18881740
2024-04-23,214.14076232910156,216.31877065764257,213.26029027534733,216.31877065764257,10322712
2024-04-24,213.12127685546875,215.32246424076655,212.5188522805374,214.9749083378248,5915168
2024-04-25,213.6310272216797,214.3493037604931,211.22130065041426,212.6578678701269,11805090
2024-04-26,215.2992706298828,220.48942959916627,213.90904720456126,214.0480638902598,21478294
2024-04-29,214.53466796875,216.87487193428376,213.90906454821484,216.712676359762,7249940
2024-04-30,214.27978515625,216.2956121147131,213.86272092327818,214.55783269225958,8902956
2024-05-02,211.96275329589844,214.55784015207283,211.0591164500558,214.279792606396,14937276
2024-05-03,211.93959045410156,214.09443420370874,210.01645063761526,213.35297878930473,9730626
2024-05-06,212.54200744628906,214.37247410952259,211.31397947294448,212.61151579533023,6918126
2024-05-07,214.9748992919922,215.64684633290605,210.3871643946234,214.0017399762872,9278528
2024-05-08,214.6505126953125,216.13340926732235,213.77002650389628,215.48464113318775,8205680
2024-05-09,211.2676544189453,215.20662148760638,210.4103469932312,213.9785934063823,9233484
2024-05-10,209.39083862304688,212.00909013177636,208.67254797450778,211.33714309638256,6654714
2024-05-13,209.4371795654297,210.0396041023808,206.2164894110523,209.3908359528754,7111608
2024-05-14,211.47616577148438,213.12125790899233,209.55302610792424,209.78473002262027,4909420
2024-05-15,212.3798065185547,213.0517535405519,210.6883707381125,211.4761697196206,4793424
2024-05-16,215.2297821044922,216.64317039354108,211.3603237193135,214.0944272124406,14621472
2024-05-17,213.6310272216797,215.20661114500592,213.1907840900935,215.20661114500592,6876820
2024-05-21,213.5846710205078,215.39195877141563,213.0285900967358,214.5578303147151,8467448
2024-05-22,213.77003479003906,214.7663729776738,212.63469404681666,214.51149017582657,7765884
2024-05-23,215.85536193847656,216.87486482311138,213.97856588049504,214.32612175360902,13171332
2024-05-24,214.8590545654297,218.03340128071807,214.09443441379756,216.4114737472802,8205526
2024-05-27,209.66888427734375,214.16393187037528,209.2749847822731,214.094423522324,40983758
2024-05-28,211.33714294433594,211.89323801750902,209.970098281087,210.3871625149242,15778126
2024-05-29,208.9042510986328,211.08227362935926,208.30182655630512,210.38716186109573,9756036
2024-05-30,202.48606872558594,208.30183167274038,201.62876136191952,208.0701277442946,20724568
2024-05-31,203.06532287597656,204.89577537433027,201.81411604047597,202.76409646374063,21438004
2024-06-03,205.79945373535156,208.78842624165472,204.61775509064728,208.62624478834067,8964424
2024-06-04,203.04212951660156,206.6335400510621,193.24105714452278,206.6335400510621,17730732
2024-06-05,209.22865295410156,210.8505804963814,203.45921932544314,203.76044575410666,12267428
2024-06-06,213.6310272216797,214.0944350898395,209.7384039575543,210.82741527614706,15425568
2024-06-07,224.5442657470703,225.40157308915408,217.0138882621597,217.8016872558767,72672440
2024-06-10,220.2345733642578,226.32838356001758,219.35410130705228,226.32838356001758,18311752
2024-06-11,220.60531616210938,222.06506230138422,219.81753124941508,222.06506230138422,9371714
2024-06-12,220.99920654296875,224.47476550771063,220.3736031008981,221.50895801954803,13875116
2024-06-13,223.640625,224.91499655195162,221.5784544681898,222.4357617951924,12995932
2024-06-14,221.27723693847656,225.03084315789172,220.67481242144646,224.7527956338453,11322596
2024-06-18,227.9271697998047,228.46008603617773,222.4589483019223,222.89919144706184,31870984
2024-06-19,229.7344512939453,230.38321948279798,225.5637804686392,228.11252375077072,20880284
2024-06-20,227.2552032470703,230.5454017588804,226.2588792136148,230.5454017588804,12571126
2024-06-21,227.32472229003906,232.14417539485527,226.652789371717,230.753951801255,95171176
2024-06-24,227.32472229003906,229.3405493291766,226.81498495272086,227.11619723625043,9934518
2024-06-25,230.2441864013672,230.77710258494355,226.74544875042085,227.32470854606578,9258210
2024-06-26,229.4795684814453,231.65757684852807,228.8307861904864,230.24418859054973,12812090
2024-06-27,236.70872497558594,237.2416553186733,226.69912669320823,228.06617137037998,42137138
2024-06-28,238.58551025390625,239.2574572650627,234.4148539208852,237.26480925045718,16405832
2024-07-01,244.3781280517578,248.2939301960063,238.23797379634507,239.99894632334795,30757528
2024-07-02,249.40611267089844,252.5572804211539,244.81836360279084,245.2817714567746,36276968
2024-07-03,249.77682495117188,252.7658111663269,248.154897516424,251.12071899648802,16049384
2024-07-04,245.93055725097656,254.31822821327188,245.1890877035931,250.88902701570098,19524632
2024-07-05,247.9695281982422,248.6183104992336,245.351290827047,246.23174876791202,10376090
2024-07-08,250.79632568359375,251.6304541288444,247.923191452913,248.36343455251375,12176360
2024-07-09,250.70362854003906,252.53409507068633,249.1280306514435,252.09385198850507,8681444
2024-07-10,248.17807006835938,251.79264566566866,246.41712588343134,250.70364852456296,9233748
2024-07-11,247.50611877441406,250.03169718724894,245.60615792301732,248.7109961422744,8807618
2024-07-12,259.57794189453125,261.73277162080683,250.9585381369096,252.55730102038703,54186042
2024-07-15,259.369384765625,262.70592701274563,257.7242925203041,262.70592701274563,16099478
2024-07-16,259.369384765625,260.7132505884321,257.84014448524465,260.36569469361064,11239032
2024-07-18,265.6253967285156,266.1814918293242,257.8169571488747,257.90964437970473,25019786
2024-07-19,258.21087646484375,268.73024100061184,257.05235676452065,268.73024100061184,26523490
2024-07-22,234.3916778564453,244.10007768014995,232.4221945529035,241.43548262241694,76014568
2024-07-23,231.9587860107422,235.4111800362175,225.3784032430122,235.4111800362175,25847632
2024-07-24,231.75025939941406,234.64655834676205,231.63440744152015,232.86243536677875,12240276
2024-07-25,234.87826538085938,235.1794776469656,228.59908069439388,229.85028751309346,21887890
2024-07-26,243.1964111328125,244.93419040674766,235.6428695456079,236.33798125518197,26153996
2024-07-29,243.0110626220703,245.86100363316143,242.29275790181475,244.67931939518866,12011554
2024-07-30,241.66720581054688,244.1927843756602,240.8562420326591,243.0110999561439,10816526
2024-07-31,241.8988800048828,243.24277398524399,240.71719573065815,241.80619278482885,7758508
2024-08-01,241.6903533935547,244.12324455454507,239.81355729762464,242.36230041866222,10759752
2024-08-02,232.70025634765625,240.62453365961585,232.16734013185854,238.6550502353436,15652228
2024-08-05,224.75279235839844,229.7807700261733,222.551605216744,227.06983145487678,21938080
2024-08-06,226.838134765625,231.40270475939724,225.49425487530792,226.95398672413657,11271584
2024-08-07,230.49905395507812,231.75026076453656,228.29786674212758,231.10149262492598,7079826
2024-08-08,225.81863403320312,228.92347220783566,225.37840507190054,228.92347220783566,13160570
2024-08-09,227.67227172851562,230.05883347681558,226.90765160214778,229.54908201187524,6065948
2024-08-12,226.62960815429688,228.92348271689758,225.86498801412517,227.7881278036739,7338468
2024-08-13,227.30154418945312,228.3210470883193,225.74912510612347,226.6295971685525,6289418
2024-08-14,229.45639038085938,230.2441893699276,227.27838200640403,228.46006634792133,11121756
2024-08-16,239.2342987060547,239.7903937739246,230.75394084459177,232.1673291074739,25931140
2024-08-19,240.8562469482422,242.4550097998269,238.05263491573206,239.11846738873106,11466562
2024-08-20,243.12693786621094,244.49396838541048,240.80989863479434,240.92575059636516,9543812
2024-08-21,243.9147186279297,244.72568239234081,241.4586625982617,242.54768805240238,6454402
2024-08-22,240.50865173339844,245.8610062451983,240.06840866009716,244.58663477647605,11496506
2024-08-23,237.4501953125,241.64403072746413,236.96360858134955,240.92575421178032,11277706
2024-08-26,240.97207641601562,243.19642838763718,239.09528032384026,239.11844505896937,17351380
2024-08-27,239.65138244628906,242.47815903537432,239.1184521017738,240.97208351341547,7965796
2024-08-28,247.73782348632812,249.35975094947813,239.9757420555389,240.97208023942773,34375566
2024-08-29,249.6378173828125,251.14389291299523,247.48295954134426,247.92320266084724,25685318
2024-08-30,249.498779296875,251.16703611979668,248.24757253759952,251.0280194319146,19434804
2024-09-02,246.74151611328125,251.1670554369318,246.4634544319631,249.49879848570532,15735982
2024-09-03,248.40975952148438,250.63411142990742,245.3744439173948,246.99637130872793,15056686
2024-09-04,240.57821655273438,244.79521702308813,239.46602630701523,244.6793650509996,20402128
2024-09-05,243.21958923339844,243.752519553695,240.74036864666266,241.52816761764348,12069118
2024-09-06,241.25010681152344,245.55982229050002,240.25379693997914,243.21959010394002,14579954
2024-09-09,238.58551025390625,241.78303559848834,237.93675626161362,239.62817787268267,11919540
2024-09-10,243.63668823242188,244.6793559424037,238.1916457469612,239.48918212921532,10287272
2024-09-11,238.3538055419922,243.8683700209799,237.84406824373954,243.2891102347068,8261524
2024-09-12,245.6293182373047,246.53296917589236,239.9294075015381,241.18061431772338,15779474
2024-09-13,255.15234375,256.03282995400747,246.00003896883865,247.36709774488403,35919706
2024-09-16,255.75482177734375,258.04866816938454,254.4109276038366,256.2645591346478,11088578
2024-09-17,255.75482177734375,257.1450454254521,253.50727657573165,254.4109276038366,8728238
2024-09-18,249.38294982910156,254.43407850538557,246.83420661283307,254.43407850538557,16665520
2024-09-19,247.15855407714844,255.54625274554772,245.21226382430865,252.1865459881025,20969182
2024-09-20,249.82315063476562,250.58778487036793,246.06955851348195,249.26708386433057,16664232
2024-09-23,247.87686157226562,250.42560465774383,246.53296754080023,249.8231518465679,8544290
2024-09-24,250.03172302246094,251.1207485415634,245.3049568568156,246.62568632242838,12355694
2024-09-25,248.47926330566406,249.96217389438158,245.95368518671557,249.68411224915315,8065196
2024-09-26,251.12071228027344,251.67677904426486,248.2475781015851,249.6378015799018,11403400
2024-09-27,251.07435607910156,258.99864692498977,250.5646187809023,254.36456863528997,26462384
2024-09-30,250.9121856689453,252.32557395252482,247.45979153470753,249.31342293197125,8199446
2024-10-01,253.36825561523438,254.68895674510176,250.33293969131014,250.33293969131014,9411274
2024-10-03,245.67568969726562,251.3524360147212,243.86838771926432,250.28657530329045,14035368
2024-10-04,247.25128173828125,251.1439194489501,244.70253826405553,244.70253826405553,11922754
2024-10-07,246.27810668945312,251.0280371355616,243.72936352324857,249.31342243964446,9878074
2024-10-08,244.1927947998047,247.36712755223152,241.11112099861145,246.32445979329486,11502804
2024-10-09,246.13909912109375,249.63782284945395,244.91105696361515,245.51348153204614,8841688
2024-10-10,243.2891082763672,249.1280355613324,242.57083180400411,247.9231865292504,12620244
2024-10-11,244.818359375,247.6451642059871,241.1342613426159,241.1342613426159,8436982
2024-10-14,254.66580200195312,255.73163449927227,248.5256474182411,249.6378376753752,33136266
2024-10-15,246.9732208251953,256.1950201261074,246.00004736373958,256.1950201261074,21601252
2024-10-16,246.60250854492188,249.6841539000561,245.14276244542506,246.99639391949256,12553622
2024-10-17,245.0269012451172,249.3134238673722,243.31228653938106,247.9000355784898,23755278
2024-10-18,254.2487335205078,258.76696015227066,243.1964390969237,246.53298134336742,74653054
2024-10-21,253.9938507080078,260.3889021547204,253.4841133476688,255.61577830712454,23966964
2024-10-22,252.76580810546875,257.42305116915696,252.02433860234663,254.7816208648628,18478300
2024-10-23,253.5767822265625,256.9596538887324,251.2597429669707,253.7157989253039,12698576
2024-10-24,253.43775939941406,255.1060163123116,252.62679567816693,253.57677609479387,9576604
2024-10-25,251.83900451660156,255.80113602096165,250.4719456871916,254.75846834696316,10124540
2024-10-28,258.8595886230469,259.4156836460173,251.491421492234,251.83897734606956,11185858
2024-10-29,260.52789306640625,261.0839881307313,256.38038724536796,259.4157029377561,12055630
2024-10-30,261.9412841796875,268.19729008225414,260.018130310786,260.66691260694245,20755492
2024-10-31,255.70843505859375,262.42784859678454,254.08650765282354,261.7327368514545,15680094
2024-11-01,255.49993896484375,257.14505966688824,254.87434960221702,255.66214870327687,1962810
2024-11-04,250.61094665527344,256.0096591420846,247.55246631720306,255.3377121375205,9855560
2024-11-05,251.95486450195312,252.71947051672586,250.4256241882359,251.6304733362139,6862260
2024-11-06,261.3157043457031,262.21932704805664,250.70365300643863,253.69263936917218,19554884
2024-11-07,261.083984375,264.0034480654973,256.93647861362416,262.28883342689744,11997142
2024-11-08,263.6790466308594,268.2204375592321,261.8254153715915,261.8254153715915,20852658
2024-11-11,265.7643737792969,270.25943510423707,262.3119800062371,263.67903867553605,16139444
2024-11-12,264.4436950683594,268.63753036128435,263.70222555425363,266.45950785761426,11260890
2024-11-13,263.6790466308594,265.8107112653501,262.08028401290716,264.1424544456764,11391200
2024-11-14,262.6132507324219,266.2509912695441,261.45473103471767,263.6559184603556,9783520
2024-11-18,256.19500732421875,262.61322273577076,250.37924471858454,262.61322273577076,15289764
2024-11-19,260.4351806640625,264.0497558064812,257.05230941903176,257.65473389540705,12919778
2024-11-21,258.1877136230469,263.0303033786093,257.33039206801067,260.4352305445039,11672608
2024-11-22,264.9071350097656,265.8107577794485,258.5352764410237,260.41207276261844,14733232
2024-11-25,269.91192626953125,272.2752951518014,265.94979453905603,266.69123583587776,23297474
2024-11-26,272.94720458984375,273.5727938299901,268.45214310190397,271.09357331928453,15771340
2024-11-27,270.1204528808594,276.19108453258843,269.65704502090534,274.1057491627954,13659676
2024-11-28,265.1619567871094,271.55697896249836,264.39732258045893,271.4411270090161,11896556
2024-11-29,267.78021240234375,269.12410646893466,264.8839133658722,266.4595113553808,8540112
2024-12-02,270.885009765625,271.3484175415594,267.9423817021079,269.91186474982914,11194000
2024-12-03,270.3057861328125,274.5228144273085,268.12776363831125,273.73501544621195,15445286
2024-12-04,272.4837951660156,275.26424205546476,270.44478946675224,273.0862196685626,14036431
2024-12-05,277.39593505859375,278.87884587478527,272.3911358025974,273.41063875648973,13487264
2024-12-06,275.58868408203125,277.25694121014874,274.5228515677243,277.25694121014874,7894350
2024-12-09,281.520263671875,283.32756556714025,272.2521068431713,273.4106264467593,9285213
2024-12-10,285.5519104003906,288.2396701565925,281.2422232397706,283.605591858255,17028502
2024-12-11,286.38604736328125,287.2201758249811,283.18852192856684,285.5982483722764,8608406
2024-12-12,286.478759765625,290.8347769080665,284.9495194040852,285.45925676320763,12958440
2024-12-13,287.2665100097656,288.28598455476794,281.93732024527924,286.4787110833993,7382211
2024-12-16,286.5714111328125,288.6103885982817,284.62509260527946,287.312852341316,7221189
2024-12-17,286.24700927734375,289.3981767217235,284.8104280989368,288.2396571992186,10568517
2024-12-18,289.7226257324219,290.3250503476573,285.96900475901896,286.3860831841216,10965226
2024-12-19,289.861572265625,290.46399673500315,279.1105058948628,283.92995821822177,12405595
2024-12-20,282.8641662597656,296.5810274664192,282.12269672059705,292.4103567676726,22214824
2024-12-23,285.3665466308594,287.915289790298,282.67878677410357,284.16169754188377,6693583
2024-12-24,282.9568176269531,286.5714214297508,280.63977841191365,284.9958234498559,8837902
2024-12-26,282.7251281738281,284.4861006947115,281.75198296737915,283.04951933736834,6516148
2024-12-27,286.478759765625,288.14701683563703,282.400776040128,282.8641839244839,8063921
2024-12-30,281.47393798828125,286.7567704812143,280.5007645376725,286.4787370862806,13709891
2024-12-31,279.75933837890625,280.8251708291793,273.6423488030204,278.9252098649609,9337030
2025-01-01,278.3227233886719,281.149528040965,277.0715449109512,278.04469001232695,7878201
2025-01-02,281.56658935546875,282.1690421685679,275.4032708041073,276.19106978078577,8800435
2025-01-03,272.9009094238281,281.566614075587,272.4838310218605,281.1032061996995,12535720
2025-01-06,272.7618408203125,276.00569567069965,269.2862820520406,273.4106231040578,9173687
2025-01-07,272.5301513671875,275.7276769173768,269.9814081351781,272.7618552973702,7381943
2025-01-08,275.7740173339844,276.60817414308286,268.12778733451154,271.55701695097434,7937785
2025-01-09,270.908203125,276.1910636425691,270.0277452281845,275.2642479927618,7964702
2025-01-10,278.554443359375,281.0568570274507,272.7618453167647,272.7618453167647,19505556
2025-01-13,270.4911804199219,277.34961126556084,269.0082695733635,277.07157785615635,9541248
2025-01-14,271.4179992675781,272.99356907917576,265.57904304575953,270.44482575518896,7670070
2025-01-15,271.2326354980469,273.13262483953156,268.49854588592007,271.55702668163434,4662694
2025-01-16,266.96923828125,274.80084188471824,265.71805977352847,274.24474683452576,10345666
2025-01-17,261.3157043457031,266.7375536965091,259.9718102340334,266.7375536965091,9358955
2025-01-20,278.27642822265625,283.04952366606057,275.2179475691818,279.8983557809898,39380165
2025-01-21,276.5154724121094,283.46659022898405,276.00570680170273,280.2690647195534,15619474
2025-01-22,286.478759765625,287.312888300631,277.4423060206858,277.4423060206858,30859317
2025-01-23,294.4493713378906,300.8443942745946,287.91530341312017,288.33238180897615,39904371
2025-01-24,296.6737060546875,298.89805803907456,293.4298511612402,295.6542031456272,17479586
2025-01-27,285.41290283203125,295.79322158163194,284.3007126912093,294.5420147442498,12372895
2025-01-28,286.9725341796875,290.75346340775667,285.03479064258164,287.35062133325425,12077491
2025-01-29,295.33782958984375,297.46460216342535,288.34308782643825,288.34308782643825,16338112
2025-01-30,292.0767822265625,296.5193855982624,289.19383523497476,293.96724683644317,9984186
2025-01-31,294.81793212890625,298.40983197594255,292.5966305787731,294.62890298718787,15597644
2025-02-01,288.1068115234375,296.09403649654183,286.7362419104247,295.432362306672,6046117
2025-02-03,296.4248352050781,296.80292233052694,283.853229148964,286.4053677265913,14877076
2025-02-04,298.9297180175781,301.3873277926545,296.18855008800097,300.58387455996785,15366864
2025-02-05,299.733154296875,303.8449203817731,297.6536317941544,300.39479956868666,9628027
2025-02-06,300.5365905761719,305.87714675555,297.3227780080103,302.4743050544479,15062390
2025-02-07,300.5838928222656,301.52912518963126,296.8029633528032,301.52912518963126,8589587
2025-02-10,301.5763244628906,303.4195388072079,298.5515987046184,301.3400164108601,12304840
2025-02-11,295.85772705078125,302.85244070702254,294.5344075233089,302.0017373569476,10627890
2025-02-12,293.2110900878906,298.4571181559513,292.40763681134194,296.2830952628925,9668342
2025-02-13,291.6513977050781,296.47208792462465,290.13904918978415,293.30555413410497,8832731
2025-02-14,291.22607421875,295.29056152588134,287.87048228267616,293.0692598759002,7371341
2025-02-17,288.626708984375,293.3055918925202,285.46017478621457,291.22609799318985,7507772
2025-02-18,295.1015319824219,295.6213982025714,288.626685037522,288.626685037522,10368789
2025-02-19,296.8974914550781,299.16604336061,291.4151264333233,294.2035734470454,7835672
2025-02-20,296.1412658691406,297.08649816217485,293.2583189138664,294.15630113072905,7697134
2025-02-21,289.5719299316406,295.66866114961744,288.3431105954846,295.66866114961744,8722925
2025-02-24,278.89080810546875,286.6889754061384,277.2839303330529,286.35816714307293,12600963
2025-02-25,275.34613037109375,280.0722914062735,274.21186903036926,278.22910591027204,10810040
2025-02-27,278.37091064453125,279.5997010885227,275.39343468701315,277.8982944974268,15555649
2025-02-28,262.4437255859375,277.8982784744178,261.8293303993664,277.8982784744178,17458839
2025-03-03,268.0206298828125,270.6672978552482,264.0033922667289,264.14520020072956,11471554
2025-03-04,264.6650390625,267.5952649070748,261.1676680792655,263.7198067801339,9331785
2025-03-05,269.4857482910156,271.2344339047502,263.3889881055146,265.98837706354647,10285712
2025-03-06,270.24188232421875,276.00780455855136,267.9733307957168,272.6522417607878,9782051
2025-03-07,269.2021179199219,271.9433143656627,267.4061825165105,271.6597273991046,8097300
2025-03-10,265.5157165527344,270.0055694577873,262.72729889836717,268.8713081368607,8165123
2025-03-11,262.53826904296875,264.00336755675363,258.2374736538323,261.8293448241309,8602609
2025-03-12,253.8421173095703,262.49101575037184,247.83991540725222,262.49101575037184,18584311
2025-03-13,249.54132080078125,256.252475727921,248.92692559077688,253.84211611701176,8683943
2025-03-17,245.61862182617188,250.67562046015934,244.7206395920822,249.54133014827772,12697926
2025-03-18,245.61862182617188,245.61862182617188,245.61862182617188,245.61862182617188,0
2025-03-19,251.14822387695312,251.90439814905213,242.21576745101166,247.65085296454654,14044300
2025-03-20,253.32225036621094,258.94639395573176,252.84963422746802,254.45654063767392,17038774
2025-03-21,249.8248748779297,254.78734424488448,245.94944568736258,249.54131673829772,22659168
2025-03-24,254.6455535888672,256.77232607793826,250.86462471940754,252.42425210882004,9269617
2025-03-25,256.157958984375,259.65533011046506,254.59833142400558,257.10319130535055,12563930
2025-03-26,252.75509643554688,257.33947859107394,252.1407012457997,257.1031705299251,7308412
2025-03-27,257.292236328125,258.56827682010726,254.83462664833004,255.21271378840623,14783522
2025-03-28,247.88717651367188,256.96141257664425,247.27278127344067,256.15795933347977,14283389
2025-04-01,248.21800231933594,248.59608946182496,244.3425442048736,246.09122969086025,8388635
2025-04-02,249.16322326660156,251.0064088197316,246.80014267576922,248.40702016981604,7136992
2025-04-03,242.310302734375,246.23301095930432,241.31780594761577,245.66586581741328,12262561
2025-04-04,232.8107147216797,240.0417359339805,231.44013079280504,239.14376814769022,14639785
2025-04-07,229.596923828125,230.49490606696565,215.51296808645233,218.3959295353868,13011904
2025-04-08,233.70867919921875,235.83545181073845,230.4948952443845,231.34559851975243,13806651
2025-04-09,223.689208984375,229.02977991737248,221.18434925986006,227.51740252926174,19063559
2025-04-11,226.61944580078125,231.58191541685676,225.29612633906794,231.58191541685676,11205821
2025-04-15,230.6366729736328,231.6291697378524,228.13181323721645,231.6291697378524,10694621
2025-04-16,234.08677673339844,234.84296546902647,227.9900311942672,230.636684557415,16203319
2025-04-17,223.92552185058594,224.77623955829924,219.4356685108047,222.12958628391345,54875421
2025-04-21,225.39064025878906,227.61194194493845,224.39814345384784,224.39814345384784,16298364
2025-04-22,221.3261260986328,225.91050829135835,220.71173090390033,225.39062766799265,18367713
2025-04-23,230.2585906982422,231.91274719916893,223.16934855141332,224.2090954124215,31898042
2025-04-24,229.45513916015625,231.72369089445633,228.27359879372906,231.39286824571684,23000820
2025-04-25,227.70645141601562,232.66892090635434,225.01254806083466,230.58941276645146,16620430
2025-04-28,227.328369140625,228.6989530969775,225.6742126084167,227.328369140625,14218414
2025-04-29,228.17906188964844,230.25858440099296,226.71396342451894,228.36811988020682,16647246
2025-04-30,228.27359008789062,230.06952560712693,226.09955301195748,228.3208545853652,14206640
2025-05-02,228.44374084472656,232.33810782226035,227.56468170763583,228.7840250578489,10822257
2025-05-05,230.230224609375,233.3494794763015,229.40786274933305,230.63666755123413,12170446
2025-05-06,227.9805908203125,232.43262707313434,227.4323543313111,231.10930756389027,8869045
2025-05-07,230.6744842529297,231.06203295765368,223.08427003425385,223.08427003425385,9130056
2025-05-08,228.3397674560547,232.36645175279133,226.20353328506914,229.795418812506,11434833
2025-05-09,228.7556610107422,229.64418166987357,223.54743629198492,223.64196529010107,10582438
2025-05-12,243.1893768310547,243.81323364097437,231.46850150960478,231.66699222533316,19791711
2025-05-13,237.79208374023438,242.87743785388216,236.89410156544565,242.87743785388216,11714159
2025-05-14,239.08705139160156,239.79597559027687,237.01699042377373,237.79208780407996,8839105
2025-05-15,242.51824951171875,243.01922145905942,236.89410598819643,239.33280696626414,12083645
2025-05-16,240.3820343017578,242.92471160642393,239.64475422971867,242.92471160642393,6640387
2025-05-19,237.9622344970703,240.78848430168534,237.5179741566736,240.38202690759667,6788784
2025-05-20,236.03396606445312,240.6561514753647,235.65586448725253,239.1437740127632,9366429
2025-05-21,237.17767333984375,238.30250201982577,234.51212590721104,236.03395039958096,5313593
2025-05-22,232.47042846679688,236.20409307558361,231.58190781889778,235.3628369261451,11469037
2025-05-23,233.8126678466797,236.77124963119516,232.14906415156557,232.62168031276735,7437642
2025-05-26,236.53494262695312,237.11153492316714,234.6066606035387,234.88078605521952,3690751
2025-05-27,234.65391540527344,237.24385706570808,234.40816020280448,237.24385706570808,6861143
2025-05-28,233.8788299560547,236.44041593258916,233.43458402742039,235.92053526320754,6205160
2025-05-29,236.44041442871094,237.9527919258197,234.51214682184298,235.97724539473498,11785042
2025-05-30,235.99615478515625,237.3572916520022,234.9091433717422,236.30808318573352,13858429
2025-06-02,234.11512756347656,234.81460465307967,232.7161878073705,234.0395216723142,5846259
2025-06-03,232.73509216308594,235.8354528746847,232.27192315550505,234.41760446060843,8573438
2025-06-04,233.3400421142578,236.12847446635146,233.00920504574668,233.00920504574668,6698150
2025-06-05,234.36090087890625,235.8260138417121,233.35895693958497,233.3778512011228,6468060
2025-06-06,234.9752960205078,236.28916835190694,233.5669091121543,233.5669091121543,4445411
2025-06-09,237.5274200439453,239.5218607883377,235.5707966687634,235.92998956076121,9193904
2025-06-10,240.91134643554688,241.7904199554018,238.03784665233175,239.04923769127885,10739851
2025-06-11,244.73956298828125,247.27277866210773,240.1835363199957,241.99836620570386,17268454
2025-06-12,245.39175415039062,248.59610563189884,242.28196051840519,245.76040860948171,14528657
2025-06-13,245.95889282226562,247.8871748234722,240.08900821796735,241.03424053378612,8692116
2025-06-16,248.49212646484375,250.77957241503506,243.86992679682112,245.7603913456337,10935361
2025-06-17,248.5110321044922,250.9119302683521,247.3294917073841,248.49213784277083,7528454
2025-06-18,247.2633056640625,251.0536962916646,246.73397790137986,248.50155762814506,5016660
2025-06-19,251.0347900390625,251.84770484460353,247.47127453207165,248.4543242342835,14184486
2025-06-20,251.94223022460938,252.5660870163008,248.47321492373445,251.43179669573433,12904674
2025-06-23,248.8229522705078,250.67562842855347,247.47127694565958,249.5413380806154,6214062
2025-06-24,250.45822143554688,253.93666962298641,250.21245178934427,250.95919343620417,6319428
2025-06-25,254.65504455566406,255.1749107967825,251.29001978086484,251.33726985871147,5331739
2025-06-26,253.8137664794922,256.44151111620823,252.55662021446423,254.36201736664765,8564099
2025-06-27,250.5338134765625,255.21272497287902,250.01394724195,254.26749265816466,8906108
2025-06-30,251.41290283203125,252.1312597797396,248.50157113286198,251.52632609502723,7119563
2025-07-01,250.0612030029297,253.6531031882064,249.257778594122,250.95918526079927,3886095
2025-07-02,252.37701416015625,253.98392054534864,249.9666834285671,250.486549634612,8750887
2025-07-03,252.4242706298828,256.01617062713586,251.8571543348114,253.70033998619377,9357962
2025-07-04,255.2599639892578,256.536033328068,252.84963322966058,253.60580751018526,7141779
2025-07-07,253.08596801757812,255.73260712503244,252.6606019110002,255.25999093825826,4849218
2025-07-08,254.8818817138672,255.4962769342953,252.70785898121383,253.13319620480237,5519016
2025-07-09,253.13319396972656,254.64557139248834,250.34477604126582,253.3222519648968,11564433
2025-07-10,250.5338134765625,252.89689426334843,248.7378778478454,252.89689426334843,6911031
2025-07-11,244.1534881591797,247.6981092349297,243.63362193988308,246.70562687219976,13109857
2025-07-14,240.3253173828125,245.33503714080757,237.86770758133898,244.15349674069543,10388421
2025-07-15,243.30279541015625,245.6186261517818,238.95473535607098,240.08901126482797,8750149
2025-07-16,248.4070281982422,249.541318456981,242.0267103967853,243.30277972631657,12179338
2025-07-17,246.32752990722656,249.8721508416757,243.86992029010202,249.3995347170825,7484171
2025-07-18,252.32977294921875,257.0086555065787,251.05370358041134,253.88940046833872,30319126
2025-07-21,246.0912322998047,252.51880032885998,245.0042209362998,252.32977117871144,12190000
2025-07-22,245.47682189941406,247.79262355736418,244.57883974159355,247.36728636118482,6724044
2025-07-23,247.08370971679688,247.41454678068146,244.01170483795366,245.9966983750615,6510321
2025-07-24,247.50909423828125,248.97419282822142,245.99671672357414,247.6508733201784,8139900
2025-07-25,245.00421142578125,247.6981002688791,242.02670675296935,247.4617922057162,8427780
2025-07-28,241.0043487548828,244.81145305592867,239.99232996427654,244.81145305592867,8998911
2025-07-29,242.6910400390625,243.55847630641514,238.3056351167876,240.18509016724929,12923128
2025-07-30,241.14891052246094,243.36571003043403,240.18508592828098,242.35369126518586,6057152
2025-07-31,239.31765747070312,241.10072420393195,237.14905206316777,239.1248954869482,7338764
2025-08-01,233.9684295654297,237.9682959080314,233.4383230761363,237.58277193770718,7436999
2025-08-04,237.1490478515625,237.50565825051578,232.37811898107256,233.96842370230374,5234393
2025-08-05,237.0141143798828,238.01648550754334,235.68403170626723,237.1490492375832,7383968
2025-08-06,231.27935791015625,237.10085203381732,230.6528630949322,237.10085203381732,7700190
2025-08-07,233.55398559570312,234.38286063837594,229.97818983629165,230.46010213931336,6190830
2025-08-08,230.4022674560547,234.4503277272524,229.77577265860526,233.63107095627848,8922847
2025-08-11,232.87928771972656,235.89606332770185,229.98781401193042,230.40226622424834,3047287
2025-08-12,232.97567749023438,237.38034815129546,232.37811095979444,233.9202214560127,8101435
2025-08-13,232.908203125,234.10335089480168,231.43355269888772,234.10335089480168,5820844
2025-08-14,237.88156127929688,239.44295251771263,233.64073867053446,234.30578003705884,12857225
2025-08-18,236.33944702148438,240.00196889697452,235.9057141669896,239.64535848548027,5789317
2025-08-19,238.02613830566406,238.54659713751897,235.92499295404977,236.58040135331547,4090961
2025-08-20,241.76577758789062,243.74162111006225,236.42619536732082,236.42619536732082,10099384
2025-08-21,240.86941528320312,243.59704073359595,240.58026495468013,243.59704073359595,7607486
2025-08-22,239.64535522460938,243.84763119634394,238.65261703304154,242.8838065671094,13572686
2025-08-25,244.6572265625,247.9824331113351,241.53444435217955,241.53444435217955,16391069
2025-08-26,242.9127197265625,245.60179867347316,242.21876481812083,243.8476307919132,15797327
2025-08-28,241.5826416015625,243.2211552649585,240.06944455510003,242.90309136700975,5851451
2025-08-29,240.38751220703125,243.94402755887427,239.66464371134924,241.4380775577911,10117017
2025-09-01,241.30313110351562,243.8379945461304,240.37785300249388,240.39713361268923,3198345
2025-09-02,241.85250854492188,243.99220041066695,240.57063472265182,241.30313615063423,5046939
2025-09-03,240.53207397460938,243.26933241312472,240.1079887813865,242.78742009478904,3862765
2025-09-04,236.1081085205078,241.28384180852458,235.5972826696918,240.47423269101952,5021036
2025-09-05,234.85513305664062,238.3731015889232,232.541959953142,237.19723442771922,6233782
2025-09-08,233.7467498779297,238.05504708592366,233.4383189416955,235.52018364088656,6596932
2025-09-09,240.13690185546875,240.81159086520373,236.1370355041378,236.1370355041378,12836972
2025-09-10,246.49815368652344,247.8667976284456,240.23329347552675,240.28148764927843,15261331
2025-09-11,244.72471618652344,246.44995580925047,243.0476560300271,246.44995580925047,5865301
2025-09-12,242.8259735107422,246.64271071347045,241.7464946585437,245.65962020455956,5345794
2025-09-15,242.18984985351562,242.68139511631705,240.57063154772504,242.40189244691152,3700703
2025-09-16,244.8210906982422,245.29337006471937,241.14892118513487,242.88380847272802,7316998
2025-09-17,244.95602416992188,246.25719330493672,243.70306391462964,244.136782057369,7339871
2025-09-18,247.6354522705078,250.4016242205289,246.73910243420838,247.702927053092,10498239
2025-09-19,246.6234588623047,248.33906558164145,245.48613811525385,247.70293777600946,10741757
2025-09-22,241.2742156982422,242.67175843739852,238.26708762979038,239.5586090738771,15784007
2025-09-23,240.59954833984375,242.88380801860566,239.75137795487365,241.16820134485926,8674114
2025-09-24,235.7418670654297,240.1079915432284,235.41417021482334,239.34657654249048,7888797
2025-09-25,233.2455596923828,236.75388074576497,232.5516047845229,236.57075171358017,7957740
2025-09-26,227.22164916992188,232.81183478439056,226.50841367235438,232.71544644179085,16999628
2025-09-29,230.97093200683594,232.07932444027642,227.74211363791463,228.3107813425008,8894412
2025-09-30,230.71070861816406,232.76365988982718,230.3540981932451,231.25044808511086,5590909
2025-10-01,232.3491973876953,234.75875882553942,229.23603342110766,231.317898033036,9479378
2025-10-03,232.262451171875,232.6672557446049,229.44808506613637,232.262451171875,10968346
2025-10-06,233.37086486816406,234.17084108444976,230.66251998193718,231.31791367809595,6064946
2025-10-07,234.72021484375,236.1370382497925,233.38049917419653,234.11300061064694,6587728
2025-10-08,235.43344116210938,237.43819811197406,233.7949422695343,234.45033594384577,7360563
2025-10-09,237.4863739013672,237.8719125627567,234.36359163149092,235.16356780872852,4629760
2025-10-10,239.70318603515625,242.16094181885626,237.34181859858052,239.02851172567705,7070200
2025-10-13,236.2623291015625,238.7393506780979,235.66474784844178,237.15867892104916,6717589
2025-10-14,239.4333038330078,241.10071626242086,236.2430467805369,236.908088103363,7888607
2025-10-15,241.1585693359375,243.00911087754727,239.5489692472217,240.9561596908066,13278925
2025-10-16,244.62832641601562,244.87893023158037,239.79957032543737,241.34168090575858,10661302
2025-10-17,232.1853485107422,240.95615856523548,230.4601088864057,240.95615856523548,43802251
2025-10-20,232.5130615234375,233.18773583029687,230.6143258054781,232.18534996856562,9871824
2025-10-21,232.6287078857422,233.3997705132051,231.66488327811263,232.28173043872368,2082336
2025-10-23,235.4623565673828,238.83574272248345,234.5659920272076,235.94426887525432,18964626
2025-10-24,234.1901092529297,236.98520956097948,233.39978068775494,236.1370391631165,6803979
2025-10-27,235.0864715576172,236.84062475552142,234.26721473060016,234.48889027997774,9550336
2025-10-28,233.61181640625,235.84788188003014,232.6672576885254,234.8455107449142,8780789
2025-10-29,233.5154266357422,234.78768218729533,232.8985794701761,234.78768218729533,8776917
2025-10-30,233.16844177246094,235.9153477216527,231.7998126269634,234.10335279619028,8344622
2025-10-31,231.96368408203125,234.3925263946994,231.79983565116837,233.35159397498447,5659566
2025-11-03,231.79981994628906,232.561234921276,230.83599533112778,231.96366836605088,4902693
2025-11-04,229.3131561279297,232.1275223063169,228.92763215541518,231.79982545899986,6848284
2025-11-06,231.36610412597656,231.91547651458157,229.74687110876866,231.31790995337695,7141517
2025-11-07,227.9348907470703,230.59504141629742,227.46261138660896,230.06493493145234,5520619
2025-11-10,231.1636962890625,232.81184288134213,228.44571847341837,228.85052305418253,8566758
2025-11-11,232.94677734375,233.29375479906906,230.1709577011974,232.37812434127608,8831094
2025-11-12,236.3490753173828,237.39000767542942,233.34194719866818,233.96842732113487,13152546
2025-11-13,236.45509338378906,237.10085410780368,235.17320488741504,237.10085410780368,6211124
2025-11-14,235.52981567382812,237.00446615330358,233.39012385913895,235.09609753988767,6841554
2025-11-17,235.22140502929688,235.92499289469308,233.91060293789207,235.14429729370875,6559062
2025-11-18,232.1853485107422,235.17321075966981,231.6070625542637,234.14191134174817,4730012
2025-11-19,237.16831970214844,237.92010169243312,231.83835628399785,232.47448403171438,13298452
2025-11-20,237.35145568847656,238.8357539020045,236.82136389044234,238.54660356238765,6705862
2025-11-21,235.64549255371094,238.30564327724255,234.7973221606442,236.13703782780354,5516450
2025-11-24,238.32492065429688,240.3585912142264,236.15631523428277,236.15631523428277,19711070
2025-11-25,236.75389099121094,239.02851779723068,235.1732191230818,239.02851779723068,8188793
2025-11-26,241.13929748535156,241.48627495618317,236.734611666928,237.1008697491384,8202096
2025-11-27,240.53207397460938,242.80670070542558,238.72972661020898,241.34168313978205,5268129
2025-11-28,240.50315856933594,242.87417362837147,239.60680872336184,241.91998195093092,7049965
2025-12-01,241.2260284423828,241.67902719732234,239.85739922566225,241.05254706736605,3865446
2025-12-02,241.1199951171875,242.35368941175932,239.8670202129766,240.9561467022455,8535708
2025-12-03,245.4764862060547,247.82822054940962,241.48625300756112,241.5344471782291,17215454
2025-12-04,247.6354522705078,249.43779960164528,246.25719012476657,246.73910243420838,10687381
2025-12-05,250.50767517089844,251.6546288888935,248.3776308718768,248.8595432100732,7886562
2025-12-08,251.9244842529297,253.55335021621693,250.31488419317733,250.60404922775925,9684253
2025-12-09,248.09811401367188,252.34858437534015,247.7511218343546,251.92449916372735,8560580
2025-12-10,248.64749145507812,250.95101705182338,247.94388887830812,248.67640501776216,7944200
2025-12-11,249.8715362548828,250.57513882628783,248.39688574205348,248.96553874623277,6473376
2025-12-12,251.1726837158203,251.38472629345097,248.04987217129656,250.1124708276669,4008271
2025-12-15,252.27145385742188,253.0039700019681,249.1872326331733,250.5847607240754,4023911
2025-12-16,249.84262084960938,252.28109597802998,249.43780156451172,252.27144831941544,2982041
2025-12-17,251.6931915283203,252.64736855096913,248.96555120716388,249.63059259070548,4923276
2025-12-18,254.3051300048828,255.40387476855722,251.5582239753074,251.7317053463729,9008412
2025-12-19,254.88343811035156,257.3411791797771,253.77501624218536,257.3411791797771,12750745
2025-12-22,262.8060607910156,263.220498300555,257.1483858071697,257.8327224357675,14651313
2025-12-23,261.5820007324219,262.62294781252496,260.43504706071974,262.1603013976354,7572420
2025-12-24,258.3628234863281,261.1772042991256,257.53394843742046,261.1386430787878,4694861
2025-12-26,256.6664733886719,259.1531572718402,256.1267339780104,257.5339390398559,2899112
2025-12-29,254.68101501464844,257.71708618004163,254.0641825363549,256.3677081449363,3755074
2025-12-30,254.11236572265625,255.1436651681042,253.50515148068982,254.44971023637032,5117699
2025-12-31,253.75575256347656,255.0280081601777,251.80883736022957,254.4497074877141,5705044
2026-01-01,257.67852783203125,258.35318744351383,254.20875318545407,254.93162167792454,3639755
2026-01-02,259.268798828125,262.5457963506695,256.52189303217216,257.6784942347598,8286204
2026-01-05,253.77499389648438,259.89528571142137,252.23289813734945,259.7025384483251,7006599
2026-01-06,255.9918212890625,256.4737335921618,253.4376919653548,253.7750070466501,4083654
2026-01-07,261.0036926269531,262.6422062294178,254.93160934928812,255.41352165429623,10242615
2026-01-08,252.71481323242188,261.1000693171532,251.89555646775491,261.1000693171532,9269522
2026-01-09,252.473876953125,254.40152623877253,251.02813998888934,251.89557628471195,4735387
2026-01-12,253.58224487304688,254.9315933597185,249.67873779915746,251.2690718368111,3802164
2026-01-13,254.64247131347656,255.2689514213191,251.84735644009945,253.9196028628292,6931244
2026-01-14,250.78717041015625,254.44969209149082,250.2088697726844,254.44969209149082,5625861
2026-01-15,250.78717041015625,250.78717041015625,250.78717041015625,250.78717041015625,0
2026-01-16,257.77490234375,260.0398666343716,253.4858710865444,253.72682723776734,12028289
2026-01-19,237.0526580810547,242.88379986846235,232.81183571210164,242.88379986846235,65833247
2026-01-20,231.2215118408203,237.10084768649656,230.73959954877458,237.05265351593278,16796201
2026-01-21,230.88418579101562,233.82385376135193,229.00473076302887,231.22151557682048,14397792
2026-01-22,231.9443817138672,234.11298704148953,230.54683899964755,233.24555079315903,8537915
2026-01-23,229.77577209472656,234.73947746487724,229.24568034553408,233.53469674981093,13546802
2026-01-27,232.148681640625,233.73060566282555,229.133118700835,232.54415887455278,15677537
2026-01-28,234.66989135742188,235.41142248862946,232.29698268566392,232.8407751991807,10155128
2026-01-29,237.09222412109375,238.179794065089,232.79133751184608,233.53286864540675,12201949
2026-01-30,234.22496032714844,235.31254535287096,232.64303630103964,235.31254535287096,11362317
2026-02-02,239.56399536132812,241.32389471723346,236.58797408007496,241.24479625234574,12335721
2026-02-03,239.94960021972656,256.9553936654125,239.54422622894785,256.28304914464417,25915412
2026-02-04,230.70516967773438,233.25603866523716,223.70511375338745,233.2461570142917,25995324
2026-02-05,230.75460815429688,232.90999989357695,229.0836888682677,230.70516972657904,10102736
2026-02-06,228.11476135253906,230.29979806673384,226.01870475724127,230.29979806673384,12279085
2026-02-09,227.4819793701172,230.29978862509608,227.0172853196085,229.23199706912882,9112474
2026-02-10,228.85629272460938,230.23059654595468,224.63450440404904,227.38311204673963,12435622
2026-02-11,227.21502685546875,230.36900839714787,226.90852973023792,228.85628607253213,7874912
2026-02-12,216.606201171875,223.70511903267632,216.03274858721431,223.64579895262358,40899346
2026-02-13,211.6725311279297,214.035543080168,206.64989175146505,208.27137256697807,23721186
2026-02-16,210.85189819335938,214.4606920536062,207.73747350293795,212.19654190349303,20754327
2026-02-17,213.2544708251953,216.91268809220367,209.8631939058503,210.85190209079795,26941553
2026-02-18,209.55670166015625,213.95645016828723,207.8857823748628,213.75871154399292,22679760
2026-02-19,208.82505798339844,213.00728929344024,208.02419169780424,211.5835471232585,14151588
2026-02-20,207.4903106689453,209.56660399572445,205.89848980814543,207.33211373068798,17690420
2026-02-23,203.56512451171875,209.34907334064056,201.97330375460703,207.98465123840498,20946229
2026-02-24,197.8800506591797,200.9944753304764,197.10885950083022,200.70775660195747,25036686
2026-02-25,199.63995361328125,203.1597523152721,199.0368410208734,199.0368410208734,13979068
2026-02-26,198.8094482421875,202.31936539730586,196.87157351677192,201.40975565647489,14378069
2026-02-27,198.69081115722656,201.69647751747044,197.7910830534253,201.69647751747044,13288519
2026-03-02,196.32778930664062,198.0975702996301,192.50147841534536,192.79809388477366,10486866
2026-03-04,193.34188842773438,194.8941524318745,192.31362346778468,193.79668574400895,19562075
2026-03-05,193.4704132080078,194.74585523360835,191.03819948603214,194.18228431846163,13149281
2026-03-06,193.19357299804688,196.68371167846257,192.79809575929033,193.39132670391479,9022914
2026-03-09,196.50575256347656,197.24728370522553,190.85034051548527,191.8093886657331,25862728
2026-03-10,198.6611328125,199.03684675887746,195.1907724366907,198.23599552495915,12982340
2026-03-11,199.9464569091797,203.62445265408158,199.30380260783787,200.40126932343745,29199002
2026-03-12,200.22329711914062,201.49873917722337,197.44502942203997,198.78967321086512,19042475
2026-03-13,195.34896850585938,199.78827376725542,193.82634942522014,198.33487150232247,12629652
2026-03-16,192.9068603515625,196.05094523243446,190.59328675018614,194.02410546172283,12631649
2026-03-17,189.15965270996094,192.90685000419404,186.12431141247635,192.79809150296356,21778468
2026-03-18,192.1060028076172,195.76422006424713,190.5141820309079,190.8206791535338,24529164
2026-03-19,186.2825164794922,190.61304815752558,185.560748627745,189.81219692550877,13685195
2026-03-20,188.744384765625,190.12858526393205,186.28251106271452,189.0311185851019,24395304
2026-03-23,185.42233276367188,188.4675558887426,184.88843696343739,187.27122739211956,12014988
2026-03-24,186.60879516601562,189.33762442635032,185.67940702392252,189.33762442635032,11843191
2026-03-25,186.915283203125,188.46754719042633,185.7782597517936,186.8658447771559,13862888
2026-03-27,189.43649291992188,190.11868889002054,185.7782605925063,186.91528404898315,26269256
2026-03-30,185.52120971679688,189.46616094402066,184.3940829499458,187.84468006738422,27946986
2026-04-01,189.02122497558594,192.29386176497866,188.25993052973445,189.34750048944647,11769673
2026-04-02,192.70912170410156,193.1342589948106,186.4505968960953,188.3489148575087,16623045
2026-04-06,195.06224060058594,198.90831502251189,193.89557212745996,194.7755218511451,23282287
2026-04-07,202.40834045410156,202.95213297211242,194.785393724234,194.785393724234,24771466
2026-04-08,201.12301635742188,206.64000981747287,200.51002211291274,205.35468616494666,22084158
2026-04-09,200.5792236328125,201.8546656333442,199.35323514506428,201.40974996967785,14540807
2026-04-10,202.56654357910156,206.34340110912888,198.35463693487117,206.34340110912888,51219565
2026-04-13,200.6781005859375,201.10323786200135,198.04813320527367,200.71764227509874,21930624
2026-04-15,207.3815460205078,208.11319552342096,202.78405890137145,204.1682443539207,27890080
2026-04-16,207.88577270507812,210.57506011256086,205.85893304222714,210.57506011256086,36305074
2026-04-17,202.0128631591797,204.11880132981383,200.2134070248977,202.6851774819952,80542603
2026-04-20,200.19363403320312,202.8829215699336,199.71905831686541,202.19082884058898,27927164
2026-04-21,202.695068359375,203.37727945042653,200.1936377498463,200.70777025254299,21530723
2026-04-22,201.69647216796875,203.06089430736998,199.91679439624752,201.20211806951784,21790433
2026-04-23,200.47047424316406,202.58630924092267,200.01567690815918,201.69647787313727,20307250
2026-04-24,197.10887145996094,200.46059172429597,195.64558751770736,200.46059172429597,39363394
2026-04-27,202.734619140625,202.9323577630474,197.1088670767416,197.1088670767416,42632215
2026-04-28,199.30380249023438,203.35749709340243,198.7501283072838,202.25014872750128,23455983
2026-04-29,198.41395568847656,201.30099692828904,198.03825682872588,199.30380212644286,15667662
2026-04-30,198.38429260253906,199.8673548898837,197.74163831261896,198.6215879996505,15300274
2026-05-01,198.38429260253906,198.38429260253906,198.38429260253906,198.38429260253906,0
2026-05-04,198.48316955566406,201.0735801911796,197.80095848930563,200.11453203796404,8446995
2026-05-05,197.5241241455078,200.015673048312,197.34616390998104,197.74164115770049,8899200
2026-05-06,196.87156677246094,198.85887985748613,196.01139548878703,198.2458705308143,13166683
2026-05-07,195.13145446777344,198.01848065336037,194.96337588112686,197.2472894503983,19303572
2026-05-08,195.6752471923828,196.69361545076993,194.47890360964692,195.76422731131214,15970687
2026-05-11,194.45912170410156,196.00151917009842,193.93510756456368,195.64558361432836,9199527
2026-05-12,187.42941284179688,193.92521759794002,186.964718800399,193.88567590965667,27435195
2026-05-13,185.6793975830078,189.13987618247523,185.19492514794618,188.51698520689447,17242394
2026-05-14,186.1737518310547,188.03251293586302,184.88842818997622,186.12431340514985,18280387
2026-05-15,187.85455322265625,189.73309272028703,186.66810643012684,187.75567637057486,17902610
2026-05-18,190.0000457763672,190.57349832099325,187.0635813268366,188.83337738613744,16327369
2026-05-19,192.96617126464844,195.76421718940094,190.22744541611505,190.22744541611505,20534622
2026-05-20,194.89414978027344,195.70489772176057,191.81926676594372,192.41249770295815,16201692
2026-05-21,197.4845733642578,197.7811737431486,195.269861654108,196.25856981438196,18980608
2026-05-22,200.8165283203125,203.08066351905256,196.58485832134264,197.74164513500358,40014399
2026-05-25,204.50439453125,207.18380031353246,201.7557870219509,204.6625914594157,72041558
2026-05-26,201.4295196533203,206.33351901916558,200.64844680449008,204.65271807734212,46458415
2026-05-27,199.30380249023438,203.66400931070504,197.9393803347562,201.54817434786398,39465643
2026-05-28,199.30380249023438,199.30380249023438,199.30380249023438,199.30380249023438,0
2026-05-29,201.9436492919922,208.6174296235513,201.35041833903546,208.6174296235513,82734524
2026-06-01,204.0792694091797,205.40413481684354,202.78406404150158,202.78406404150158,26491139
2026-06-02,207.47052001953125,207.80667717859504,204.1781199832558,205.65130059655002,42476874
2026-06-03,201.79534912109375,206.046782300662,199.71905587198705,205.6513050563035,62282204
2026-06-04,202.0128631591797,202.7741575976932,199.81792978635795,200.7077611163172,40659957
2026-06-05,196.13003540039062,196.7529263768986,186.0254366679845,189.3573934689589,43539069
2026-06-08,179.7075958251953,191.70063104041222,178.95618302924748,191.20627694364634,75164049
2026-06-09,179.61862182617188,182.26836772005944,178.5607118680362,181.8926537660442,28381665
2026-06-10,176.9095458984375,180.2316059583898,176.4844086261751,180.04376407844163,16935979
2026-06-11,175.36717224121094,176.18780187459916,173.844568219707,174.9716949876097,14468882
2026-06-12,178.10589599609375,178.4123931267533,175.5649237463597,176.63271533495106,13850153
2026-06-15,179.33189392089844,180.93359633950593,178.86719987092152,180.93359633950593,13870660
2026-06-16,180.60733032226562,181.30931980268286,179.57908040249603,180.33049322515495,11706020
2026-06-17,182.3870086669922,183.15819988062296,181.50705894443965,181.92231459128,16131548
2026-06-18,180.77540588378906,182.6737238406862,179.65817586290345,182.38700509722617,18165845
2026-06-19,178.75843811035156,179.43075241675308,172.91516927167407,174.7640487007675,37469436
2026-06-22,178.1454315185547,180.34036487136882,177.96747128878084,178.7979825340377,10368112
2026-06-23,172.5196990966797,177.47312174316596,172.03522664797148,177.47312174316596,23954730
2026-06-24,172.50979614257812,173.50840104306232,169.553568389078,169.56345003957682,56627728
2026-06-25,173.02394104003906,174.39824488255462,170.74002743214902,174.01264927455358,21544904
2026-06-26,173.02394104003906,173.02394104003906,173.02394104003906,173.02394104003906,0
2026-06-29,173.49850463867188,174.6948481568508,172.62845171194016,174.2894741882829,24484011
2026-06-30,168.4659881591797,173.41941076783928,168.12983099480138,173.02393352580475,26845383
2026-07-01,168.20892333984375,170.2061029518828,167.33885533523951,169.0690946075389,34638511
2026-07-02,172.0352325439453,172.99428073688537,167.0916913788894,167.57616384420143,43447174
2026-07-03,174.09173583984375,176.1284722498395,172.61855524001209,174.21037599219633,29538753
2026-07-06,172.35162353515625,174.30926157953363,171.61009237280982,174.09174456499278,8304046
2026-07-07,171.04652404785156,174.210387371323,170.81912537882604,171.93635542159686,18837725
2026-07-08,170.76968383789062,173.4194146084817,170.29510811964104,171.04652093074372,16482564
2026-07-09,170.80921936035156,172.32194166541998,169.71175267956764,171.0465147541525,10270117
2026-07-10,173.47874450683594,175.21886547857812,173.0239321043918,173.25133076236907,16249590
2026-07-13,176.41519165039062,177.91803229401972,172.39115724075515,172.62845263285115,22417855
2026-07-14,175.1397705078125,178.46183067395626,174.71463322196033,176.48441426759663,14461463
2026-07-15,172.67788696289062,174.60588008759453,172.51970511124802,173.14258103959983,10398720
2026-07-16,175.73300170898438,175.98017876012347,173.42930978198925,173.61716675469336,11184572
2026-07-17,174.0126495361328,174.26970824635646,171.59031737522906,171.59031737522906,22960032
2026-07-20,174.3883514404297,175.79231522813527,173.8643373184864,175.0013456767054,10183661
2026-07-21,172.99427795410156,175.49570853646264,172.52958388514213,174.12140471814374,11350578
2026-07-22,172.4702606201172,172.984393107733,171.46177403307956,172.79653613611436,5057035
2026-07-23,172.84597778320312,173.5776122086231,171.3530187197843,171.84737282841516,9055905
2026-07-24,175.1199951171875,175.89118632194962,170.84878345131204,172.0352302981391,13282944
2026-07-27,178.52999877929688,178.77999877929688,175.61000061035156,177.5,12504426
2026-07-28,181.1199951171875,181.6999969482422,178.5500030517578,178.5500030517578,26873060
2026-07-29,183.61000061035156,185.75999450683594,181.4499969482422,183.0,26147867
2026-07-30,186.3300018310547,191.33999633789062,183.39999389648438,183.39999389648438,54015268
2026-07-31,183.64999389648438,185.24000549316406,180.8300018310547,184.85000610351562,18762810
2026-08-03,188.66000366210938,189.80999755859375,184.02000427246094,184.02000427246094,15840516
2026-08-04,186.3000030517578,189.39999389648438,186.3000030517578,189.0,11903457
2026-08-05,186.99000549316406,188.5399932861328,186.07000732421875,187.0,8829250
2026-08-06,186.1199951171875,188.24000549316406,185.41000366210938,186.0,6629768
2026-08-07,186.75,188.3699951171875,185.64999389648438,185.8699951171875,3966299
